ST_CASE,VEH_NO,PER_NO,P1,P2,P3,P4,P5,P6,P7,P8,P9,P10
10001,1,1,2,2,2,2,2,2,2,2,2,2
10002,1,1,0,0,0,0,0,0,0,0,0,0
10003,1,1,0,0,0,0,0,0,0,0,0,0
10004,1,1,0,0,0,0,0,0,0,0,0,0
10004,2,1,0,0,0,0,0,0,0,0,0,0
10005,1,1,0,0,27,0,0,0,0,0,0,0
10006,0,1,0,0,0,0,0,0,0,0,0,0
10006,1,1,0,0,0,0,0,0,0,0,0,0
10006,2,1,0,0,0,0,0,0,0,0,0,0
10007,1,1,13,13,13,13,13,13,13,13,13,13
10008,1,1,18,18,18,18,18,18,18,18,18,18
10009,0,1,0,0,0,0,0,0,0,0,0,0
10009,1,1,0,0,0,0,0,0,0,0,0,0
10010,0,1,11,11,11,11,11,11,11,11,11,11
10010,1,1,0,0,0,0,0,0,0,0,0,0
10011,1,1,0,0,0,0,0,0,0,0,0,0
10012,0,1,0,0,0,0,0,0,0,0,0,0
10012,1,1,0,0,0,0,0,0,0,0,0,0
10013,1,1,0,0,0,0,0,0,21,0,0,0
10014,1,1,16,0,20,0,0,40,0,4,19,20
10015,1,1,3,3,3,3,3,3,3,3,3,3
10015,2,1,0,0,0,0,0,0,0,0,0,0
10016,1,1,0,0,0,0,0,0,0,0,0,0
10017,1,1,0,0,0,0,0,0,0,0,0,0
10018,1,1,0,0,0,0,0,0,0,0,0,0
10018,2,1,0,0,0,0,0,0,0,0,0,0
10019,1,1,15,11,17,7,22,5,10,0,22,22
10020,1,1,0,0,0,0,0,0,0,0,0,0
10021,1,1,10,10,10,10,10,10,10,10,10,10
10022,0,1,0,0,0,0,0,0,0,0,0,0
10022,1,1,1,1,1,1,1,1,1,1,1,1
10023,1,1,0,0,0,0,0,0,0,0,0,0
10024,1,1,0,0,0,0,0,0,0,0,0,0
10025,1,1,0,0,0,0,0,0,0,0,0,0
10026,1,1,12,23,0,0,0,6,16,0,9,27
10027,1,1,16,16,16,16,16,16,16,16,16,16
10028,1,1,0,0,19,0,0,0,0,0,0,0
10028,2,1,0,0,0,0,0,0,0,0,0,0
10029,1,1,0,0,0,0,0,0,0,0,0,0
10029,2,1,0,0,0,0,0,0,0,0,0,0
10030,1,1,18,18,14,23,13,10,5,12,18,14
10031,1,1,15,15,15,15,15,15,15,15,15,15
10032,1,1,0,0,0,0,0,0,24,0,0,0
10032,2,1,0,0,0,0,0,0,0,0,0,0
10033,0,1,0,21,0,0,21,0,45,0,31,11
10033,1,1,0,0,0,0,0,0,0,0,0,0
10034,1,1,0,0,0,0,0,0,0,0,0,0
10035,1,1,0,0,0,0,0,0,0,0,0,0
10036,1,1,0,0,0,0,0,0,0,0,0,0
10037,1,1,26,26,26,26,26,26,26,26,26,26
10038,1,1,0,0,0,0,0,0,0,0,0,0
10039,0,1,0,0,0,0,0,0,0,0,0,0
10039,1,1,12,12,12,12,12,12,12,12,12,12
10040,1,1,0,0,0,0,0,0,0,0,0,0
10040,2,1,0,0,0,0,0,0,0,0,0,0
10041,1,1,1,1,1,1,1,1,1,1,1,1
10041,2,1,0,0,0,0,0,0,0,0,0,0
10042,1,1,22,22,22,22,22,22,22,22,22,22
10043,1,1,13,7,8,14,24,21,13,0,25,13
10044,1,1,0,0,0,0,0,0,0,0,0,0
10045,1,1,0,0,0,0,0,0,0,0,0,0
10045,2,1,0,0,0,0,0,0,0,0,0,0
10046,1,1,0,0,0,0,0,0,0,0,0,0
10046,2,1,0,0,0,0,0,0,0,0,0,0
10047,1,1,36,36,36,36,36,36,36,36,36,36
10048,1,1,20,20,20,20,20,20,20,20,20,20
10049,1,1,31,31,31,31,31,31,31,31,31,31
10050,1,1,0,0,0,0,0,0,0,0,0,0
10050,2,1,0,0,0,0,0,0,20,0,0,0
10051,1,1,21,21,21,21,21,21,21,21,21,21
10052,1,1,2,2,2,2,2,2,2,2,2,2
10053,0,1,7,30,0,5,0,0,35,0,13,27
10053,1,1,0,0,0,0,0,0,0,0,0,0
10054,1,1,4,4,4,4,4,4,4,4,4,4
10054,2,1,19,19,19,19,19,19,19,19,19,19
10055,0,1,0,0,0,0,0,0,0,0,0,0
10055,1,1,0,0,0,0,0,0,0,0,0,0
10056,1,1,0,0,0,0,0,0,0,0,0,0
10056,2,1,0,0,0,0,0,0,0,0,0,0
10057,1,1,0,0,0,0,0,0,0,0,0,0
10057,2,1,0,0,0,0,0,0,0,0,0,0
10058,1,1,0,0,0,0,0,0,0,0,0,0
10058,2,1,0,0,0,0,0,0,0,0,0,0
10059,0,1,34,34,34,34,34,34,34,34,34,34
10059,1,1,0,0,0,0,0,0,0,0,0,0
10059,2,1,0,0,0,0,0,0,0,0,0,0
10060,1,1,3,3,3,3,3,3,3,3,3,3
10061,1,1,0,0,0,0,0,0,0,0,0,0
10063,1,1,11,11,11,11,11,11,11,11,11,11
10064,1,1,0,0,0,0,0,0,0,0,0,0
10064,2,1,0,0,0,0,0,0,0,0,0,3
10065,1,1,5,5,5,5,5,5,5,5,5,5
10066,1,1,0,0,0,0,0,0,0,0,0,0
10066,2,1,0,0,0,0,0,0,0,0,0,0
10067,0,1,0,0,0,0,0,0,0,0,0,0
10067,1,1,0,0,0,0,0,0,0,0,0,0
10068,1,1,0,0,0,0,0,0,0,0,0,0
10068,2,1,0,0,0,0,0,0,0,0,0,0
10069,0,1,0,0,0,0,0,0,0,0,0,0
10069,1,1,0,0,0,0,0,0,0,0,0,0
10070,1,1,0,0,0,0,0,0,0,0,0,0
10071,1,1,1,1,1,1,1,1,1,1,1,1
10071,2,1,0,0,0,0,0,0,0,0,0,0
10072,1,1,22,22,22,22,22,22,22,22,22,22
10073,1,1,0,0,0,0,0,0,0,0,12,0
10073,2,1,8,0,2,0,0,0,14,0,0,0
10074,1,1,0,0,0,0,0,0,0,0,0,0
10074,2,1,0,0,0,0,0,0,0,0,0,0
10074,3,1,0,0,0,0,0,0,0,0,0,0
10075,1,1,14,10,0,0,48,21,0,9,6,0
10075,2,1,2,2,2,2,2,2,2,2,2,2
10075,3,1,0,0,0,0,0,0,0,0,0,0
10076,1,1,13,13,13,13,13,13,13,13,13,13
10077,1,1,27,21,0,0,0,0,13,0,0,15
10078,1,1,0,0,0,0,0,0,0,0,0,0
10078,2,1,0,0,0,0,0,0,0,0,0,0
10079,1,1,0,0,0,0,0,0,0,0,0,0
10079,2,1,0,0,0,0,0,0,0,0,0,0
10080,1,1,0,0,21,0,0,0,0,0,0,0
10080,2,1,0,0,0,0,0,0,0,5,18,0
10080,3,1,0,0,3,5,0,0,0,0,0,0
10081,0,1,20,20,20,20,20,20,20,20,20,20
10081,1,1,0,0,0,0,0,0,0,0,0,0
10082,1,1,0,0,10,0,0,0,0,0,0,24
10083,1,1,0,0,0,0,0,0,0,0,0,0
10084,0,1,0,0,0,0,0,0,0,0,0,0
10084,0,2,10,0,0,0,0,0,0,0,0,0
10084,0,3,0,0,0,0,12,0,0,0,3,0
10084,1,1,0,0,0,0,0,12,16,45,0,0
10085,1,1,0,0,0,0,0,0,0,0,0,0
10085,2,1,0,0,0,0,0,0,0,0,0,0
10086,1,1,0,0,0,0,0,0,0,0,0,0
10086,2,1,0,0,0,0,0,0,0,0,0,0
10087,1,1,0,0,0,0,0,0,0,0,0,0
10088,1,1,0,0,0,0,0,0,0,0,0,0
10089,1,1,20,20,20,20,20,20,20,20,20,20
10090,2,1,0,0,0,0,0,0,0,0,0,0
10091,1,1,6,6,6,6,6,6,6,6,6,6
10092,1,1,18,18,18,18,18,18,18,18,18,18
10093,1,1,0,20,0,0,0,0,0,0,0,0
10093,2,1,0,0,0,0,0,0,0,0,0,0
10094,1,1,4,4,4,4,4,4,4,4,4,4
10095,1,1,0,0,0,0,0,0,0,0,0,0
10096,1,1,0,0,0,0,0,0,0,0,0,0
10097,1,1,0,0,0,0,0,0,0,0,0,0
10098,1,1,0,0,0,0,0,9,0,0,0,0
10099,1,1,0,23,0,0,0,0,0,0,0,0
10100,1,1,0,0,0,0,0,0,0,0,0,5
10101,1,1,0,0,0,0,0,0,0,0,0,0
10101,2,1,0,0,0,0,0,0,0,0,0,0
10102,1,1,0,0,0,0,0,0,0,0,0,0
10103,1,1,0,0,25,0,7,35,21,0,8,0
10104,0,1,21,21,21,21,21,21,21,21,21,21
10104,1,1,0,0,0,0,0,0,0,0,0,0
10105,1,1,0,0,0,0,0,0,0,0,0,0
10105,2,1,0,0,0,0,0,0,0,0,0,0
10106,1,1,0,0,0,0,0,0,0,0,0,0
10106,2,1,0,0,0,0,0,0,0,0,0,0
10107,1,1,0,0,0,0,0,0,0,0,0,0
10107,2,1,0,0,0,0,0,0,0,0,0,0
10108,1,1,11,18,19,7,13,37,25,34,23,28
10108,2,1,0,0,0,0,0,0,0,0,0,0
10108,3,1,0,0,0,0,0,0,0,0,0,0
10109,1,1,14,14,14,14,14,14,14,14,14,14
10109,2,1,0,0,0,0,0,0,0,0,0,0
10110,1,1,0,0,0,0,0,0,0,0,0,0
10110,2,1,0,0,0,0,0,0,0,0,0,0
10110,3,1,0,0,0,0,0,0,31,29,0,0
10111,1,1,12,26,0,32,28,9,19,15,0,16
10112,1,1,23,23,23,23,23,23,23,23,23,23
10113,1,1,0,0,0,0,0,0,0,0,0,0
10113,2,1,0,13,0,0,0,0,0,0,0,0
10114,1,1,0,0,0,0,0,0,0,0,0,0
10115,1,1,0,0,0,0,0,0,0,0,0,0
10115,2,1,0,0,0,0,0,0,0,0,0,0
10116,1,1,0,0,0,0,0,0,0,0,0,0
10117,0,1,0,0,0,0,0,0,0,0,0,0
10117,1,1,0,0,0,0,0,0,0,0,0,0
10117,2,1,0,0,0,0,0,11,0,0,0,0
10119,1,1,0,0,0,0,0,0,0,0,0,0
10119,2,1,0,0,0,0,0,0,0,0,0,0
10120,1,1,0,0,0,0,0,0,0,0,0,0
10120,2,1,0,0,0,0,0,0,0,0,0,0
10121,1,1,0,0,0,0,0,0,0,0,0,0
10121,2,1,0,0,0,0,0,0,0,0,0,0
10122,1,1,0,0,0,0,0,0,0,0,0,0
10122,2,1,0,0,0,0,0,0,24,0,0,0
10123,1,1,27,27,27,27,27,27,27,27,27,27
10124,1,1,27,0,23,0,10,0,0,0,0,0
10125,1,1,0,0,0,0,0,0,0,0,0,0
10126,1,1,0,0,0,18,0,0,0,0,0,0
10126,2,1,0,0,0,0,0,0,0,0,0,0
10127,1,1,0,0,26,0,15,22,0,0,0,0
10128,1,1,19,19,19,19,19,19,19,19,19,19
10129,1,1,17,17,17,17,17,17,17,17,17,17
10130,1,1,0,0,0,0,0,0,0,0,0,0
10130,2,1,0,0,0,0,0,0,0,0,0,0
10131,1,1,30,39,25,14,22,21,33,19,11,12
10132,1,1,0,0,0,0,0,0,0,0,0,0
10133,1,1,0,0,0,0,0,0,0,0,0,0
10134,1,1,20,0,0,0,0,0,0,0,0,0
10134,2,1,0,0,0,0,0,0,0,0,0,0
10135,1,1,17,17,17,17,17,17,17,17,17,17
10136,1,1,18,18,18,18,18,18,18,18,18,18
10137,1,1,0,0,0,0,6,18,0,0,18,25
10137,2,1,0,0,0,0,0,0,0,0,0,0
10138,1,1,0,0,0,0,0,0,0,0,0,0
10139,1,1,0,0,0,0,0,0,0,0,0,0
10139,2,1,0,0,0,0,0,0,0,0,0,0
10140,1,1,0,0,0,0,0,0,0,0,0,0
10140,2,1,0,0,0,0,0,0,0,0,0,0
10141,1,1,0,0,0,0,0,0,0,0,0,0
10141,2,1,0,0,0,0,0,0,0,0,0,0
10141,3,1,0,0,0,0,0,0,0,0,0,0
10142,1,1,0,0,0,14,18,24,0,2,54,10
10143,1,1,0,0,0,0,0,0,0,0,0,0
10143,2,1,0,0,0,0,0,0,0,0,0,0
10143,3,1,0,0,0,0,0,0,0,0,0,0
10144,1,1,29,29,29,29,29,29,29,29,29,29
10144,2,1,0,0,0,0,0,0,0,0,0,0
10145,1,1,30,30,30,30,30,30,30,30,30,30
10145,2,1,0,0,0,0,0,0,0,0,0,0
10146,1,1,0,0,0,0,0,0,0,0,0,0
10146,2,1,0,0,0,0,0,0,0,0,0,0
10147,1,1,0,0,0,0,0,0,0,0,0,0
10148,1,1,0,0,0,0,0,0,0,0,0,0
10148,2,1,0,0,0,0,0,0,0,0,0,0
10149,1,1,0,0,0,0,0,0,0,0,0,0
10149,2,1,0,0,0,0,0,0,0,0,0,0
10150,0,1,0,0,0,0,0,0,0,0,0,0
10150,1,1,0,0,0,0,0,0,0,0,0,0
10151,1,1,0,0,0,0,0,0,0,0,0,0
10152,1,1,0,0,0,0,0,0,0,0,0,0
10152,2,1,0,0,0,0,0,0,0,0,0,0
10152,3,1,0,0,0,0,0,0,0,0,17,0
10153,0,1,0,0,0,0,0,0,0,0,0,0
10153,1,1,0,0,0,0,0,0,0,0,0,0
10154,1,1,0,0,0,0,0,0,0,0,0,9
10154,2,1,0,0,0,0,0,0,0,0,0,0
10154,3,1,0,0,0,0,0,0,0,0,0,0
10154,4,1,0,0,0,0,0,0,0,0,0,0
10154,5,1,0,0,0,0,0,0,0,0,0,0
10154,6,1,0,0,0,0,0,0,0,0,0,0
10155,1,1,0,0,0,0,0,0,0,0,0,0
10155,2,1,0,0,0,0,0,0,0,0,0,0
10156,1,1,14,20,15,15,0,0,0,0,0,0
10157,0,1,23,23,23,23,23,23,23,23,23,23
10157,1,1,0,9,0,21,0,0,0,0,11,18
10157,2,1,42,42,42,42,42,42,42,42,42,42
10158,1,1,0,0,0,0,0,0,0,0,0,0
10159,0,1,0,0,0,0,0,0,0,0,11,0
10159,1,1,15,9,0,12,0,47,21,14,1,9
10160,1,1,0,0,17,0,0,0,0,0,0,0
10160,2,1,0,0,0,0,0,0,0,0,0,0
10161,1,1,13,13,13,13,13,13,13,13,13,13
10162,1,1,2,2,2,2,2,2,2,2,2,2
10162,2,1,0,0,0,0,0,0,0,0,0,0
10163,1,1,0,0,0,0,0,0,0,0,0,0
10164,1,1,0,0,0,0,0,0,0,0,0,0
10165,1,1,0,0,0,0,0,0,0,0,0,0
10166,1,1,0,0,0,0,0,0,0,0,0,0
10166,2,1,0,0,0,0,0,0,0,0,0,0
10167,1,1,0,0,0,0,9,0,0,0,0,0
10167,2,1,0,0,0,0,0,0,0,0,0,0
10168,1,1,0,0,0,0,0,0,0,0,0,0
10168,2,1,0,0,0,0,0,0,0,0,0,0
10168,3,1,0,0,0,0,0,0,0,0,0,0
10169,1,1,0,0,0,0,0,0,0,0,0,0
10170,1,1,0,0,0,0,0,14,0,0,0,0
10170,2,1,0,0,0,0,0,0,0,0,0,0
10171,1,1,0,0,0,0,0,0,0,0,0,0
10171,2,1,0,0,0,0,0,0,0,0,0,0
10172,1,1,0,0,0,0,0,0,0,0,0,0
10173,1,1,0,0,0,0,0,0,0,0,0,0
10173,2,1,0,0,9,0,0,0,0,0,0,0
10174,0,1,17,17,17,17,17,17,17,17,17,17
10174,1,1,9,18,21,25,0,0,20,7,0,0
10175,1,1,0,10,0,24,33,0,15,0,0,13
10176,1,1,33,33,33,33,33,33,33,33,33,33
10177,1,1,0,0,0,0,0,0,0,0,0,0
10178,1,1,0,0,0,0,0,0,18,0,19,0
10178,2,1,0,0,0,0,0,0,0,0,0,0
10179,1,1,0,0,0,0,0,0,0,0,0,0
10179,2,1,0,0,0,0,0,0,0,0,0,0
10180,0,1,0,0,0,0,0,0,0,0,0,0
10180,0,2,0,0,0,0,0,0,0,0,0,0
10180,0,3,0,0,0,0,0,0,0,0,0,0
10180,0,4,0,0,0,0,0,0,0,0,0,0
10180,1,1,13,13,13,13,13,13,13,13,13,13
10181,1,1,0,0,0,0,0,0,0,0,0,0
10181,2,1,0,0,0,0,0,0,0,0,0,0
10182,1,1,0,18,0,30,0,20,0,0,14,0
10183,1,1,0,0,0,0,0,0,0,0,0,0
10184,1,1,20,20,20,20,20,20,20,20,20,20
10185,1,1,0,0,0,0,0,0,0,0,0,0
10185,2,1,0,0,0,0,0,0,0,0,0,0
10185,3,1,0,0,19,0,0,12,21,0,0,0
10185,4,1,0,0,0,0,0,0,0,0,0,0
10186,1,1,0,0,0,0,0,0,0,0,0,0
10187,1,1,0,0,0,0,0,0,0,0,0,0
10188,1,1,0,0,0,19,0,0,0,0,0,7
10189,0,1,0,0,0,3,44,23,0,0,0,0
10189,1,1,0,0,0,0,0,0,0,0,0,0
10190,1,1,19,19,19,19,19,19,19,19,19,19
10191,1,1,35,0,0,12,26,16,0,0,0,9
10192,1,1,0,0,0,0,0,0,0,0,0,0
10193,1,1,0,12,0,0,0,0,0,22,0,0
10193,2,1,0,0,0,0,0,0,0,0,0,0
10194,1,1,17,26,30,21,20,32,57,14,11,23
10195,1,1,9,9,9,9,9,9,9,9,9,9
10196,1,1,29,29,29,29,29,29,29,29,29,29
10197,1,1,17,22,21,32,24,28,26,18,20,14
10198,1,1,0,0,0,0,0,0,0,0,0,0
10199,1,1,0,0,24,9,0,0,15,13,15,22
10200,1,1,0,0,0,0,0,0,0,0,0,0
10200,2,1,0,0,0,0,0,0,0,7,0,0
10201,1,1,0,0,0,0,9,0,0,0,0,0
10202,1,1,0,0,28,0,0,0,0,0,0,0
10202,2,1,0,0,0,0,0,0,0,0,0,0
10203,0,1,0,0,0,0,0,0,0,0,0,0
10203,1,1,0,0,0,0,0,0,0,0,0,0
10204,1,1,18,18,18,18,18,18,18,18,18,18
10204,2,1,0,0,0,14,3,0,0,0,0,0
10204,3,1,0,0,0,0,0,0,0,0,0,0
10205,0,1,0,0,7,0,0,0,0,0,0,0
10205,1,1,0,0,0,0,0,0,0,0,0,0
10206,0,1,0,0,0,0,0,15,0,5,0,0
10206,0,2,0,25,0,0,0,9,0,14,0,22
10206,1,1,34,0,6,0,0,9,18,0,0,0
10207,1,1,0,0,0,0,0,0,0,0,0,0
10208,1,1,0,0,0,0,0,0,0,0,0,0
10208,2,1,0,0,0,0,0,10,0,0,0,0
10209,1,1,0,0,0,0,0,4,0,0,3,9
10209,2,1,0,0,0,0,0,0,0,0,0,0
10210,1,1,0,0,0,0,0,0,0,0,0,0
10211,1,1,3,3,3,3,3,3,3,3,3,3
10212,1,1,0,0,0,0,0,0,0,0,0,0
10212,2,1,0,0,0,0,0,0,0,0,0,0
10213,1,1,22,22,22,22,22,22,22,22,22,22
10214,1,1,0,0,0,0,0,0,0,0,0,0
10214,2,1,0,0,0,0,0,0,0,0,0,13
10215,1,1,23,23,23,23,23,23,23,23,23,23
10216,1,1,0,0,0,0,0,0,0,0,0,0
10216,2,1,0,0,0,0,0,0,0,0,0,0
10217,1,1,0,0,0,0,0,0,0,0,0,0
10217,2,1,0,0,0,0,0,0,0,0,0,0
10217,3,1,0,0,0,0,0,0,0,0,0,0
10218,1,1,0,0,0,0,0,0,0,0,0,0
10218,2,1,0,0,0,0,0,0,0,0,0,0
10219,0,1,0,0,0,0,0,0,0,0,0,0
10219,1,1,0,0,0,0,0,0,0,0,0,0
10220,1,1,0,0,0,0,0,0,0,0,0,0
10220,2,1,0,0,0,0,0,0,0,0,0,0
10221,1,1,19,0,0,0,0,26,0,0,0,0
10221,2,1,0,0,0,0,0,0,0,0,0,0
10222,1,1,21,21,21,21,21,21,21,21,21,21
10223,1,1,12,12,12,12,12,12,12,12,12,12
10224,1,1,14,14,14,14,14,14,14,14,14,14
10225,1,1,17,17,17,17,17,17,17,17,17,17
10226,1,1,0,0,0,0,0,0,0,0,4,0
10226,2,1,28,20,0,0,0,0,0,0,0,0
10227,1,1,0,0,0,0,0,0,0,0,0,0
10227,2,1,0,0,0,0,0,0,0,0,0,0
10228,1,1,0,0,0,0,0,0,0,13,0,0
10229,1,1,0,15,19,13,0,0,0,0,0,8
10230,1,1,0,0,0,0,0,0,0,0,0,0
10231,1,1,18,18,18,18,18,18,18,18,18,18
10232,1,1,0,0,0,0,0,0,0,0,0,0
10233,1,1,30,30,30,30,30,30,30,30,30,30
10234,1,1,9,9,9,9,9,9,9,9,9,9
10234,2,1,0,0,0,0,0,0,0,0,0,0
10235,1,1,20,20,20,20,20,20,20,20,20,20
10236,0,1,28,28,28,28,28,28,28,28,28,28
10236,1,1,0,0,0,0,0,0,0,0,0,0
10237,1,1,0,0,0,0,0,0,0,0,0,0
10238,1,1,11,23,18,11,13,10,0,0,7,0
10239,1,1,0,0,17,0,0,0,0,0,22,0
10240,1,1,0,0,0,0,0,0,0,0,0,0
10240,2,1,0,0,0,0,0,0,0,0,0,0
10241,1,1,28,17,24,19,20,17,14,22,17,27
10242,1,1,0,0,0,32,26,10,3,0,0,0
10243,1,1,0,0,0,0,0,0,0,0,0,0
10244,0,1,23,23,23,23,23,23,23,23,23,23
10244,1,1,0,0,0,0,0,0,0,0,0,0
10245,1,1,0,0,0,0,0,0,0,0,0,0
10245,2,1,0,0,0,0,0,0,0,0,0,0
10246,1,1,0,30,0,0,33,25,0,33,0,19
10247,0,1,16,35,19,24,10,19,19,33,33,10
10247,1,1,0,4,0,0,0,0,0,0,0,0
10248,1,1,14,0,0,0,19,0,17,0,25,0
10249,1,1,0,0,0,28,0,0,0,0,0,26
10250,1,1,39,20,25,12,28,20,28,12,25,0
10251,1,1,0,0,0,0,0,0,0,0,0,0
10251,2,1,0,0,0,0,0,0,0,0,0,0
10252,1,1,23,0,13,0,0,0,0,0,0,0
10252,2,1,0,0,0,0,0,0,0,0,19,0
10252,3,1,0,0,0,0,0,0,0,0,0,0
10253,1,1,35,35,35,35,35,35,35,35,35,35
10254,1,1,0,0,0,0,0,0,0,0,0,0
10254,2,1,0,0,0,0,0,0,0,0,0,0
10255,1,1,0,0,0,0,0,0,0,0,0,0
10257,1,1,0,0,0,0,0,0,0,0,0,0
10258,1,1,24,24,24,24,24,24,24,24,24,24
10259,1,1,0,0,0,0,0,0,0,0,0,0
10260,0,1,0,0,0,0,0,0,0,0,0,0
10260,1,1,0,0,0,0,0,0,0,0,0,0
10261,1,1,0,0,0,0,0,0,0,0,0,0
10261,2,1,0,0,0,0,0,0,0,0,0,0
10262,1,1,14,14,14,14,14,14,14,14,14,14
10263,1,1,0,0,0,0,0,0,0,0,0,0
10263,2,1,0,0,0,0,0,0,0,0,0,0
10264,0,1,0,0,0,0,0,0,0,0,0,0
10264,1,1,0,0,0,0,0,0,0,0,0,0
10265,1,1,0,0,0,0,0,0,0,0,0,0
10266,1,1,0,0,0,0,0,0,0,0,0,0
10267,1,1,0,0,0,0,0,0,0,0,0,0
10267,2,1,0,0,0,0,0,0,0,0,0,0
10267,3,1,0,0,0,0,0,0,0,0,0,0
10268,1,1,0,0,0,0,0,0,0,0,0,0
10268,2,1,0,0,0,0,0,0,0,0,0,0
10269,1,1,0,0,0,0,0,0,0,0,0,0
10269,2,1,0,0,0,0,0,0,0,0,0,0
10270,1,1,16,29,17,0,8,0,10,18,12,18
10271,1,1,9,0,0,11,13,0,19,19,10,0
10272,1,1,0,0,0,0,0,0,0,0,0,0
10272,2,1,0,0,0,0,0,0,0,0,0,0
10272,3,1,0,0,0,0,0,0,0,0,0,0
10272,4,1,0,0,0,0,0,0,0,0,0,0
10273,1,1,19,19,19,19,19,19,19,19,19,19
10273,2,1,0,0,0,0,0,0,0,0,0,0
10274,1,1,16,16,16,16,16,16,16,16,16,16
10274,2,1,0,0,0,0,0,0,0,0,0,0
10274,3,1,0,0,0,0,0,0,0,0,0,0
10275,0,1,0,0,0,0,0,0,0,0,0,0
10275,1,1,0,0,0,0,0,0,0,0,0,0
10276,1,1,0,0,0,0,0,0,0,0,0,0
10276,2,1,0,0,0,0,0,0,0,0,0,0
10277,1,1,0,0,2,14,0,0,0,0,0,0
10277,2,1,0,0,0,0,0,0,0,0,0,0
10277,3,1,0,0,0,0,0,0,0,0,0,0
10278,1,1,0,0,0,0,0,0,0,0,0,0
10278,2,1,0,0,0,0,0,0,0,0,0,0
10279,1,1,0,0,0,0,0,0,0,0,0,0
10280,1,1,0,0,0,0,0,0,0,0,0,0
10281,1,1,0,0,0,0,0,0,0,0,0,0
10281,2,1,0,0,0,0,0,0,0,0,0,0
10282,0,1,0,0,0,0,0,0,0,0,0,0
10282,1,1,0,0,0,0,0,0,25,0,0,0
10283,1,1,0,0,0,0,0,0,0,0,0,0
10284,1,1,0,0,0,0,0,0,0,0,0,0
10285,1,1,0,0,0,0,0,0,0,0,0,0
10286,1,1,27,26,22,18,0,7,0,13,15,26
10287,1,1,0,0,0,0,0,0,0,0,0,0
10288,1,1,15,14,0,14,0,0,16,0,0,0
10289,1,1,0,0,0,0,0,0,0,0,0,0
10290,1,1,25,0,0,14,37,13,26,14,0,8
10291,1,1,0,0,0,0,0,0,0,0,0,0
10291,2,1,0,0,0,0,0,0,0,0,0,0
10291,3,1,0,0,16,0,0,0,0,0,0,0
10292,1,1,0,0,0,0,0,0,0,0,0,0
10293,1,1,20,26,32,7,36,8,15,11,9,15
10294,1,1,0,0,0,0,0,0,0,0,0,0
10294,2,1,0,0,14,0,0,0,0,0,0,0
10295,1,1,0,0,0,0,0,0,0,0,0,0
10295,2,1,0,0,0,0,0,0,0,0,0,0
10296,1,1,19,19,19,19,19,19,19,19,19,19
10297,1,1,0,0,0,0,0,0,0,0,0,0
10298,1,1,20,20,20,20,20,20,20,20,20,20
10298,2,1,9,9,9,9,9,9,9,9,9,9
10299,1,1,10,0,0,0,0,13,0,0,0,0
10300,1,1,16,30,13,4,5,16,13,6,15,10
10301,1,1,0,24,36,0,20,0,20,19,23,7
10302,1,1,0,0,0,0,0,0,0,0,0,0
10302,2,1,0,0,0,0,0,0,0,0,0,0
10303,1,1,10,10,10,10,10,10,10,10,10,10
10304,1,1,0,0,0,0,0,0,0,0,0,0
10304,2,1,0,0,0,0,0,0,0,0,0,0
10305,1,1,0,0,0,0,0,0,0,0,0,0
10306,1,1,9,0,0,0,0,0,0,0,0,0
10307,1,1,0,0,0,0,0,0,0,0,0,0
10307,2,1,0,0,0,0,0,0,0,0,0,0
10308,1,1,21,0,16,26,31,0,27,19,12,17
10309,1,1,0,46,0,0,15,0,0,0,0,20
10310,1,1,0,0,0,0,0,0,0,0,0,0
10310,2,1,0,0,0,0,0,0,0,0,0,0
10310,3,1,0,0,0,0,0,0,0,0,0,0
10311,1,1,21,21,21,21,21,21,21,21,21,21
10312,1,1,20,20,20,20,20,20,20,20,20,20
10313,1,1,0,0,0,0,0,0,0,0,0,0
10313,2,1,0,0,0,0,0,0,0,0,0,0
10314,1,1,5,5,5,5,5,5,5,5,5,5
10315,1,1,0,0,0,9,0,0,15,0,21,33
10316,1,1,0,0,0,0,0,0,0,0,0,0
10316,2,1,0,0,0,0,0,0,0,0,0,0
10317,1,1,2,2,2,2,2,2,2,2,2,2
10317,2,1,0,0,0,0,0,0,0,0,0,0
10318,1,1,17,17,17,17,17,17,17,17,17,17
10319,1,1,0,0,0,0,0,0,0,0,0,0
10320,1,1,0,0,0,0,0,0,0,0,0,0
10320,2,1,0,0,0,0,0,0,0,0,0,0
10320,3,1,0,0,0,0,0,0,0,0,0,0
10321,1,1,0,0,0,0,0,0,0,0,0,0
10322,1,1,12,12,12,12,12,12,12,12,12,12
10323,1,1,0,0,0,0,0,0,0,0,0,22
10323,2,1,0,0,0,0,0,0,0,0,0,0
10324,0,1,0,0,0,7,0,0,0,0,0,0
10324,0,2,0,0,0,0,0,0,0,0,0,0
10324,1,1,0,0,0,0,0,0,0,0,0,0
10324,2,1,0,0,0,0,0,0,0,0,0,0
10325,1,1,0,0,0,0,0,0,0,0,0,0
10326,1,1,0,0,0,0,0,0,0,0,0,0
10327,1,1,0,0,0,0,0,0,0,0,0,0
10327,2,1,0,0,0,0,0,0,0,0,0,0
10327,3,1,0,0,0,0,0,0,0,0,0,0
10327,4,1,0,0,0,0,0,0,0,0,0,0
10328,0,1,0,0,0,0,0,0,0,0,16,0
10328,1,1,0,0,0,0,0,0,0,0,0,0
10329,1,1,10,10,10,10,10,10,10,10,10,10
10329,2,1,0,0,22,0,25,0,0,0,0,0
10330,1,1,0,0,0,0,0,0,0,0,0,0
10330,2,1,0,0,0,0,0,0,0,0,0,0
10331,1,1,20,0,26,31,7,16,14,18,5,17
10331,2,1,0,0,0,0,0,0,0,0,0,0
10332,1,1,19,0,0,0,0,0,0,0,0,0
10333,1,1,4,4,4,4,4,4,4,4,4,4
10333,2,1,0,0,0,0,0,0,0,0,0,0
10334,1,1,0,0,0,0,0,0,0,0,0,0
10334,2,1,0,0,0,0,0,0,0,0,0,0
10335,1,1,0,0,0,0,0,0,0,0,0,0
10336,1,1,0,0,15,0,0,0,0,0,0,0