ST_CASE,VEH_NO,PER_NO,P1,P2,P3,P4,P5,P6,P7,P8,P9,P10
10337,1,1,21,0,8,24,0,0,0,11,0,0
10338,1,1,0,0,0,0,0,0,0,0,0,0
10338,2,1,0,0,0,0,0,0,0,0,0,0
10339,1,1,0,0,0,0,0,0,0,0,0,0
10339,2,1,0,0,0,0,0,0,0,0,0,0
10340,1,1,4,4,4,4,4,4,4,4,4,4
10341,0,1,0,0,0,6,0,0,0,0,0,6
10341,1,1,19,36,0,0,13,0,28,10,16,0
10342,0,1,17,20,27,0,0,10,7,0,0,25
10342,1,1,0,0,0,0,0,0,0,0,0,0
10343,1,1,22,0,20,0,0,0,8,32,0,15
10344,1,1,0,0,0,0,0,0,7,0,0,0
10345,1,1,2,2,2,2,2,2,2,2,2,2
10346,1,1,0,0,0,0,0,0,0,0,0,0
10346,2,1,0,0,0,0,0,0,0,2,0,0
10347,1,1,0,0,0,0,0,0,0,0,0,0
10347,2,1,0,0,0,0,0,0,0,0,0,0
10348,1,1,0,14,15,5,0,2,0,17,0,0
10349,1,1,0,0,0,0,0,0,0,0,0,0
10349,2,1,0,0,0,0,0,0,0,0,0,0
10350,1,1,30,4,14,2,24,19,4,17,34,4
10351,1,1,0,20,0,0,0,0,0,0,0,0
10352,1,1,20,20,20,20,20,20,20,20,20,20
10353,1,1,0,0,0,0,0,0,0,0,0,0
10353,2,1,0,0,0,0,0,0,0,0,0,0
10354,1,1,5,5,5,5,5,5,5,5,5,5
10355,0,1,10,44,0,27,9,13,18,0,0,13
10355,1,1,0,0,0,0,0,0,0,23,0,0
10356,1,1,24,24,24,24,24,24,24,24,24,24
10357,1,1,30,23,18,18,30,22,22,9,11,8
10358,1,1,3,3,3,3,3,3,3,3,3,3
10359,1,1,3,3,3,3,3,3,3,3,3,3
10360,1,1,24,24,24,24,24,24,24,24,24,24
10360,2,1,0,0,0,0,0,0,0,0,0,0
10361,1,1,1,1,1,1,1,1,1,1,1,1
10361,2,1,10,10,10,10,10,10,10,10,10,10
10362,1,1,42,42,42,42,42,42,42,42,42,42
10363,1,1,0,0,0,0,0,0,0,0,0,0
10363,2,1,0,0,0,0,0,0,0,0,0,0
10364,1,1,0,0,0,0,0,0,0,0,29,0
10364,2,1,0,0,0,0,0,0,0,0,0,0
10365,1,1,10,10,10,10,10,10,10,10,10,10
10366,1,1,17,17,17,17,17,17,17,17,17,17
10367,1,1,8,0,0,20,0,11,0,0,11,8
10367,2,1,0,0,0,0,0,0,0,0,0,0
10367,3,1,0,0,0,0,0,0,0,0,0,0
10368,1,1,0,0,0,0,0,0,0,0,0,0
10368,2,1,9,0,0,0,9,3,17,11,0,0
10369,1,1,0,0,0,0,0,0,0,0,0,0
10369,2,1,0,0,0,0,0,0,0,0,0,0
10370,1,1,16,28,22,39,11,24,20,7,16,9
10371,1,1,10,0,0,0,18,0,0,0,5,25
10372,1,1,7,14,19,19,17,9,29,21,0,6
10373,1,1,0,0,0,0,0,0,0,0,0,0
10373,2,1,0,0,0,0,0,0,0,0,0,0
10374,1,1,0,0,0,0,14,0,23,9,35,30
10376,1,1,0,0,0,0,0,0,0,0,0,0
10376,2,1,0,0,0,0,0,0,0,0,0,0
10377,1,1,10,19,0,0,0,0,13,0,0,17
10378,1,1,0,0,0,0,8,0,0,13,0,10
10379,1,1,25,25,25,25,25,25,25,25,25,25
10380,1,1,0,0,0,0,0,0,0,0,0,0
10380,2,1,0,0,0,0,0,0,0,0,0,0
10380,3,1,0,0,0,0,0,0,0,0,0,0
10381,1,1,0,0,0,0,0,0,0,0,0,0
10381,2,1,0,0,0,0,0,0,0,0,0,0
10381,3,1,0,0,0,0,0,0,0,0,0,0
10382,0,1,25,25,25,25,25,25,25,25,25,25
10382,1,1,0,0,0,0,0,0,0,0,0,0
10383,0,1,7,7,7,7,7,7,7,7,7,7
10383,1,1,0,0,0,0,0,0,0,0,0,0
10384,1,1,0,0,0,0,0,0,0,0,0,0
10385,1,1,16,16,16,16,16,16,16,16,16,16
10386,1,1,0,0,0,0,0,0,0,0,0,0
10386,2,1,0,0,0,0,0,0,0,0,0,0
10387,1,1,0,0,0,0,0,0,0,0,0,0
10388,1,1,0,0,0,0,0,0,0,0,0,0
10388,2,1,0,0,0,0,0,0,0,0,0,0
10389,1,1,0,0,0,0,0,0,0,0,0,0
10389,2,1,0,0,0,0,0,0,0,0,0,0
10389,3,1,0,0,0,0,0,0,0,0,0,0
10390,1,1,0,0,0,0,0,0,0,0,0,0
10390,2,1,0,7,0,0,0,0,15,0,0,0
10391,1,1,0,0,0,0,0,0,0,0,0,0
10391,2,1,0,0,0,0,0,0,0,0,0,0
10392,0,1,17,17,17,17,17,17,17,17,17,17
10392,1,1,18,0,39,14,0,0,0,16,0,15
10393,1,1,0,0,0,0,0,0,0,0,0,0
10393,2,1,8,0,0,3,3,0,0,0,13,0
10394,1,1,4,4,4,4,4,4,4,4,4,4
10395,1,1,0,0,0,0,0,0,0,15,0,0
10396,1,1,0,0,24,0,0,0,0,0,0,0
10396,2,1,0,0,0,0,0,0,0,0,0,0
10396,3,1,0,0,0,0,0,0,0,0,0,0
10396,4,1,0,0,0,0,0,0,0,0,0,0
10397,1,1,15,15,15,15,15,15,15,15,15,15
10397,2,1,0,0,0,0,0,0,0,0,0,0
10398,1,1,0,0,0,0,0,0,0,0,0,0
10398,2,1,0,0,0,0,0,0,0,0,0,0
10399,1,1,13,13,13,13,13,13,13,13,13,13
10400,1,1,0,0,12,0,19,4,11,22,0,10
10400,2,1,0,0,0,0,0,0,0,0,0,0
10401,1,1,0,0,0,0,0,0,0,0,0,0
10402,0,1,25,30,22,14,30,11,22,10,33,28
10402,1,1,0,0,0,0,0,0,0,24,0,0
10403,1,1,0,0,0,0,0,0,0,9,0,0
10404,1,1,0,0,0,0,0,0,0,0,0,0
10404,2,1,0,0,0,0,0,0,0,0,0,0
10405,1,1,36,36,36,36,36,36,36,36,36,36
10406,1,1,0,0,0,0,0,0,0,0,0,0
10406,2,1,0,0,0,0,0,0,0,0,0,0
10407,1,1,0,0,0,0,0,0,0,0,0,0
10407,2,1,0,0,0,0,0,0,0,0,0,0
10408,1,1,0,0,0,0,0,0,0,0,0,0
10409,1,1,0,0,0,0,0,0,0,0,0,0
10410,0,1,0,0,0,0,0,0,0,0,0,0
10410,1,1,0,0,26,19,16,0,0,0,0,0
10411,1,1,24,24,24,24,24,24,24,24,24,24
10412,1,1,0,0,0,0,0,0,0,0,0,0
10413,1,1,23,0,0,0,0,0,0,0,0,0
10413,2,1,0,0,0,9,0,0,0,0,0,11
10414,1,1,0,0,0,0,0,0,0,0,0,0
10415,1,1,21,21,21,21,21,21,21,21,21,21
10416,1,1,0,0,0,0,0,0,0,0,0,0
10416,2,1,0,0,0,0,0,0,0,0,0,0
10417,0,1,0,0,14,0,0,0,0,14,0,0
10417,1,1,23,0,0,0,0,0,0,14,0,0
10418,1,1,23,23,23,23,23,23,23,23,23,23
10419,1,1,0,0,0,0,0,0,0,0,0,0
10420,1,1,0,0,0,0,0,0,0,0,0,0
10421,1,1,0,0,0,0,0,0,0,0,0,0
10421,2,1,0,0,0,0,0,0,0,0,0,0
10422,1,1,0,0,10,0,14,0,0,17,0,0
10422,2,1,0,0,0,0,0,0,0,0,0,0
10423,1,1,7,7,7,7,7,7,7,7,7,7
10424,1,1,24,24,24,24,24,24,24,24,24,24
10425,1,1,0,12,10,0,0,4,0,0,10,0
10425,2,1,0,0,0,0,0,0,0,0,0,0
10426,1,1,0,0,0,0,0,0,0,0,0,0
10426,2,1,0,0,0,0,0,0,0,0,0,0
10427,1,1,11,0,0,0,0,0,0,0,18,0
10428,1,1,22,22,22,22,22,22,22,22,22,22
10428,2,1,0,19,0,0,0,0,0,0,0,9
10428,3,1,0,0,20,0,0,0,0,0,0,0
10428,4,1,0,0,0,0,0,0,0,0,0,0
10429,1,1,0,0,0,8,7,0,8,7,0,0
10430,1,1,0,0,0,0,0,0,0,0,0,0
10430,2,1,0,0,0,0,0,0,0,0,0,0
10431,1,1,0,0,0,0,0,0,0,0,0,0
10432,1,1,6,13,0,5,0,7,0,0,6,0
10432,2,1,0,0,0,0,0,0,0,0,0,0
10433,1,1,0,0,0,0,0,0,0,0,0,0
10433,2,1,0,0,0,0,0,0,0,0,0,0
10434,1,1,0,0,0,0,0,0,0,0,0,0
10434,2,1,0,0,0,0,0,0,0,0,0,0
10435,1,1,18,0,0,0,0,32,20,22,0,0
10436,1,1,0,0,0,0,0,0,0,0,0,0
10436,2,1,0,0,0,0,0,0,0,0,0,0
10437,1,1,22,22,22,22,22,22,22,22,22,22
10438,0,1,28,0,0,0,0,0,0,15,8,0
10438,1,1,24,0,0,13,0,0,0,0,0,0
10439,1,1,0,0,0,0,0,0,0,0,0,0
10439,2,1,0,0,0,0,0,0,0,0,0,0
10440,1,1,0,0,0,0,0,0,0,0,0,0
10440,2,1,0,0,0,0,0,0,0,0,0,0
10441,0,1,0,0,0,0,0,0,0,0,0,0
10441,1,1,13,0,0,5,0,0,0,0,0,17
10442,1,1,0,0,0,0,0,0,0,0,0,0
10442,2,1,0,0,0,0,0,0,0,0,0,0
10443,1,1,0,0,0,0,0,0,0,0,0,0
10443,2,1,0,0,0,0,0,0,0,0,0,0
10444,1,1,0,0,0,0,0,0,0,0,0,0
10445,1,1,11,15,15,11,10,30,7,20,25,15
10446,1,1,18,18,18,18,18,18,18,18,18,18
10447,1,1,0,0,0,0,0,56,0,0,22,0
10447,2,1,0,0,0,0,0,0,0,0,0,0
10448,1,1,0,0,0,0,0,0,0,0,0,0
10449,1,1,0,0,0,18,10,0,15,0,0,11
10450,1,1,18,18,18,18,18,18,18,18,18,18
10451,1,1,0,0,0,0,0,0,0,0,0,0
10451,2,1,0,0,0,0,0,0,0,0,0,0
10452,1,1,0,0,0,0,0,0,0,0,0,0
10453,1,1,0,0,0,0,0,0,0,22,0,0
10453,2,1,0,0,0,0,0,0,0,0,0,0
10454,0,1,0,0,0,26,0,25,0,23,0,12
10454,1,1,11,19,0,0,11,0,0,8,0,14
10455,1,1,16,16,16,16,16,16,16,16,16,16
10455,2,1,0,0,11,29,0,0,10,0,0,14
10456,1,1,0,0,0,0,0,0,0,0,0,0
10456,2,1,0,0,0,0,0,0,0,0,0,0
10457,1,1,4,4,4,4,4,4,4,4,4,4
10458,1,1,16,20,24,7,27,15,11,12,18,11
10459,1,1,0,0,0,0,0,0,0,0,0,0
10459,2,1,0,0,0,0,0,0,0,0,0,0
10460,1,1,0,0,0,0,0,0,0,0,0,0
10460,2,1,0,0,0,0,0,0,0,0,0,0
10461,0,1,14,14,14,14,14,14,14,14,14,14
10461,1,1,0,0,0,0,0,0,0,0,0,0
10461,2,1,0,0,0,0,0,0,0,0,0,0
10462,1,1,36,6,13,21,10,16,25,12,23,0
10463,1,1,20,20,20,20,20,20,20,20,20,20
10464,1,1,0,0,0,0,0,0,0,0,0,0
10464,2,1,9,0,6,0,8,0,0,17,0,0
10464,3,1,0,0,0,0,0,0,0,0,0,0
10465,1,1,16,16,16,16,16,16,16,16,16,16
10466,1,1,0,0,0,0,0,0,0,5,0,0
10466,2,1,0,0,0,0,0,0,0,0,0,0
10467,1,1,0,0,0,0,0,0,0,0,0,0
10467,2,1,0,0,0,0,0,0,0,0,0,0
10468,1,1,0,0,0,0,0,0,0,0,0,0
10468,2,1,0,0,0,0,0,0,0,0,0,0
10469,1,1,9,24,18,20,3,15,5,2,10,17
10470,1,1,18,11,19,16,18,15,17,29,18,21
10471,1,1,0,0,0,0,0,0,0,0,0,0
10472,1,1,0,0,0,0,0,0,0,0,0,0
10472,2,1,0,0,11,5,6,0,13,14,0,0
10473,1,1,6,6,6,6,6,6,6,6,6,6
10474,1,1,0,0,0,0,0,0,0,0,0,0
10474,2,1,0,0,0,0,0,0,0,0,0,0
10475,1,1,0,0,0,0,0,0,0,0,0,0
10476,1,1,0,0,0,0,0,0,0,0,0,0
10476,2,1,0,0,0,0,0,0,0,0,0,0
10477,1,1,0,0,0,0,0,0,0,0,0,0
10477,2,1,0,0,0,0,0,0,0,0,0,0
10478,1,1,16,16,16,16,16,16,16,16,16,16
10478,2,1,0,0,0,0,0,0,0,0,0,0
10479,1,1,14,14,14,14,14,14,14,14,14,14
10480,1,1,19,19,19,19,19,19,19,19,19,19
10480,2,1,0,0,0,0,0,0,0,0,0,0
10481,0,1,0,0,0,0,0,0,0,0,0,0
10481,1,1,0,0,0,0,0,0,0,0,0,0
10482,1,1,10,10,10,10,10,10,10,10,10,10
10483,1,1,0,0,0,0,0,0,0,0,0,0
10483,2,1,0,0,0,0,0,0,0,0,0,0
10484,1,1,0,0,0,0,0,0,0,0,0,0
10485,1,1,0,0,0,0,0,0,0,0,0,0
10485,2,1,0,13,0,0,26,27,0,0,0,14
10486,1,1,0,0,12,10,0,0,0,0,0,0
10486,2,1,0,0,0,0,0,0,0,0,0,0
10487,1,1,0,0,0,0,0,0,0,0,0,0
10487,2,1,0,0,0,0,0,0,0,0,0,14
10488,1,1,0,0,0,0,0,0,0,0,0,0
10489,1,1,11,11,11,11,11,11,11,11,11,11
10490,1,1,0,0,0,0,0,0,0,0,0,0
10490,2,1,0,0,0,0,0,0,0,0,0,0
10490,3,1,0,0,0,0,0,3,0,0,0,0
10490,4,1,0,0,0,0,0,0,0,0,0,0
10491,0,1,0,0,0,0,0,0,0,0,0,0
10491,0,2,0,0,21,0,0,25,0,0,23,0
10491,2,1,0,0,0,0,0,0,0,0,0,0
10492,1,1,0,0,0,0,0,0,0,0,0,0
10492,2,1,0,0,0,0,0,0,0,0,0,0
10493,1,1,24,24,24,24,24,24,24,24,24,24
10493,2,1,0,0,0,0,0,0,0,0,0,0
10494,0,1,0,0,0,0,0,0,0,0,0,0
10494,0,2,5,5,5,5,5,5,5,5,5,5
10494,1,1,25,25,25,25,25,25,25,25,25,25
10495,1,1,0,0,0,0,0,0,0,0,0,0
10496,1,1,17,17,17,17,17,17,17,17,17,17
10496,2,1,0,0,0,0,0,0,0,0,0,0
10497,1,1,19,15,0,0,0,0,13,17,6,0
10498,1,1,0,0,0,0,0,0,0,0,0,0
10499,1,1,20,20,20,20,20,20,20,20,20,20
10500,1,1,0,0,0,0,0,0,0,0,0,0
10500,2,1,0,0,0,0,0,0,0,0,0,0
10501,1,1,0,0,0,0,0,0,0,0,0,0
10501,2,1,0,0,0,0,0,0,0,0,0,0
10502,1,1,0,0,0,0,0,0,0,0,0,0
10502,2,1,0,0,0,0,0,0,0,0,0,0
10502,3,1,0,0,0,0,0,0,0,0,0,0
10503,1,1,0,0,0,0,0,0,20,0,0,0
10504,1,1,24,24,24,24,24,24,24,24,24,24
10504,2,1,0,0,0,0,0,0,0,0,0,0
10504,3,1,0,0,0,0,0,0,0,0,0,0
10505,1,1,10,10,10,10,10,10,10,10,10,10
10505,2,1,0,0,0,0,0,0,0,0,0,0
10506,1,1,10,10,10,10,10,10,10,10,10,10
10507,0,1,17,16,18,19,32,16,10,0,13,0
10507,1,1,0,0,0,0,0,0,0,0,0,0
10508,1,1,19,19,19,19,19,19,19,19,19,19
10509,1,1,0,0,0,0,0,0,0,0,0,0
10509,2,1,0,34,0,0,0,0,0,0,0,0
10510,1,1,0,0,0,9,0,0,0,8,0,0
10510,2,1,0,0,0,0,0,0,0,0,0,0
10511,1,1,0,0,0,0,0,0,0,0,0,0
10511,2,1,0,0,0,0,0,0,0,0,0,0
10512,1,1,0,7,0,16,0,0,9,0,0,14
10513,1,1,0,0,0,0,0,0,0,0,0,0
10513,2,1,0,0,0,0,0,0,0,0,0,0
10514,1,1,0,0,0,0,0,0,0,0,0,0
10514,2,1,0,0,0,0,0,0,0,0,0,0
10515,1,1,0,0,0,0,0,0,0,0,0,0
10515,2,1,0,0,0,0,0,0,0,0,0,0
10516,1,1,0,0,0,0,0,0,0,0,0,0
10516,2,1,0,0,0,0,0,0,0,0,0,0
10517,1,1,0,0,0,0,0,0,0,0,0,0
10517,2,1,0,0,0,0,0,0,0,0,0,0
10518,0,1,9,9,9,9,9,9,9,9,9,9
10518,1,1,0,12,0,0,18,0,0,29,0,0
10519,0,1,0,0,0,0,0,0,0,0,0,15
10519,1,1,0,19,0,0,0,0,17,14,0,0
10520,1,1,0,0,0,0,0,0,0,0,0,0
10521,1,1,4,4,4,4,4,4,4,4,4,4
10522,1,1,0,0,0,0,0,0,0,0,0,0
10523,1,1,0,0,0,0,0,0,0,0,0,0
10524,1,1,17,17,17,17,17,17,17,17,17,17
10525,1,1,0,0,0,0,0,0,0,22,0,0
10525,2,1,0,0,0,0,0,0,0,0,0,0
10526,1,1,13,32,0,0,29,19,18,8,20,20
10527,1,1,23,23,23,23,23,23,23,23,23,23
10528,0,1,17,17,17,17,17,17,17,17,17,17
10528,1,1,17,17,17,17,17,17,17,17,17,17
10529,1,1,0,0,0,0,0,0,0,0,0,0
10529,2,1,0,0,0,0,19,0,0,0,0,0
10529,3,1,0,0,0,0,0,0,0,0,0,0
10529,4,1,0,0,0,0,0,0,0,0,0,0
10530,1,1,21,14,23,0,13,0,23,10,17,24
10531,0,1,0,0,0,0,0,0,0,0,0,0
10531,1,1,0,0,0,0,0,0,0,0,0,0
10532,1,1,33,33,33,33,33,33,33,33,33,33
10533,1,1,0,0,0,0,0,0,0,0,0,0
10534,1,1,31,31,31,31,31,31,31,31,31,31
10534,2,1,0,0,0,0,0,0,0,0,0,0
10535,0,1,0,0,0,0,0,0,0,0,0,0
10535,1,1,0,0,0,0,0,0,0,0,0,0
10536,1,1,13,0,26,0,0,0,0,9,0,0
10537,1,1,0,0,0,0,0,0,0,0,0,0
10537,2,1,0,0,0,0,0,0,0,0,0,0
10538,1,1,0,0,11,0,36,0,0,0,0,25
10539,1,1,4,4,4,4,4,4,4,4,4,4
10539,2,1,0,0,0,0,0,0,0,0,0,0
10540,1,1,18,18,18,18,18,18,18,18,18,18
10541,0,1,36,36,36,36,36,36,36,36,36,36
10541,1,1,14,14,14,14,14,14,14,14,14,14
10542,1,1,0,0,0,0,0,0,0,0,0,0
10543,1,1,0,0,0,0,0,0,0,0,0,0
10543,2,1,0,0,0,0,0,0,0,0,0,0
10543,3,1,0,0,0,0,0,0,0,0,0,0
10544,1,1,0,0,0,0,0,0,0,0,0,0
10544,2,1,0,0,0,0,0,0,0,0,0,0
10545,1,1,24,24,24,24,24,24,24,24,24,24
10546,1,1,0,0,0,0,0,0,0,0,0,0
10546,2,1,0,0,0,0,0,0,0,0,0,0
10547,1,1,15,15,15,15,15,15,15,15,15,15
10548,1,1,0,0,0,0,0,0,0,0,0,0
10548,2,1,0,0,0,0,0,0,0,0,0,0
10549,1,1,0,0,0,0,0,0,0,0,0,0
10549,2,1,0,0,0,0,0,0,0,0,0,0
10549,3,1,0,0,0,0,0,0,0,0,0,0
10550,1,1,0,0,0,0,0,0,0,0,0,0
10551,1,1,14,0,0,0,0,0,0,0,29,0
10552,0,1,23,0,0,0,0,0,18,19,18,21
10552,1,1,0,0,0,0,0,0,0,0,0,0
10553,1,1,0,0,0,0,0,0,0,0,0,0
10553,2,1,0,0,0,0,0,0,7,0,0,0
10554,1,1,10,10,10,10,10,10,10,10,10,10
10554,2,1,0,0,0,0,0,0,0,0,0,0
10555,1,1,26,0,0,0,0,0,0,0,0,0
10555,2,1,0,0,0,0,0,0,0,0,0,0
10556,1,1,23,7,0,25,0,16,26,11,16,0
10556,2,1,0,0,0,0,0,0,16,0,0,0
10556,3,1,0,0,0,0,0,0,0,0,0,0
10556,4,1,0,0,0,0,0,0,0,0,0,0
10557,0,1,0,0,21,0,0,21,0,0,0,0
10557,1,1,3,0,0,0,0,0,0,0,0,0
10558,1,1,0,0,0,0,0,9,0,0,0,0
10558,2,1,9,19,38,14,0,18,0,0,6,0
10559,1,1,0,0,0,22,0,2,5,26,0,24
10559,2,1,0,0,0,0,0,0,0,0,0,0
10560,0,1,0,19,41,12,22,26,0,32,25,18
10560,1,1,5,0,39,27,0,0,0,0,0,25
10561,1,1,0,0,0,0,0,14,21,0,0,0
10562,1,1,0,0,0,0,0,0,0,0,0,0
10563,1,1,0,0,0,0,0,0,0,0,0,0
10564,1,1,3,3,3,3,3,3,3,3,3,3
10565,1,1,11,11,11,11,11,11,11,11,11,11
10565,2,1,0,0,0,0,0,0,0,0,0,0
10566,1,1,9,9,9,9,9,9,9,9,9,9
10566,2,1,0,0,10,19,0,29,11,13,29,0
10567,1,1,0,0,0,0,0,0,0,0,0,0
10567,2,1,0,0,0,0,0,0,0,0,0,0
10568,1,1,0,0,0,0,0,0,0,0,0,0
10569,1,1,0,24,0,0,9,0,0,0,0,0
10570,1,1,0,0,0,15,0,0,0,0,0,15
10570,2,1,0,0,0,0,0,0,0,0,0,0
10571,1,1,0,0,4,33,0,0,0,0,0,0
10572,1,1,19,19,19,19,19,19,19,19,19,19
10573,1,1,18,18,18,18,18,18,18,18,18,18
10574,1,1,20,0,0,16,39,14,10,15,14,0
10575,1,1,0,0,0,0,0,0,0,0,10,0
10576,1,1,13,13,13,13,13,13,13,13,13,13
10577,1,1,0,0,0,0,0,0,0,0,0,0
10577,2,1,0,0,0,0,0,0,0,0,0,0
10578,1,1,0,0,0,0,0,0,0,0,0,0
10579,1,1,0,0,0,0,0,0,0,0,0,0
10580,1,1,0,17,0,0,0,35,0,0,0,16
10581,1,1,0,0,0,0,0,0,0,0,0,0
10581,2,1,0,0,30,0,0,0,0,0,0,0
10582,1,1,24,25,18,38,17,20,18,18,11,15
10582,2,1,0,0,0,0,0,0,0,0,0,0
10583,1,1,13,19,18,39,0,0,0,13,29,27
10584,1,1,0,0,0,0,0,0,0,0,0,0
10585,1,1,0,0,0,0,0,0,0,0,16,0
10585,2,1,0,0,0,0,0,0,0,0,0,0
10586,1,1,0,0,0,25,0,0,9,0,26,0
10587,1,1,0,0,0,0,0,0,0,0,0,0
10587,2,1,0,0,0,0,0,0,0,0,0,0
10588,1,1,0,0,0,0,0,0,0,0,0,0
10588,2,1,0,0,0,0,0,0,0,0,0,0
10589,1,1,0,0,0,0,0,0,0,0,0,0
10589,2,1,0,0,0,0,0,0,0,0,0,0
10590,1,1,0,0,0,0,0,0,0,0,0,0
10591,0,1,0,0,0,0,0,0,0,0,0,0
10591,1,1,0,0,0,0,0,0,0,0,0,0
10592,1,1,0,0,0,0,0,0,0,0,0,0
10592,2,1,0,0,0,0,0,0,0,0,0,0
10593,1,1,0,0,0,0,0,0,0,0,0,0
10593,2,1,0,0,0,0,0,0,0,0,0,0
10593,3,1,0,0,0,0,0,0,0,0,0,0
10594,1,1,0,0,0,0,0,0,0,0,0,0
10595,1,1,0,0,0,0,0,0,0,0,0,0
10595,2,1,0,0,0,0,0,0,0,0,0,0
10596,1,1,0,0,0,0,0,0,0,0,0,0
10596,2,1,0,0,0,0,0,0,0,0,0,0
10597,1,1,18,18,18,18,18,18,18,18,18,18
10598,1,1,0,0,26,29,0,0,0,0,0,6
10599,1,1,0,10,8,26,29,0,0,0,0,23
10600,1,1,0,0,0,8,0,0,0,0,0,0
10601,1,1,0,0,14,0,0,7,25,34,26,0
10602,1,1,0,0,0,0,0,0,0,0,0,0
10603,1,1,25,25,25,25,25,25,25,25,25,25
10604,0,1,0,0,0,0,0,0,0,0,0,0
10604,1,1,0,0,0,0,0,0,0,0,0,0
10605,1,1,9,17,25,17,16,15,0,0,0,30
10606,1,1,0,0,0,0,0,0,0,0,0,0
10607,1,1,13,0,33,14,0,0,0,26,0,13
10608,1,1,0,0,0,0,0,0,0,0,0,0
10609,2,1,0,0,0,0,0,0,0,0,0,0
10610,0,1,11,11,11,11,11,11,11,11,11,11
10610,1,1,0,0,0,0,13,0,16,7,13,0
10611,1,1,13,13,13,13,13,13,13,13,13,13
10612,1,1,17,17,17,17,17,17,17,17,17,17
10613,1,1,23,23,23,23,23,23,23,23,23,23
10614,1,1,0,0,0,0,0,0,0,0,0,0
10614,2,1,0,0,0,0,0,0,0,0,0,0
10615,1,1,0,0,0,0,0,0,0,0,0,0
10615,2,1,0,0,0,18,0,0,0,0,0,0
10616,1,1,0,0,0,0,0,0,0,0,0,0
10616,2,1,0,0,0,0,0,0,0,0,0,0
10617,1,1,0,0,0,0,0,0,0,0,0,0
10617,2,1,0,0,0,0,0,0,0,0,0,0
10618,1,1,0,0,0,0,0,0,0,0,0,0
10619,1,1,0,0,0,0,0,0,0,0,0,0
10619,2,1,0,0,0,0,0,0,0,0,0,0
10619,3,1,0,0,0,0,0,0,0,0,0,0
10620,1,1,0,0,0,0,33,0,0,0,0,0
10621,1,1,18,18,18,18,18,18,18,18,18,18
10622,1,1,0,0,0,0,0,0,0,0,0,0
10622,2,1,0,0,0,0,0,0,0,0,0,0
10623,0,1,0,20,0,0,0,0,0,0,0,0
10623,0,2,0,15,0,0,0,0,8,18,38,0
10623,1,1,0,0,0,0,0,0,0,0,0,0
10624,1,1,11,11,11,11,11,11,11,11,11,11
10625,0,1,0,0,0,0,0,0,0,0,0,0
10625,1,1,0,0,0,0,0,0,0,0,0,0
10625,2,1,11,0,0,0,0,7,0,0,0,0
10625,3,1,0,0,0,0,0,0,0,0,0,6
10625,4,1,0,0,0,0,0,0,0,0,0,0
10626,0,1,0,0,0,0,0,0,0,0,0,0
10626,1,1,15,0,0,0,0,9,0,0,26,8
10627,1,1,0,0,0,17,5,28,21,32,0,0
10628,1,1,0,0,0,13,0,0,0,0,0,0
10628,2,1,0,0,0,0,0,0,0,0,0,0
10629,1,1,0,0,0,0,0,0,0,0,0,0
10630,1,1,0,0,0,0,0,0,0,0,0,0
10630,2,1,0,0,0,0,0,0,0,0,0,0
10631,1,1,0,0,0,0,0,0,0,0,0,0
10631,2,1,0,0,0,0,0,0,0,0,0,0
10632,1,1,16,16,16,16,16,16,16,16,16,16
10633,1,1,19,19,19,19,19,19,19,19,19,19
10634,1,1,0,0,0,0,0,0,0,0,0,0
10634,2,1,0,0,0,0,0,0,0,0,0,0
10635,1,1,0,0,0,0,0,0,0,0,0,0
10636,1,1,0,0,0,0,0,0,0,0,0,0
10636,2,1,0,0,0,0,0,0,0,0,0,0
10637,1,1,0,0,0,0,10,3,11,0,25,0
10637,2,1,0,0,4,0,0,18,7,7,0,7
10638,0,1,13,31,24,11,30,25,55,23,12,8
10638,1,1,0,0,0,0,0,0,0,0,0,0
10639,1,1,0,0,0,0,31,0,0,0,6,0
10640,1,1,17,0,0,11,0,0,15,0,0,0
10641,1,1,18,18,18,18,18,18,18,18,18,18
10642,1,1,0,0,15,0,15,10,0,0,15,0
10642,2,1,0,0,0,0,19,0,0,5,0,0
10643,1,1,7,0,17,17,16,0,24,17,0,0
10643,2,1,0,0,0,0,0,0,0,0,0,10
10644,1,1,0,0,0,0,0,0,0,0,0,0
10644,2,1,0,0,0,0,0,0,0,0,0,0
10645,1,1,12,12,12,12,12,12,12,12,12,12
10646,1,1,0,0,0,0,0,0,0,0,0,0
10647,1,1,0,0,0,0,0,0,0,0,0,0
10647,2,1,0,0,0,0,0,0,0,0,0,0
10648,1,1,0,0,0,0,0,0,0,0,0,0
10648,2,1,0,0,0,0,0,0,0,0,0,0
10648,3,1,0,0,0,0,0,0,0,0,0,0
10649,1,1,0,0,0,0,0,0,0,0,0,0
10650,1,1,0,0,0,0,0,0,0,0,0,0
10651,1,1,0,0,16,0,0,18,0,0,0,0
10651,2,1,0,0,0,0,0,0,0,0,0,0
10652,1,1,5,5,5,5,5,5,5,5,5,5
10653,1,1,31,31,31,31,31,31,31,31,31,31
10654,1,1,0,0,0,0,0,0,0,0,0,0
10654,2,1,0,0,0,0,15,0,0,0,0,0
10655,1,1,29,26,12,0,17,0,0,22,27,0
10656,0,1,0,0,0,0,0,17,0,11,0,0
10656,1,1,0,0,0,0,0,0,0,0,0,0
10657,1,1,0,0,0,0,0,0,0,0,0,0
10657,2,1,0,0,0,0,0,0,0,0,0,0
10658,1,1,0,0,0,0,0,0,0,0,25,0
10659,1,1,33,0,0,15,0,4,0,8,0,0
10660,1,1,0,0,0,0,0,0,0,0,0,0
10661,1,1,21,21,21,21,21,21,21,21,21,21
10661,2,1,0,0,0,0,0,0,0,0,0,0
10662,1,1,0,0,0,0,0,0,0,0,0,0
10662,2,1,0,0,0,0,0,0,0,0,0,0