ST_CASE,VEH_NO,PER_NO,P1,P2,P3,P4,P5,P6,P7,P8,P9,P10
10663,1,1,0,0,0,0,0,0,0,0,0,0
10664,1,1,0,0,0,0,0,0,0,0,0,0
10665,1,1,0,0,0,0,0,0,0,0,0,0
10665,2,1,0,0,0,0,0,0,0,0,0,0
10666,1,1,0,18,0,0,0,0,0,0,0,0
10667,1,1,0,0,0,0,0,0,25,0,0,0
10668,1,1,25,18,24,4,18,7,16,22,31,31
10669,0,1,20,20,20,20,20,20,20,20,20,20
10669,1,1,5,5,5,5,5,5,5,5,5,5
10670,1,1,30,0,35,30,0,20,19,23,17,49
10670,2,1,0,0,0,0,0,0,0,0,0,0
10671,1,1,0,0,0,0,0,0,6,0,0,11
10672,1,1,27,27,27,27,27,27,27,27,27,27
10672,2,1,0,0,0,0,0,0,0,0,0,0
10673,1,1,0,0,0,0,0,0,0,0,0,0
10674,1,1,0,0,0,0,0,0,0,0,0,0
10674,2,1,0,0,0,0,0,0,0,0,0,0
10675,1,1,1,1,1,1,1,1,1,1,1,1
10676,1,1,0,0,13,0,0,0,0,0,0,0
10676,2,1,0,0,0,0,0,0,0,0,0,0
10677,0,1,0,0,0,0,0,0,0,0,0,0
10677,0,2,0,28,13,10,11,0,11,21,12,0
10677,1,1,0,0,0,0,0,0,0,0,0,0
10678,1,1,0,0,0,0,0,0,0,0,12,0
10678,2,1,0,0,0,0,0,0,0,0,0,0
10679,1,1,20,20,20,20,20,20,20,20,20,20
10679,2,1,0,0,0,0,0,0,0,0,0,0
10680,1,1,0,0,0,0,0,0,0,0,0,0
10680,2,1,0,0,0,0,0,0,0,0,0,0
10681,1,1,0,0,0,0,0,0,0,0,0,0
10681,2,1,0,0,0,0,0,0,0,0,0,0
10682,1,1,3,3,3,3,3,3,3,3,3,3
10683,1,1,0,0,13,0,0,0,0,0,0,0
10684,1,1,14,14,14,14,14,14,14,14,14,14
10685,1,1,0,0,0,0,0,0,0,0,0,0
10685,2,1,0,0,0,0,0,0,0,0,0,0
10686,1,1,5,5,5,5,5,5,5,5,5,5
10686,2,1,0,0,0,0,0,0,0,0,0,0
10687,1,1,0,0,0,0,0,0,0,0,0,0
10688,1,1,0,0,0,0,0,0,0,0,0,0
10689,1,1,0,0,0,0,0,0,0,0,0,0
10689,2,1,0,0,0,0,0,0,0,0,0,0
10690,1,1,5,5,5,5,5,5,5,5,5,5
10690,2,1,0,0,0,0,0,0,0,0,0,0
10690,3,1,0,0,0,0,0,0,0,0,0,0
10691,1,1,0,0,0,0,0,0,0,17,0,0
10692,1,1,0,0,0,0,0,0,0,0,0,0
10693,1,1,0,27,14,0,0,0,0,0,0,0
10694,1,1,0,0,0,0,0,0,0,0,0,0
10694,2,1,0,0,0,0,0,0,0,0,0,0
10695,1,1,31,31,31,31,31,31,31,31,31,31
10696,0,1,16,0,0,29,0,25,19,26,46,0
10696,1,1,0,0,0,0,0,0,0,0,0,0
10697,1,1,0,0,0,0,0,0,0,0,0,0
10697,2,1,0,0,0,0,0,0,0,0,0,0
10698,1,1,0,0,0,0,0,0,0,0,0,0
10699,1,1,0,0,0,0,0,0,0,0,0,0
10700,1,1,0,0,0,0,0,0,0,0,0,0
10700,2,1,0,0,0,0,0,20,0,0,0,0
10701,0,1,0,0,0,0,20,0,0,0,0,0
10701,1,1,0,0,0,0,0,0,0,0,0,0
10702,1,1,0,0,0,0,0,0,0,0,0,0
10702,2,1,0,0,0,0,0,0,0,0,0,0
10703,1,1,0,0,0,0,0,0,0,0,0,0
10703,2,1,0,0,0,0,0,0,0,0,0,0
10704,1,1,16,16,16,16,16,16,16,16,16,16
10705,1,1,22,22,22,22,22,22,22,22,22,22
10706,1,1,0,0,0,0,0,0,0,0,0,0
10707,1,1,0,0,0,0,0,0,0,0,0,0
10708,1,1,0,0,22,0,0,0,0,0,0,0
10709,1,1,0,0,0,0,0,0,0,0,0,0
10709,2,1,0,0,0,0,0,0,0,0,0,0
10710,1,1,0,0,0,0,0,0,0,0,0,0
10710,2,1,0,0,0,0,0,0,0,0,0,0
10711,1,1,0,0,0,0,0,0,0,0,0,0
10712,1,1,0,0,0,0,0,0,0,0,0,0
10712,2,1,8,8,8,8,8,8,8,8,8,8
10713,1,1,22,22,22,22,22,22,22,22,22,22
10714,1,1,0,0,0,0,0,0,0,0,0,0
10715,1,1,0,0,0,0,0,0,0,0,0,0
10715,2,1,8,8,8,8,8,8,8,8,8,8
10716,1,1,6,6,6,6,6,6,6,6,6,6
10717,1,1,26,26,26,26,26,26,26,26,26,26
10717,2,1,0,0,0,0,0,0,0,0,0,0
10718,1,1,0,16,8,0,12,40,28,0,0,22
10719,1,1,0,0,0,0,0,0,0,0,0,0
10719,2,1,0,0,0,0,0,0,0,0,0,0
10720,1,1,0,0,0,0,0,0,5,0,0,0
10721,0,1,0,17,7,14,14,25,20,17,0,29
10721,1,1,0,0,0,0,0,0,0,0,0,0
10722,1,1,0,0,0,0,0,0,0,0,0,0
10722,2,1,0,0,0,0,0,0,0,0,0,0
10723,1,1,0,0,0,0,0,0,0,0,0,0
10723,2,1,0,0,0,13,7,0,0,0,0,0
10724,1,1,0,0,0,0,0,0,0,0,0,0
10724,2,1,0,0,0,0,0,0,0,0,0,0
10725,1,1,13,13,13,13,13,13,13,13,13,13
10725,2,1,0,0,0,0,0,0,0,0,0,17
10727,1,1,0,0,0,0,16,0,0,0,0,0
10727,2,1,0,0,0,0,0,0,0,0,0,0
10728,0,1,0,0,0,0,0,0,0,0,0,0
10728,1,1,0,0,0,0,0,0,0,0,0,0
10729,1,1,0,0,0,0,0,0,0,0,0,0
10729,2,1,0,0,8,0,0,0,0,0,0,0
10730,0,1,0,0,0,0,0,0,0,0,0,0
10730,1,1,0,0,0,0,0,0,0,0,0,0
10731,1,1,0,8,0,0,0,0,0,16,0,13
10731,2,1,0,0,0,0,0,0,0,0,0,0
10732,1,1,0,0,0,0,0,0,0,0,0,0
10732,2,1,0,0,0,0,0,0,0,0,0,0
10733,1,1,14,14,14,14,14,14,14,14,14,14
10734,1,1,0,0,0,0,0,0,0,0,0,0
10734,2,1,0,0,0,0,0,0,0,0,0,0
10735,1,1,0,0,0,0,0,0,0,0,0,0
10735,2,1,0,0,0,0,0,0,0,0,0,0
10735,3,1,0,0,0,0,0,0,0,0,0,0
10735,4,1,0,0,0,0,0,0,0,0,0,0
10735,5,1,0,0,0,0,0,0,0,0,0,0
10736,1,2,4,0,10,0,5,13,5,0,29,0
10737,1,1,0,0,0,0,0,0,0,0,0,0
10738,1,1,0,0,0,0,0,0,0,0,0,0
10739,1,1,21,21,21,21,21,21,21,21,21,21
10740,1,1,0,15,0,0,23,8,0,11,0,10
10741,1,1,0,0,0,0,0,0,0,0,0,0
10742,1,1,0,0,0,0,0,0,0,0,0,0
10742,2,1,0,0,0,0,0,0,0,0,0,0
10743,1,1,0,0,0,0,0,0,0,0,0,0
10743,2,1,0,0,0,0,0,0,0,0,0,0
10744,1,1,1,1,1,1,1,1,1,1,1,1
10744,2,1,0,0,0,0,0,0,0,0,0,0
10744,3,1,0,0,0,0,0,0,0,0,0,0
10744,4,1,0,0,0,0,0,0,0,0,0,0
10744,5,1,0,0,0,0,0,0,0,0,0,0
10744,6,1,0,0,0,0,0,0,0,0,0,0
10744,7,1,0,0,0,0,0,0,0,0,0,0
10744,8,1,0,0,0,0,0,0,0,0,0,0
10745,0,1,0,0,0,0,0,0,0,24,0,0
10745,1,1,0,0,0,0,0,0,0,0,0,0
10746,1,1,0,0,0,0,0,0,0,0,0,0
10747,1,1,1,5,9,3,12,10,3,27,23,14
10748,1,1,23,16,18,0,0,0,0,0,20,0
10749,1,1,11,12,0,19,0,0,15,0,0,0
10750,1,1,15,0,0,0,23,11,26,0,0,0
10751,1,1,19,19,19,19,19,19,19,19,19,19
10752,0,1,0,0,0,0,0,0,0,0,0,0
10753,1,1,0,0,0,0,0,0,0,0,0,0
10753,2,1,10,0,13,12,12,0,7,12,8,21
10754,0,1,0,0,0,0,0,0,0,0,0,0
10754,1,1,0,0,0,0,0,0,0,0,0,0
10755,1,1,28,0,0,19,0,10,19,0,38,6
10756,1,1,0,0,0,13,0,0,0,17,19,15
10757,1,1,0,0,0,0,0,0,0,0,0,0
10757,2,1,0,0,0,0,0,0,0,0,0,4
10757,3,1,0,0,0,0,0,0,0,0,0,0
10757,4,1,0,0,0,0,0,0,0,0,0,0
10757,5,1,23,10,9,17,14,0,3,12,21,13
10758,1,1,0,0,0,0,0,0,0,0,0,0
10759,1,1,7,9,9,11,11,28,17,18,26,26
10760,1,1,0,0,0,0,0,0,0,0,0,0
10760,2,1,0,0,0,0,0,0,0,0,0,0
10761,1,1,0,0,0,0,0,0,0,0,0,0
10762,1,1,16,16,16,16,16,16,16,16,16,16
10763,1,1,7,7,7,7,7,7,7,7,7,7
10763,2,1,0,0,0,0,0,0,0,0,0,0
10764,1,1,0,0,0,9,0,0,0,0,0,0
10764,2,1,0,0,13,0,0,0,0,0,0,0
10765,1,1,0,0,13,0,0,0,0,0,0,0
10765,2,1,0,0,0,0,0,0,0,0,0,0
10766,1,1,0,0,0,0,0,0,0,0,0,0
10766,2,1,0,0,0,0,0,0,0,0,0,0
10767,1,1,0,0,0,0,0,0,0,0,0,0
10768,1,1,0,0,10,0,0,10,0,0,10,0
10768,2,1,0,0,0,0,0,0,0,0,0,0
10769,1,1,25,25,25,25,25,25,25,25,25,25
10769,2,1,0,0,0,0,0,0,0,0,0,0
10770,1,1,0,0,0,0,0,0,20,0,0,0
10771,1,1,30,12,28,4,17,8,0,32,15,23
10772,1,1,34,18,21,41,22,14,11,0,12,0
10773,1,1,0,0,0,0,0,0,0,0,0,0
10773,2,1,0,0,0,0,0,0,0,0,0,0
10773,3,1,0,0,0,0,0,0,0,0,0,0
10774,1,1,0,0,0,0,0,18,0,0,0,0
10774,2,1,0,0,0,0,0,0,0,0,0,0
10775,1,1,0,0,0,0,0,0,0,0,0,37
10775,2,1,0,0,0,0,0,0,0,0,0,0
10776,0,1,0,0,0,0,0,0,0,13,0,0
10776,1,1,0,0,0,0,0,0,0,0,0,0
10777,1,1,0,0,0,0,27,18,0,0,0,0
10777,2,1,0,0,0,0,0,0,0,0,0,0
10777,3,1,0,0,0,0,0,0,0,0,0,0
10778,1,1,0,0,0,0,0,0,0,0,0,12
10779,1,1,0,0,0,0,0,0,0,0,0,0
10779,2,1,0,0,0,0,0,0,0,0,0,0
10779,3,1,0,0,0,0,0,0,0,0,0,0
10780,1,1,21,21,21,21,21,21,21,21,21,21
10780,2,1,0,0,0,0,0,0,0,0,0,0
10780,3,1,0,0,0,0,0,0,0,0,0,0
10781,1,1,10,0,0,0,0,0,15,0,0,0
10782,1,1,16,16,16,16,16,16,16,16,16,16
10782,2,1,0,0,0,0,0,0,0,0,0,0
10782,3,1,0,0,0,0,0,0,0,0,0,0
10782,4,1,0,0,0,0,0,0,0,0,0,0
10782,5,1,0,0,0,0,0,13,0,0,0,0
10782,6,1,0,0,0,0,0,0,0,0,0,0
10783,1,1,0,0,0,0,0,0,0,0,0,0
10783,2,1,0,0,0,0,0,0,0,0,0,0
10784,1,1,0,0,0,0,0,0,0,4,0,0
10784,2,1,0,0,0,0,0,0,0,0,0,0
10784,3,1,12,0,0,0,0,0,0,0,0,0
10785,1,1,0,0,0,25,0,0,0,0,0,0
10785,2,1,0,0,0,0,0,0,0,0,0,0
10785,3,1,0,0,0,0,0,0,0,0,0,0
10785,4,1,0,0,23,0,0,0,0,0,0,0
10786,1,1,0,0,23,0,13,0,0,0,0,0
10787,0,1,0,0,0,0,0,0,0,0,30,14
10787,0,2,0,0,0,0,0,0,0,0,0,0
10787,1,1,0,0,0,0,0,0,0,0,0,0
10788,1,1,4,4,4,4,4,4,4,4,4,4
10789,1,1,0,0,0,0,0,0,0,0,0,0
10790,1,1,0,0,0,0,0,0,0,0,0,0
10791,0,1,10,10,10,10,10,10,10,10,10,10
10791,1,1,0,11,0,0,0,10,0,0,0,26
10792,1,1,0,0,0,0,0,0,0,0,0,0
10792,2,1,0,0,0,0,0,0,0,0,0,0
10792,3,1,0,0,0,0,0,0,0,0,0,0
10793,1,1,0,0,0,0,0,0,0,0,0,0
10793,2,1,0,28,26,29,0,0,0,0,17,18
10794,1,1,20,20,20,20,20,20,20,20,20,20
10795,1,1,0,0,0,0,0,0,0,0,0,0
10796,1,1,0,11,0,0,20,9,28,0,15,10
10797,1,1,0,0,0,0,0,0,0,0,0,0
10797,2,1,0,0,0,0,0,0,0,0,0,0
10798,1,1,15,5,16,4,5,17,14,13,8,19
10798,2,1,0,0,0,0,0,0,0,0,0,0
10799,1,1,0,0,0,0,0,0,0,0,0,0
10800,1,1,0,0,0,5,0,0,0,8,0,0
10801,1,1,17,0,14,0,0,0,29,0,0,15
10802,1,1,0,0,0,0,0,0,0,0,0,0
10802,2,1,0,0,0,0,0,0,0,0,0,0
10803,1,1,0,0,0,0,0,0,0,0,0,0
10803,2,1,0,0,0,0,0,0,0,0,0,0
10804,0,1,0,13,0,0,27,0,20,12,0,0
10804,1,1,0,0,0,0,0,0,0,0,0,0
10805,1,1,0,0,0,0,0,0,0,0,0,0
10806,1,1,10,13,33,0,11,13,0,0,0,0
10807,1,1,19,0,0,8,0,0,0,0,17,27
10808,1,1,0,0,0,0,0,0,0,0,0,0
10809,1,1,0,0,0,0,0,0,0,0,0,0
10809,2,1,0,0,0,0,0,0,0,0,0,0
10810,1,1,0,0,0,0,0,0,0,0,0,0
10811,1,1,0,0,0,0,0,0,0,0,0,0
10811,2,1,7,7,7,7,7,7,7,7,7,7
10812,1,1,0,0,0,0,12,0,0,0,0,0
10813,1,1,0,0,0,0,0,0,0,0,0,0
10814,1,1,0,0,0,0,0,0,0,0,0,0
10814,2,1,0,0,0,0,0,0,0,0,0,0
20002,1,1,0,0,0,0,0,0,0,0,0,0
20002,2,1,0,0,0,0,0,0,0,0,0,0
20003,1,1,0,0,0,0,0,0,0,0,0,0
20003,2,1,0,0,0,0,0,0,0,0,0,0
20004,0,1,40,40,40,40,40,40,40,40,40,40
20004,1,1,0,0,0,0,0,0,0,0,0,0
20005,1,1,0,0,0,0,0,0,0,0,0,0
20006,1,1,28,28,28,28,28,28,28,28,28,28
20006,2,1,0,0,0,0,0,0,0,0,0,0
20007,1,1,19,19,19,19,19,19,19,19,19,19
20007,2,1,0,0,0,0,0,0,0,0,0,0
20008,1,1,24,24,24,24,24,24,24,24,24,24
20009,1,1,0,0,0,0,0,0,0,0,0,0
20009,2,1,0,0,0,0,0,0,0,0,0,0
20010,1,1,18,18,18,18,18,18,18,18,18,18
20011,1,1,0,0,0,0,0,0,0,0,0,0
20011,2,1,0,0,0,0,0,0,0,0,0,0
20012,1,1,10,10,10,10,10,10,10,10,10,10
20013,1,1,0,0,0,0,0,0,0,0,0,0
20014,1,1,0,0,0,0,0,0,0,0,0,0
20014,2,1,0,0,0,0,0,0,0,0,0,0
20015,0,1,36,36,36,36,36,36,36,36,36,36
20015,1,1,0,0,0,0,0,0,0,0,0,0
20016,1,1,0,0,0,0,0,0,0,0,0,0
20016,2,1,0,0,0,0,0,0,0,0,0,0
20016,3,1,0,0,0,0,0,0,0,0,0,0
20017,1,1,0,0,0,0,0,0,0,0,0,0
20018,1,1,18,18,18,18,18,18,18,18,18,18
20019,1,1,0,0,0,0,0,0,0,0,0,0
20020,1,1,0,0,0,0,0,0,0,0,0,0
20020,2,1,0,0,0,0,0,0,0,0,0,0
20020,3,1,0,0,0,17,0,0,0,0,0,0
20021,1,1,16,16,16,16,16,16,16,16,16,16
20022,1,1,9,9,9,9,9,9,9,9,9,9
20023,1,1,0,0,0,0,0,0,0,0,0,0
20023,2,1,0,0,0,0,0,0,0,0,0,0
20024,1,1,0,0,0,0,0,0,0,0,0,0
20024,2,1,0,0,0,0,0,0,0,0,0,0
20024,3,1,0,0,0,0,0,0,0,0,0,0
20025,1,1,10,12,17,25,6,26,17,12,6,8
20026,1,1,0,0,0,0,0,0,0,0,0,0
20026,2,1,0,0,0,0,0,0,0,0,0,0
20027,1,1,0,0,0,0,0,0,0,0,0,0
20027,2,1,0,0,0,0,0,0,0,0,0,0
20028,1,1,19,19,19,19,19,19,19,19,19,19
20029,1,1,0,0,0,0,0,0,0,0,0,0
20029,2,1,0,0,0,0,0,0,0,0,0,0
20030,1,1,0,0,0,0,0,0,0,0,0,0
20030,2,1,0,0,0,0,0,0,0,0,0,0
20031,1,1,0,0,0,0,0,0,0,0,0,0
20032,1,1,0,0,0,0,0,0,0,0,0,0
20033,1,1,23,23,23,23,23,23,23,23,23,23
20034,1,1,0,0,0,0,0,0,0,0,0,0
20034,2,1,0,0,0,0,0,0,8,0,0,0
20035,1,1,0,0,0,0,7,0,0,0,0,0
20035,2,1,0,0,0,0,0,0,0,0,0,0
20035,3,1,0,0,0,0,0,0,0,0,0,0
20036,1,1,0,0,0,0,0,0,0,0,0,0
20036,2,1,0,0,0,0,0,0,0,0,0,0
20037,1,1,19,19,19,19,19,19,19,19,19,19
20037,2,1,0,0,0,0,0,0,0,0,0,0
20038,1,1,0,0,0,0,0,0,0,0,0,0
20038,2,1,0,0,0,0,0,0,0,0,0,0
20038,3,1,0,0,0,0,0,0,0,0,0,0
20039,0,1,0,0,0,0,0,0,0,0,0,0
20039,1,1,0,0,0,0,0,0,0,0,0,0
20040,1,1,0,0,0,0,0,0,0,0,0,0
20040,2,1,0,0,0,0,0,0,0,0,0,0
20041,0,1,0,0,0,0,0,0,0,0,0,0
20041,1,1,0,0,0,0,0,0,0,0,0,0
20042,1,1,0,0,0,0,0,0,0,0,0,0
20043,1,1,0,0,0,0,0,0,0,0,0,0
20044,1,1,0,0,0,0,0,0,0,0,0,0
20044,2,1,0,0,0,0,0,0,0,0,0,0
20045,1,1,12,15,11,30,23,0,21,8,6,17
20046,1,1,0,0,0,0,0,0,0,0,0,0
20046,2,1,0,0,0,0,0,0,0,0,0,0
20047,0,1,17,17,17,17,17,17,17,17,17,17
20047,1,1,0,0,0,0,0,0,0,0,0,0
20048,0,1,0,0,0,0,0,0,0,0,0,0
20048,1,1,0,0,0,0,0,0,0,0,0,0
20049,0,1,19,19,19,19,19,19,19,19,19,19
20049,1,1,0,0,0,0,0,0,0,0,0,0
20050,1,1,0,0,0,0,0,0,0,0,0,0
20050,2,1,0,0,0,0,0,0,0,0,0,0
20051,0,1,28,28,28,28,28,28,28,28,28,28
20051,1,1,0,0,0,0,0,0,0,0,0,0
20052,1,1,0,0,0,0,0,0,0,0,0,0
20053,0,1,16,0,22,8,14,12,28,38,34,31
20053,1,1,0,0,0,0,0,0,0,0,0,0
20054,0,1,0,0,0,0,0,0,0,0,23,0
20054,1,1,0,0,0,0,0,0,0,0,0,0
20055,1,1,0,0,0,0,0,0,0,0,0,0
40001,1,1,19,19,19,19,19,19,19,19,19,19
40002,1,1,18,18,18,18,18,18,18,18,18,18
40003,0,1,0,0,0,0,0,0,0,0,0,0
40004,1,1,0,0,0,0,0,0,0,0,0,0
40004,2,1,0,0,0,0,0,0,0,0,0,0
40005,1,1,0,0,0,0,0,0,0,0,0,0
40005,2,1,6,10,0,20,17,7,16,0,22,0
40006,0,1,0,0,0,0,0,0,0,0,0,0
40006,1,1,0,0,0,0,0,0,0,0,0,0
40007,1,1,0,0,0,0,0,0,0,0,0,0
40008,0,1,17,7,0,12,17,16,21,33,19,27
40008,1,1,0,0,0,0,0,0,0,0,0,0
40008,2,1,0,0,0,0,0,0,0,0,0,0
40008,3,1,0,0,0,0,0,0,0,0,0,0
40009,1,1,0,0,0,0,0,0,0,0,0,0
40010,1,1,0,0,0,0,0,0,0,0,0,0
40011,1,1,33,33,33,33,33,33,33,33,33,33
40012,1,1,0,0,0,0,0,0,0,0,0,0
40012,2,1,0,0,0,0,0,0,0,0,0,0
40013,1,1,0,0,0,0,0,0,0,0,0,0
40014,0,1,23,23,23,23,23,23,23,23,23,23
40014,1,1,8,0,0,0,8,0,0,0,0,0
40015,1,1,0,0,0,0,0,0,0,0,0,0
40016,1,1,0,0,0,0,0,0,0,0,0,0
40017,1,1,0,0,0,0,0,0,0,0,0,0
40017,2,1,0,0,0,0,0,0,0,0,0,0
40018,0,1,0,0,0,0,0,0,0,0,0,0
40018,1,1,17,17,17,17,17,17,17,17,17,17
40019,0,1,0,0,0,0,0,0,0,0,0,0
40019,0,2,0,0,0,0,0,0,0,0,0,0
40019,1,1,0,0,0,0,0,0,0,0,0,0
40020,1,1,0,0,0,0,0,0,0,0,0,0
40020,2,1,0,0,0,0,0,0,0,3,0,10
40021,1,1,0,0,0,0,0,0,10,0,0,8
40021,2,1,0,0,0,0,0,0,0,0,0,0
40022,1,1,0,0,0,0,0,0,0,0,0,0
40022,2,1,0,0,0,0,0,0,0,0,0,0
40023,1,1,0,0,0,0,0,0,0,0,0,0
40023,2,1,0,0,0,0,0,14,0,0,0,0
40023,3,1,0,0,0,0,0,0,0,0,0,0
40024,1,1,18,18,18,18,18,18,18,18,18,18
40025,0,1,21,21,21,21,21,21,21,21,21,21
40025,1,1,0,0,0,0,0,0,0,0,0,0
40026,1,1,0,0,0,0,0,0,0,0,0,0
40027,1,1,0,0,0,0,0,0,0,0,0,0
40027,2,1,0,0,0,0,0,0,0,0,0,0
40027,3,1,0,0,0,0,0,0,0,0,0,0
40028,1,1,16,4,0,12,0,16,0,0,0,0
40029,1,1,0,0,0,0,0,0,0,0,0,0
40030,1,1,0,0,0,0,0,0,0,0,0,0
40031,1,1,8,8,8,8,8,8,8,8,8,8
40032,0,1,22,22,22,22,22,22,22,22,22,22
40032,1,1,0,0,0,0,0,2,0,0,0,0
40033,1,1,0,0,0,0,0,0,0,0,0,0
40033,2,1,0,0,0,0,0,0,0,0,0,0
40033,3,1,0,0,0,0,0,0,0,0,0,0
40034,1,1,46,15,0,18,18,0,22,0,4,5
40034,2,1,0,0,0,0,0,0,0,0,0,0
40034,3,1,0,0,0,0,0,0,0,0,0,0
40035,1,1,0,0,0,0,0,0,0,0,0,0
40036,1,1,0,0,0,0,0,0,0,0,0,0
40037,1,1,0,0,0,0,0,0,0,0,0,0
40037,2,1,0,0,0,0,0,0,0,0,0,0
40037,3,1,0,0,0,0,0,0,0,0,0,0
40037,4,1,0,0,0,0,0,0,0,0,0,0
40038,0,1,12,12,12,12,12,12,12,12,12,12
40038,1,1,0,0,0,0,0,0,0,0,0,0
40039,1,1,0,0,0,0,0,0,0,0,0,0
40039,2,1,0,0,0,0,0,0,0,0,0,0
40040,1,1,8,8,8,8,8,8,8,8,8,8
40041,0,1,0,0,0,0,0,0,0,0,0,0
40041,1,1,0,0,0,0,0,0,0,0,0,0
40042,1,1,18,18,18,18,18,18,18,18,18,18
40043,1,1,0,0,0,0,0,0,0,0,0,0
40043,2,1,0,0,0,0,0,0,0,0,0,0
40044,1,1,0,0,0,0,0,0,0,0,0,0
40044,2,1,0,0,0,0,0,0,0,0,0,0
40045,1,1,12,12,12,12,12,12,12,12,12,12
40047,1,1,0,0,0,0,0,0,0,0,0,0
40047,2,1,0,0,0,0,0,0,0,0,0,0
40048,0,1,0,0,0,0,0,0,0,0,0,0
40048,1,1,17,17,17,17,17,17,17,17,17,17
40049,0,1,15,15,15,15,15,15,15,15,15,15
40049,1,1,0,7,0,0,0,0,0,0,0,0
40049,2,1,0,0,0,0,0,0,0,0,0,0
40050,0,1,0,0,0,0,0,0,0,0,0,0
40050,1,1,17,20,0,29,0,0,0,0,12,0
40051,1,1,27,27,27,27,27,27,27,27,27,27
40051,2,1,6,6,6,6,6,6,6,6,6,6
40052,1,1,7,7,7,7,7,7,7,7,7,7
40052,2,1,0,0,0,0,0,0,0,0,0,0
40053,0,1,17,17,17,17,17,17,17,17,17,17
40053,1,1,0,0,0,0,0,0,0,0,0,0
40054,1,2,0,0,0,10,0,0,26,34,11,27
40055,1,1,0,0,0,0,17,0,8,0,0,17
40055,2,1,23,23,23,23,23,23,23,23,23,23
40056,1,1,9,9,9,9,9,9,9,9,9,9
40057,1,1,0,0,0,0,0,0,0,0,0,0
40057,2,1,0,0,0,0,0,0,0,0,0,0
40058,0,1,14,14,14,14,14,14,14,14,14,14
40058,1,1,0,0,0,0,0,0,0,0,0,0
40059,0,1,0,0,0,0,0,0,0,0,0,0
40059,1,1,0,0,0,0,0,0,0,0,0,0
40060,1,1,0,0,0,0,0,0,0,0,0,0
40061,0,1,16,16,16,16,16,16,16,16,16,16
40061,1,1,0,0,0,0,0,0,0,0,0,0
40062,1,1,0,0,0,0,0,0,0,0,0,0
40062,2,1,0,0,0,0,0,0,0,0,0,0
40063,0,1,0,0,0,0,0,0,0,0,0,0
40063,1,1,0,0,0,0,0,0,0,0,0,0
40064,0,1,17,17,17,17,17,17,17,17,17,17
40064,1,1,0,0,0,0,0,0,0,0,0,0
40065,1,1,0,0,0,0,0,0,0,0,0,0
40066,1,1,23,23,23,23,23,23,23,23,23,23
40067,0,1,0,0,0,0,0,0,0,0,0,0
40067,1,1,0,0,0,0,0,0,0,0,0,0
40068,1,1,13,13,13,13,13,13,13,13,13,13
40068,2,1,0,0,0,0,0,0,0,7,11,0
40068,3,1,0,0,0,0,0,0,0,0,0,0
40069,1,1,0,0,0,0,0,0,0,0,0,0
40070,0,1,0,0,0,0,0,0,0,0,0,0
40070,0,2,0,42,0,28,0,0,0,0,0,0
40070,1,1,0,25,0,14,0,0,0,0,11,0
40071,1,1,22,22,22,22,22,22,22,22,22,22
40072,1,1,14,14,14,14,14,14,14,14,14,14
40073,1,1,0,0,0,0,0,0,0,0,0,0
40073,2,1,0,0,0,0,0,0,5,0,0,0
40073,3,1,0,0,0,0,0,0,0,0,0,0
40073,4,1,0,0,0,0,0,0,0,0,0,0
40074,1,1,30,30,30,30,30,30,30,30,30,30
40075,1,1,0,0,0,0,0,0,0,0,0,0
40075,2,1,0,0,0,0,0,0,0,0,0,0
40076,1,1,17,17,17,17,17,17,17,17,17,17
40077,0,1,3,3,3,3,3,3,3,3,3,3
40077,1,1,0,0,0,0,0,0,0,0,0,0
40078,1,1,0,0,0,0,0,0,0,0,0,0
40078,2,1,0,0,0,0,0,0,0,0,0,0
40079,1,1,0,0,0,0,0,0,0,0,0,0
40080,1,1,0,0,0,0,0,0,0,0,0,0
40081,1,1,0,25,0,0,0,0,0,0,14,0
40082,1,1,15,15,15,15,15,15,15,15,15,15
40083,1,1,0,0,0,0,0,0,0,0,0,0
40084,0,1,0,0,0,0,0,0,0,0,0,0
40084,1,1,0,0,0,0,0,0,0,0,0,0
40085,1,1,0,0,0,0,0,0,0,0,0,0
40085,2,1,0,0,0,0,0,0,0,0,0,0
40086,1,1,18,10,14,0,12,31,20,12,21,25
40086,2,1,0,0,0,0,0,0,0,0,0,0
40087,1,1,0,0,0,0,0,0,0,0,0,0
40088,1,1,17,17,17,17,17,17,17,17,17,17
40088,2,1,0,0,0,15,23,0,0,0,0,0
40088,3,1,0,0,0,0,0,0,0,0,0,0
40089,1,1,0,0,0,0,0,0,0,0,0,0
40089,2,1,0,0,0,0,0,0,0,0,0,0
40090,1,1,8,10,14,24,5,22,10,14,28,18
40091,1,1,0,0,0,0,0,0,0,0,0,0
40092,1,1,0,0,0,0,0,0,0,0,0,0
40092,2,1,0,0,0,0,0,0,0,0,0,0
40093,1,1,0,0,0,0,0,0,0,0,0,0
40093,2,1,0,0,0,0,0,0,0,0,0,0
40094,1,1,19,19,19,19,19,19,19,19,19,19
40094,2,1,0,0,0,0,0,0,0,0,0,0
40095,1,1,17,17,17,17,17,17,17,17,17,17
40096,1,1,0,0,0,0,0,0,0,0,0,0
40097,1,1,0,0,0,0,0,0,0,0,0,0
40097,2,1,0,6,0,0,0,0,0,0,0,0
40099,1,1,0,0,0,0,0,0,0,0,0,0
40099,2,1,0,0,0,0,0,0,0,0,0,0
40100,1,1,0,0,0,0,0,0,0,0,0,0
40100,2,1,0,0,0,0,17,0,0,0,0,0
40100,3,1,0,0,0,0,0,0,0,0,0,0
40101,1,1,0,0,0,0,0,0,0,0,0,0
40101,2,1,0,0,0,0,0,0,0,0,0,0
40101,3,1,0,0,0,0,0,0,0,0,0,0
40101,4,1,0,0,0,0,0,0,0,0,0,0
40102,1,1,0,0,0,0,0,0,0,0,0,0
40102,2,1,0,0,0,0,0,0,0,0,0,0
40103,1,1,12,12,12,12,12,12,12,12,12,12
40104,0,1,0,0,0,0,0,0,0,0,0,0
40104,1,1,0,0,0,0,0,0,0,0,0,0
40105,0,1,0,19,16,0,45,21,22,0,11,0
40105,1,1,0,0,7,27,9,0,0,31,29,0
40106,1,1,19,19,19,19,19,19,19,19,19,19