ST_CASE,VEH_NO,PER_NO,P1,P2,P3,P4,P5,P6,P7,P8,P9,P10
40107,0,1,0,0,0,0,0,0,0,0,0,0
40107,1,1,0,0,0,0,0,0,0,0,0,0
40108,1,1,21,21,21,21,21,21,21,21,21,21
40109,0,1,34,34,34,34,34,34,34,34,34,34
40109,1,1,0,0,21,0,0,0,0,0,0,0
40109,2,1,5,12,32,8,19,23,10,11,9,34
40110,1,1,5,5,5,5,5,5,5,5,5,5
40110,2,1,5,5,5,5,5,5,5,5,5,5
40111,1,1,0,0,0,0,0,0,0,0,0,0
40111,2,1,0,0,0,0,0,0,0,0,0,0
40111,3,1,0,0,0,0,0,0,0,0,0,0
40111,4,1,0,0,0,0,0,0,0,0,0,22
40112,1,1,24,24,24,24,24,24,24,24,24,24
40113,1,1,0,0,0,0,0,0,0,0,0,0
40114,1,1,11,11,11,11,11,11,11,11,11,11
40115,1,1,20,20,20,20,20,20,20,20,20,20
40115,2,1,0,0,0,0,0,0,0,0,0,0
40116,0,1,0,0,0,0,0,0,0,0,0,0
40116,1,1,0,0,0,0,0,0,0,0,0,0
40117,0,1,0,0,0,0,0,0,0,0,0,0
40117,1,1,0,0,0,0,0,0,0,0,0,0
40118,0,1,0,0,0,0,0,0,0,0,0,0
40118,1,1,0,0,0,0,0,0,0,0,0,0
40119,0,1,0,0,0,0,0,0,0,0,0,0
40119,1,1,0,0,0,0,0,0,0,0,17,0
40119,2,1,0,0,0,0,0,0,0,0,0,0
40120,1,1,0,0,0,0,0,0,0,0,0,0
40121,1,1,5,5,5,5,5,5,5,5,5,5
40122,0,1,0,0,0,0,0,0,0,0,0,0
40122,1,1,0,0,0,0,0,0,0,0,0,0
40123,1,1,18,18,18,18,18,18,18,18,18,18
40124,0,1,0,0,0,0,0,0,0,0,0,0
40124,0,2,0,0,0,0,0,0,0,0,0,0
40124,1,1,0,0,0,0,0,0,0,0,0,0
40125,1,1,0,8,0,0,15,11,0,0,0,0
40125,2,1,0,0,0,0,0,0,0,0,0,0
40126,1,1,0,0,0,0,0,0,0,0,0,0
40127,0,1,25,25,25,25,25,25,25,25,25,25
40127,1,1,0,7,31,0,11,0,0,0,0,0
40128,1,1,28,28,28,28,28,28,28,28,28,28
40128,2,1,0,0,0,0,0,0,27,0,0,0
40129,1,1,16,16,16,16,16,16,16,16,16,16
40129,2,1,0,0,0,0,0,0,0,0,0,0
40130,0,1,0,0,0,0,0,0,0,0,0,0
40130,1,1,0,0,0,0,0,0,0,0,0,0
40131,1,1,0,0,0,0,0,0,0,0,0,0
40131,2,1,0,0,0,0,0,0,0,0,0,0
40132,0,1,0,0,0,0,0,0,0,0,0,0
40132,1,1,0,0,0,0,0,0,0,0,0,0
40133,1,1,0,0,0,0,0,0,0,0,0,0
40133,2,1,0,0,0,0,0,0,0,0,0,0
40134,1,1,0,0,0,0,0,0,0,0,0,0
40134,2,1,0,0,0,0,0,0,0,28,0,10
40135,1,1,0,0,0,0,0,0,0,0,0,0
40135,2,1,0,0,0,0,0,0,0,0,0,0
40136,1,1,1,1,1,1,1,1,1,1,1,1
40136,2,1,0,0,0,0,0,0,0,0,0,0
40137,1,1,0,0,0,0,0,0,0,0,0,0
40137,2,1,0,0,0,0,0,0,0,0,0,0
40138,1,1,2,2,2,2,2,2,2,2,2,2
40140,1,1,4,4,4,4,4,4,4,4,4,4
40140,2,1,0,0,0,0,0,0,0,0,0,0
40140,3,1,0,0,0,0,4,0,0,0,0,0
40142,1,1,0,0,0,0,0,0,0,0,0,0
40142,2,1,0,0,0,0,0,0,0,0,0,0
40143,1,1,11,11,11,11,11,11,11,11,11,11
40144,1,1,0,0,0,0,0,0,0,0,0,0
40144,2,1,0,0,0,0,0,0,0,0,0,0
40145,1,1,0,0,0,0,0,0,0,0,0,0
40145,2,1,0,0,0,0,0,0,0,0,0,0
40145,3,1,0,0,0,0,0,0,0,0,0,0
40146,1,1,0,0,0,0,0,0,0,0,0,0
40147,1,1,0,0,0,0,0,0,0,0,0,0
40147,2,1,0,0,0,0,0,0,0,0,0,0
40147,3,1,0,0,0,0,0,0,0,0,0,0
40148,1,1,0,0,0,0,0,0,0,0,0,0
40148,2,1,28,28,28,28,28,28,28,28,28,28
40149,1,1,0,0,0,0,0,0,0,0,0,0
40150,1,1,0,0,0,0,0,0,0,0,0,0
40153,0,1,0,0,0,0,0,0,0,0,0,0
40153,1,1,7,0,0,0,0,0,0,0,0,0
40154,0,1,0,0,0,0,0,0,0,0,0,0
40154,1,1,0,0,0,0,0,0,0,0,0,0
40155,1,1,0,0,0,0,0,0,0,0,0,0
40155,2,1,0,0,0,0,0,0,0,0,0,0
40156,1,1,0,0,0,0,0,0,0,0,0,0
40157,0,1,0,0,0,0,0,0,6,0,0,0
40157,1,1,0,0,0,0,0,0,0,0,0,0
40158,1,1,0,0,0,0,0,0,0,0,0,0
40159,1,1,33,33,33,33,33,33,33,33,33,33
40160,1,1,0,0,0,0,0,0,0,10,0,0
40160,2,1,0,0,0,0,0,0,0,0,0,0
40161,1,1,0,0,0,0,0,0,0,0,0,0
40161,2,1,0,0,0,0,0,0,0,0,0,0
40161,3,1,0,0,0,0,0,0,0,0,0,0
40162,1,1,25,0,7,14,13,0,22,8,18,0
40163,1,1,0,0,0,0,0,0,0,0,0,0
40163,2,1,0,0,0,0,0,0,0,0,0,0
40164,0,1,0,0,0,0,0,0,0,0,0,0
40164,1,1,0,0,0,0,0,0,0,0,0,0
40164,2,1,0,0,0,0,0,0,0,0,0,0
40165,1,1,0,0,0,0,0,0,0,0,0,0
40165,2,1,0,0,0,0,0,0,0,0,0,0
40165,3,1,0,0,0,0,0,0,0,0,0,0
40165,4,1,0,0,0,0,0,0,0,0,0,0
40166,1,1,11,11,11,11,11,11,11,11,11,11
40167,1,1,0,0,0,0,0,34,0,0,0,0
40167,2,1,0,0,0,0,0,0,0,0,0,0
40168,0,1,0,0,0,7,9,0,0,28,23,12
40168,0,2,17,6,0,0,0,0,31,0,0,0
40168,0,3,8,0,23,16,0,19,0,29,0,24
40168,0,4,0,0,0,0,0,0,0,0,0,0
40168,1,1,0,0,0,0,0,0,0,0,0,0
40169,1,1,0,0,0,0,0,0,0,0,0,0
40169,2,1,0,0,0,0,0,0,0,0,0,0
40170,1,1,11,11,11,11,11,11,11,11,11,11
40171,1,1,0,7,0,0,0,25,6,21,0,0
40172,0,1,0,0,0,0,0,0,0,0,0,0
40172,1,1,0,0,0,0,0,0,0,0,0,0
40173,0,1,13,13,13,13,13,13,13,13,13,13
40173,1,1,5,5,5,5,5,5,5,5,5,5
40174,0,1,34,34,34,34,34,34,34,34,34,34
40174,1,1,0,0,0,0,0,0,0,0,0,0
40175,1,1,2,2,2,2,2,2,2,2,2,2
40176,1,1,20,20,20,20,20,20,20,20,20,20
40176,2,1,0,0,0,0,0,0,13,0,0,0
40177,1,1,0,0,0,0,0,0,0,0,0,0
40177,2,1,0,0,0,0,0,0,0,0,0,0
40179,0,1,39,39,39,39,39,39,39,39,39,39
40179,1,1,0,0,0,0,0,0,0,0,0,0
40180,0,1,18,18,18,18,18,18,18,18,18,18
40180,1,1,0,0,0,0,7,0,0,6,0,0
40181,0,1,24,24,24,24,24,24,24,24,24,24
40181,1,1,0,0,0,35,0,0,0,0,0,0
40182,1,1,0,0,0,0,0,0,0,0,0,0
40182,2,1,0,0,0,0,0,0,0,0,0,0
40182,3,1,0,0,0,0,0,0,0,0,0,0
40183,1,1,0,0,0,0,0,0,0,0,0,0
40184,1,1,16,16,16,16,16,16,16,16,16,16
40185,1,1,15,12,15,0,13,27,20,26,21,18
40186,1,1,12,12,12,12,12,12,12,12,12,12
40186,2,1,0,0,0,0,13,0,0,0,0,0
40187,1,1,0,0,0,0,0,0,0,0,0,0
40187,2,1,0,0,0,0,0,0,0,0,0,0
40188,1,1,0,0,0,0,0,0,0,0,0,0
40188,2,1,0,0,0,0,0,0,0,0,0,0
40189,1,1,0,0,0,0,0,0,0,0,0,0
40189,2,1,0,0,0,0,0,0,0,0,0,0
40190,0,1,21,21,21,21,21,21,21,21,21,21
40190,1,1,21,0,0,0,0,0,0,0,0,0
40191,1,1,0,0,0,0,0,0,0,0,0,0
40192,1,1,9,9,9,9,9,9,9,9,9,9
40193,1,1,36,36,36,36,36,36,36,36,36,36
40193,2,1,0,0,0,0,0,0,0,0,0,0
40193,3,1,16,0,24,0,0,0,0,0,0,0
40194,0,1,31,31,31,31,31,31,31,31,31,31
40194,1,1,0,0,0,0,0,0,0,0,0,0
40195,1,1,0,0,0,0,0,0,0,0,0,0
40195,2,1,0,0,0,0,0,0,0,0,0,0
40196,1,1,20,20,20,20,20,20,20,20,20,20
40196,2,1,0,0,0,0,0,0,0,0,0,0
40197,0,1,14,14,14,14,14,14,14,14,14,14
40197,1,1,0,0,0,0,0,0,0,0,0,0
40198,0,1,0,0,0,0,0,0,0,0,0,0
40198,1,1,0,0,0,0,0,0,0,0,0,0
40199,1,1,0,0,0,0,0,0,0,0,0,0
40199,2,1,0,0,0,0,0,0,0,0,0,0
40200,1,2,0,0,0,12,0,17,15,9,20,22
40201,1,1,0,0,0,0,0,0,0,0,0,0
40202,1,1,0,0,0,0,0,0,0,0,0,0
40203,1,1,22,22,22,22,22,22,22,22,22,22
40205,1,1,0,0,0,0,0,0,0,0,0,0
40205,2,1,0,0,0,0,0,0,0,0,0,0
40206,1,1,5,5,5,5,5,5,5,5,5,5
40206,2,1,0,0,0,0,0,0,0,0,0,0
40206,3,1,0,0,0,0,0,0,0,0,0,7
40207,1,1,0,0,0,0,0,0,0,0,0,0
40208,1,1,21,21,21,21,21,21,21,21,21,21
40209,1,1,27,27,27,27,27,27,27,27,27,27
40210,1,1,0,0,0,0,0,0,0,0,0,0
40210,2,1,0,0,0,0,0,0,0,0,0,0
40211,0,1,0,0,0,0,0,0,0,0,0,0
40211,1,1,0,0,0,0,0,0,0,0,0,0
40212,1,1,0,0,0,0,0,0,0,0,0,0
40212,2,1,0,0,0,0,0,0,0,0,0,0
40212,3,1,0,0,0,0,0,0,0,0,0,0
40213,1,1,0,0,0,0,0,0,0,0,0,0
40214,0,1,21,21,21,21,21,21,21,21,21,21
40214,1,1,0,0,0,0,0,0,0,0,0,0
40215,1,1,21,23,25,0,11,0,8,20,0,0
40216,1,1,0,0,0,0,0,0,0,0,0,0
40216,2,1,0,0,0,0,0,0,0,0,0,0
40217,1,1,19,19,19,19,19,19,19,19,19,19
40217,2,1,0,0,0,0,0,13,0,0,0,0
40218,1,1,0,0,0,0,0,0,0,0,0,0
40218,2,1,0,0,0,0,0,0,0,0,0,0
40219,0,1,60,60,60,60,60,60,60,60,60,60
40219,1,1,0,0,0,0,0,0,0,0,0,0
40220,1,1,26,26,26,26,26,26,26,26,26,26
40221,1,1,0,0,0,0,0,0,0,0,0,0
40221,2,1,0,0,0,0,0,0,0,0,0,0
40222,1,1,24,24,24,24,24,24,24,24,24,24
40222,2,1,0,0,0,0,0,0,0,0,0,0
40223,1,1,0,0,0,0,0,0,0,0,0,0
40224,1,1,0,0,0,0,0,0,0,0,0,0
40225,1,1,0,0,0,0,0,0,0,0,0,0
40225,2,1,0,0,0,0,0,0,0,0,0,0
40226,0,1,0,0,0,0,0,0,0,0,0,0
40226,1,1,0,0,0,0,0,0,0,0,0,0
40227,1,1,11,11,11,11,11,11,11,11,11,11
40228,0,1,0,0,0,0,0,0,0,0,0,0
40228,1,1,0,0,0,0,0,0,0,0,0,0
40229,1,1,11,11,11,11,11,11,11,11,11,11
40230,1,1,0,0,0,0,0,18,0,0,0,0
40231,1,1,0,0,0,0,0,0,20,17,4,0
40232,1,1,0,0,0,0,0,0,0,0,0,0
40232,2,1,0,0,0,0,0,0,0,0,0,0
40233,1,1,18,18,18,18,18,18,18,18,18,18
40233,2,1,0,0,0,13,0,0,0,0,0,4
40233,3,1,0,0,0,0,0,0,5,0,0,35
40234,0,1,0,0,0,0,0,0,0,0,0,0
40234,1,1,0,0,0,0,0,0,43,0,0,0
40235,1,1,0,0,0,0,0,0,0,0,0,0
40235,2,1,0,0,0,0,0,7,0,0,0,0
40236,1,1,0,0,0,0,0,0,0,0,0,0
40236,2,1,0,0,0,0,0,0,0,0,0,0
40237,1,1,0,0,0,0,0,0,0,0,0,0
40237,2,1,0,0,0,0,0,0,0,0,0,0
40238,1,1,21,21,21,21,21,21,21,21,21,21
40239,1,1,16,16,16,16,16,16,16,16,16,16
40239,2,1,11,11,11,11,11,11,11,11,11,11
40240,1,1,20,20,20,20,20,20,20,20,20,20
40241,1,1,0,0,4,0,0,0,0,0,0,0
40242,1,1,12,0,19,23,0,0,0,23,15,0
40243,1,1,0,0,0,0,0,0,0,0,0,0
40244,1,1,0,0,0,0,0,7,0,0,0,0
40244,2,1,0,0,0,0,0,0,0,0,0,0
40245,1,1,0,0,0,0,0,0,0,0,0,0
40246,0,1,0,0,34,21,21,0,0,23,24,0
40246,1,1,0,0,0,0,0,0,0,0,0,0
40247,1,1,0,0,0,0,0,0,0,0,0,0
40248,1,1,26,26,26,26,26,26,26,26,26,26
40249,0,1,20,20,20,20,20,20,20,20,20,20
40249,0,2,14,14,14,14,14,14,14,14,14,14
40249,1,1,0,0,0,0,0,0,0,0,0,0
40250,1,1,0,0,0,0,0,0,0,0,0,0
40250,2,1,0,0,0,0,0,0,0,0,0,0
40251,0,1,0,15,0,0,23,22,4,0,0,17
40251,0,2,0,9,28,0,33,0,11,0,32,0
40251,1,1,22,16,26,10,11,9,13,26,20,7
40252,0,1,0,0,0,0,0,0,0,0,0,0
40252,1,1,0,0,0,0,0,0,0,0,0,0
40253,1,2,0,0,0,29,0,0,0,0,29,17
40254,1,1,0,0,0,0,0,0,0,0,0,0
40256,1,1,25,25,25,25,25,25,25,25,25,25
40256,2,1,0,0,0,0,0,0,0,0,0,0
40257,0,1,0,0,0,0,0,0,0,0,0,0
40257,1,1,0,0,0,0,0,0,0,0,0,0
40258,1,1,0,0,13,0,0,19,0,0,0,0
40258,2,1,0,0,0,0,0,0,0,0,0,0
40258,3,1,0,0,0,0,0,0,0,0,0,0
40258,4,1,0,0,0,0,0,0,0,0,0,0
40259,1,1,0,0,0,0,0,0,0,0,0,0
40260,1,1,0,0,0,0,0,0,0,0,0,0
40261,1,1,0,0,33,0,0,0,0,0,0,0
40261,2,1,0,0,0,0,0,0,0,0,0,0
40262,1,1,19,19,19,19,19,19,19,19,19,19
40263,1,1,0,0,0,0,0,0,0,0,0,0
40264,0,1,0,0,0,0,0,0,0,0,0,0
40264,1,1,0,0,0,0,0,0,0,0,0,0
40265,1,1,0,0,0,0,0,0,0,0,0,0
40265,2,1,0,0,0,0,0,0,0,0,0,0
40266,1,1,0,37,0,0,0,0,0,0,14,0
40266,2,1,0,0,0,0,0,0,0,0,0,0
40267,1,1,0,0,0,0,0,0,0,0,0,0
40267,2,1,0,0,0,0,0,0,0,0,0,0
40268,1,1,0,0,0,0,0,0,0,0,0,0
40269,1,1,0,18,13,0,0,0,0,29,0,14
40270,1,1,0,0,0,0,0,0,0,0,0,0
40271,1,1,0,0,0,0,0,0,7,5,0,0
40272,1,1,0,0,0,0,0,0,0,0,0,0
40273,1,1,0,0,0,0,0,0,0,0,0,0
40273,2,1,2,2,2,2,2,2,2,2,2,2
40274,1,1,0,0,0,0,0,0,0,0,0,0
40274,2,1,0,0,0,0,0,0,0,0,0,0
40275,0,1,0,0,0,0,0,0,0,0,0,0
40275,1,1,0,0,0,0,0,0,0,0,0,0
40276,1,1,27,27,27,27,27,27,27,27,27,27
40277,1,3,0,20,0,0,0,0,0,11,18,12
40278,1,1,0,0,0,0,0,0,0,0,0,0
40279,0,1,0,0,0,0,0,0,0,0,0,0
40279,1,1,0,0,0,0,0,0,0,0,0,0
40280,1,1,5,5,5,5,5,5,5,5,5,5
40281,1,1,0,0,0,0,0,0,0,0,0,0
40282,1,1,0,0,0,0,0,0,0,0,0,0
40283,1,1,15,15,15,15,15,15,15,15,15,15
40283,2,1,0,0,0,0,0,0,0,0,0,0
40283,3,1,0,0,0,0,0,0,0,0,0,0
40284,1,1,24,24,24,24,24,24,24,24,24,24
40285,1,1,29,29,29,29,29,29,29,29,29,29
40285,2,1,0,0,0,0,0,0,0,0,0,0
40285,3,1,0,0,0,0,0,0,0,0,0,0
40286,1,1,0,0,0,0,0,0,0,0,0,0
40286,2,1,0,0,0,0,0,0,0,0,0,0
40287,1,1,21,21,21,21,21,21,21,21,21,21
40288,1,1,0,0,0,0,0,0,0,0,0,0
40290,1,1,0,0,0,0,0,0,0,0,0,0
40290,2,1,12,0,0,0,16,0,16,0,21,0
40291,1,1,23,23,23,23,23,23,23,23,23,23
40291,2,1,0,0,0,0,0,0,0,0,0,0
40291,3,1,0,0,0,0,0,0,0,0,0,0
40292,1,1,3,5,13,15,0,0,0,13,22,4
40293,1,1,27,27,27,27,27,27,27,27,27,27
40294,1,1,30,30,30,30,30,30,30,30,30,30
40295,1,1,15,10,0,22,0,0,0,0,0,0
40296,1,1,0,0,0,0,0,0,0,0,0,0
40297,1,1,0,0,0,0,0,0,0,0,0,0
40297,2,1,0,0,0,0,0,0,0,0,0,0
40298,1,1,0,0,0,0,0,0,0,0,0,0
40299,1,1,23,23,23,23,23,23,23,23,23,23
40300,1,1,0,0,0,0,0,0,0,0,0,0
40301,1,1,0,0,0,0,0,0,0,0,0,0
40301,2,1,0,0,0,0,0,0,0,0,0,0
40302,1,1,17,17,17,17,17,17,17,17,17,17
40302,2,1,0,0,0,0,0,0,0,0,0,0
40303,1,1,0,0,0,0,0,0,0,0,0,0
40304,1,1,13,13,13,13,13,13,13,13,13,13
40305,1,1,28,28,28,28,28,28,28,28,28,28
40305,2,1,0,0,0,0,0,0,0,0,0,0
40306,1,1,0,0,0,0,0,0,0,0,0,0
40306,2,1,0,0,0,0,0,0,0,0,0,0
40307,1,1,6,18,16,0,23,15,35,0,0,0
40308,1,1,0,0,0,0,0,0,0,0,0,0
40308,2,1,0,0,0,0,0,0,0,0,0,0
40309,1,1,0,21,25,14,14,12,15,33,23,0
40310,1,1,0,0,0,0,0,0,0,0,0,0
40310,2,1,0,0,0,0,0,0,0,0,0,0
40310,3,1,0,33,0,0,0,0,0,0,0,0
40311,0,1,20,20,20,20,20,20,20,20,20,20
40311,1,1,0,0,0,0,0,0,0,0,0,0
40312,1,1,0,0,0,0,0,0,0,0,0,0
40313,1,1,16,16,16,16,16,16,16,16,16,16
40313,2,1,0,0,0,0,0,0,0,0,0,0
40314,1,1,0,0,18,0,0,0,0,0,0,0
40316,1,1,0,0,0,0,0,0,0,0,0,0
40316,2,1,0,0,0,0,0,0,0,0,0,0
40317,1,1,19,19,19,19,19,19,19,19,19,19
40317,2,1,0,0,0,0,0,0,0,0,0,0
40318,1,1,0,0,23,0,0,0,0,35,0,0
40319,1,1,0,0,0,0,4,0,0,0,0,0
40319,2,1,0,0,0,0,0,0,0,0,0,0
40320,1,1,25,15,28,15,12,0,12,22,5,13
40321,1,1,19,19,19,19,19,19,19,19,19,19
40322,1,1,0,0,0,0,0,0,0,0,0,0
40322,2,1,0,0,0,0,0,0,0,0,0,0
40323,1,1,0,0,0,0,0,0,0,0,0,0
40324,1,1,0,0,0,0,0,0,0,0,0,0
40325,1,1,10,10,10,10,10,10,10,10,10,10
40326,0,1,0,0,0,0,0,0,0,0,0,0
40327,1,1,15,15,15,15,15,15,15,15,15,15
40328,0,1,0,0,0,0,0,0,0,0,0,0
40328,1,1,0,0,0,0,0,0,0,19,0,0
40329,1,1,0,0,0,0,0,0,0,0,0,0
40329,2,1,0,0,0,0,0,0,0,0,0,0
40330,1,1,24,24,24,24,24,24,24,24,24,24
40331,1,1,23,23,23,23,23,23,23,23,23,23
40332,0,1,0,0,0,0,0,0,0,0,0,0
40332,1,1,4,0,0,19,0,0,0,0,20,0
40333,1,1,9,9,9,9,9,9,9,9,9,9
40333,2,1,0,0,19,0,0,0,0,0,0,0
40334,1,1,21,14,6,14,17,6,16,25,23,11
40335,0,1,13,13,13,13,13,13,13,13,13,13
40335,1,1,0,0,0,0,0,0,0,0,0,0
40336,1,1,0,0,0,0,0,0,0,0,0,0
40336,2,1,0,0,0,0,0,0,0,0,0,0
40337,1,1,10,10,10,10,10,10,10,10,10,10
40338,1,1,4,4,4,4,4,4,4,4,4,4
40339,1,1,0,0,0,0,0,0,0,0,0,0
40339,2,1,0,0,0,5,0,0,0,0,0,23
40340,1,1,0,0,0,0,0,0,0,0,0,0
40341,1,1,0,31,0,0,0,0,0,0,13,0
40341,2,1,0,0,0,0,0,0,0,0,0,0
40342,1,1,0,0,0,0,0,0,0,0,0,0
40342,2,1,0,0,0,0,0,0,0,0,0,0
40343,1,1,0,0,0,0,0,0,0,0,0,0
40343,2,1,0,0,0,0,0,0,0,0,0,0
40344,1,1,0,0,0,0,0,0,0,19,0,9
40345,1,1,0,0,0,0,0,0,0,0,0,0
40345,2,1,0,0,0,0,0,0,0,0,0,0
40346,1,1,0,0,0,0,0,0,0,0,0,0
40347,0,1,2,2,2,2,2,2,2,2,2,2
40347,1,1,0,0,0,0,0,0,0,0,0,0
40348,1,1,0,0,0,0,0,0,0,0,0,0
40348,2,1,0,0,0,0,0,0,0,0,0,0
40349,0,1,31,34,0,0,24,37,25,0,0,23
40349,1,1,0,0,0,0,0,0,43,0,0,0
40350,1,1,24,0,0,0,0,0,24,0,0,0
40351,1,1,0,0,0,0,0,0,0,0,0,0
40352,0,1,0,0,0,0,0,0,0,0,0,0
40352,1,1,0,0,0,0,0,0,0,0,0,0
40353,1,1,20,20,20,20,20,20,20,20,20,20
40354,1,1,0,0,0,0,0,0,0,0,0,0
40354,2,1,0,0,0,0,0,0,0,0,0,0
40355,1,1,0,0,0,0,0,0,0,0,0,0
40356,1,1,0,0,0,0,0,0,0,0,0,0
40357,1,1,16,16,16,16,16,16,16,16,16,16
40358,1,1,0,0,0,0,0,0,0,0,0,0
40359,1,1,0,0,0,19,0,0,0,13,0,13
40360,1,1,0,10,20,0,0,0,0,5,25,9
40361,0,1,0,0,0,0,0,0,0,0,0,0
40361,1,1,0,0,0,0,0,0,0,0,0,0
40362,0,1,0,0,0,0,0,0,0,0,0,0
40362,1,1,14,44,0,43,0,21,0,0,44,21
40363,1,1,10,10,10,10,10,10,10,10,10,10
40364,0,1,29,29,29,29,29,29,29,29,29,29
40364,1,1,0,0,0,0,0,0,0,0,0,0
40365,1,1,20,20,20,20,20,20,20,20,20,20
40365,2,1,0,0,0,0,0,0,0,0,0,0
40365,3,1,0,0,0,20,0,0,0,0,0,0
40365,4,1,0,0,16,0,0,0,0,0,0,0
40365,5,1,0,0,0,0,0,0,0,0,0,0
40365,6,1,0,0,0,0,0,0,0,0,0,0
40365,7,1,0,0,0,0,0,0,0,0,0,0
40365,8,1,0,0,0,0,0,0,0,0,3,0
40365,9,1,0,0,0,0,0,0,0,0,0,0
40366,1,1,20,20,20,20,20,20,20,20,20,20
40366,2,1,12,12,12,12,12,12,12,12,12,12
40367,0,1,35,35,35,35,35,35,35,35,35,35
40367,1,1,0,0,0,0,0,0,0,0,0,0
40368,1,1,13,13,13,13,13,13,13,13,13,13
40369,1,1,0,0,0,0,0,0,19,0,0,0
40369,2,1,22,0,13,0,0,0,0,0,0,0
40369,3,1,0,0,0,15,7,0,14,0,6,0
40370,1,1,8,8,8,8,8,8,8,8,8,8
40371,1,1,0,0,0,0,0,0,0,0,0,0
40371,2,1,0,0,0,0,0,0,0,0,9,0
40371,3,1,0,15,0,0,0,0,0,0,0,0
40371,4,1,0,0,0,0,0,0,0,0,0,0
40371,5,1,0,0,0,0,0,0,0,0,0,0
40372,1,1,0,0,0,0,0,0,0,0,0,0
40372,2,1,0,0,0,0,0,0,0,0,0,0
40372,3,1,0,0,0,0,0,0,0,0,0,0
40372,4,1,0,0,0,0,0,0,0,0,0,0
40373,1,1,0,0,0,0,0,0,0,0,0,0
40374,1,1,0,0,0,0,0,0,0,0,0,0
40375,1,1,15,0,0,0,0,20,0,4,0,0
40376,1,1,0,0,0,0,0,0,0,0,0,0
40376,2,1,0,0,0,0,0,0,0,0,0,0
40377,1,1,28,28,28,28,28,28,28,28,28,28
40378,1,1,0,0,0,0,0,0,0,0,0,0
40378,2,1,0,0,0,0,0,0,0,0,0,0
40379,1,1,0,0,0,0,0,0,0,0,0,0
40379,2,1,0,0,0,0,0,0,0,0,0,0
40379,3,1,16,16,16,16,16,16,16,16,16,16
40380,1,1,0,0,0,0,0,0,0,0,0,0
40381,1,1,0,0,0,0,0,0,0,0,0,0
40382,1,1,0,0,0,0,0,0,0,0,0,0
40382,2,1,0,0,0,0,0,0,0,0,0,0
40383,1,1,0,0,0,0,0,0,0,0,0,0
40384,1,1,0,0,0,0,0,0,0,0,0,0
40384,2,1,0,0,0,0,0,0,0,0,0,0
40385,1,1,0,0,0,0,0,0,0,0,0,0
40386,1,1,23,23,23,23,23,23,23,23,23,23
40387,1,1,0,0,0,0,0,0,0,0,0,0
40387,2,1,0,0,0,0,0,0,0,0,0,0
40388,1,1,6,6,6,6,6,6,6,6,6,6
40388,2,1,0,0,0,0,0,0,0,0,0,0
40388,3,1,0,0,0,0,0,0,0,0,0,0
40388,4,1,0,0,0,0,0,0,0,0,0,0
40389,1,1,0,0,0,0,0,0,0,0,0,0
40390,0,1,35,35,35,35,35,35,35,35,35,35
40390,1,1,0,0,0,0,0,0,0,0,0,0
40391,0,1,0,0,0,0,0,0,0,0,0,0
40391,1,1,0,0,0,0,0,19,0,0,0,0
40392,1,1,0,0,24,0,0,19,0,21,0,19
40392,2,1,0,7,0,0,0,0,36,0,0,21
40393,1,1,0,0,0,0,0,0,0,0,0,0
40394,0,1,0,0,0,0,0,0,0,0,0,0
40394,1,1,9,0,0,0,18,0,25,0,0,0
40395,0,1,0,0,0,0,0,0,0,0,0,0
40395,1,1,0,0,0,0,0,0,0,0,0,0
40396,1,1,28,28,28,28,28,28,28,28,28,28
40397,1,1,0,0,0,0,0,0,0,0,0,0
40397,2,1,0,0,0,0,0,0,0,0,0,0
40397,3,1,0,0,0,0,0,0,0,0,0,0
40398,1,1,25,25,25,25,25,25,25,25,25,25
40398,2,1,0,0,0,0,0,4,0,0,0,0
40399,1,1,0,0,0,13,30,0,10,0,14,0
40400,1,1,4,4,4,4,4,4,4,4,4,4
40400,2,1,17,17,17,17,17,17,17,17,17,17
40401,1,1,0,0,0,0,0,0,0,0,0,0
40402,1,1,0,0,0,0,0,0,0,0,0,0
40403,1,1,0,0,0,0,0,0,0,0,0,0
40403,2,1,0,0,0,0,0,0,0,0,0,0
40404,0,1,0,0,0,0,0,0,0,0,0,0
40404,1,1,0,0,0,0,0,0,0,0,0,0
40405,1,1,0,0,0,0,0,0,0,0,0,0
40405,2,1,0,0,0,0,0,0,0,0,0,0
40406,1,1,0,0,0,0,0,50,0,0,0,0
40407,0,1,0,0,0,0,0,0,0,0,0,0
40407,1,1,0,0,0,0,0,0,0,0,0,0
40408,1,1,0,0,0,0,0,0,0,0,0,0
40408,2,1,0,0,0,0,0,0,0,0,0,0
40408,3,1,0,7,0,0,0,3,0,0,0,0
40408,4,1,0,0,0,0,0,0,0,0,19,0
40409,1,1,0,0,0,10,0,0,0,0,0,10
40409,2,1,0,0,0,0,0,0,0,0,0,0
40410,1,1,0,0,0,0,0,0,0,0,0,0
40411,1,1,22,22,22,22,22,22,22,22,22,22
40411,2,1,0,0,0,0,0,9,0,0,0,0
40412,1,1,0,0,6,0,0,0,0,0,0,0
40413,1,1,0,0,0,0,0,0,0,0,0,0
40414,1,1,0,0,0,0,0,0,0,0,0,0
40415,1,1,0,0,0,0,0,27,0,30,15,0
40416,1,1,0,0,0,0,0,0,0,0,0,0
40416,2,1,0,34,0,32,26,23,0,0,0,0
40417,1,1,29,29,29,29,29,29,29,29,29,29
40417,2,1,0,0,0,0,0,0,0,0,0,0
40418,1,1,0,0,0,0,0,0,0,0,0,0
40419,1,1,0,22,0,16,12,0,27,18,0,0
40420,0,1,7,0,0,0,15,0,0,24,0,0
40420,1,1,0,0,31,0,0,0,0,0,0,0
40421,1,1,0,0,0,0,0,0,0,0,18,0
40421,2,1,0,0,0,0,0,0,0,0,0,0
40422,1,1,4,4,4,4,4,4,4,4,4,4
40423,1,1,19,19,19,19,19,19,19,19,19,19