ST_CASE,VEH_NO,PER_NO,P1,P2,P3,P4,P5,P6,P7,P8,P9,P10
40423,2,1,6,6,6,6,6,6,6,6,6,6
40424,1,1,19,19,19,19,19,19,19,19,19,19
40425,1,1,15,15,15,15,15,15,15,15,15,15
40426,1,1,0,0,11,0,0,0,0,0,0,0
40427,0,1,0,0,8,12,38,17,25,15,22,29
40427,1,1,0,0,0,0,0,0,0,0,0,0
40427,2,1,0,0,13,37,0,0,0,0,0,0
40427,3,1,0,0,0,0,0,0,0,0,0,0
40427,4,1,0,0,0,0,0,0,0,0,0,0
40427,5,1,0,0,0,0,0,0,0,0,29,0
40427,6,1,0,0,0,0,0,0,0,0,0,4
40427,7,1,29,0,0,16,0,0,0,25,0,0
40428,1,1,0,0,0,0,0,0,0,0,0,0
40429,1,1,0,0,0,0,0,0,0,7,0,6
40430,1,1,0,0,0,0,0,0,0,0,0,0
40431,1,1,0,0,0,0,0,0,0,0,0,0
40432,1,1,0,0,0,0,0,0,0,0,0,0
40432,2,1,0,0,0,0,0,0,0,0,0,0
40433,0,1,32,32,32,32,32,32,32,32,32,32
40433,1,1,0,0,0,0,0,0,0,14,0,0
40434,1,1,13,13,13,13,13,13,13,13,13,13
40436,1,1,0,0,0,0,0,0,0,0,0,0
40436,2,1,0,0,0,0,0,0,0,0,0,0
40437,1,1,0,0,0,0,0,0,0,0,0,0
40438,1,1,0,0,0,0,0,0,0,0,0,0
40438,2,1,0,0,0,0,0,0,0,0,0,0
40438,3,1,0,0,0,0,0,0,0,0,0,0
40439,1,1,10,10,10,10,10,10,10,10,10,10
40440,1,1,0,0,0,0,0,0,0,0,0,0
40441,1,1,0,0,0,0,0,0,0,0,0,0
40441,2,1,0,0,0,0,0,0,0,0,0,0
40442,1,1,11,11,11,11,11,11,11,11,11,11
40442,2,1,0,0,0,0,0,0,0,0,0,0
40443,0,1,0,0,0,0,0,0,0,0,0,0
40443,1,1,0,16,16,0,0,0,20,0,32,0
40444,1,1,0,0,0,0,0,0,0,0,0,0
40444,2,1,0,0,0,0,0,0,0,0,0,0
40445,1,1,0,0,0,0,0,0,0,0,0,0
40445,2,1,12,0,0,0,0,0,0,0,0,10
40446,1,1,0,0,0,0,0,0,0,0,0,0
40446,2,1,0,0,0,0,0,0,0,0,0,0
40447,1,1,17,17,17,17,17,17,17,17,17,17
40448,1,1,3,3,3,3,3,3,3,3,3,3
40449,1,1,4,4,4,4,4,4,4,4,4,4
40449,2,1,0,0,0,0,0,0,0,0,0,0
40450,0,1,0,0,0,0,0,0,0,0,0,0
40450,0,2,0,0,0,0,0,0,0,0,0,0
40450,1,1,0,7,0,0,0,0,0,0,0,14
40451,1,1,0,0,0,0,0,0,0,0,0,0
40451,2,1,0,0,0,0,0,0,0,0,0,0
40452,1,2,0,0,0,0,0,0,0,0,0,36
40453,0,1,0,0,0,0,0,0,0,0,0,0
40453,1,1,0,0,0,0,0,0,0,0,0,0
40454,1,1,0,0,0,0,0,0,0,0,0,0
40455,0,1,0,0,0,0,0,0,0,0,0,0
40455,1,1,0,0,0,0,0,0,9,0,0,27
40456,1,1,24,24,24,24,24,24,24,24,24,24
40456,2,1,0,0,0,0,0,0,0,0,0,0
40457,1,1,15,15,15,15,15,15,15,15,15,15
40458,1,1,0,0,0,0,0,0,0,0,0,0
40458,2,1,0,0,0,0,0,0,0,0,0,0
40459,0,1,20,20,20,20,20,20,20,20,20,20
40459,1,1,0,0,0,0,0,0,0,0,0,0
40460,1,1,0,0,0,0,0,0,0,0,0,0
40461,1,1,0,0,0,0,0,0,0,0,0,0
40462,1,1,16,16,16,16,16,16,16,16,16,16
40462,2,1,0,0,0,0,0,0,0,0,0,0
40463,1,1,0,0,0,0,0,0,0,0,0,0
40463,2,1,0,0,0,0,0,0,0,0,0,0
40464,1,1,11,11,11,11,11,11,11,11,11,11
40464,2,1,0,0,0,0,0,0,0,0,0,0
40464,3,1,0,0,0,0,0,0,0,0,0,0
40464,4,1,13,0,0,0,0,0,21,0,0,0
40465,1,1,23,23,23,23,23,23,23,23,23,23
40466,1,1,23,23,23,23,23,23,23,23,23,23
40467,1,1,0,0,0,0,34,0,0,0,0,0
40468,1,1,13,13,13,13,13,13,13,13,13,13
40468,2,1,18,18,18,18,18,18,18,18,18,18
40468,3,1,0,0,0,0,0,9,0,0,0,0
40468,4,1,0,0,0,0,0,0,0,0,0,0
40468,5,1,0,0,0,0,0,0,0,0,0,0
40468,6,1,0,0,0,0,7,0,0,0,0,0
40469,1,1,14,0,0,0,0,0,0,0,0,0
40470,1,1,0,0,0,0,0,0,0,0,0,0
40471,1,1,0,0,0,0,0,0,0,0,0,0
40472,1,1,0,0,0,0,0,0,0,0,0,0
40472,2,1,0,0,0,0,0,0,0,0,0,0
40472,3,1,0,0,0,0,0,0,0,0,0,0
40472,4,1,3,0,0,0,0,0,0,0,0,0
40473,0,1,1,1,1,1,1,1,1,1,1,1
40473,1,1,8,8,8,8,8,8,8,8,8,8
40474,1,1,1,1,1,1,1,1,1,1,1,1
40475,1,1,1,1,1,1,1,1,1,1,1,1
40475,2,1,0,0,0,0,0,0,0,0,0,0
40476,0,1,10,10,10,10,10,10,10,10,10,10
40476,1,1,26,0,0,11,0,0,0,12,7,0
40477,1,1,5,5,5,5,5,5,5,5,5,5
40477,2,1,0,0,0,0,0,0,0,0,0,0
40478,1,1,0,0,0,0,0,0,0,0,0,0
40478,2,1,0,0,0,0,0,0,0,0,0,0
40479,1,1,0,0,0,0,0,0,0,0,0,0
40480,1,1,21,21,21,21,21,21,21,21,21,21
40481,1,1,16,28,24,14,11,24,20,6,28,25
40482,1,1,22,22,22,22,22,22,22,22,22,22
40483,1,1,17,17,17,17,17,17,17,17,17,17
40484,0,1,0,0,0,0,0,0,0,0,0,0
40484,1,1,0,0,0,0,0,0,0,0,0,0
40485,1,1,2,2,2,2,2,2,2,2,2,2
40486,1,1,21,21,21,21,21,21,21,21,21,21
40487,0,1,7,7,7,7,7,7,7,7,7,7
40487,1,1,0,0,0,0,0,0,0,0,0,0
40488,1,1,0,0,0,0,0,0,0,0,0,0
40488,2,1,0,0,0,0,0,0,0,0,0,0
40489,1,1,29,29,29,29,29,29,29,29,29,29
40490,0,1,11,11,11,11,11,11,11,11,11,11
40490,1,1,0,0,0,0,0,0,0,0,0,0
40491,1,1,0,0,0,0,0,0,0,0,0,0
40492,1,1,0,0,0,0,0,0,0,0,0,0
40493,1,1,20,20,20,20,20,20,20,20,20,20
40494,1,1,0,0,0,0,0,0,0,0,0,0
40494,2,1,0,0,0,0,0,0,0,0,0,0
40494,3,1,0,0,0,0,0,0,0,0,0,0
40495,1,1,28,28,28,28,28,28,28,28,28,28
40495,2,1,0,0,0,0,0,0,0,0,0,0
40495,3,1,0,0,0,21,0,0,0,0,0,0
40496,1,1,0,0,0,0,0,25,0,0,0,0
40496,2,1,5,0,0,0,0,0,8,0,0,0
40497,1,1,3,3,3,3,3,3,3,3,3,3
40498,1,1,0,0,0,0,0,0,0,0,0,0
40499,1,1,21,21,21,21,21,21,21,21,21,21
40499,2,1,0,0,0,0,0,0,0,0,0,9
40500,1,1,0,0,0,0,0,0,14,0,0,0
40500,2,1,0,0,0,0,0,0,0,0,0,0
40501,0,1,27,16,17,25,34,0,9,0,7,15
40501,1,1,0,0,0,0,0,0,0,0,0,0
40502,1,1,0,0,0,0,0,0,0,0,0,0
40503,1,1,0,0,0,0,0,0,0,0,0,0
40504,1,1,0,0,0,0,0,0,0,0,4,0
40505,1,1,0,0,0,0,0,0,0,0,0,0
40506,1,1,0,0,0,0,0,0,0,0,0,0
40507,1,1,0,2,0,0,0,0,0,0,0,0
40507,2,1,0,0,0,0,0,0,0,0,0,0
40508,1,1,18,18,18,18,18,18,18,18,18,18
40509,1,1,0,0,0,0,0,0,0,0,0,0
40510,1,1,0,0,0,0,0,0,0,0,0,0
40510,2,1,0,0,0,0,0,0,0,0,0,0
40510,3,1,0,0,0,0,0,0,0,0,0,0
40511,1,1,23,23,23,23,23,23,23,23,23,23
40511,2,1,0,0,0,0,0,0,0,0,0,0
40512,1,1,0,0,0,0,0,0,0,0,0,0
40513,1,1,0,0,0,0,0,0,0,0,0,0
40513,2,1,0,0,0,0,0,0,0,3,0,0
40514,1,1,17,17,17,17,17,17,17,17,17,17
40514,2,1,0,0,0,0,0,0,0,0,0,0
40515,1,1,0,0,0,0,0,0,0,0,0,0
40516,1,1,17,17,17,17,17,17,17,17,17,17
40517,1,1,11,12,0,11,0,0,0,0,0,0
40518,1,1,15,15,15,15,15,15,15,15,15,15
40519,1,1,0,0,0,0,0,0,0,0,0,0
40520,0,1,0,0,0,0,0,0,0,0,0,0
40520,1,1,0,0,0,0,0,0,0,0,0,0
40521,1,1,0,0,0,0,0,0,0,0,0,0
40522,1,1,22,22,22,22,22,22,22,22,22,22
40523,1,1,0,0,0,0,0,0,0,0,0,0
40524,0,1,19,19,19,19,19,19,19,19,19,19
40524,1,1,19,0,16,0,22,43,15,0,10,12
40525,1,1,8,8,8,8,8,8,8,8,8,8
40525,2,1,0,0,0,0,0,0,0,0,0,0
40525,3,1,0,0,0,0,0,0,0,0,0,0
40525,4,1,0,0,10,0,16,13,6,10,0,0
40525,5,1,20,14,14,15,18,0,17,34,8,15
40526,1,1,0,0,0,0,0,0,0,0,0,0
40527,1,1,0,0,0,0,0,0,0,0,0,0
40527,2,1,0,0,0,0,0,0,0,0,0,0
40528,1,1,0,0,18,0,0,0,0,0,0,0
40529,1,1,13,13,13,13,13,13,13,13,13,13
40529,2,1,0,0,0,0,0,0,0,0,0,0
40530,1,1,29,29,29,29,29,29,29,29,29,29
40531,1,1,0,0,0,0,0,20,0,0,0,0
40531,2,1,0,0,0,0,0,0,0,0,0,0
40531,3,1,0,0,0,0,0,0,0,0,0,0
40532,1,1,0,0,0,0,0,0,12,0,0,0
40532,2,1,4,4,4,4,4,4,4,4,4,4
40533,1,1,11,11,11,11,11,11,11,11,11,11
40534,1,1,0,0,0,0,0,0,0,0,0,0
40535,1,1,12,12,12,12,12,12,12,12,12,12
40535,2,1,0,0,0,0,0,0,0,0,0,0
40536,1,1,31,31,31,31,31,31,31,31,31,31
40537,1,1,0,0,0,0,0,0,0,0,0,0
40538,1,1,0,0,0,0,0,0,0,0,0,0
40538,2,1,0,0,0,0,0,0,0,0,0,0
40539,1,1,0,0,0,0,0,0,0,0,0,0
40539,2,1,0,0,0,0,0,0,0,0,0,0
40540,1,1,4,4,4,4,4,4,4,4,4,4
40541,1,1,7,0,0,28,0,0,0,0,0,0
40542,1,1,4,4,4,4,4,4,4,4,4,4
40543,1,1,0,0,0,0,0,0,0,0,0,0
40544,0,1,25,25,25,25,25,25,25,25,25,25
40544,1,1,0,0,0,0,0,0,0,0,0,0
40546,0,1,0,0,0,0,0,0,0,0,0,0
40546,1,1,0,0,0,0,0,0,0,3,0,0
40547,1,1,0,0,0,0,0,0,0,0,0,0
40547,2,1,0,0,0,0,0,0,0,0,0,0
40547,3,1,0,0,0,0,0,0,0,0,0,0
40548,1,1,0,0,0,0,0,0,0,0,0,0
40548,2,1,0,0,0,0,0,0,0,0,0,0
40548,3,1,0,0,0,0,0,0,0,0,0,0
40548,4,1,0,0,0,0,0,0,0,0,0,0
40549,1,1,0,0,0,0,0,0,0,0,0,0
40549,2,1,0,0,0,0,0,0,0,0,0,0
40550,1,1,10,0,0,0,0,0,0,6,0,0
40551,1,1,0,0,0,0,0,0,0,0,0,0
40551,2,1,0,0,0,0,0,0,0,0,0,0
40552,0,1,0,0,0,0,0,0,0,0,0,0
40552,1,1,0,0,0,0,0,0,0,0,0,0
40553,1,1,0,0,0,0,0,0,0,0,0,0
40553,2,1,0,0,0,0,0,0,0,0,0,0
40554,1,1,0,0,0,0,0,0,0,0,0,0
40556,1,1,0,0,0,0,0,0,0,0,0,0
40556,2,1,0,0,0,0,0,0,0,0,0,0
40557,1,1,0,0,0,0,0,0,0,0,0,0
40557,2,1,0,0,0,0,0,0,0,0,0,0
40558,0,1,0,0,0,11,0,0,0,0,0,0
40558,1,1,0,0,0,0,0,0,0,0,0,0
40559,1,1,0,0,14,28,0,0,11,0,0,0
40560,0,1,0,9,0,0,0,0,0,0,0,0
40560,1,1,0,0,0,0,0,0,0,0,0,0
40561,1,1,0,0,0,0,23,9,8,37,9,11
40561,2,1,0,0,0,0,0,0,0,0,0,0
40562,1,1,0,0,0,0,0,0,0,0,0,0
40563,1,1,0,0,0,0,0,0,0,0,0,0
40564,1,1,19,19,19,19,19,19,19,19,19,19
40564,2,1,0,0,0,0,0,0,0,8,0,0
40566,1,1,22,22,22,22,22,22,22,22,22,22
40567,1,1,0,0,0,0,0,0,0,0,0,0
40567,2,1,0,0,0,0,0,0,0,0,0,0
40568,1,1,12,12,12,12,12,12,12,12,12,12
40568,2,1,0,0,0,0,0,0,0,0,0,0
40569,1,1,0,0,0,0,0,0,0,0,0,0
40569,2,1,0,0,0,0,0,0,0,7,0,0
40570,1,1,19,19,19,19,19,19,19,19,19,19
40570,2,1,0,0,0,0,0,0,0,0,0,0
40571,1,1,28,28,28,28,28,28,28,28,28,28
40572,1,1,0,0,0,0,0,0,0,0,0,0
40573,1,1,0,0,0,0,0,0,0,18,0,0
40574,1,1,0,0,0,10,0,0,0,0,9,4
40575,1,1,0,0,0,0,0,0,0,13,0,12
40576,1,1,0,0,0,0,0,0,0,0,0,0
40577,1,1,0,0,0,0,0,0,0,4,0,20
40577,2,1,0,0,0,0,0,0,0,0,0,0
40578,1,1,23,10,10,18,8,31,4,10,11,4
40579,1,1,0,0,0,19,0,0,0,0,0,0
40579,2,1,0,0,0,0,0,0,0,0,0,0
40580,0,1,0,0,0,0,0,0,0,0,0,0
40580,1,1,0,0,0,0,0,0,0,0,0,0
40581,0,1,21,21,21,21,21,21,21,21,21,21
40581,1,1,0,0,0,0,0,0,0,0,0,0
40582,1,1,21,21,21,21,21,21,21,21,21,21
40583,1,1,22,22,22,22,22,22,22,22,22,22
40584,0,1,10,10,10,10,10,10,10,10,10,10
40584,1,1,0,0,0,0,0,0,0,0,0,0
40585,1,1,18,18,18,18,18,18,18,18,18,18
40586,1,1,0,0,12,0,0,0,0,0,19,0
40587,1,1,17,17,17,17,17,17,17,17,17,17
40587,2,1,0,0,0,0,0,0,0,0,0,0
40588,1,1,26,26,26,26,26,26,26,26,26,26
40589,0,1,8,0,19,8,27,0,0,0,0,11
40589,1,1,35,32,0,0,0,0,0,0,0,0
40590,1,1,2,2,2,2,2,2,2,2,2,2
40591,0,1,17,17,17,17,17,17,17,17,17,17
40591,1,1,0,0,0,0,0,0,0,0,0,0
40592,1,2,23,16,0,0,15,0,6,0,19,21
40593,0,1,0,0,0,0,0,0,0,0,0,0
40593,1,1,0,0,0,0,0,0,0,0,0,0
40594,1,1,0,0,11,32,0,0,10,0,18,14
40595,1,1,0,0,0,0,0,0,0,0,0,0
40596,1,1,28,9,14,0,0,0,14,31,0,11
40597,0,1,0,0,0,0,0,0,0,0,0,0
40597,1,1,22,22,22,22,22,22,22,22,22,22
40598,1,1,0,0,0,0,0,0,0,0,0,0
40598,2,1,0,0,0,0,0,0,0,0,0,0
40599,1,1,0,0,0,0,0,0,0,0,0,0
40599,2,1,0,0,0,0,0,0,0,0,0,0
40600,1,2,0,18,0,30,0,19,0,0,0,0
40601,1,1,15,9,27,22,0,15,18,15,32,38
40602,0,1,23,23,23,23,23,23,23,23,23,23
40602,1,1,0,0,0,0,0,0,0,0,0,0
40603,0,1,44,26,10,16,7,14,27,39,19,7
40603,1,1,0,0,14,0,0,0,0,0,0,0
40604,1,1,27,0,0,0,0,0,18,0,20,18
40605,1,1,0,0,0,0,0,0,0,9,0,0
40605,2,1,0,0,0,0,8,0,0,0,0,0
40606,1,1,36,36,36,36,36,36,36,36,36,36
40606,2,1,0,0,0,0,0,0,0,0,0,0
40606,3,1,0,0,0,0,0,0,0,0,0,0
40607,1,2,0,0,0,0,0,0,0,0,0,0
40608,1,1,0,0,31,0,0,0,0,0,0,0
40609,1,1,0,0,0,0,0,0,0,0,0,0
40609,2,1,0,0,0,0,0,0,0,0,0,0
40610,1,1,7,0,0,0,0,22,0,0,0,20
40611,0,1,0,0,0,0,0,0,0,0,0,0
40611,1,1,0,0,0,0,0,0,0,0,0,0
40612,1,1,0,0,0,0,0,0,0,0,0,0
40613,1,1,0,0,0,0,0,0,15,7,0,10
40614,0,1,0,0,0,0,0,0,0,0,0,0
40614,1,1,0,0,0,0,0,0,0,0,0,0
40615,1,1,0,0,0,0,0,0,0,0,0,0
40615,2,1,0,0,0,0,0,0,0,0,0,0
40616,1,1,0,0,0,0,0,0,0,0,0,0
40616,2,1,0,0,0,0,0,0,0,0,0,0
40617,1,1,36,36,36,36,36,36,36,36,36,36
40618,1,1,0,0,0,0,0,0,0,0,0,0
40618,2,1,0,0,0,0,0,0,0,0,0,0
40619,1,1,15,0,17,30,0,0,0,0,7,0
40620,0,1,18,18,18,18,18,18,18,18,18,18
40620,1,1,0,0,0,0,0,0,0,0,0,0
40621,1,1,22,22,22,22,22,22,22,22,22,22
40622,0,1,26,26,26,26,26,26,26,26,26,26
40622,1,1,0,0,0,0,0,0,0,0,0,0
40623,1,1,0,0,0,0,0,0,0,0,0,0
40623,2,1,0,0,0,0,0,0,0,0,0,0
40624,1,1,0,5,22,19,0,42,0,0,12,0
40625,1,1,0,0,0,0,0,0,0,0,0,0
40626,1,1,0,0,0,0,0,0,0,0,0,0
40626,2,1,0,0,0,0,0,0,0,0,0,0
40627,1,1,0,10,15,0,14,0,13,5,0,0
40628,0,1,0,0,0,0,0,0,0,0,0,0
40628,1,1,0,0,0,0,0,0,0,0,0,0
40629,1,1,0,0,0,0,0,0,0,0,0,0
40629,2,1,12,12,12,12,12,12,12,12,12,12
40630,1,1,25,25,25,25,25,25,25,25,25,25
40631,1,1,22,22,22,22,22,22,22,22,22,22
40631,2,1,0,0,0,0,0,0,0,0,0,0
40632,1,1,0,0,0,0,0,0,0,0,0,0
40632,2,1,0,0,0,0,0,0,0,0,0,0
40633,1,1,0,0,0,0,0,0,0,0,18,0
40633,2,1,0,0,0,0,0,0,0,0,24,0
40633,3,1,0,0,0,0,0,0,0,0,0,0
40634,0,1,0,0,0,0,0,0,0,0,0,0
40634,1,1,0,0,0,0,0,0,0,0,0,0
40634,2,1,0,0,0,0,0,0,0,0,0,0
40635,0,1,0,0,0,0,0,0,0,0,0,0
40635,1,1,0,0,0,0,0,0,0,0,0,0
40636,1,1,0,0,0,0,0,0,0,0,0,15
40636,2,1,0,0,0,0,0,0,0,0,0,0
40637,0,1,23,23,23,23,23,23,23,23,23,23
40637,1,1,0,0,0,0,0,0,0,0,0,0
40638,1,1,0,0,0,0,0,0,0,0,0,0
40639,1,1,0,0,0,0,0,0,0,0,0,0
40639,2,1,0,0,0,0,0,0,0,0,0,0
40640,1,1,0,0,0,0,0,0,0,0,0,0
40641,1,1,0,0,0,0,0,0,0,0,0,0
40641,2,1,0,0,9,0,0,0,0,0,0,0
40642,0,1,41,41,41,41,41,41,41,41,41,41
40642,1,1,4,0,0,11,0,0,0,0,0,17
40643,0,1,15,15,15,15,15,15,15,15,15,15
40643,1,1,21,0,0,24,0,11,8,0,13,0
40644,1,1,0,0,0,0,0,0,0,0,0,0
40644,2,1,0,0,0,0,0,0,0,0,0,0
40645,0,1,0,0,0,0,0,0,0,0,0,0
40645,1,1,0,0,0,0,0,0,0,0,0,0
40646,1,1,19,19,19,19,19,19,19,19,19,19
40647,0,1,16,16,16,16,16,16,16,16,16,16
40647,1,1,0,0,0,0,0,0,0,0,0,0
40648,1,1,0,0,0,0,0,0,0,0,0,0
40649,2,1,0,0,0,0,0,0,0,0,0,0
40650,1,1,0,0,0,0,0,21,0,27,0,0
40651,0,1,26,26,26,26,26,26,26,26,26,26
40651,1,1,0,0,0,0,0,0,0,0,0,0
40652,1,1,0,0,0,0,0,0,0,0,0,0
40652,2,1,0,0,0,0,0,0,0,0,0,0
40653,0,1,0,0,0,0,0,0,0,0,0,0
40653,1,1,0,8,0,0,0,0,0,0,0,0
40654,1,1,0,0,0,0,0,0,0,0,0,0
40654,2,1,0,0,9,0,0,0,0,0,0,0
40654,3,1,0,0,8,0,0,0,0,0,0,0
40655,1,1,0,0,0,0,0,0,0,0,0,0
40655,2,1,0,0,0,0,0,0,0,0,0,0
40656,1,1,0,0,0,0,0,0,0,0,0,0
40656,2,1,0,0,0,0,0,0,0,0,0,0
40657,1,1,0,42,0,0,0,4,0,0,16,0
40658,1,1,0,0,0,0,0,0,0,0,0,0
40658,2,1,0,0,0,0,0,0,0,0,0,0
40658,3,1,0,0,0,0,0,0,0,0,0,0
40659,1,1,21,23,12,36,9,19,29,17,21,24
40659,2,1,0,0,0,0,0,0,0,0,0,0
40660,1,1,17,17,17,17,17,17,17,17,17,17
40661,1,1,0,0,0,0,0,0,0,0,0,0
40661,2,1,0,0,0,0,0,0,0,0,0,0
40661,3,1,0,0,0,0,0,0,0,0,35,0
40661,4,1,0,0,0,0,0,0,0,0,0,0
40662,1,1,0,0,0,0,0,0,0,0,0,0
40663,1,1,0,0,0,0,0,0,0,0,0,0
40663,2,1,0,0,0,0,0,0,0,0,0,0
40664,1,1,0,0,0,0,0,0,0,0,0,0
40664,2,1,0,0,0,0,0,0,0,0,0,0
40664,3,1,2,2,2,2,2,2,2,2,2,2
40664,4,1,0,0,0,0,0,0,0,0,0,0
40665,1,1,7,0,12,0,0,0,0,0,0,0
40665,2,1,0,0,0,0,0,0,0,0,0,0
40666,1,1,0,0,0,0,0,0,0,0,0,0
40666,2,1,0,0,0,0,0,0,0,0,0,0
40667,1,1,0,0,0,0,0,0,0,0,0,0
40667,3,1,0,16,0,0,32,0,0,0,0,0
40668,1,1,15,0,0,0,0,0,0,0,0,0
40669,0,1,0,0,0,0,0,0,0,0,0,0
40669,1,1,0,0,0,0,0,0,0,0,0,0
40670,0,1,29,29,29,29,29,29,29,29,29,29
40670,1,1,14,8,0,0,0,0,0,36,0,0
40671,1,1,6,17,16,26,18,24,7,18,0,36
40672,1,1,19,19,19,19,19,19,19,19,19,19
40673,1,1,0,0,0,0,0,0,0,0,0,0
40673,2,1,0,0,0,0,0,0,0,0,0,0
40674,1,1,0,0,0,0,0,0,0,0,0,0
40674,2,1,0,0,0,0,0,0,0,0,0,0
40675,1,1,0,0,0,0,0,0,0,0,0,0
40675,2,1,0,0,0,0,0,0,0,0,0,0
40675,3,1,0,0,0,0,0,0,0,0,0,0
40676,1,1,0,0,0,0,0,0,0,0,0,0
40676,2,1,0,0,0,0,0,0,0,0,8,0
40677,1,1,0,0,0,0,0,0,0,0,0,0
40678,0,1,25,25,25,25,25,25,25,25,25,25
40678,1,1,0,0,0,0,0,0,0,0,0,0
40679,1,1,14,14,14,14,14,14,14,14,14,14
40679,2,1,0,0,0,0,0,0,0,0,0,0
40680,1,1,0,0,0,0,0,0,0,0,0,0
40681,1,1,23,23,23,23,23,23,23,23,23,23
40681,2,1,0,0,0,0,0,0,0,0,0,0
40682,1,1,23,0,12,19,0,0,12,0,36,20
40683,1,1,20,0,0,0,0,0,0,0,0,5
40683,2,1,0,0,0,0,0,0,0,0,0,0
40684,0,1,0,0,0,0,0,0,0,0,0,0
40684,1,1,0,0,0,0,0,0,0,0,0,0
40685,1,1,0,0,0,0,0,0,0,0,0,0
40686,1,1,0,0,0,0,0,0,0,0,0,0
40687,1,1,22,22,22,22,22,22,22,22,22,22
40687,2,1,18,18,18,18,18,18,18,18,18,18
40688,1,1,0,0,0,0,0,0,0,0,0,0
40689,1,1,0,0,0,0,0,0,0,0,0,0
40689,2,1,0,0,0,0,0,0,0,0,0,0
40690,0,1,0,0,0,0,0,0,0,0,0,0
40690,1,1,0,0,0,0,0,0,0,0,0,0
40692,0,1,0,0,0,0,0,0,0,0,0,0
40692,1,1,36,0,0,0,4,0,8,0,15,0
40693,0,1,0,0,0,0,0,0,18,18,0,35
40693,1,1,0,0,0,0,0,0,0,0,0,0
40694,1,1,0,0,0,0,0,0,0,0,0,0
40694,2,1,0,0,0,0,0,0,0,0,0,0
40694,3,1,0,5,0,0,0,0,0,0,0,0
40695,1,1,0,0,0,0,0,0,0,0,0,0
40695,2,1,0,0,0,0,0,0,0,0,0,16
40696,1,1,0,0,0,0,0,0,29,19,0,0
40697,0,1,0,0,0,0,0,0,0,0,0,0
40697,1,1,0,0,0,0,0,0,0,0,0,0
40698,0,1,0,0,0,0,0,0,0,0,0,0
40698,1,1,0,0,0,0,0,0,0,0,0,0
40699,1,2,6,0,11,0,0,12,11,0,12,17
40700,1,1,0,0,0,0,0,0,0,0,0,0
40700,2,1,0,0,0,0,0,0,0,0,0,0
40701,1,1,27,27,27,27,27,27,27,27,27,27
40702,0,1,21,21,21,21,21,21,21,21,21,21
40702,1,1,0,0,0,0,0,0,0,0,0,0
40703,0,1,27,34,15,19,20,23,19,22,22,35
40703,1,1,0,0,0,0,0,0,0,0,0,0
40704,1,2,0,0,10,0,0,0,27,0,0,0
40705,1,2,0,6,0,20,25,0,0,7,0,0
40706,1,1,0,0,0,0,0,0,0,0,0,0
40706,2,1,0,0,0,0,0,0,0,0,0,0
40707,1,1,0,0,0,0,0,0,0,0,0,0
40707,2,1,0,0,0,0,0,0,0,0,0,0
40707,3,1,0,0,0,0,0,2,0,0,0,7
40707,4,1,0,0,0,0,16,42,0,0,0,7
40707,5,1,0,0,0,0,0,0,0,0,0,0
40707,6,1,0,0,0,0,0,0,0,0,0,0
40707,7,1,0,0,0,0,0,0,0,0,0,0
40708,1,1,0,0,0,0,0,0,0,0,0,0
40708,2,1,0,0,0,0,0,0,0,0,0,0
40709,1,1,19,19,19,19,19,19,19,19,19,19
40710,1,1,16,16,16,16,16,16,16,16,16,16
40711,1,1,0,0,0,0,0,0,0,0,0,0
40712,1,1,4,4,4,4,4,4,4,4,4,4
40713,1,1,0,0,0,0,0,0,0,0,0,0
40714,0,1,22,21,0,7,28,0,0,8,21,15
40714,1,1,6,0,0,0,0,0,10,0,0,0
40715,1,1,0,0,0,0,0,0,0,0,0,0
40715,2,1,0,0,0,0,0,0,0,0,0,0
40716,1,1,15,15,15,15,15,15,15,15,15,15
40716,2,1,0,0,0,0,0,0,0,0,9,0
40717,1,1,0,0,0,0,0,0,0,0,0,0
40717,2,1,0,0,0,0,0,0,0,0,0,0
40718,0,1,0,0,0,0,0,0,0,0,0,0
40718,0,2,0,0,0,0,0,0,0,0,0,0
40718,1,1,0,0,0,0,0,0,0,0,0,0
40719,1,1,0,0,0,0,0,0,0,11,0,0
40720,1,1,0,0,0,0,0,0,0,0,0,0
40721,1,1,21,21,21,21,21,21,21,21,21,21
40722,1,1,0,0,0,0,0,0,0,0,0,0
40722,2,1,0,0,0,0,0,0,0,0,0,0
40723,1,2,0,11,0,20,0,0,0,0,27,0
40724,0,1,0,0,0,0,0,0,0,0,0,0
40724,1,1,0,0,0,0,0,0,0,0,0,0
40725,0,1,0,0,0,0,0,0,0,0,0,0
40725,1,1,0,0,0,0,0,0,0,0,0,0
40726,1,1,0,14,10,26,0,0,0,0,24,0
40727,1,1,21,21,21,21,21,21,21,21,21,21
40727,2,1,0,0,0,0,0,0,0,0,0,0
40728,1,1,6,6,6,6,6,6,6,6,6,6
40728,2,1,0,0,0,0,0,0,0,0,0,0
40729,1,1,0,0,0,0,0,0,0,0,0,0
40729,2,1,0,0,0,0,0,0,0,0,0,0
40730,1,1,0,0,0,0,0,0,0,0,0,0
40730,2,1,0,0,0,0,0,0,5,0,0,0
40731,1,1,0,0,0,0,0,0,0,0,0,0
40731,2,1,0,0,0,0,0,0,0,0,0,0
40732,0,1,41,19,23,12,19,6,14,13,38,6
40732,1,1,0,0,0,0,0,0,0,0,0,0
40733,1,1,21,21,21,21,21,21,21,21,21,21
40734,1,1,0,0,0,0,0,0,0,0,0,0
40734,2,1,0,0,0,0,0,0,0,0,0,0
40735,1,1,0,0,0,0,0,0,0,0,0,0
40735,2,1,0,0,0,0,0,0,0,0,0,0
40736,1,1,0,0,0,0,0,0,0,0,0,0
40737,0,1,0,0,0,0,0,0,0,0,0,0
40737,1,1,0,0,0,0,0,0,0,0,0,0
40738,1,1,11,11,11,11,11,11,11,11,11,11