ST_CASE,VEH_NO,PER_NO,P1,P2,P3,P4,P5,P6,P7,P8,P9,P10
40739,0,1,0,21,6,23,17,27,0,0,0,0
40740,1,6,33,13,0,23,25,0,0,0,0,0
40741,0,1,0,0,0,0,0,0,0,0,0,0
40741,1,1,0,0,0,0,0,0,0,0,0,0
40742,1,1,0,0,0,25,16,0,22,0,0,0
40743,1,1,0,0,0,0,0,0,0,0,0,0
40744,1,1,17,7,16,0,15,8,10,0,0,0
40744,2,1,0,0,0,0,0,0,0,0,0,0
40745,1,1,0,7,0,0,0,0,0,0,0,0
40745,2,1,0,0,0,0,0,0,0,0,0,0
40746,1,1,0,0,0,0,0,0,0,0,0,0
40746,2,1,0,0,0,0,0,0,0,0,0,0
40747,1,1,0,0,0,0,0,0,0,0,0,0
40747,2,1,0,0,0,0,0,0,0,0,0,0
40748,0,1,30,0,19,24,12,0,0,0,0,0
40748,1,1,0,0,0,0,0,0,0,0,0,0
40749,1,1,9,9,9,9,9,9,9,9,9,9
40750,1,1,12,12,0,0,44,0,20,0,0,0
40751,0,1,22,0,0,6,0,0,14,18,0,0
40751,0,2,0,0,0,0,5,0,0,0,0,5
40751,1,1,0,14,0,16,0,0,0,0,0,0
40752,1,1,0,0,0,0,0,0,0,0,0,0
40753,1,1,13,11,29,0,21,0,21,0,0,0
40754,0,1,0,33,0,0,24,0,9,27,28,19
40754,1,1,0,22,12,0,0,0,0,0,22,0
50001,1,1,0,0,0,0,0,0,0,0,0,0
50002,0,1,0,0,0,0,0,0,0,0,0,0
50002,1,1,0,0,0,0,0,0,0,0,0,0
50003,1,1,11,11,11,11,11,11,11,11,11,11
50004,1,1,0,0,0,0,0,0,0,0,0,0
50004,2,1,0,0,0,0,0,0,0,0,0,0
50005,1,1,0,0,0,0,0,0,0,0,0,0
50005,2,1,0,0,0,0,0,0,0,0,0,0
50006,1,1,0,0,0,0,0,0,0,0,0,0
50007,1,1,0,0,0,0,0,0,0,0,0,0
50008,1,1,0,0,0,0,0,0,0,0,0,0
50009,1,1,0,0,0,0,0,0,0,0,0,0
50009,2,1,0,0,0,0,0,0,0,0,0,0
50010,1,1,0,0,0,0,0,0,0,0,0,0
50010,2,1,0,0,0,0,0,0,0,0,0,0
50011,1,1,0,0,0,0,0,0,0,0,0,0
50011,2,1,0,0,0,0,0,0,0,0,0,0
50011,3,1,0,0,0,0,0,0,0,0,0,0
50012,1,1,0,0,0,0,0,0,0,0,0,0
50013,1,1,0,0,0,0,0,0,0,0,0,0
50014,1,1,16,13,36,10,6,22,5,6,13,27
50015,1,1,0,0,0,0,0,0,0,0,0,0
50016,1,1,0,16,0,0,0,17,0,0,0,0
50016,2,1,0,0,0,0,0,0,0,0,0,0
50017,1,1,25,25,25,25,25,25,25,25,25,25
50018,1,1,0,0,0,0,0,0,0,0,0,0
50018,2,1,0,0,0,0,0,0,0,0,0,0
50019,1,1,0,0,0,0,0,0,0,0,0,0
50020,1,1,3,3,3,3,3,3,3,3,3,3
50020,2,1,0,0,0,0,0,0,0,0,0,0
50020,3,1,0,0,0,0,0,0,0,0,0,0
50020,4,1,0,0,0,0,0,0,0,0,0,0
50020,5,1,0,0,0,0,0,0,0,0,0,0
50021,1,1,25,25,25,25,25,25,25,25,25,25
50022,1,1,0,0,0,0,0,0,0,0,0,0
50022,2,1,0,0,0,0,0,0,0,0,0,0
50023,1,1,29,29,29,29,29,29,29,29,29,29
50024,1,1,1,1,1,1,1,1,1,1,1,1
50025,1,1,27,27,27,27,27,27,27,27,27,27
50025,2,1,0,0,0,0,0,0,0,0,0,0
50026,0,1,0,0,0,0,0,0,0,0,0,0
50026,2,1,0,0,0,0,0,0,0,0,0,0
50027,1,1,0,0,0,0,0,0,0,0,0,4
50028,0,1,22,22,22,22,22,22,22,22,22,22
50028,1,1,2,2,2,2,2,2,2,2,2,2
50029,1,1,0,0,0,0,0,0,0,0,0,0
50030,0,1,24,24,24,24,24,24,24,24,24,24
50030,1,1,0,0,0,0,0,0,0,0,49,16
50031,1,1,0,0,0,0,0,0,0,0,0,0
50031,2,1,0,0,0,0,0,0,0,0,0,0
50032,1,1,0,0,0,0,0,0,0,0,0,0
50032,2,1,16,16,16,16,16,16,16,16,16,16
50033,1,1,11,11,11,11,11,11,11,11,11,11
50034,1,1,0,0,0,0,0,0,0,0,0,0
50035,1,1,0,0,0,0,0,0,0,0,0,0
50035,2,1,0,0,0,0,0,0,0,0,0,0
50036,1,1,0,0,0,0,0,0,0,0,0,0
50036,2,1,0,0,0,0,0,0,0,0,0,0
50037,1,1,0,0,0,0,0,0,0,0,0,0
50038,1,1,0,0,0,0,0,0,0,0,0,0
50038,2,1,0,0,0,0,0,0,0,0,0,0
50039,1,1,0,0,0,0,0,0,0,0,0,0
50040,1,1,0,0,0,0,0,0,0,0,0,0
50041,1,1,0,0,0,0,0,0,0,0,0,0
50041,2,1,0,0,0,0,0,0,0,0,0,0
50042,1,1,0,0,0,0,0,0,0,0,0,0
50042,2,1,0,0,0,0,0,0,0,0,0,0
50043,1,1,0,0,0,0,0,0,0,0,0,0
50043,2,1,0,0,0,0,0,0,0,0,0,0
50044,1,1,0,0,0,0,0,0,0,0,0,0
50044,2,1,0,0,0,0,0,0,0,0,0,0
50045,0,1,0,0,0,0,0,0,0,0,0,0
50045,1,1,0,0,0,0,0,0,0,0,0,0
50046,1,1,0,0,0,0,0,0,0,0,0,0
50046,2,1,0,0,0,0,0,0,0,0,0,0
50047,1,1,0,0,0,0,0,0,0,0,0,0
50048,1,1,0,0,0,0,0,0,0,0,0,0
50049,1,1,0,0,0,0,0,0,0,10,0,23
50049,2,1,0,0,0,0,0,0,0,0,0,0
50050,1,1,23,23,23,23,23,23,23,23,23,23
50051,0,1,27,27,27,27,27,27,27,27,27,27
50051,1,1,0,0,0,0,0,0,0,0,0,0
50051,2,1,0,0,0,0,0,0,0,0,0,0
50051,3,1,2,0,0,0,0,0,0,0,0,0
50052,1,1,0,0,0,0,0,0,0,0,0,0
50053,1,1,0,0,0,0,0,0,0,0,0,0
50053,2,1,0,0,0,0,0,0,0,0,0,0
50054,1,1,0,0,0,0,0,0,0,0,0,0
50054,2,1,0,0,0,0,0,0,0,0,0,0
50055,1,1,28,28,28,28,28,28,28,28,28,28
50055,2,1,0,0,0,0,0,0,0,0,0,0
50056,0,1,0,0,0,0,0,0,0,0,0,0
50056,1,1,27,15,30,0,6,10,0,9,18,8
50057,0,1,31,31,31,31,31,31,31,31,31,31
50057,1,1,0,0,0,0,0,0,0,0,0,0
50058,1,1,23,23,23,23,23,23,23,23,23,23
50059,1,1,17,17,17,17,17,17,17,17,17,17
50060,1,1,2,2,2,2,2,2,2,2,2,2
50060,2,1,0,0,0,0,0,0,0,0,0,0
50061,0,1,0,0,0,0,0,0,0,0,0,0
50061,1,1,5,5,5,5,5,5,5,5,5,5
50062,1,1,0,0,0,0,0,0,0,0,0,0
50062,2,1,0,0,0,0,0,0,0,0,0,0
50063,1,1,0,0,0,0,0,0,0,0,0,0
50063,2,1,0,0,0,0,0,0,0,0,0,0
50064,1,1,12,12,12,12,12,12,12,12,12,12
50065,1,1,0,0,0,0,0,0,0,0,0,0
50065,2,1,0,0,0,0,0,0,0,0,0,0
50066,1,1,0,0,0,0,0,0,0,0,0,0
50067,1,1,27,27,27,27,27,27,27,27,27,27
50068,1,1,21,21,21,21,21,21,21,21,21,21
50069,1,1,24,24,24,24,24,24,24,24,24,24
50070,1,1,22,22,22,22,22,22,22,22,22,22
50071,1,1,13,29,8,23,18,18,14,10,15,9
50072,1,1,0,0,0,0,0,0,0,0,0,0
50073,0,1,0,0,0,0,0,0,0,0,0,0
50073,1,1,0,0,0,0,0,0,0,0,0,0
50074,1,1,0,0,0,0,0,0,0,0,0,0
50075,1,1,11,11,11,11,11,11,11,11,11,11
50076,1,1,9,17,32,20,17,17,20,0,25,0
50076,2,1,0,0,0,0,0,0,0,0,0,0
50077,1,1,0,0,0,0,0,0,0,0,0,0
50078,0,1,0,0,0,0,0,0,0,0,0,0
50078,1,1,0,0,0,0,0,0,0,0,0,0
50078,2,1,0,0,0,0,0,0,0,0,0,0
50079,1,1,10,10,10,10,10,10,10,10,10,10
50079,2,1,0,0,0,0,0,0,0,0,0,0
50079,3,1,4,0,0,14,0,0,0,0,0,0
50080,1,1,13,13,13,13,13,13,13,13,13,13
50081,1,1,0,0,0,0,0,0,0,0,0,0
50082,1,1,23,23,23,23,23,23,23,23,23,23
50083,1,1,0,0,0,0,0,0,0,0,0,0
50083,2,1,0,0,0,0,0,0,0,0,0,0
50084,1,1,8,8,8,8,8,8,8,8,8,8
50084,2,1,0,0,0,0,0,0,0,0,0,0
50086,1,1,0,0,0,0,0,0,0,0,0,0
50086,2,1,0,0,0,0,0,0,0,0,0,0
50087,1,1,0,0,0,10,0,0,0,0,0,0
50087,2,1,25,25,25,25,25,25,25,25,25,25
50088,0,1,0,0,0,0,0,5,10,0,0,0
50088,2,1,0,0,0,0,0,0,0,0,0,0
50089,1,1,0,0,0,0,0,0,0,0,0,0
50090,1,1,0,0,0,0,0,0,0,0,0,0
50091,1,1,0,0,0,0,0,0,0,0,0,0
50092,1,1,0,0,0,0,0,0,0,0,0,0
50092,2,1,0,0,0,0,0,0,0,0,0,0
50093,1,1,0,0,0,0,0,0,10,0,0,0
50093,2,1,0,0,0,0,0,0,0,5,0,0
50094,1,1,0,0,0,0,0,0,0,0,0,0
50094,2,1,0,0,0,0,0,0,0,0,0,0
50095,1,1,15,15,15,15,15,15,15,15,15,15
50095,2,1,0,0,0,0,0,0,0,0,0,0
50096,1,1,2,2,2,2,2,2,2,2,2,2
50097,0,1,14,14,14,14,14,14,14,14,14,14
50097,0,2,21,21,21,21,21,21,21,21,21,21
50097,1,1,0,0,0,0,0,0,0,0,0,0
50098,0,1,0,0,0,0,0,0,0,0,0,0
50098,1,1,0,0,0,0,0,0,0,0,0,0
50099,1,1,0,0,0,0,0,0,0,19,0,0
50100,0,1,0,0,0,0,0,0,0,0,0,0
50100,1,1,0,0,0,0,0,0,0,0,0,0
50101,1,1,0,0,0,0,0,0,0,0,0,0
50101,2,1,0,0,0,0,0,0,0,0,0,0
50102,1,1,0,0,0,0,0,0,0,0,0,0
50102,2,1,0,0,0,0,0,0,0,0,0,0
50103,1,1,29,29,29,29,29,29,29,29,29,29
50103,2,1,0,0,0,0,0,0,0,0,0,0
50104,1,1,0,0,0,0,0,0,0,0,0,0
50105,1,1,12,12,12,12,12,12,12,12,12,12
50106,1,1,0,0,0,0,0,0,0,0,0,0
50107,1,1,0,0,0,0,0,0,0,0,0,0
50107,2,1,0,0,0,0,0,0,0,0,0,0
50107,3,1,0,0,0,0,0,0,0,0,0,0
50107,4,1,0,0,0,0,0,0,0,0,0,0
50108,1,1,0,0,0,0,0,0,0,0,0,0
50109,1,1,0,0,0,0,0,0,0,0,0,0
50109,2,1,23,23,23,23,23,23,23,23,23,23
50110,1,1,0,0,0,0,0,0,0,0,0,0
50110,2,1,0,0,0,0,0,0,0,0,0,0
50110,3,1,0,0,0,0,0,0,0,0,0,0
50111,1,1,0,0,0,0,0,0,0,0,0,0
50112,1,1,0,0,0,0,0,0,0,0,0,0
50112,2,1,0,0,0,0,0,0,0,0,0,0
50112,3,1,0,0,0,0,0,0,0,0,0,0
50113,1,1,20,20,20,20,20,20,20,20,20,20
50114,1,1,10,10,10,10,10,10,10,10,10,10
50115,1,1,0,0,0,0,0,0,0,0,0,0
50116,0,1,10,17,0,0,0,15,19,0,0,0
50116,1,1,0,0,0,0,0,0,0,0,0,0
50117,0,1,0,0,0,0,13,0,0,0,0,0
50117,1,1,0,0,0,0,0,0,0,0,0,0
50118,1,1,1,1,1,1,1,1,1,1,1,1
50119,1,1,0,0,0,0,0,0,0,0,0,0
50120,1,1,2,2,2,2,2,2,2,2,2,2
50121,1,1,0,0,0,0,0,0,0,0,0,0
50122,1,1,0,0,0,0,0,0,0,0,0,0
50123,1,1,0,0,0,0,0,38,0,0,0,0
50124,1,1,0,0,0,0,0,0,0,0,0,0
50124,2,1,0,0,0,0,0,0,0,0,0,0
50125,1,1,0,0,0,0,0,0,0,0,0,0
50125,2,1,0,0,0,0,0,0,0,0,0,0
50126,1,1,0,0,0,0,34,0,0,0,0,0
50127,1,1,9,9,9,9,9,9,9,9,9,9
50128,1,1,1,1,1,1,1,1,1,1,1,1
50129,1,1,0,16,8,0,0,0,20,0,0,0
50129,2,1,0,0,0,0,0,0,0,0,0,0
50130,1,1,5,0,0,0,0,0,11,5,0,32
50131,1,1,30,30,30,30,30,30,30,30,30,30
50131,2,1,0,0,0,0,0,0,0,0,0,0
50132,1,1,25,25,25,25,25,25,25,25,25,25
50133,1,1,17,17,17,17,17,17,17,17,17,17
50134,1,1,24,24,24,24,24,24,24,24,24,24
50135,1,1,0,0,13,0,0,0,0,0,0,0
50135,2,1,0,0,0,0,0,0,0,0,0,0
50136,1,1,0,0,0,0,0,0,0,0,0,0
50136,2,1,0,0,0,0,0,0,0,0,0,0
50136,3,1,0,0,0,7,0,0,0,0,0,0
50136,4,1,0,0,0,0,0,0,0,0,0,0
50137,1,1,0,0,0,0,0,0,0,0,0,0
50137,2,1,19,19,19,19,19,19,19,19,19,19
50138,1,1,0,0,0,0,0,0,0,0,0,0
50139,1,1,0,0,0,0,0,0,0,0,0,0
50139,2,1,0,0,0,0,0,0,0,0,0,0
50140,1,1,8,8,8,8,8,8,8,8,8,8
50141,1,1,0,0,0,0,0,0,0,0,0,0
50141,2,1,0,0,0,0,0,0,0,0,0,0
50141,3,1,0,0,0,0,0,0,0,0,0,0
50141,4,1,0,0,0,0,0,0,3,0,0,6
50142,1,1,16,16,16,16,16,16,16,16,16,16
50143,1,1,26,26,26,26,26,26,26,26,26,26
50143,2,1,0,0,0,0,0,0,0,0,0,0
50144,1,1,0,0,0,0,0,0,0,0,0,0
50145,1,1,0,0,0,0,15,0,0,0,0,7
50146,1,1,0,0,0,0,0,0,0,0,0,0
50147,1,1,0,0,0,0,0,0,0,0,0,0
50147,2,1,0,0,0,0,0,0,0,0,0,0
50148,1,1,0,0,0,0,0,0,0,0,0,0
50148,2,1,0,0,0,0,0,0,0,0,0,0
50149,1,1,0,0,0,0,0,0,0,0,0,0
50149,2,1,0,0,0,0,0,0,0,0,0,0
50150,0,1,24,24,24,24,24,24,24,24,24,24
50150,1,1,0,0,0,0,0,0,0,0,0,0
50151,1,1,0,0,0,0,0,0,0,0,0,0
50152,1,1,0,0,0,0,0,0,0,0,0,0
50153,1,1,31,0,18,14,0,18,0,29,0,26
50154,0,1,0,0,0,0,0,0,0,0,0,0
50154,1,1,0,19,22,7,16,21,35,0,16,33
50155,1,1,0,0,0,0,0,0,0,0,0,0
50155,2,1,0,0,0,0,0,0,0,0,0,0
50156,0,1,0,0,37,0,0,0,25,0,0,0
50156,1,1,0,0,0,0,0,0,0,0,0,0
50157,1,1,23,23,23,23,23,23,23,23,23,23
50157,2,1,0,0,0,0,0,0,0,0,0,0
50158,0,1,22,22,22,22,22,22,22,22,22,22
50158,1,1,0,0,0,0,0,0,0,0,0,0
50159,1,1,0,0,0,0,0,0,0,0,0,0
50159,2,1,0,0,0,0,0,0,0,0,0,0
50160,1,1,0,0,0,0,0,0,0,0,0,0
50160,2,1,0,0,0,0,0,0,0,0,0,0
50161,1,1,0,0,0,0,0,0,0,0,0,0
50162,1,1,0,0,0,0,0,0,0,0,0,0
50163,1,1,0,0,0,0,0,0,0,0,0,0
50163,2,1,0,0,0,0,0,0,0,0,0,0
50163,3,1,0,0,0,0,0,0,0,0,0,0
50164,1,1,0,0,0,0,0,0,0,0,0,0
50165,1,1,0,0,0,0,0,0,0,0,0,0
50165,2,1,0,0,0,0,0,0,0,0,0,0
50165,3,1,0,0,0,0,0,0,0,0,0,0
50166,1,1,0,0,0,0,0,0,0,0,0,0
50166,2,1,0,0,0,0,0,0,0,0,0,0
50167,1,1,0,0,0,0,0,0,0,0,0,0
50167,2,1,0,0,0,0,0,0,0,0,0,0
50168,1,1,0,0,0,0,0,0,0,0,0,0
50169,1,1,0,0,0,0,0,0,0,0,0,0
50169,2,1,0,0,0,0,0,0,0,0,0,0
50169,3,1,0,0,0,0,5,0,0,0,0,0
50170,1,1,23,23,23,23,23,23,23,23,23,23
50170,2,1,0,0,0,0,0,0,0,0,0,0
50171,1,1,26,26,26,26,26,26,26,26,26,26
50172,1,1,32,12,18,20,24,6,25,16,38,17
50173,1,1,0,0,0,0,0,0,0,0,0,0
50174,0,1,16,16,16,16,16,16,16,16,16,16
50174,1,1,0,0,0,0,0,0,0,0,0,0
50175,1,1,0,0,0,0,0,0,0,0,0,0
50175,2,1,0,0,0,0,0,0,0,0,0,0
50176,1,1,37,37,37,37,37,37,37,37,37,37
50177,1,1,7,7,7,7,7,7,7,7,7,7
50178,1,1,0,0,0,0,0,0,0,0,0,0
50179,1,1,10,10,10,10,10,10,10,10,10,10
50180,1,1,29,29,29,29,29,29,29,29,29,29
50181,1,1,26,26,26,26,26,26,26,26,26,26
50182,1,1,26,26,26,26,26,26,26,26,26,26
50183,1,1,1,1,1,1,1,1,1,1,1,1
50183,2,1,0,0,0,0,0,0,0,0,0,0
50184,1,1,0,0,0,0,0,0,0,0,0,0
50185,1,1,0,0,0,0,0,0,0,0,0,0
50185,2,1,0,0,0,0,19,0,0,0,0,0
50185,3,1,0,0,0,0,0,0,0,0,0,0
50185,4,1,0,0,0,0,0,0,0,0,0,0
50186,1,1,0,0,0,0,0,0,0,0,0,0
50187,1,1,21,21,21,21,21,21,21,21,21,21
50188,0,1,27,27,27,27,27,27,27,27,27,27
50188,1,1,0,0,0,0,0,0,0,0,0,0
50189,1,1,0,0,0,0,0,0,0,0,0,0
50189,2,1,0,0,0,0,0,24,0,0,0,0
50190,1,1,0,0,0,0,0,0,0,0,0,0
50190,2,1,0,0,0,0,0,0,0,0,0,0
50190,3,1,0,0,0,0,0,0,0,0,0,0
50191,1,1,0,21,0,0,0,16,11,0,0,4
50192,1,1,0,0,0,0,0,0,0,0,0,0
50193,1,1,20,20,20,20,20,20,20,20,20,20
50194,1,1,9,9,9,9,9,9,9,9,9,9
50195,1,1,1,1,1,1,1,1,1,1,1,1
50196,1,1,0,0,0,0,0,0,0,0,0,0
50197,1,1,0,0,0,0,0,0,0,0,0,0
50197,2,1,0,0,0,0,0,0,0,0,0,0
50198,1,1,14,28,4,8,9,19,22,12,19,13
50198,2,1,0,0,0,0,0,0,0,0,0,0
50199,1,1,24,24,24,24,24,24,24,24,24,24
50200,1,1,1,1,1,1,1,1,1,1,1,1
50200,2,1,0,0,0,0,0,0,0,0,0,0
50201,1,1,0,0,0,0,0,0,0,0,0,0
50202,1,2,0,0,0,0,0,24,0,0,17,0
50203,1,1,0,0,0,0,0,0,0,0,0,0
50204,1,1,0,0,0,0,0,0,0,0,0,0
50204,2,1,0,0,0,0,0,0,0,0,0,0
50205,1,1,15,15,15,15,15,15,15,15,15,15
50206,0,1,26,26,26,26,26,26,26,26,26,26
50206,1,1,0,0,0,0,0,0,0,0,0,0
50207,1,1,0,0,0,0,0,0,0,0,0,0
50207,2,1,0,0,0,0,0,0,0,0,0,0
50208,1,1,28,28,28,28,28,28,28,28,28,28
50208,2,1,0,0,0,0,0,0,0,0,0,0
50209,1,1,0,0,0,0,0,0,0,0,0,0
50210,1,1,0,0,0,0,0,0,0,0,0,0
50210,2,1,15,15,15,15,15,15,15,15,15,15
50211,1,1,0,0,0,0,0,0,0,0,0,0
50212,1,1,0,0,0,0,0,0,0,0,0,0
50212,2,1,6,6,6,6,6,6,6,6,6,6
50213,1,1,0,0,0,0,0,0,0,0,0,0
50213,2,1,0,0,0,0,0,0,0,0,0,0
50214,1,1,26,26,26,26,26,26,26,26,26,26
50215,1,1,18,18,18,18,18,18,18,18,18,18
50216,1,1,0,0,0,0,0,0,0,0,0,0
50216,2,1,0,0,0,0,0,0,0,0,0,0
50217,1,1,13,13,13,13,13,13,13,13,13,13
50218,1,1,0,0,0,0,0,0,0,0,0,0
50219,1,1,0,0,0,0,0,0,0,0,0,0
50220,1,1,0,0,0,0,0,0,0,0,0,0
50220,2,1,0,0,0,0,0,0,0,0,0,0
50221,1,1,0,0,0,0,0,0,0,0,0,0
50221,2,1,0,0,0,0,0,0,0,0,0,0
50222,1,1,0,0,0,0,0,0,0,0,0,0
50222,2,1,0,0,0,0,0,0,0,0,0,0
50223,1,1,24,24,24,24,24,24,24,24,24,24
50224,1,1,0,0,0,0,0,0,0,0,0,0
50224,2,1,9,9,9,9,9,9,9,9,9,9
50225,1,1,0,0,12,0,23,0,0,21,0,0
50226,1,1,0,0,0,0,0,0,0,0,0,0
50227,1,1,21,21,21,21,21,21,21,21,21,21
50228,1,1,0,0,0,0,0,0,0,0,0,0
50229,1,1,0,0,0,0,0,0,0,0,0,0
50230,1,1,0,0,0,0,0,0,0,0,0,0
50230,2,1,0,0,0,0,0,0,0,0,0,0
50231,1,1,0,0,0,0,0,0,0,0,0,0
50231,2,1,0,0,0,0,0,0,0,0,0,0
50232,1,1,26,26,26,26,26,26,26,26,26,26
50233,1,1,2,2,2,2,2,2,2,2,2,2
50234,1,1,0,0,0,0,0,0,0,0,0,0
50234,2,1,0,0,0,0,0,0,0,0,0,0
50235,1,1,0,0,0,0,0,0,0,0,0,0
50235,2,1,0,0,0,0,0,0,0,0,0,0
50236,1,1,0,0,0,0,0,0,0,0,0,0
50237,1,1,22,22,22,22,22,22,22,22,22,22
50238,1,1,0,0,0,0,0,0,0,0,0,0
50238,2,1,22,22,22,22,22,22,22,22,22,22
50239,1,1,0,0,0,0,0,0,0,0,0,0
50239,2,1,0,0,0,0,0,0,0,0,0,0
50240,1,1,0,0,0,0,0,0,0,0,0,0
50241,1,1,0,0,0,0,0,0,0,0,0,0
50241,2,1,0,0,0,0,0,0,0,0,0,0
50242,1,1,0,0,0,0,0,0,0,0,0,0
50243,1,1,0,0,0,0,0,0,0,0,0,0
50244,1,1,0,0,0,0,0,0,0,0,0,0
50244,2,1,0,0,15,0,0,0,4,0,0,0
50245,1,1,0,0,0,0,0,0,0,0,0,0
50246,1,1,0,0,0,0,0,0,0,0,0,0
50246,2,1,0,0,0,0,0,0,0,0,0,0
50247,1,1,0,0,0,0,0,0,0,0,0,0
50247,2,1,0,0,0,0,0,0,0,0,0,0
50248,1,1,0,21,35,24,22,0,26,25,25,24
50249,0,1,0,0,0,0,0,0,0,0,0,0
50249,1,1,0,0,0,0,0,0,0,0,0,0
50250,1,1,0,0,0,0,0,0,0,0,0,0
50250,2,1,0,0,0,0,0,0,0,0,0,2
50251,1,1,9,0,17,0,0,0,0,13,0,10
50252,1,1,0,6,0,0,14,0,0,16,0,0
50253,2,1,0,0,0,0,0,0,0,0,0,0
50254,1,1,0,0,0,0,0,0,0,0,0,0
50255,1,1,0,0,0,0,0,0,0,0,0,0
50255,2,1,0,0,0,0,0,0,0,0,0,0
50256,1,1,12,12,12,12,12,12,12,12,12,12
50257,1,1,19,19,19,19,19,19,19,19,19,19
50258,1,1,11,11,11,11,11,11,11,11,11,11
50259,0,1,0,0,0,0,0,0,0,0,0,0
50259,1,1,0,0,0,0,0,0,0,0,0,0
50260,1,1,0,0,0,0,0,0,0,0,0,0
50261,1,1,0,0,0,0,0,0,0,0,0,0
50262,1,1,0,0,0,0,0,0,0,0,0,0
50262,2,1,0,0,0,0,0,0,0,0,0,0
50263,1,1,0,0,0,0,0,0,0,0,0,0
50264,1,1,0,0,0,0,0,0,0,0,0,0
50264,2,1,0,0,0,0,0,0,0,0,0,0
50265,1,1,0,0,0,0,0,0,0,0,0,0
50266,1,1,13,13,13,13,13,13,13,13,13,13
50267,1,1,0,0,0,0,0,0,0,0,0,0
50268,1,1,6,6,6,6,6,6,6,6,6,6
50269,1,1,18,18,18,18,18,18,18,18,18,18
50270,1,1,0,0,0,0,0,0,0,0,0,0
50271,1,1,0,0,0,0,0,0,0,0,0,0
50272,1,1,0,0,0,0,0,0,0,0,0,0
50273,1,1,0,0,0,0,0,0,0,0,0,0
50274,1,1,0,0,0,0,0,0,0,0,0,0
50274,2,1,0,0,0,0,0,0,0,0,0,0
50275,1,1,0,0,0,0,0,0,0,0,0,0
50276,1,1,0,0,0,0,0,0,0,0,0,0
50277,1,1,0,0,0,23,0,31,24,13,0,0
50277,2,1,0,0,0,0,0,0,0,0,0,0
50278,1,1,0,0,0,0,0,0,0,0,0,0
50279,1,1,0,0,0,0,0,0,0,0,0,0
50280,1,1,0,0,0,0,0,0,0,0,0,0
50280,2,1,0,0,0,0,0,0,0,0,5,0
50281,1,1,5,5,5,5,5,5,5,5,5,5
50282,1,1,0,0,0,0,0,0,0,0,0,0
50282,2,1,8,8,8,8,8,8,8,8,8,8
50283,1,1,0,0,0,0,0,0,0,0,0,0
50284,1,1,18,18,18,18,18,18,18,18,18,18
50285,1,1,0,0,0,0,0,0,0,0,0,0
50285,2,1,0,0,0,0,0,0,6,0,0,0
50286,1,1,23,23,23,23,23,23,23,23,23,23
50288,1,1,0,0,0,0,0,0,0,0,0,0
50289,1,1,0,0,31,0,0,17,0,20,0,18
50290,1,1,14,14,14,14,14,14,14,14,14,14
50291,1,1,0,0,0,0,0,0,0,0,0,0
50292,1,1,0,0,0,0,0,0,0,0,0,0
50293,1,1,0,0,0,0,0,0,0,0,0,0
50294,1,1,1,1,1,1,1,1,1,1,1,1
50295,1,1,0,0,0,0,0,0,0,0,0,0
50296,1,1,0,0,0,0,0,0,0,0,0,0
50297,1,1,0,0,0,0,0,0,0,0,0,0
50298,1,1,14,14,14,14,14,14,14,14,14,14
50299,1,1,0,0,0,0,0,0,0,0,0,0
50299,2,1,0,0,0,0,0,0,0,0,0,0
50300,6,3,25,20,17,18,32,26,0,0,22,0
50301,1,1,0,0,0,0,0,0,0,0,0,0
50301,2,1,0,0,0,0,0,0,0,0,0,0
50302,1,1,0,0,0,0,0,0,0,0,0,0
50302,2,1,0,0,0,0,0,0,0,0,0,0
50303,1,1,0,0,0,0,0,0,0,0,0,0
50303,2,1,0,0,0,38,0,0,22,16,0,0
50305,1,1,12,12,12,12,12,12,12,12,12,12
50306,0,1,6,6,6,6,6,6,6,6,6,6
50306,1,1,0,0,0,0,0,0,0,0,0,0
50307,1,1,32,32,32,32,32,32,32,32,32,32
50308,1,1,0,0,0,0,0,0,0,0,0,0
50309,1,1,0,0,0,0,0,0,0,0,0,0
50310,0,1,0,0,0,0,0,0,0,0,0,0
50310,1,1,0,0,0,0,0,0,0,0,0,0
50311,1,1,0,0,0,0,0,0,0,0,0,0
50311,2,1,0,0,0,0,0,0,0,0,0,0
50311,3,1,0,0,0,0,0,0,0,0,0,0
50312,1,1,0,0,0,0,0,0,0,0,0,0
50313,1,1,16,16,16,16,16,16,16,16,16,16
50313,2,1,38,15,0,0,0,0,21,0,0,0
50314,1,1,0,0,0,0,0,0,0,0,0,0
50315,1,1,0,0,0,0,0,0,0,0,0,0
50316,1,1,31,31,31,31,31,31,31,31,31,31
50317,1,1,0,0,0,0,0,0,0,0,0,0
50317,2,1,0,0,0,0,0,0,0,0,0,0
50317,3,1,0,0,0,0,0,0,0,0,0,0
50318,1,1,0,0,0,0,0,0,0,0,0,0
50318,2,1,0,0,0,0,0,0,0,0,0,0
50319,1,1,19,19,19,19,19,19,19,19,19,19
50320,1,1,0,0,0,0,0,0,0,0,0,0
50320,2,1,0,0,0,0,0,0,0,0,0,0
50321,1,1,0,0,0,0,0,0,0,0,0,0
50321,2,1,0,0,0,0,0,0,0,0,0,0
50322,1,1,15,15,15,15,15,15,15,15,15,15
50323,0,1,12,12,12,12,12,12,12,12,12,12
50323,1,1,19,0,0,23,13,0,45,0,0,15
50324,1,1,25,25,25,25,25,25,25,25,25,25
50325,1,1,0,0,0,0,0,0,0,0,0,0
50326,1,1,0,0,0,0,0,0,0,0,0,0
50327,1,1,0,0,0,0,0,0,0,0,0,18
50327,2,1,0,0,0,0,0,0,0,0,0,0
50328,1,1,0,0,0,0,0,0,0,0,0,0
50328,2,1,0,0,0,0,0,0,0,0,0,0
50329,1,1,0,0,0,0,0,0,0,0,0,0
50329,2,1,0,0,0,0,0,0,0,0,0,0
50329,3,1,0,0,0,0,0,0,0,0,0,0
50329,4,1,0,0,0,0,0,0,0,0,0,0
50329,5,1,0,0,0,0,0,0,0,0,0,0
50330,1,1,0,0,0,0,0,0,0,0,0,0
50330,2,1,0,0,0,0,0,0,0,0,0,0