ST_CASE,VEH_NO,PER_NO,P1,P2,P3,P4,P5,P6,P7,P8,P9,P10
50331,1,1,14,14,14,14,14,14,14,14,14,14
50332,1,1,0,0,0,0,0,0,0,0,0,0
50332,2,1,0,0,0,0,0,0,0,0,0,0
50333,1,1,0,0,0,0,0,0,0,0,0,0
50333,2,1,0,0,0,0,0,0,0,29,0,0
50334,1,1,0,0,0,0,0,0,0,0,0,0
50335,1,1,0,0,0,0,0,0,0,0,0,0
50336,1,1,0,0,0,0,0,0,0,0,0,0
50336,2,1,0,0,0,0,0,0,0,0,0,0
50336,3,1,0,0,0,0,0,0,0,0,0,0
50336,4,1,0,0,0,0,0,3,0,0,0,0
50337,1,1,0,0,0,0,0,0,0,0,0,0
50337,2,1,0,0,0,0,0,0,0,0,0,0
50337,3,1,0,0,0,0,0,0,0,0,0,0
50337,4,1,0,0,0,0,0,0,0,0,0,0
50338,0,1,10,10,10,10,10,10,10,10,10,10
50338,1,1,0,0,0,0,0,0,0,0,0,0
50339,0,1,0,0,0,14,0,0,0,0,11,9
50339,1,1,0,0,0,0,0,0,0,0,0,0
50340,0,1,20,33,0,0,21,0,13,24,25,20
50340,1,1,0,0,0,0,0,0,0,0,0,0
50341,1,1,10,10,10,10,10,10,10,10,10,10
50341,2,1,0,0,0,0,0,0,0,0,0,0
50342,1,1,0,0,0,0,0,0,0,0,0,0
50343,1,1,0,0,0,0,0,0,0,0,0,0
50344,1,1,0,0,0,0,0,0,0,0,0,0
50345,1,1,0,0,0,0,0,0,0,0,0,0
50345,2,1,0,0,0,0,0,0,0,0,0,0
50346,1,1,29,29,29,29,29,29,29,29,29,29
50347,1,1,0,0,0,0,0,0,0,0,0,0
50347,2,1,0,0,0,0,0,0,0,0,0,0
50348,1,1,0,0,0,0,0,0,0,0,0,0
50348,2,1,0,0,0,0,0,0,0,0,0,0
50349,1,1,0,0,0,0,0,0,0,0,0,0
50350,1,1,0,0,0,0,0,0,0,0,0,0
50351,1,1,0,0,0,0,0,0,0,0,0,0
50352,1,1,0,0,0,0,0,0,0,0,0,0
50352,2,1,0,0,0,0,0,0,0,0,0,0
50353,1,1,0,0,0,0,0,0,0,0,0,0
50353,2,1,0,0,0,0,0,0,0,0,0,0
50353,3,1,0,0,0,0,0,0,0,0,0,0
50354,1,1,0,0,0,0,0,0,0,0,0,0
50354,2,1,7,7,7,7,7,7,7,7,7,7
50355,1,1,0,0,0,0,0,0,0,0,0,0
50356,1,1,0,0,0,0,0,0,0,0,0,0
50356,2,1,0,0,0,0,0,0,0,0,0,0
50357,1,1,0,0,0,0,0,0,0,0,0,0
50358,1,1,0,16,0,0,0,0,0,17,0,0
50359,1,1,0,0,0,0,0,0,0,0,0,0
50360,1,1,0,0,0,0,0,0,0,0,0,0
50360,2,1,0,0,0,0,0,0,0,0,0,0
50361,1,1,14,14,14,14,14,14,14,14,14,14
50361,2,1,0,0,0,0,0,0,0,0,0,0
50362,0,1,0,0,0,0,0,0,0,0,0,0
50362,1,1,0,0,0,0,0,0,0,0,0,0
50364,1,1,11,11,11,11,11,11,11,11,11,11
50365,1,1,0,0,0,0,0,0,0,0,0,0
50365,2,1,0,0,0,0,0,0,0,0,0,0
50366,1,1,0,0,0,0,0,0,0,0,0,0
50366,2,1,0,0,0,0,0,0,0,0,0,0
50367,0,1,0,0,0,0,0,0,0,0,0,0
50367,1,1,0,0,0,0,0,0,0,0,0,0
50367,2,1,0,0,0,0,0,0,0,0,0,0
50368,1,1,0,0,0,0,0,0,0,0,0,0
50369,1,1,20,20,20,20,20,20,20,20,20,20
50370,1,1,0,0,0,0,0,0,0,0,0,0
50371,1,1,0,0,0,0,0,0,0,0,0,0
50372,0,1,0,6,0,0,0,26,0,17,0,0
50372,1,1,0,0,0,0,0,0,0,0,0,0
50373,1,1,0,0,0,0,0,0,0,0,0,0
50373,2,1,0,0,0,0,0,0,0,0,0,0
50373,3,1,0,0,0,0,0,0,0,0,0,0
50374,1,1,0,9,0,0,0,13,0,0,0,0
50375,0,1,0,0,0,0,6,0,26,17,0,22
50375,0,2,23,16,0,0,12,0,8,25,0,0
50375,1,1,0,0,0,0,11,0,20,0,0,0
50376,1,1,0,0,0,0,0,0,0,0,0,0
50377,1,1,0,0,0,0,0,0,0,0,0,0
50378,1,1,12,12,12,12,12,12,12,12,12,12
50379,1,1,0,0,0,0,0,0,0,0,0,0
50380,1,1,15,15,15,15,15,15,15,15,15,15
50381,1,1,0,0,0,0,0,0,0,0,0,0
50381,2,1,0,0,0,0,0,0,0,0,0,0
50382,1,1,0,0,0,0,0,0,0,0,0,0
50382,2,1,0,0,0,0,0,0,0,0,0,0
50382,3,1,0,0,0,0,0,0,0,0,0,0
50383,1,1,0,0,0,0,0,0,0,0,0,0
50383,2,1,0,0,0,0,0,0,0,0,0,0
50384,1,1,0,0,0,0,0,0,0,0,0,0
50384,2,1,0,0,0,0,0,0,0,0,6,0
50385,1,1,0,0,0,0,0,0,0,0,0,0
50385,2,1,0,0,0,0,0,0,0,0,0,0
50386,1,1,23,23,23,23,23,23,23,23,23,23
50387,1,1,24,24,24,24,24,24,24,24,24,24
50388,1,1,13,13,13,13,13,13,13,13,13,13
50389,1,1,0,0,0,0,0,0,0,0,0,0
50389,2,1,0,0,0,0,0,0,0,0,0,0
50390,1,1,0,0,0,0,0,0,0,0,0,0
50391,1,1,0,0,0,0,0,0,0,0,0,0
50391,2,1,0,0,0,0,0,0,0,0,0,0
50392,1,1,0,0,0,0,0,0,0,0,0,0
50393,1,1,0,0,0,0,0,0,0,0,0,0
50393,2,1,0,0,0,0,0,0,0,0,0,0
50394,1,1,0,0,0,0,0,0,0,0,0,0
50395,1,1,0,0,0,0,0,0,0,0,0,0
50395,2,1,0,0,0,0,0,0,0,0,0,0
50396,1,1,5,5,5,5,5,5,5,5,5,5
50397,1,1,16,16,16,16,16,16,16,16,16,16
50398,1,1,0,0,0,0,0,0,0,0,0,0
50398,2,1,0,0,0,0,0,0,0,0,0,0
50399,1,1,0,0,0,0,0,0,0,0,0,0
50399,2,1,27,27,27,27,27,27,27,27,27,27
50400,1,1,12,12,12,12,12,12,12,12,12,12
50400,2,1,0,0,0,0,0,0,0,0,0,0
50400,3,1,0,0,0,0,0,0,0,0,0,0
50401,1,1,0,0,0,0,0,0,0,0,0,0
50401,2,1,18,18,18,18,18,18,18,18,18,18
50402,1,1,0,0,0,0,0,0,0,0,0,0
50402,2,1,0,0,0,0,0,0,0,0,0,0
50403,1,1,0,0,0,0,0,0,0,0,0,0
50403,2,1,0,0,0,0,0,0,0,0,17,0
50404,1,1,0,0,0,0,0,0,0,0,0,0
50404,2,1,0,0,0,0,0,0,0,0,0,0
50405,1,1,0,0,19,0,0,0,0,0,1,0
50406,1,1,0,0,0,0,0,0,0,0,0,0
50407,1,1,0,0,0,0,0,0,0,0,0,0
50408,1,1,0,0,0,0,0,0,0,0,0,0
50408,2,1,0,0,0,0,0,0,0,0,0,0
50409,1,1,33,33,33,33,33,33,33,33,33,33
50410,1,1,0,0,0,0,0,0,0,0,0,0
50410,2,1,0,0,0,0,0,0,0,0,0,0
50410,3,1,0,0,0,0,0,0,0,0,0,0
50410,4,1,0,0,0,0,0,0,0,0,0,0
50410,5,1,0,0,0,0,0,0,0,0,0,0
50410,6,1,0,0,0,0,0,0,0,0,0,0
50411,1,1,0,0,0,0,0,0,0,0,0,0
50411,2,1,0,0,0,0,0,0,0,0,0,0
50411,3,1,0,0,0,0,0,0,0,0,0,0
50412,1,1,0,0,0,0,0,0,0,0,0,0
50412,2,1,0,0,0,0,0,0,0,0,0,0
50413,1,1,0,0,0,0,0,0,0,0,0,0
50413,2,1,0,0,0,0,0,0,0,0,0,0
50413,3,1,0,0,0,0,0,0,0,0,0,0
50414,1,1,0,0,0,0,0,0,0,0,0,0
50415,0,1,0,38,22,0,21,14,15,17,26,5
50415,1,1,0,0,0,0,0,0,0,0,0,0
50416,1,1,9,9,9,9,9,9,9,9,9,9
50416,2,1,0,0,0,0,0,0,0,0,0,0
50417,1,1,0,0,0,0,0,0,0,0,0,0
50418,1,1,0,0,0,0,0,0,0,0,0,0
50419,1,1,0,0,0,0,0,0,0,0,0,0
50419,2,1,0,0,0,0,0,0,0,0,0,0
50420,1,1,0,0,0,0,0,0,0,0,0,0
50421,1,1,0,0,0,0,24,0,8,0,0,39
50422,1,1,0,0,0,0,0,0,0,0,0,0
50422,2,1,0,0,0,0,0,0,0,0,0,0
50423,1,1,0,0,0,0,0,0,0,0,0,0
50423,2,1,0,0,0,0,0,0,0,0,0,0
50424,1,1,0,0,0,0,0,0,0,0,0,0
50424,2,1,0,0,0,0,0,0,0,0,0,0
50425,1,1,16,16,16,16,16,16,16,16,16,16
50426,0,1,0,0,0,0,0,0,0,0,0,0
50426,1,1,0,0,0,0,0,0,0,0,0,0
50426,2,1,0,0,0,0,0,0,0,0,15,0
50426,3,1,0,0,0,0,0,0,0,0,0,0
50427,1,1,0,0,0,0,0,0,0,0,0,0
50428,1,1,0,0,0,0,0,0,0,0,0,0
50429,1,1,0,0,0,0,0,0,0,0,0,0
50430,1,1,0,0,0,0,0,0,0,0,0,0
50430,2,1,0,0,0,0,0,0,0,0,0,0
50431,1,1,0,0,0,0,0,0,0,0,0,0
50431,2,1,0,0,0,0,0,0,0,0,0,0
50432,1,1,0,0,0,0,0,0,0,0,0,0
50433,1,1,0,0,0,0,0,0,0,0,0,0
50433,2,1,0,0,0,0,0,0,0,0,0,0
50434,1,1,0,0,0,0,0,0,0,0,0,0
50434,2,1,0,0,0,0,0,0,0,0,0,0
50434,3,1,0,0,0,0,0,0,0,0,0,0
50435,1,1,32,32,32,32,32,32,32,32,32,32
50436,1,1,14,14,14,14,14,14,14,14,14,14
50436,2,1,0,0,0,0,0,0,0,0,0,0
50437,1,1,0,0,0,0,0,0,0,0,0,0
50438,0,1,0,10,0,0,0,10,0,0,7,0
50438,1,1,0,0,0,0,0,0,0,0,0,0
50439,1,1,0,0,0,0,0,0,0,0,0,0
50440,1,1,0,0,0,0,0,0,0,0,0,0
50440,2,1,0,0,0,0,0,0,0,0,0,0
50441,1,1,0,0,0,0,0,0,0,0,0,0
50442,1,1,0,0,0,0,0,0,0,0,0,0
50443,1,1,0,0,0,0,0,0,0,0,0,0
50443,2,1,0,0,0,0,0,0,0,0,0,0
50444,1,1,0,0,0,0,0,0,0,0,0,0
50445,1,1,35,35,35,35,35,35,35,35,35,35
50445,2,1,0,0,0,0,0,0,0,0,0,0
50446,1,1,15,15,15,15,15,15,15,15,15,15
50447,0,1,1,1,1,1,1,1,1,1,1,1
50447,1,1,0,0,0,0,0,0,0,0,0,0
50448,1,1,19,19,19,19,19,19,19,19,19,19
50448,2,1,0,0,0,0,0,0,0,0,0,0
50449,1,1,27,27,27,27,27,27,27,27,27,27
50449,2,1,12,12,12,12,12,12,12,12,12,12
50450,1,1,0,0,0,0,0,0,0,0,0,0
50450,2,1,0,0,0,0,0,0,0,0,0,0
50451,1,1,0,0,0,0,0,0,0,0,0,0
50452,0,1,0,0,0,0,0,0,0,0,0,0
50452,1,1,12,12,12,12,12,12,12,12,12,12
50453,1,1,19,19,19,19,19,19,19,19,19,19
50453,2,1,0,0,0,0,0,0,0,0,0,0
50454,1,1,0,0,0,0,0,0,0,0,0,29
50455,1,1,0,0,0,0,0,0,0,0,0,0
50455,2,1,0,0,0,0,0,0,0,0,0,0
50455,3,1,0,0,0,0,0,0,0,0,0,0
50456,1,1,0,0,17,0,0,0,0,0,0,0
50456,2,1,0,0,0,0,0,0,0,0,0,0
50457,0,1,0,0,0,0,0,0,25,0,0,0
50457,1,1,0,9,0,0,0,0,0,0,0,0
50458,0,1,20,0,0,0,0,0,0,0,0,0
50458,2,1,0,0,0,0,0,0,0,0,0,0
50459,1,1,0,0,0,0,0,0,0,0,0,0
50459,2,1,0,0,0,0,0,0,0,0,0,0
50460,1,1,16,16,16,16,16,16,16,16,16,16
50461,1,1,0,0,0,0,0,0,0,0,0,0
50462,0,1,10,18,20,0,19,15,15,27,15,22
50462,1,1,0,0,0,0,21,0,0,0,17,0
50463,1,1,5,5,5,5,5,5,5,5,5,5
50464,1,1,0,0,0,0,0,0,0,0,0,0
50465,1,1,7,7,7,7,7,7,7,7,7,7
50466,1,1,0,0,0,0,0,0,0,0,0,0
50467,1,1,6,6,6,6,6,6,6,6,6,6
50468,1,1,16,16,16,16,16,16,16,16,16,16
50469,0,1,0,0,0,0,0,0,0,0,0,0
50469,1,1,0,0,0,0,0,0,0,0,0,0
50470,1,1,17,17,17,17,17,17,17,17,17,17
50471,1,1,12,12,12,12,12,12,12,12,12,12
50472,1,1,19,19,19,19,19,19,19,19,19,19
50473,1,1,27,27,27,27,27,27,27,27,27,27
50474,0,1,0,0,0,0,0,0,0,0,0,0
50474,1,1,0,0,0,0,0,0,0,0,0,0
50475,1,1,0,0,0,0,0,0,0,0,0,0
50475,2,1,0,0,0,0,0,0,0,0,0,0
50476,0,1,0,0,0,15,0,0,0,0,0,0
50476,1,1,11,7,0,10,0,14,0,0,0,11
50477,1,1,0,0,0,0,0,0,0,0,0,0
50477,2,1,0,0,0,0,0,0,0,0,0,0
50477,3,1,0,0,0,0,0,0,0,0,0,0
50477,4,1,0,0,0,0,0,0,0,0,0,0
50478,1,1,0,0,0,0,0,0,0,0,0,0
50479,1,1,7,7,7,7,7,7,7,7,7,7
50479,2,1,0,0,0,0,0,0,0,0,0,0
50480,1,1,0,0,0,0,0,0,0,0,0,0
50480,2,1,0,0,0,0,0,0,0,0,0,0
50480,3,1,0,0,0,0,0,0,0,0,0,0
50481,1,1,22,0,7,16,18,16,0,0,10,0
50482,1,1,0,0,0,0,0,0,0,0,0,0
50482,2,1,0,0,0,0,0,0,0,0,0,0
50482,3,1,0,0,0,0,0,0,0,0,0,0
50483,1,1,0,0,0,0,0,0,0,0,0,0
50483,2,1,0,0,0,0,0,0,0,0,0,0
50485,0,1,0,18,21,11,0,17,0,40,9,0
50485,1,1,0,0,0,0,0,0,0,0,0,0
50486,1,1,0,0,0,0,0,0,0,0,0,0
50487,0,1,0,0,0,0,0,0,0,0,0,0
50487,1,1,0,0,0,0,0,0,0,0,0,0
50488,1,1,0,0,0,0,0,0,0,0,0,0
50488,2,1,0,0,0,0,0,0,0,0,0,0
50489,1,1,0,0,0,0,0,0,0,0,0,0
50490,1,1,23,9,18,0,17,0,0,14,13,13
50491,1,1,0,0,0,0,0,0,0,0,0,0
50492,0,1,7,7,7,7,7,7,7,7,7,7
50492,0,2,23,23,23,23,23,23,23,23,23,23
50492,1,1,11,11,11,11,11,11,11,11,11,11
50493,1,1,0,0,0,0,0,0,0,0,0,0
50493,2,1,0,0,0,0,28,3,0,0,0,0
50494,0,1,0,0,0,0,0,8,0,10,0,0
50494,1,1,0,0,0,0,0,0,0,0,0,0
50495,0,1,29,29,29,29,29,29,29,29,29,29
50495,1,1,0,0,0,0,0,0,0,0,0,0
50496,1,1,0,0,0,0,0,0,0,0,0,0
50496,2,1,0,0,0,0,0,0,0,0,0,0
50497,1,1,0,0,0,0,0,0,0,0,0,0
50497,2,1,0,0,0,0,0,0,0,0,0,0
50498,1,1,19,19,19,19,19,19,19,19,19,19
50498,2,1,0,0,0,0,0,0,0,0,0,0
50499,1,1,0,0,0,0,0,0,0,0,0,0
50500,1,1,0,0,0,0,0,0,0,0,0,0
50501,1,1,0,0,0,0,0,0,0,0,0,0
50502,0,1,20,20,20,20,20,20,20,20,20,20
50502,1,1,0,0,0,0,0,0,0,0,0,0
50503,1,1,8,8,8,8,8,8,8,8,8,8
50504,1,1,12,0,10,0,0,14,16,18,15,9
50504,2,1,0,0,0,0,0,0,2,0,0,0
50505,1,1,29,12,18,12,18,30,28,25,17,8
50507,1,1,0,0,0,0,0,0,0,0,0,0
50508,1,1,0,0,0,0,0,0,0,0,0,0
50508,2,1,0,0,0,0,0,0,0,0,0,0
50508,3,1,0,0,0,7,0,4,0,8,9,0
50509,0,1,0,0,0,0,0,0,0,0,0,0
50509,0,2,0,0,0,0,0,0,0,0,0,0
50509,1,1,2,2,2,2,2,2,2,2,2,2
50510,1,1,0,0,0,0,0,0,0,0,0,48
50510,2,1,0,0,0,0,0,0,0,0,0,0
80001,0,1,29,29,29,29,29,29,29,29,29,29
80001,1,1,0,0,0,0,0,0,0,0,0,0
80002,1,1,0,0,0,0,0,0,0,0,0,0
80002,2,1,0,0,0,0,0,0,0,0,0,0
80003,1,1,16,16,16,16,16,16,16,16,16,16
80005,1,1,0,0,0,0,0,0,0,0,0,0
80006,1,1,18,18,18,18,18,18,18,18,18,18
80007,1,1,0,0,0,0,0,0,0,0,0,0
80008,1,1,19,19,19,19,19,19,19,19,19,19
80009,1,1,27,27,27,27,27,27,27,27,27,27
80010,0,1,0,0,0,0,0,0,0,0,0,0
80010,1,1,0,0,0,0,0,0,0,0,0,0
80011,1,1,0,0,0,0,0,0,0,0,0,0
80011,2,1,0,0,0,0,0,0,0,0,0,0
80012,0,1,24,24,24,24,24,24,24,24,24,24
80012,1,1,0,0,0,0,0,0,0,16,0,0
80012,2,1,0,0,0,0,0,0,0,0,0,0
80013,1,1,17,12,11,13,20,17,15,16,19,14
80013,2,1,0,0,0,0,0,0,0,0,0,0
80014,1,1,0,0,0,0,0,0,0,0,0,0
80014,2,1,0,0,0,0,0,0,0,0,0,0
80015,1,1,0,0,0,0,0,0,0,0,0,0
80016,1,1,0,0,0,0,0,0,0,0,0,0
80016,2,1,0,0,0,0,0,0,0,0,0,0
80017,1,1,0,0,0,0,0,0,0,3,0,25
80017,2,1,15,15,15,15,15,15,15,15,15,15
80018,1,1,0,0,0,0,0,0,0,0,0,0
80018,2,1,0,0,0,0,0,0,0,0,0,0
80018,3,1,0,0,0,0,0,0,0,0,0,0
80018,4,1,0,0,0,0,0,0,0,0,0,0
80019,0,1,0,0,0,0,0,0,0,0,0,0
80019,1,1,0,0,0,0,0,0,0,0,0,0
80020,1,1,0,0,0,0,0,0,0,0,0,0
80020,2,1,0,0,0,0,0,0,0,0,0,0
80021,1,1,0,0,0,0,0,0,0,0,0,0
80021,2,1,0,0,0,0,0,0,0,0,0,0
80021,3,1,0,0,0,0,0,0,0,0,0,0
80021,4,1,0,0,0,0,0,0,0,0,0,0
80022,0,1,13,13,13,13,13,13,13,13,13,13
80022,1,1,0,23,0,0,0,19,25,0,0,0
80023,1,1,0,0,0,0,0,0,0,0,0,0
80023,2,1,0,0,0,0,0,0,0,0,0,0
80024,0,1,13,36,16,27,18,45,24,31,29,41
80024,1,1,0,29,0,0,18,14,0,0,0,0
80025,1,1,4,4,4,4,4,4,4,4,4,4
80026,1,1,0,0,0,0,0,0,0,0,0,0
80027,1,1,0,0,0,0,0,0,0,0,0,0
80027,2,1,0,0,0,0,0,0,0,0,0,0
80028,1,1,0,0,0,0,0,0,0,0,0,0
80028,2,1,0,0,0,0,0,0,0,0,0,0
80028,3,1,0,0,0,0,0,0,0,0,0,0
80029,1,1,0,0,0,0,0,0,0,0,0,0
80030,1,1,0,0,0,0,0,0,0,0,0,0
80030,2,1,0,0,0,0,0,0,0,0,0,0
80031,1,1,23,23,23,23,23,23,23,23,23,23
80032,1,1,0,18,0,0,0,0,8,0,0,18
80033,1,1,0,0,0,0,0,0,0,0,0,0
80033,2,1,14,0,0,0,0,0,0,0,0,0
80034,1,1,21,21,21,21,21,21,21,21,21,21
80034,2,1,0,0,0,0,0,0,0,0,0,0
80035,1,1,11,11,11,11,11,11,11,11,11,11
80035,2,1,0,0,0,0,0,0,0,0,0,0
80036,1,1,1,1,1,1,1,1,1,1,1,1
80037,0,1,25,25,25,25,25,25,25,25,25,25
80037,1,1,0,17,0,0,0,17,0,0,0,0
80038,1,1,0,0,0,0,0,0,0,0,0,0
80038,2,1,0,0,0,0,0,0,0,0,0,0
80039,1,1,0,0,0,0,0,0,0,0,16,0
80039,2,1,0,0,12,0,0,0,0,0,0,0
80039,3,1,0,0,0,0,0,0,0,0,0,2
80040,1,1,0,0,0,0,0,0,0,0,0,0
80041,0,1,7,0,0,0,0,0,0,0,0,0
80041,0,2,18,0,0,0,9,0,0,0,0,0
80041,1,1,0,0,0,0,0,0,0,0,0,0
80042,1,1,18,18,18,18,18,18,18,18,18,18
80043,1,1,4,4,4,4,4,4,4,4,4,4
80044,1,1,0,0,0,0,0,0,0,0,0,0
80044,2,1,0,0,0,0,0,0,0,0,0,0
80045,1,1,0,0,0,0,0,0,0,0,0,0
80045,2,1,0,0,0,0,0,0,0,0,0,0
80045,3,1,0,0,0,0,0,0,0,0,0,0
80046,0,1,0,0,0,0,0,0,0,0,0,0
80046,1,1,0,0,0,0,0,0,0,0,0,0
80047,1,1,0,0,0,0,0,0,0,0,0,0
80047,2,1,0,0,0,0,0,0,0,0,0,0
80047,3,1,0,0,0,0,0,0,0,0,0,0
80048,1,1,0,0,0,0,0,0,0,0,0,0
80049,1,1,0,0,0,0,0,0,0,0,0,0
80050,1,1,0,13,0,25,0,0,0,0,0,0
80051,1,1,0,0,0,0,0,0,0,0,0,0
80052,1,1,0,0,0,0,0,0,0,0,0,0
80052,2,1,0,0,0,0,0,0,0,0,0,0
80054,1,1,17,17,17,17,17,17,17,17,17,17
80055,1,1,0,0,0,0,0,0,0,0,0,0
80056,1,1,12,12,12,12,12,12,12,12,12,12
80057,1,1,0,0,0,0,0,0,0,0,0,0
80057,2,1,0,0,0,0,0,0,0,0,0,0
80058,1,1,0,0,0,0,0,0,0,0,0,0
80059,0,1,0,0,0,0,0,0,0,0,0,0
80059,1,1,9,9,9,9,9,9,9,9,9,9
80060,1,1,12,12,12,12,12,12,12,12,12,12
80061,1,1,0,0,0,0,0,0,0,0,27,0
80061,2,1,0,0,0,0,0,0,0,0,0,0
80062,0,1,0,0,0,0,0,0,0,0,0,0
80062,1,1,0,0,0,0,0,0,0,0,0,0
80063,0,1,18,18,18,18,18,18,18,18,18,18
80063,1,1,0,0,0,0,0,0,0,0,0,0
80064,1,1,18,18,18,18,18,18,18,18,18,18
80065,0,1,0,0,0,0,0,0,0,0,0,0
80065,1,1,0,0,0,0,0,0,0,0,0,0
80066,1,1,0,0,0,0,0,0,0,0,0,0
80067,1,1,0,0,0,0,0,0,0,0,0,0
80068,1,1,9,9,9,9,9,9,9,9,9,9
80068,2,1,13,13,13,13,13,13,13,13,13,13
80069,1,1,0,0,0,0,0,0,0,0,0,0
80070,1,1,7,7,7,7,7,7,7,7,7,7
80070,2,1,0,0,0,0,0,0,0,0,0,0
80071,0,1,0,0,0,0,0,0,0,0,0,0
80071,0,2,0,0,0,0,0,0,0,0,0,0
80071,0,3,0,0,0,0,0,0,0,0,0,0
80071,1,1,17,0,0,0,0,0,0,0,0,0
80072,1,1,0,0,0,0,0,0,0,0,0,0
80072,2,1,0,0,9,0,0,41,0,0,0,0
80073,1,1,0,0,0,0,0,0,0,0,0,16
80073,2,1,0,0,0,0,0,0,0,0,0,0
80074,1,1,23,0,0,20,0,0,0,0,0,0
80074,2,1,0,0,0,0,0,0,0,0,0,0
80075,1,2,16,16,16,16,16,16,16,16,16,16
80076,1,1,30,30,30,30,30,30,30,30,30,30
80077,1,1,0,10,0,0,0,0,0,0,0,0
80077,2,1,0,0,0,0,0,0,0,0,0,0
80077,3,1,0,0,0,0,0,0,0,0,0,0
80078,1,1,0,0,0,0,0,0,0,0,0,0
80078,2,1,0,0,0,0,0,0,0,0,0,0
80079,1,1,0,0,0,0,0,0,0,0,0,0
80079,2,1,0,0,0,0,0,7,0,0,0,0
80080,0,1,18,18,18,18,18,18,18,18,18,18
80080,1,1,0,0,0,24,0,0,0,0,0,0
80081,1,1,0,0,0,0,0,0,0,0,0,0
80082,0,1,18,18,18,18,18,18,18,18,18,18
80082,1,1,11,11,11,11,11,11,11,11,11,11
80083,1,1,0,0,0,0,0,0,0,0,0,0
80083,2,1,0,0,0,0,0,0,0,8,0,0
80084,1,1,0,0,0,0,0,0,0,0,0,0
80085,1,1,0,0,0,18,0,0,0,0,0,0
80086,1,1,0,0,0,0,0,0,0,0,0,0
80087,1,1,0,0,0,0,0,0,0,0,0,0
80087,2,1,0,0,0,0,0,0,0,0,0,0
80088,1,1,0,0,0,0,0,0,0,0,0,0
80088,2,1,0,0,0,0,0,0,0,0,0,0
80089,1,1,19,19,19,19,19,19,19,19,19,19
80090,1,1,24,24,24,24,24,24,24,24,24,24
80091,1,1,22,22,22,22,22,22,22,22,22,22
80092,0,1,0,0,0,0,0,0,0,0,0,0
80092,0,2,0,0,0,0,0,0,0,0,0,0
80092,1,1,0,0,0,0,0,0,0,0,0,0
80093,1,1,25,25,25,25,25,25,25,25,25,25
80093,2,1,0,0,0,0,0,0,0,0,0,0
80094,1,1,22,22,22,22,22,22,22,22,22,22
80094,2,1,0,0,0,0,0,0,0,0,0,0
80095,1,1,13,13,13,13,13,13,13,13,13,13
80096,1,1,0,0,0,0,0,0,0,0,0,0
80096,2,1,0,0,0,0,0,0,0,0,0,0
80097,1,1,14,14,14,14,14,14,14,14,14,14
80098,1,1,16,16,16,16,16,16,16,16,16,16
80099,0,1,6,6,6,6,6,6,6,6,6,6
80099,1,1,14,14,14,14,14,14,14,14,14,14
80099,2,1,0,0,0,0,0,0,0,0,0,0
80100,0,1,0,0,0,0,0,0,0,0,0,0
80100,1,1,19,19,19,19,19,19,19,19,19,19
80101,0,1,29,29,29,29,29,29,29,29,29,29
80101,1,1,0,0,0,0,0,0,0,0,0,0
80102,1,1,16,16,16,16,16,16,16,16,16,16
80103,1,1,0,0,0,0,0,0,0,0,0,0
80104,1,1,0,0,0,0,0,0,0,0,0,0
80105,0,1,0,19,0,0,20,8,0,0,0,12
80105,1,1,0,0,0,0,0,0,0,0,0,0
80106,1,1,22,22,22,22,22,22,22,22,22,22
80106,2,1,0,0,22,0,0,0,0,0,0,0
80107,1,1,0,0,0,0,0,0,0,0,0,0
80108,1,1,5,5,5,5,5,5,5,5,5,5
80109,1,1,0,0,0,0,0,0,0,0,0,0
80110,1,1,0,0,0,0,0,0,0,0,0,0
80111,1,1,0,0,0,0,0,0,0,0,0,0
80111,2,1,0,0,0,0,0,0,0,0,0,0
80112,1,1,32,32,32,32,32,32,32,32,32,32
80112,2,1,0,0,0,0,0,0,0,0,0,0
80112,3,1,0,0,0,0,0,0,0,0,0,0
80113,0,1,16,16,16,16,16,16,16,16,16,16
80113,1,1,0,0,12,0,0,0,0,0,0,0
80114,1,1,0,0,0,0,0,0,0,0,0,0
80114,2,1,0,0,0,0,0,0,0,0,0,0
80115,1,1,0,0,0,0,0,0,0,0,0,0
80115,2,1,0,0,0,0,0,0,0,0,0,0
80115,3,1,0,0,0,0,0,0,0,0,0,0
80116,1,1,0,0,0,0,0,0,10,0,0,0
80116,2,1,0,0,0,0,0,0,0,0,0,0
80117,1,1,0,0,11,15,0,14,3,0,0,42
80118,1,1,22,0,0,0,0,12,0,16,6,19
80119,0,1,0,0,0,0,0,0,0,0,0,8
80119,1,1,0,0,0,0,0,0,0,0,0,0
80119,2,1,0,0,0,0,0,0,0,0,0,0
80119,3,1,0,0,0,0,0,0,0,0,0,0
80119,4,1,0,0,0,0,0,0,0,0,0,0
80120,1,1,21,21,21,21,21,21,21,21,21,21
80120,2,1,0,0,0,0,0,0,3,0,0,0
80121,1,1,13,13,13,13,13,13,13,13,13,13
80122,1,1,0,0,0,0,0,0,0,0,0,0
80122,2,1,0,0,0,0,0,0,0,0,0,0
80123,1,1,6,6,6,6,6,6,6,6,6,6
80124,1,1,0,0,0,0,0,0,0,0,0,0
80125,1,1,32,32,32,32,32,32,32,32,32,32
80126,0,1,0,0,0,0,0,0,0,0,0,0
80126,2,1,0,0,0,0,0,0,0,0,0,0
80127,1,1,21,21,21,21,21,21,21,21,21,21
80128,1,1,0,0,0,0,0,0,0,0,0,0
80128,2,1,0,0,0,0,0,0,0,0,0,0
80129,1,1,0,0,0,0,0,0,0,0,0,0
80129,2,1,0,0,0,0,0,0,0,0,0,0
80130,1,1,4,4,4,4,4,4,4,4,4,4
80130,2,1,0,0,0,0,0,0,0,0,0,0
80131,1,1,0,0,0,0,0,0,0,0,0,0
80131,2,1,0,0,0,0,0,0,0,0,0,0
80132,1,1,13,0,0,0,0,0,0,0,0,0
80133,1,1,0,0,0,0,0,0,0,0,0,0
80134,1,1,0,0,0,0,7,20,0,0,0,4
80134,2,1,0,0,0,0,0,10,0,0,0,0
80135,1,1,12,12,12,12,12,12,12,12,12,12
80136,1,1,6,6,6,6,6,6,6,6,6,6