ST_CASE,VEH_NO,PER_NO,P1,P2,P3,P4,P5,P6,P7,P8,P9,P10
80137,1,1,18,18,18,18,18,18,18,18,18,18
80138,1,1,0,0,0,0,0,0,0,0,0,0
80138,2,1,0,0,0,0,0,0,0,0,0,0
80139,1,1,0,0,0,0,0,0,0,0,0,0
80139,2,1,0,0,0,0,0,0,0,0,0,0
80140,1,1,25,25,25,25,25,25,25,25,25,25
80141,1,1,9,9,9,9,9,9,9,9,9,9
80141,2,1,0,0,0,0,0,0,0,0,0,0
80142,1,1,0,0,0,0,0,0,0,0,0,0
80142,2,1,14,12,7,8,3,19,4,23,16,0
80143,1,1,37,37,37,37,37,37,37,37,37,37
80143,2,1,0,0,0,0,0,0,0,0,0,0
80144,0,1,0,19,29,24,0,0,0,0,0,0
80144,0,2,0,0,0,0,0,0,0,0,0,0
80144,1,1,25,25,25,25,25,25,25,25,25,25
80145,1,1,11,11,11,11,11,11,11,11,11,11
80146,0,1,0,0,0,0,0,0,0,0,0,0
80146,1,1,0,0,0,0,0,0,0,0,0,0
80147,0,1,0,0,0,0,0,0,0,0,0,0
80147,1,1,0,0,0,0,17,3,0,0,0,0
80148,1,1,0,0,0,0,0,0,0,0,0,0
80149,1,1,0,0,0,0,0,0,0,0,0,0
80149,2,1,0,0,0,0,0,0,0,0,0,0
80150,1,1,0,0,0,0,0,0,0,0,0,0
80150,2,1,0,0,0,0,0,0,0,0,0,0
80151,1,1,0,0,0,0,0,0,0,0,0,0
80152,1,1,0,0,0,0,0,0,0,0,0,0
80152,2,1,0,0,0,0,0,0,0,0,0,0
80153,0,1,0,0,0,0,0,0,0,0,0,0
80153,1,1,0,0,0,13,0,20,0,32,0,11
80154,1,1,3,3,3,3,3,3,3,3,3,3
80155,1,1,0,0,0,0,0,0,0,0,0,0
80156,1,1,0,0,0,0,0,0,0,0,0,0
80156,2,1,0,0,0,0,0,0,0,0,0,0
80157,1,1,0,0,0,0,0,0,0,0,0,0
80157,2,1,0,0,0,0,0,0,0,0,0,0
80158,1,1,0,0,0,0,0,0,0,0,0,0
80159,1,1,0,0,0,0,0,0,0,0,0,0
80160,1,1,9,0,0,6,10,15,0,0,0,0
80160,2,1,0,0,4,0,0,0,0,0,0,12
80160,3,1,0,0,0,0,0,0,0,0,0,0
80160,4,1,0,12,0,9,0,29,0,8,0,0
80161,1,1,21,21,21,21,21,21,21,21,21,21
80162,1,1,0,0,0,0,0,0,0,0,0,0
80162,2,1,0,0,0,0,0,0,0,0,0,0
80163,1,1,0,0,0,0,0,0,0,0,0,0
80164,0,1,0,18,0,0,0,0,16,0,0,0
80164,1,1,29,24,4,9,16,14,12,7,28,9
80165,1,1,0,0,0,0,0,0,0,0,0,0
80165,2,1,0,0,0,0,0,0,0,0,0,0
80166,1,1,0,0,0,0,0,0,0,0,0,0
80167,1,1,0,0,0,0,0,0,20,0,4,0
80168,1,1,18,18,18,18,18,18,18,18,18,18
80170,1,1,0,0,0,0,0,0,0,0,0,0
80171,1,1,4,4,4,4,4,4,4,4,4,4
80171,2,1,0,0,0,0,0,0,0,0,0,0
80172,1,1,0,0,0,0,0,0,0,0,10,0
80172,2,1,0,0,0,0,0,0,24,0,6,0
80173,0,1,0,0,0,0,0,0,0,0,0,0
80173,1,1,0,0,8,0,0,0,0,0,0,0
80174,1,1,0,0,0,0,0,0,0,0,0,12
80174,2,1,0,0,0,0,0,0,0,0,0,0
80175,1,1,0,0,0,0,0,0,0,0,0,0
80175,2,1,0,0,0,0,0,0,0,0,0,0
80176,1,1,0,0,0,0,0,0,0,0,0,0
80177,1,1,0,0,0,0,0,0,0,0,0,0
80178,1,1,13,13,13,13,13,13,13,13,13,13
80179,0,1,0,0,0,0,0,0,0,0,0,0
80179,0,2,0,0,0,0,0,0,0,0,0,0
80179,0,3,0,0,0,0,0,4,0,0,0,0
80179,1,1,0,0,0,0,0,0,0,0,0,0
80180,1,1,16,16,16,16,16,16,16,16,16,16
80181,1,1,18,14,10,7,14,12,9,22,6,15
80182,0,1,0,0,0,0,0,0,0,0,0,0
80182,0,2,0,0,0,0,0,0,0,0,0,0
80182,1,1,0,0,6,0,0,0,0,0,0,0
80183,1,1,21,21,21,21,21,21,21,21,21,21
80183,2,1,0,0,0,0,0,0,0,0,0,0
80184,1,1,0,0,0,2,0,0,0,4,0,0
80185,0,1,0,0,0,0,0,0,0,0,0,0
80185,1,1,0,0,0,0,0,0,0,0,0,0
80186,1,1,0,0,0,0,0,0,0,0,0,0
80186,2,1,0,0,0,0,0,0,0,0,0,0
80187,1,1,16,16,16,16,16,16,16,16,16,16
80188,1,1,27,27,27,27,27,27,27,27,27,27
80189,1,1,14,14,14,14,14,14,14,14,14,14
80190,1,1,0,0,0,0,0,0,0,0,0,0
80190,2,1,0,0,0,0,0,0,0,0,0,0
80191,1,1,31,31,31,31,31,31,31,31,31,31
80192,1,1,18,18,18,18,18,18,18,18,18,18
80193,1,1,8,8,8,8,8,8,8,8,8,8
80194,1,1,0,16,0,0,0,0,0,0,0,0
80195,1,1,0,0,0,0,0,0,0,0,0,0
80196,1,1,0,0,0,0,0,0,0,0,0,0
80197,1,1,18,18,18,18,18,18,18,18,18,18
80198,1,1,21,21,21,21,21,21,21,21,21,21
80199,1,1,19,19,19,19,19,19,19,19,19,19
80200,0,1,0,0,0,0,0,0,0,0,0,0
80200,0,2,0,0,0,0,0,0,0,0,0,0
80200,1,1,0,0,0,0,0,0,0,0,0,0
80201,0,1,0,0,0,0,0,0,0,0,0,0
80201,1,1,0,0,0,0,37,0,0,0,0,22
80202,0,1,37,37,37,37,37,37,37,37,37,37
80202,1,1,0,0,0,0,0,0,0,0,0,0
80202,2,1,0,0,0,0,0,0,0,0,0,0
80202,3,1,0,0,0,14,0,9,0,0,0,20
80203,1,1,0,0,0,0,0,0,0,0,0,0
80203,2,1,0,0,0,0,0,0,0,0,0,0
80204,1,1,0,0,0,0,0,0,0,0,0,0
80204,2,1,0,0,0,0,0,0,0,0,0,0
80205,1,1,0,11,0,21,0,0,0,0,4,16
80205,2,1,0,0,0,0,0,0,0,0,0,0
80206,1,1,0,0,0,0,0,0,0,0,0,0
80206,2,1,0,0,0,0,0,0,0,0,0,0
80207,0,1,7,0,0,0,0,0,0,0,0,0
80207,1,1,0,0,0,0,0,0,0,0,0,0
80208,1,1,0,0,0,0,0,0,0,0,0,0
80208,2,1,0,0,0,11,0,0,0,0,0,0
80209,1,1,0,0,0,0,0,0,0,0,0,0
80210,1,1,0,0,0,0,0,0,0,0,0,0
80210,2,1,0,0,0,0,0,0,0,0,0,0
80211,1,1,0,0,0,0,0,0,0,0,0,0
80212,1,1,23,23,23,23,23,23,23,23,23,23
80213,1,1,0,0,0,0,0,0,0,0,0,0
80213,2,1,0,0,0,0,0,0,0,0,0,0
80214,0,1,34,34,34,34,34,34,34,34,34,34
80214,1,1,0,0,0,0,0,0,0,0,0,12
80215,1,1,14,14,14,14,14,14,14,14,14,14
80216,0,1,10,10,10,10,10,10,10,10,10,10
80216,1,1,12,20,0,26,0,23,26,0,0,0
80217,1,1,0,0,0,0,0,0,0,0,0,0
80218,0,1,0,0,0,0,0,0,0,0,0,0
80218,1,1,0,0,0,0,0,0,0,0,0,0
80219,1,1,0,0,0,0,0,0,0,0,0,0
80220,1,1,0,0,0,0,0,0,0,0,0,0
80221,1,1,0,0,0,0,0,0,0,0,0,0
80222,1,1,0,0,26,0,0,0,0,0,0,0
80222,2,1,0,8,0,0,0,0,0,0,0,0
80222,3,1,0,0,0,0,0,0,0,0,0,0
80223,1,1,0,0,0,0,0,0,0,0,0,0
80224,0,1,28,28,28,28,28,28,28,28,28,28
80224,1,1,0,19,0,0,5,0,0,19,0,0
80225,1,1,0,0,0,0,0,0,0,0,0,0
80225,2,1,0,0,0,0,0,0,0,0,0,0
80226,1,1,6,6,6,6,6,6,6,6,6,6
80227,1,1,17,0,0,0,0,0,0,0,0,0
80227,2,1,0,0,0,0,0,0,0,0,0,0
80228,0,1,0,0,0,0,0,0,0,0,0,0
80228,1,1,0,0,0,0,0,0,0,0,0,0
80228,2,1,0,0,0,0,0,0,0,0,0,0
80228,3,1,0,0,0,0,0,0,0,0,0,0
80228,4,1,0,0,0,0,0,0,0,0,0,0
80228,5,1,0,0,0,0,0,0,0,0,0,0
80229,1,1,0,0,0,0,0,0,0,0,0,0
80229,2,1,0,0,0,0,0,0,0,0,0,0
80230,1,1,0,0,0,0,0,0,0,0,0,0
80230,2,1,0,0,0,0,0,0,0,0,0,0
80231,1,1,25,25,25,25,25,25,25,25,25,25
80232,1,1,0,0,0,0,0,0,0,0,0,0
80232,2,1,0,0,0,0,0,0,0,0,0,0
80233,1,1,0,0,0,0,0,0,0,0,0,0
80233,2,1,0,0,0,3,0,0,0,0,0,11
80234,1,1,10,0,0,12,13,0,4,0,0,0
80235,1,1,3,3,3,3,3,3,3,3,3,3
80235,2,1,0,0,0,0,0,0,0,0,0,0
80236,1,1,0,13,0,0,0,0,0,0,0,0
80237,1,1,0,0,0,0,0,0,0,0,0,0
80238,1,1,18,18,18,18,18,18,18,18,18,18
80239,1,1,10,10,10,10,10,10,10,10,10,10
80239,2,1,0,0,0,0,0,0,0,0,0,0
80240,1,1,19,19,19,19,19,19,19,19,19,19
80240,2,1,0,0,0,0,0,0,0,0,0,0
80240,3,1,0,0,0,0,0,0,0,0,0,0
80241,1,1,28,28,28,28,28,28,28,28,28,28
80242,1,1,0,0,0,0,0,0,0,0,0,0
80242,2,1,0,0,0,0,0,0,0,0,0,0
80243,1,1,0,0,0,0,0,0,0,0,0,0
80243,2,1,0,0,0,0,0,0,0,0,0,0
80244,0,1,35,35,35,35,35,35,35,35,35,35
80244,1,1,0,0,0,0,0,0,0,8,0,0
80245,1,1,0,0,0,0,0,0,0,0,0,0
80246,1,1,21,0,0,0,20,0,0,0,16,0
80247,1,1,0,0,0,0,0,0,0,0,0,0
80247,2,1,0,0,0,0,0,0,0,0,0,0
80247,3,1,0,0,0,0,0,0,0,0,0,0
80247,4,1,0,0,0,0,0,0,0,0,0,0
80248,1,1,2,2,2,2,2,2,2,2,2,2
80249,1,1,5,5,5,5,5,5,5,5,5,5
80250,1,1,0,0,0,0,0,0,0,0,0,0
80250,2,1,0,0,0,0,0,0,0,0,0,0
80251,1,1,0,0,0,0,0,0,0,0,0,0
80252,1,1,0,0,0,0,0,0,0,0,0,0
80252,2,1,0,0,0,0,0,0,0,0,0,0
80253,1,1,0,0,0,0,0,0,0,0,0,0
80254,1,1,29,14,45,17,17,0,16,19,0,0
80255,0,1,0,0,0,0,0,0,0,0,0,0
80255,1,1,0,0,0,0,0,0,0,0,0,0
80256,1,1,2,2,2,2,2,2,2,2,2,2
80257,1,1,18,0,1,0,0,0,0,9,6,10
80257,2,1,0,0,0,0,0,0,0,0,0,0
80258,1,1,0,0,0,0,0,0,0,0,0,0
80258,2,1,0,0,0,0,0,0,0,0,0,0
80259,1,1,0,0,0,0,0,0,0,0,0,0
80259,2,1,0,0,0,0,0,0,0,0,0,0
80260,0,1,8,8,8,8,8,8,8,8,8,8
80260,1,1,0,0,0,0,0,0,0,0,0,0
80261,1,1,0,0,0,0,0,0,0,0,0,0
80261,2,1,2,2,2,2,2,2,2,2,2,2
80262,0,1,0,0,0,0,0,0,0,0,0,0
80262,1,1,16,16,16,16,16,16,16,16,16,16
80263,0,1,8,0,13,13,37,0,19,15,23,9
80263,0,2,21,21,21,21,21,21,21,21,21,21
80263,1,1,8,10,18,6,8,11,12,0,19,30
80264,1,1,10,10,10,10,10,10,10,10,10,10
80265,1,1,0,0,0,0,0,0,0,0,0,0
80266,1,1,8,8,8,8,8,8,8,8,8,8
80266,2,1,16,15,14,12,9,12,11,0,0,39
80266,3,1,17,23,9,10,17,14,11,2,39,4
80267,0,1,0,0,0,0,0,0,0,0,0,0
80267,1,1,0,0,0,0,0,0,0,0,0,0
80268,1,1,0,0,0,0,0,0,0,0,0,0
80269,1,1,0,0,0,0,0,0,0,0,0,0
80269,2,1,0,0,0,0,0,0,0,0,0,0
80270,1,1,0,0,0,0,0,0,0,0,0,0
80270,2,1,0,0,0,0,0,0,0,0,0,0
80271,0,1,28,28,28,28,28,28,28,28,28,28
80271,1,1,0,0,0,0,0,0,0,0,0,0
80272,1,1,28,28,28,28,28,28,28,28,28,28
80273,1,1,0,0,0,0,0,0,0,0,0,0
80273,2,1,0,0,0,0,0,0,0,0,0,0
80274,0,1,0,0,0,0,0,0,0,0,0,0
80274,1,1,0,19,0,0,0,0,33,24,0,11
80275,1,1,4,4,4,4,4,4,4,4,4,4
80275,2,1,0,0,0,0,0,0,0,0,0,0
80275,3,1,0,0,0,0,0,0,0,0,0,0
80276,0,1,0,0,0,0,0,0,0,0,0,0
80276,1,1,0,0,0,0,0,0,0,0,0,0
80277,1,1,0,0,0,0,0,0,0,0,0,0
80277,2,1,0,0,0,0,0,0,0,0,0,0
80278,0,1,0,0,0,0,0,0,0,0,0,0
80279,1,1,19,19,19,19,19,19,19,19,19,19
80279,2,1,0,0,0,0,0,0,0,0,0,0
80280,1,1,16,16,16,16,16,16,16,16,16,16
80281,0,1,12,23,14,13,25,17,22,21,12,8
80281,1,1,9,0,0,0,0,0,0,0,0,0
80282,1,1,33,33,33,33,33,33,33,33,33,33
80282,2,1,0,0,0,0,0,0,0,0,0,0
80283,1,1,0,0,0,0,0,0,0,0,0,0
80283,2,1,0,0,0,0,0,0,0,0,0,8
80284,0,1,0,0,0,0,0,0,0,0,0,0
80284,1,1,0,0,0,0,0,0,0,0,0,0
80285,1,1,21,21,21,21,21,21,21,21,21,21
80286,1,1,0,0,0,0,0,0,0,0,0,0
80287,1,1,0,0,0,0,0,0,0,0,0,0
80288,1,1,0,0,0,0,0,0,0,0,0,0
80288,2,1,21,0,0,0,0,0,0,0,0,0
80289,1,1,0,0,0,0,0,0,0,0,0,0
80289,2,1,0,0,0,12,0,0,0,0,0,0
80289,3,1,2,2,2,2,2,2,2,2,2,2
80290,1,1,19,22,20,14,0,0,25,21,25,23
80291,1,1,0,0,0,0,0,0,0,0,0,0
80292,1,1,18,18,18,18,18,18,18,18,18,18
80293,1,1,0,0,0,0,0,0,0,0,0,0
80294,1,1,10,10,10,10,10,10,10,10,10,10
80295,1,1,0,0,0,0,0,0,0,0,0,0
80296,1,1,0,0,0,0,0,0,0,0,0,0
80297,0,1,8,8,8,8,8,8,8,8,8,8
80297,1,1,15,15,15,15,15,15,15,15,15,15
80297,2,1,0,0,0,0,11,0,0,0,0,0
80297,3,1,18,0,18,0,0,14,0,0,0,0
80298,1,1,19,19,19,19,19,19,19,19,19,19
80299,1,1,0,0,0,0,0,0,0,0,0,0
80300,1,1,0,0,0,0,0,0,0,0,0,0
80300,2,1,7,7,7,7,7,7,7,7,7,7
80301,1,1,29,29,29,29,29,29,29,29,29,29
80302,0,1,17,17,17,17,17,17,17,17,17,17
80302,1,1,0,0,26,0,15,0,0,16,0,0
80303,1,1,0,0,0,0,0,0,0,0,0,0
80304,1,1,0,0,0,0,0,0,0,0,0,0
80304,2,1,0,0,0,11,0,0,0,0,0,0
80305,1,1,0,0,0,0,0,0,0,0,0,0
80306,0,1,0,0,0,0,0,0,0,0,0,0
80306,1,1,0,0,0,0,0,0,0,0,0,0
80307,1,1,0,0,0,0,0,0,0,0,0,0
80307,2,1,0,0,0,0,0,0,0,0,0,0
80308,1,1,4,4,4,4,4,4,4,4,4,4
80308,2,1,0,0,0,0,0,0,0,0,0,0
80309,1,1,9,9,9,9,9,9,9,9,9,9
80310,1,1,9,9,9,9,9,9,9,9,9,9
80311,1,1,0,0,0,0,0,5,0,0,0,0
80311,2,1,0,0,0,0,0,0,0,0,0,0
80312,1,1,0,0,0,0,0,0,0,0,0,0
80313,1,1,11,11,11,11,11,11,11,11,11,11
80313,2,1,0,0,0,0,0,0,0,0,0,0
80314,1,1,0,0,0,0,0,0,0,0,0,0
80315,1,1,0,0,0,0,0,0,0,0,0,0
80315,2,1,0,0,0,0,0,0,0,0,0,0
80316,0,1,0,0,0,5,0,18,0,12,0,0
80316,1,1,0,0,0,0,0,0,0,0,18,0
80317,1,1,1,1,1,1,1,1,1,1,1,1
80317,2,1,0,0,0,0,0,0,0,0,0,0
80318,0,1,15,15,15,15,15,15,15,15,15,15
80318,1,1,0,0,0,0,0,0,0,0,0,0
80319,1,1,0,0,0,0,0,0,0,0,0,0
80320,1,1,0,0,0,0,0,0,0,0,0,0
80321,1,1,4,4,4,4,4,4,4,4,4,4
80322,1,1,0,0,0,0,0,0,0,0,0,0
80322,2,1,0,0,0,0,0,0,0,0,0,0
80322,3,1,0,0,0,0,0,0,0,0,0,0
80323,1,1,0,0,0,0,0,0,0,0,0,0
80323,2,1,0,0,0,0,0,0,0,0,0,0
80323,3,1,0,0,0,0,0,0,0,0,0,0
80324,1,1,0,0,0,0,0,0,0,0,0,0
80325,1,1,0,0,0,0,0,0,0,0,0,11
80325,2,1,0,0,0,0,0,0,0,0,6,0
80326,1,1,8,8,8,8,8,8,8,8,8,8
80327,1,1,23,23,23,23,23,23,23,23,23,23
80328,1,1,0,0,0,0,0,0,0,0,0,0
80328,2,1,0,0,0,0,0,0,0,0,0,0
80329,1,1,2,2,2,2,2,2,2,2,2,2
80329,2,1,0,0,0,0,0,0,0,0,0,0
80330,1,1,0,0,0,0,0,0,0,0,0,0
80331,1,1,0,0,0,0,0,0,0,0,0,0
80332,1,1,0,0,0,0,0,0,0,0,0,0
80333,1,1,0,0,0,0,0,0,0,0,0,0
80334,1,1,19,19,19,19,19,19,19,19,19,19
80334,2,1,0,0,0,0,0,0,0,0,0,0
80335,1,1,0,0,0,0,0,0,0,0,0,0
80335,2,1,0,0,0,0,0,0,0,0,0,0
80335,3,1,0,0,0,0,0,0,0,0,0,0
80335,4,1,0,0,0,0,0,0,0,0,14,0
80336,1,1,0,0,0,0,0,6,0,0,0,0
80336,2,1,0,0,0,0,0,0,0,0,0,0
80337,1,1,0,14,17,20,22,0,20,32,13,26
80338,1,1,33,33,33,33,33,33,33,33,33,33
80338,2,1,0,0,0,0,0,0,0,0,0,0
80338,3,1,0,0,0,0,0,0,0,0,0,0
80339,1,1,15,15,15,15,15,15,15,15,15,15
80340,1,1,0,0,0,0,0,0,0,0,0,0
80340,2,1,0,0,0,0,0,0,0,0,0,0
80341,1,1,0,0,0,0,0,0,0,0,0,0
80341,2,1,0,0,0,0,7,0,0,0,0,0
80342,1,1,0,0,0,0,0,0,0,0,0,0
80343,1,1,0,0,0,0,0,0,0,0,0,0
80343,2,1,0,0,0,0,0,0,0,0,0,0
80344,1,1,0,0,0,0,0,0,0,0,0,0
80345,1,1,30,30,30,30,30,30,30,30,30,30
80345,2,1,0,0,0,0,0,0,0,0,0,0
80346,1,1,1,1,1,1,1,1,1,1,1,1
80346,2,1,0,0,0,0,0,0,0,0,0,0
80347,1,1,0,0,0,0,0,0,0,0,0,0
80347,2,1,0,0,0,0,0,0,0,0,0,0
80348,0,1,34,34,34,34,34,34,34,34,34,34
80348,1,1,0,0,0,0,0,0,0,0,0,12
80349,0,1,9,9,9,9,9,9,9,9,9,9
80349,1,1,0,0,0,0,0,0,0,0,0,0
80350,0,1,2,2,2,2,2,2,2,2,2,2
80350,1,1,0,0,0,0,0,0,16,6,10,0
80351,1,1,0,0,0,0,0,0,0,0,0,0
80352,0,1,0,0,0,0,0,0,0,0,0,0
80352,1,1,0,0,0,0,0,0,0,0,0,0
80353,0,1,19,19,19,19,19,19,19,19,19,19
80353,1,1,19,47,5,0,0,0,0,0,0,0
80354,1,1,0,0,0,0,0,0,0,0,0,0
80354,2,1,0,0,0,0,0,0,0,0,0,0
80355,1,1,0,14,0,0,0,0,0,0,0,0
80355,2,1,0,0,0,0,0,0,0,0,0,0
80356,0,1,2,2,2,2,2,2,2,2,2,2
80356,1,1,0,0,0,0,0,4,0,22,0,0
80357,1,1,21,21,21,21,21,21,21,21,21,21
80358,0,1,18,18,18,18,18,18,18,18,18,18
80358,1,1,0,0,0,0,5,0,0,9,0,10
80359,1,1,0,0,0,0,0,0,0,0,0,0
80359,2,1,0,0,0,0,0,0,0,14,0,0
80360,1,1,0,0,0,0,0,0,0,0,0,0
80361,1,1,17,17,17,17,17,17,17,17,17,17
80362,0,1,0,0,0,0,0,0,0,0,0,0
80362,0,2,0,0,0,0,0,0,0,0,0,0
80362,0,3,0,0,0,0,0,0,0,0,0,0
80362,1,1,0,0,0,0,0,0,0,0,0,0
80363,1,1,0,0,0,0,0,0,0,0,0,0
80363,2,1,0,0,0,0,0,0,0,0,0,0
80364,1,1,16,16,16,16,16,16,16,16,16,16
80365,1,1,0,30,2,0,7,24,9,0,16,6
80365,2,1,0,0,0,0,0,0,0,0,0,0
80366,1,1,0,0,0,0,0,0,0,0,0,0
80366,2,1,0,0,0,0,0,0,0,0,0,0
80367,1,1,11,11,11,11,11,11,11,11,11,11
80367,2,1,0,0,0,0,0,0,0,0,0,0
80368,1,1,0,0,0,0,0,0,0,0,0,0
80368,2,1,0,0,0,0,0,0,0,0,0,0
80369,0,1,0,0,0,0,0,0,0,0,0,0
80369,1,1,0,0,0,0,0,0,0,0,0,0
80370,0,1,4,4,4,4,4,4,4,4,4,4
80370,1,1,0,0,0,0,0,0,0,0,0,0
80371,0,1,31,31,31,31,31,31,31,31,31,31
80371,1,1,0,0,0,15,0,0,0,13,0,0
80372,1,1,0,0,0,0,0,0,0,0,0,0
80372,2,1,0,0,0,0,0,0,0,0,0,0
80373,1,1,0,0,0,0,0,0,0,0,0,0
80373,2,1,19,19,19,19,19,19,19,19,19,19
80374,1,1,0,0,0,0,0,0,0,0,0,0
80375,1,1,0,0,0,0,0,0,0,0,0,0
80376,1,1,0,0,0,0,0,0,0,0,0,0
80377,1,1,0,0,0,0,0,11,0,0,0,0
80377,2,1,0,0,0,0,0,0,0,0,0,0
80378,1,1,0,0,0,0,0,0,0,0,0,0
80379,1,1,0,0,0,0,0,0,0,0,0,0
80380,1,1,12,12,12,12,12,12,12,12,12,12
80381,1,1,0,0,0,0,0,10,2,0,0,0
80382,0,1,25,25,25,25,25,25,25,25,25,25
80382,1,1,0,0,0,0,0,0,0,0,0,0
80383,1,1,0,0,0,0,0,0,0,0,0,0
80384,0,1,0,0,0,0,0,0,0,0,0,0
80384,0,2,0,0,0,0,0,0,0,0,0,0
80384,1,1,0,0,0,0,0,0,0,0,0,0
80384,2,1,0,0,0,0,0,0,0,0,0,0
80385,1,1,0,0,0,0,0,0,0,0,0,0
80386,1,1,0,0,0,0,0,0,0,0,0,0
80386,2,1,0,0,0,0,0,0,0,0,0,0
80387,0,1,0,0,0,0,0,0,0,0,0,0
80387,1,1,0,0,0,15,0,0,0,0,0,0
80388,1,1,16,16,16,16,16,16,16,16,16,16
80389,1,1,2,2,2,2,2,2,2,2,2,2
80390,1,1,13,13,13,13,13,13,13,13,13,13
80391,1,1,28,9,24,12,21,8,41,20,10,10
80392,1,1,0,0,0,0,18,14,0,0,0,0
80393,1,1,0,20,0,0,0,0,0,0,11,0
80394,1,1,20,20,20,20,20,20,20,20,20,20
80395,0,1,30,30,30,30,30,30,30,30,30,30
80395,1,1,0,0,0,0,0,0,0,0,0,0
80396,1,1,13,13,13,13,13,13,13,13,13,13
80397,1,1,0,0,0,0,0,0,0,0,0,0
80397,2,1,23,0,0,0,0,0,0,0,0,0
80398,0,1,0,0,0,0,0,0,0,0,0,0
80398,0,2,0,0,0,0,0,0,0,0,0,0
80398,0,3,0,0,0,0,0,0,0,0,0,0
80398,1,1,0,0,0,0,0,0,0,0,0,0
80398,2,1,0,0,0,0,0,0,5,0,0,0
80399,1,1,20,6,13,15,26,18,40,29,24,15
80400,1,1,0,0,0,0,0,0,0,0,0,0
80401,1,1,0,0,0,0,0,0,0,0,0,0
80402,1,1,4,4,4,4,4,4,4,4,4,4
80402,2,1,0,0,0,0,0,0,0,0,0,0
80403,0,1,0,0,0,0,0,0,24,0,0,0
80403,0,2,0,0,0,0,0,0,0,0,0,0
80403,1,1,0,0,0,0,0,0,0,0,0,0
80404,0,1,20,20,20,20,20,20,20,20,20,20
80404,1,1,0,0,0,0,8,0,0,0,0,0
80405,1,1,0,0,0,0,0,0,0,0,0,0
80406,1,1,0,0,0,0,0,0,0,0,0,0
80407,0,1,0,0,0,0,0,0,0,0,0,0
80407,1,1,0,0,0,25,0,0,8,0,0,0
80408,0,1,26,26,26,26,26,26,26,26,26,26
80408,1,1,0,0,0,0,0,0,0,0,0,0
80409,1,1,0,0,0,0,0,0,0,0,0,0
80410,1,1,0,0,0,0,0,0,0,0,0,0
80411,1,1,0,0,0,0,0,0,0,0,0,0
80412,1,1,31,31,31,31,31,31,31,31,31,31
80413,1,1,0,0,0,0,0,0,0,0,0,0
80413,2,1,0,0,0,0,0,0,0,0,0,0
80414,0,1,17,17,17,17,17,17,17,17,17,17
80414,1,1,0,0,0,0,0,0,0,0,0,19
80415,1,1,0,0,0,0,0,0,0,0,0,0
80415,2,1,0,0,0,0,0,0,0,0,0,0
80416,1,1,15,15,15,15,15,15,15,15,15,15
80416,2,1,0,0,0,0,0,0,0,0,0,0
80417,1,1,0,0,0,0,0,0,0,0,0,0
80418,0,1,0,0,0,0,0,0,0,0,0,0
80418,1,1,0,0,0,0,0,0,4,0,0,0
80418,2,1,0,0,0,0,0,0,0,0,0,0
80419,1,1,0,0,0,0,0,0,0,0,0,0
80419,2,1,0,0,0,0,0,0,0,0,0,0
80420,1,1,6,0,0,0,0,15,0,0,0,0
80420,2,1,0,0,0,0,0,0,0,0,0,0
80421,1,1,0,0,0,0,0,0,0,0,0,0
80421,2,1,0,0,0,0,0,0,0,0,0,0
80422,1,1,0,0,0,0,0,0,0,0,0,0
80422,2,1,0,0,0,0,0,0,0,0,0,0
80422,3,1,0,0,0,0,0,0,0,0,0,0
80422,4,1,0,0,0,0,0,0,0,0,0,0
80423,1,1,0,0,0,0,0,0,0,0,0,0
80423,2,1,0,0,0,0,0,0,0,0,0,0
80424,1,1,0,0,0,0,0,0,0,0,0,0
80424,2,1,0,0,0,6,0,0,0,0,0,0
80425,1,1,18,18,18,18,18,18,18,18,18,18
80426,1,1,0,0,0,0,0,0,0,0,0,0
80426,2,1,0,0,0,0,0,0,0,0,0,0
80427,0,1,11,0,9,0,0,0,0,0,0,0
80427,1,1,19,0,0,0,0,0,0,0,0,0
80428,0,1,0,12,27,21,0,0,9,23,21,31
80428,1,1,0,15,0,0,30,25,0,0,3,0
80429,1,1,19,13,12,25,0,18,17,16,11,23
80430,0,1,19,0,38,0,28,0,30,14,30,0
80430,1,1,0,0,0,0,0,0,0,0,0,0
80431,1,1,0,0,0,0,0,0,0,0,0,0
80432,1,1,0,0,0,0,0,0,0,0,0,0
80432,2,1,0,0,0,0,0,0,0,0,0,0
80433,1,1,0,0,0,0,0,0,0,0,0,0
80434,0,1,0,0,0,0,0,0,0,0,0,0
80435,1,1,19,19,19,19,19,19,19,19,19,19
80436,0,1,0,0,0,0,0,0,0,0,0,0
80436,1,1,0,0,0,0,0,0,0,0,0,0
80437,1,1,7,7,7,7,7,7,7,7,7,7
80437,2,1,0,0,0,0,0,0,0,0,0,0
90001,1,1,0,0,0,0,0,0,0,0,0,0
90002,1,1,22,22,22,22,22,22,22,22,22,22
90003,1,1,4,0,11,0,0,14,0,0,0,0
90004,0,1,17,17,17,17,17,17,17,17,17,17
90004,1,1,0,0,0,0,0,0,0,0,0,0
90005,1,1,26,26,26,26,26,26,26,26,26,26
90006,1,1,0,0,0,0,0,0,0,0,0,0
90007,1,1,24,32,22,13,6,15,29,12,7,21
90008,1,1,13,13,13,13,13,13,13,13,13,13
90008,2,1,0,0,0,0,0,0,0,0,0,0
90009,1,1,0,0,0,0,0,0,0,0,21,12
90009,2,1,0,0,0,16,0,0,0,0,15,0
90010,1,1,0,0,0,0,0,0,0,0,0,0
90010,2,1,19,19,19,19,19,19,19,19,19,19
90011,1,1,0,29,0,17,19,0,20,8,11,16
90012,1,1,30,30,30,30,30,30,30,30,30,30
90013,0,1,0,0,0,0,0,0,0,0,0,0
90013,1,1,0,0,0,0,0,0,0,0,0,0
90014,1,1,0,0,0,0,0,0,0,0,0,0
90014,2,1,0,0,0,0,0,0,0,0,0,0
90015,1,1,20,20,20,20,20,20,20,20,20,20
90016,0,1,0,0,0,0,0,0,0,0,0,0