ST_CASE,VEH_NO,PER_NO,P1,P2,P3,P4,P5,P6,P7,P8,P9,P10
90016,1,1,0,0,0,0,0,0,0,0,5,0
90016,2,1,0,0,0,13,20,0,0,0,0,0
90016,3,1,0,0,21,0,0,0,0,0,0,25
90017,1,1,0,0,0,0,0,0,0,0,0,0
90017,2,1,0,0,0,0,0,0,0,0,0,0
90018,1,1,0,0,0,0,0,0,0,0,0,0
90019,1,1,0,0,0,0,0,34,14,0,0,0
90019,2,1,0,0,0,0,0,14,21,25,0,0
90019,3,1,0,0,0,0,0,0,0,3,0,0
90020,0,1,0,0,0,0,0,0,0,0,0,0
90020,1,1,0,0,0,0,0,0,0,0,0,0
90021,1,1,18,18,18,18,18,18,18,18,18,18
90022,1,1,17,17,17,17,17,17,17,17,17,17
90022,2,1,0,0,0,0,0,0,0,0,0,0
90023,1,1,0,33,0,0,38,0,0,0,16,15
90024,1,1,0,0,0,0,0,0,0,0,0,0
90025,1,1,23,24,0,0,0,17,23,26,8,14
90025,2,1,0,0,0,0,0,0,0,0,0,0
90025,3,1,0,0,0,0,0,0,0,0,0,0
90025,4,1,0,0,0,5,16,30,0,0,0,0
90026,1,1,0,28,0,0,0,0,0,0,19,0
90026,2,1,15,0,0,11,13,0,0,17,0,0
90026,3,1,12,0,0,0,0,0,0,0,0,0
90027,1,1,0,0,0,0,0,0,0,0,0,0
90028,1,1,9,9,9,9,9,9,9,9,9,9
90029,0,1,0,0,0,0,0,0,0,0,0,0
90029,1,1,13,0,0,0,18,0,0,0,0,0
90029,2,1,0,0,0,0,0,0,0,0,0,0
90030,1,1,0,8,16,0,0,0,23,0,0,0
90030,2,1,27,27,27,27,27,27,27,27,27,27
90031,1,1,0,0,0,0,0,0,0,0,18,11
90031,2,1,0,0,18,18,14,0,0,0,0,8
90031,3,1,0,0,0,0,0,0,0,0,0,0
90032,1,1,0,0,0,0,0,0,0,0,0,0
90033,1,1,0,0,0,0,0,0,0,0,0,0
90033,2,1,0,0,0,0,0,0,0,0,0,0
90034,1,1,0,0,0,0,0,0,0,0,0,0
90035,1,1,0,0,0,0,0,0,0,0,0,0
90036,1,1,0,0,0,0,0,0,0,0,0,0
90037,1,1,5,0,0,0,0,25,0,0,0,0
90038,1,1,0,0,0,0,0,0,0,0,0,0
90038,2,1,0,0,0,0,0,0,0,0,0,0
90039,1,1,0,0,0,0,0,0,0,0,0,0
90039,2,1,0,0,0,0,0,0,0,0,0,0
90040,1,1,0,0,0,0,0,0,0,0,0,5
90040,2,1,22,22,22,22,22,22,22,22,22,22
90041,1,1,0,0,0,0,0,0,0,0,0,0
90042,1,1,10,0,0,0,0,0,0,0,0,0
90042,2,1,0,0,32,0,0,13,0,0,0,0
90043,1,1,39,39,39,39,39,39,39,39,39,39
90044,1,1,0,0,0,0,0,0,0,0,0,0
90044,2,1,0,0,0,0,0,0,0,0,4,0
90044,3,1,9,0,0,0,0,0,0,0,0,0
90045,1,1,0,0,0,0,0,0,0,0,0,0
90046,0,1,17,17,17,17,17,17,17,17,17,17
90046,1,1,0,0,0,0,0,6,0,0,0,0
90047,1,1,0,0,0,0,0,0,0,0,0,0
90047,2,1,0,0,0,0,0,0,0,7,0,0
90048,0,1,0,0,0,0,0,0,0,0,0,0
90048,0,2,0,0,0,0,0,0,0,0,26,0
90048,1,1,0,0,0,0,0,0,0,0,0,0
90049,1,1,0,0,0,0,0,0,0,0,0,0
90050,1,1,18,18,18,18,18,18,18,18,18,18
90051,1,1,22,22,22,22,22,22,22,22,22,22
90051,2,1,0,0,0,0,0,0,0,0,0,0
90052,0,1,0,0,0,0,0,0,0,0,0,0
90052,1,1,0,0,0,0,0,0,0,0,0,0
90053,1,1,2,2,2,2,2,2,2,2,2,2
90054,1,1,9,9,9,9,9,9,9,9,9,9
90055,1,1,0,0,0,0,0,0,0,0,0,0
90056,1,1,0,0,0,0,0,0,0,0,0,0
90057,0,1,0,0,0,0,0,0,0,0,0,0
90057,1,1,0,0,0,0,0,0,0,0,0,0
90058,1,1,0,0,0,0,0,0,0,0,0,0
90058,2,1,0,0,0,10,23,0,0,0,16,13
90058,3,1,0,0,24,4,7,0,33,0,16,10
90059,1,1,0,0,0,0,0,0,0,0,0,0
90059,2,1,0,11,0,18,0,0,0,0,0,0
90060,1,1,0,0,8,0,0,0,0,0,0,0
90060,2,1,15,0,0,0,6,6,18,0,0,0
90061,1,1,0,0,0,0,0,0,0,5,0,0
90061,2,1,0,0,0,0,0,0,0,0,0,0
90062,0,1,28,28,28,28,28,28,28,28,28,28
90062,1,1,0,0,0,0,0,0,0,0,0,0
90063,1,1,18,18,18,18,18,18,18,18,18,18
90064,1,1,0,0,0,0,0,0,0,0,0,0
90065,1,1,8,8,8,8,8,8,8,8,8,8
90066,1,1,0,0,0,0,0,0,0,0,0,0
90067,1,1,12,12,12,12,12,12,12,12,12,12
90068,1,1,29,0,0,0,0,0,0,0,11,0
90068,2,1,0,0,0,0,0,15,37,0,0,0
90069,1,1,16,16,16,16,16,16,16,16,16,16
90070,1,1,0,0,0,0,5,0,0,0,0,0
90071,1,1,0,0,0,15,0,0,0,0,0,0
90071,2,1,0,0,0,0,0,5,0,0,0,0
90072,1,1,14,14,14,14,14,14,14,14,14,14
90073,0,1,0,0,0,0,0,0,0,0,0,0
90073,1,1,0,0,14,0,0,0,20,0,13,0
90074,1,1,0,0,0,0,0,0,0,0,0,0
90074,2,1,0,0,0,0,0,0,0,0,0,0
90075,0,1,0,0,0,0,0,0,0,0,0,0
90075,1,1,0,0,0,0,0,0,0,0,0,0
90076,1,1,0,0,0,0,0,0,0,0,0,0
90076,2,1,8,22,0,0,0,7,0,0,6,0
90077,1,1,0,0,0,0,0,0,0,0,0,0
90077,2,1,0,0,0,0,0,15,0,0,0,9
90078,1,1,32,32,32,32,32,32,32,32,32,32
90079,1,1,0,0,12,0,0,0,0,0,0,0
90080,1,1,0,0,0,0,0,0,0,0,0,0
90080,2,1,0,0,0,0,0,0,0,0,0,0
90081,0,1,18,18,18,18,18,18,18,18,18,18
90081,1,1,0,0,0,0,0,0,40,0,0,0
90081,2,1,0,0,0,0,0,0,0,25,0,0
90082,1,1,19,20,10,6,14,10,10,23,10,15
90083,0,1,0,0,0,0,0,0,0,0,0,0
90083,1,1,0,0,0,0,0,0,0,0,0,0
90084,1,1,0,0,0,0,0,0,0,0,0,0
90084,2,1,0,15,0,0,0,0,0,0,0,0
90084,3,1,0,0,0,0,0,0,29,0,0,0
90085,1,1,0,0,0,0,0,0,0,0,0,0
90086,1,1,0,19,0,0,0,0,0,0,0,0
90086,2,1,12,12,12,12,12,12,12,12,12,12
90087,1,1,17,17,17,17,17,17,17,17,17,17
90088,1,1,16,16,16,16,16,16,16,16,16,16
90089,1,1,0,0,0,0,0,0,0,0,0,0
90089,2,1,23,11,20,12,22,14,18,24,16,15
90090,1,1,0,29,0,0,0,27,20,23,0,0
90090,2,1,0,0,0,35,0,0,25,0,0,19
90090,3,1,20,20,20,20,20,20,20,20,20,20
90091,1,1,0,28,0,0,9,0,0,0,0,0
90091,2,1,0,0,0,0,0,0,0,0,0,0
90092,0,1,0,0,22,0,0,0,0,0,0,0
90092,1,1,15,7,0,11,0,11,0,0,0,10
90093,1,1,26,0,14,35,14,7,0,35,0,0
90094,1,1,0,16,0,0,0,0,0,0,0,0
90094,2,1,2,2,2,2,2,2,2,2,2,2
90095,1,1,0,0,0,0,0,0,0,0,0,0
90096,1,1,0,0,0,0,0,0,0,0,0,0
90097,1,1,0,0,0,0,0,0,0,0,0,0
90097,2,1,27,27,27,27,27,27,27,27,27,27
90098,0,1,0,0,0,0,0,0,0,0,0,0
90098,1,1,23,0,0,0,0,0,0,0,0,0
90099,1,1,12,0,7,17,0,10,0,0,9,0
90099,2,1,26,29,28,0,0,14,0,19,30,0
90099,3,1,0,0,0,0,21,0,0,9,0,0
90100,1,1,0,0,0,0,0,0,0,0,0,0
90100,2,1,7,7,7,7,7,7,7,7,7,7
90101,1,1,0,0,0,0,0,0,0,0,0,0
90101,2,1,0,0,0,0,0,0,0,0,0,0
90102,1,1,0,0,0,0,0,0,0,18,0,0
90102,2,1,0,0,0,0,0,0,0,0,0,0
90103,1,1,36,10,21,24,0,29,20,10,11,8
90103,2,1,0,0,0,0,0,0,0,0,0,0
90103,3,1,24,0,0,0,0,0,0,0,0,0
90104,1,1,25,25,25,25,25,25,25,25,25,25
90105,1,1,0,0,0,0,0,0,0,0,0,0
90105,2,1,0,0,0,0,0,0,0,0,0,0
90105,3,1,0,0,0,0,0,0,0,0,0,0
90106,1,1,0,0,0,0,0,0,0,0,0,0
90106,2,1,0,0,0,0,0,0,0,0,0,0
90107,1,1,27,27,27,27,27,27,27,27,27,27
90107,2,1,0,0,0,0,0,0,0,0,0,0
90108,1,1,23,23,23,23,23,23,23,23,23,23
90109,0,1,0,0,0,0,0,0,0,0,0,0
90109,1,1,0,0,0,0,0,0,0,8,0,0
90110,0,1,0,0,0,0,0,0,0,0,0,0
90111,1,2,0,23,14,0,13,0,30,8,7,23
90112,1,1,0,0,0,0,0,0,0,0,0,0
90113,0,1,0,0,0,0,0,0,0,0,0,0
90113,1,1,0,0,22,0,18,0,0,0,0,10
90114,1,1,0,0,0,0,32,0,0,0,0,0
90114,2,1,0,0,0,0,0,6,0,14,0,0
90115,1,1,0,0,0,0,0,0,0,0,0,0
90115,2,1,0,0,5,0,0,0,0,12,0,0
90115,3,1,0,0,0,0,0,0,0,0,0,0
90116,1,1,45,45,45,45,45,45,45,45,45,45
90117,1,1,0,0,0,0,0,0,0,0,0,0
90118,1,1,0,0,0,0,0,0,0,17,0,0
90119,1,1,24,24,24,24,24,24,24,24,24,24
90120,0,1,0,0,0,0,0,0,0,0,0,0
90120,1,1,0,16,0,0,0,0,0,0,0,0
90121,1,1,0,0,0,0,0,0,0,0,0,0
90121,2,1,20,20,20,20,20,20,20,20,20,20
90122,1,1,0,0,0,0,0,0,0,0,0,0
90123,1,1,0,0,0,0,0,0,0,0,0,0
90123,2,1,0,0,0,0,0,0,0,0,0,0
90123,3,1,0,0,12,10,0,0,0,0,19,0
90124,1,1,14,14,14,14,14,14,14,14,14,14
90125,1,1,15,12,3,22,8,30,10,22,10,11
90126,1,1,29,29,29,29,29,29,29,29,29,29
90126,2,1,0,0,0,0,0,0,0,0,0,0
90126,3,1,0,21,0,14,0,21,26,25,0,13
90127,0,1,0,0,0,0,0,0,0,0,0,0
90127,1,1,0,6,0,0,0,25,0,10,0,0
90128,1,1,15,15,15,15,15,15,15,15,15,15
90129,1,1,0,0,0,0,0,0,0,0,0,0
90130,1,1,0,0,0,0,0,0,0,0,0,0
90130,2,1,0,0,0,0,0,0,0,0,0,0
90131,0,1,0,0,0,0,0,0,0,0,0,0
90131,1,1,0,0,0,0,0,0,0,0,0,0
90132,1,1,0,0,0,0,0,0,0,0,0,0
90132,2,1,0,0,0,0,0,0,0,0,0,0
90133,0,1,0,0,0,0,0,25,14,0,0,18
90133,1,1,0,0,0,0,0,0,0,0,0,0
90134,0,1,0,0,0,0,0,0,0,0,0,0
90134,1,1,0,0,0,0,0,0,0,0,0,0
90135,1,1,24,24,24,24,24,24,24,24,24,24
90135,2,1,0,0,0,0,0,0,0,0,0,0
90135,3,1,0,0,7,0,7,12,0,0,0,0
90136,1,1,0,0,0,0,0,0,0,0,0,0
90136,2,1,0,0,0,0,0,0,0,0,0,0
90137,1,1,15,15,15,15,15,15,15,15,15,15
90138,1,1,0,0,0,0,0,0,0,0,0,0
90138,2,1,8,8,8,8,8,8,8,8,8,8
90139,1,2,2,0,0,25,13,0,0,24,34,19
90140,1,1,7,7,7,7,7,7,7,7,7,7
90141,0,1,0,0,0,0,0,0,0,0,0,0
90141,1,1,22,22,22,22,22,22,22,22,22,22
90142,1,1,14,14,14,14,14,14,14,14,14,14
90143,1,1,5,24,15,8,18,14,32,18,27,5
90143,2,1,19,8,35,19,5,18,18,17,8,18
90144,1,1,15,15,15,15,15,15,15,15,15,15
90145,0,1,3,0,0,0,0,11,0,0,0,0
90145,2,1,4,4,4,4,4,4,4,4,4,4
90146,1,1,0,0,0,0,0,0,0,0,0,0
90146,2,1,0,0,0,0,0,0,0,0,0,0
90147,0,1,0,18,0,0,0,0,0,0,0,0
90147,1,1,0,0,0,0,0,0,21,16,10,0
90148,1,1,0,0,0,0,0,0,0,0,0,0
90149,1,1,2,0,0,0,0,0,0,0,0,0
90149,2,1,17,0,0,0,0,0,0,0,0,0
90150,1,1,8,3,22,18,16,12,24,5,3,18
90150,2,1,0,0,0,0,0,0,0,2,0,0
90151,1,1,0,21,0,18,0,13,10,0,0,0
90152,1,1,0,0,0,0,0,0,0,0,0,0
90153,1,1,13,13,13,13,13,13,13,13,13,13
90154,1,1,5,5,5,5,5,5,5,5,5,5
90154,2,1,0,0,0,0,0,0,0,0,0,0
90155,1,1,0,0,0,0,0,0,0,0,0,0
90156,1,1,0,0,0,0,0,0,0,0,0,0
90156,2,1,0,0,0,0,0,0,0,0,0,0
90157,1,1,0,0,0,0,0,0,0,0,0,0
90157,2,1,0,0,0,0,0,0,0,0,0,0
90158,0,1,0,0,0,0,0,0,0,0,0,0
90158,1,1,0,0,0,0,0,0,0,0,0,0
90159,0,1,0,0,0,0,0,0,0,0,0,0
90160,1,1,0,0,0,0,0,0,0,0,0,0
90160,2,1,6,6,6,6,6,6,6,6,6,6
90161,1,1,14,14,14,14,14,14,14,14,14,14
90162,1,1,0,0,26,0,25,16,17,0,0,0
90163,1,1,0,0,0,0,0,0,0,0,0,0
90164,1,1,24,0,9,24,29,0,30,8,8,13
90164,2,1,0,0,0,22,0,0,0,0,0,0
90165,1,1,0,0,0,0,15,16,13,24,0,0
90166,1,1,0,0,11,0,7,0,0,0,0,27
90166,2,1,0,0,0,0,0,0,0,0,0,0
90166,3,1,0,0,0,0,0,0,0,0,0,0
90166,4,1,0,0,0,0,0,0,0,0,0,0
90167,1,1,0,0,0,0,0,0,0,0,0,0
90167,2,1,0,0,0,0,0,0,17,0,0,0
90168,1,1,0,0,0,0,0,0,14,0,0,10
90169,0,1,0,0,0,0,0,0,0,0,0,0
90169,1,1,0,0,0,0,0,0,0,0,0,0
90170,2,1,32,32,32,32,32,32,32,32,32,32
90171,1,1,0,0,23,0,0,0,0,0,0,0
90171,2,1,0,0,0,0,0,0,0,0,0,0
90172,1,1,0,0,0,0,0,0,0,0,0,0
90172,2,1,0,0,0,0,9,0,0,0,0,0
90173,1,1,0,0,0,0,0,0,0,0,0,0
90174,1,1,0,0,0,0,0,0,0,0,0,0
90174,2,1,0,0,0,0,0,0,0,0,0,0
90175,1,1,0,0,0,0,0,0,0,0,0,0
90176,1,1,17,17,17,17,17,17,17,17,17,17
90177,1,1,0,0,0,0,0,0,0,0,0,0
90177,2,1,0,0,0,0,0,0,0,0,0,0
90177,3,1,0,0,0,0,0,0,0,0,6,0
90178,1,1,16,16,16,16,16,16,16,16,16,16
90178,2,1,0,0,0,0,0,0,0,0,0,0
90179,1,2,18,18,18,18,18,18,18,18,18,18
90180,1,1,7,9,0,0,0,0,0,0,10,13
90181,0,1,0,0,0,0,0,0,0,0,0,0
90181,1,1,0,0,0,0,0,0,0,0,0,0
90182,1,1,0,0,0,0,0,0,0,0,0,0
90182,2,1,0,0,0,0,0,0,0,0,0,0
90182,3,1,0,0,0,0,0,0,0,0,0,0
90182,4,1,0,0,0,0,0,0,0,0,0,0
90182,5,1,0,0,0,0,0,0,0,0,0,0
90182,6,1,0,0,0,0,0,0,0,0,0,0
90183,1,1,16,16,16,16,16,16,16,16,16,16
90184,1,1,0,0,0,0,0,0,0,0,0,0
90184,2,1,30,30,30,30,30,30,30,30,30,30
90185,1,1,0,0,0,0,0,0,0,0,0,0
90185,2,1,0,0,0,0,0,0,0,0,0,0
90185,3,1,0,0,0,0,0,0,0,0,0,0
90186,1,1,0,0,0,0,0,0,0,0,0,0
90187,1,1,0,0,0,0,0,0,0,0,0,0
90188,1,1,19,19,19,19,19,19,19,19,19,19
90189,1,1,0,0,0,0,0,0,0,0,0,0
90189,2,1,0,0,0,0,0,0,0,19,0,0
90190,0,1,0,0,0,0,0,0,0,0,0,0
90190,0,2,0,0,0,26,15,0,0,24,0,0
90190,1,1,16,12,0,11,21,26,13,16,17,29
90191,1,1,0,0,27,13,0,16,17,0,0,18
90191,2,1,0,23,0,0,0,18,0,0,0,24
90191,3,1,28,28,28,28,28,28,28,28,28,28
90192,0,1,0,0,0,0,0,0,0,0,0,0
90192,1,1,0,0,0,0,0,0,0,0,0,0
90193,2,1,21,21,21,21,21,21,21,21,21,21
90194,1,1,0,0,0,0,0,0,0,0,0,0
90194,2,1,0,0,0,0,0,0,0,0,0,0
90195,1,1,0,0,0,0,0,11,0,0,30,11
90195,2,1,0,0,0,0,0,0,0,0,0,0
90196,0,1,0,0,0,0,0,0,0,0,0,0
90196,1,1,0,0,0,22,0,0,0,0,17,0
90197,0,1,0,0,0,0,0,0,0,0,0,0
90197,0,2,0,0,0,0,0,0,7,12,0,0
90197,0,3,23,10,0,0,0,0,0,0,0,0
90197,1,1,0,0,10,0,0,0,0,0,0,0
90198,1,1,0,0,0,0,0,0,0,0,0,0
90198,2,1,0,8,0,0,0,25,0,0,13,0
90199,2,1,0,0,0,0,0,0,0,0,0,0
90199,3,1,30,30,30,30,30,30,30,30,30,30
90200,1,1,14,14,14,14,14,14,14,14,14,14
90201,0,1,0,0,0,0,0,0,0,0,0,0
90201,1,1,0,22,0,0,0,0,19,27,0,0
90202,1,1,0,0,0,0,0,21,0,0,0,0
90203,1,1,0,0,0,0,0,0,0,0,0,0
90204,0,1,12,12,12,12,12,12,12,12,12,12
90204,1,1,0,0,0,0,0,0,0,0,0,0
90205,1,1,21,21,21,21,21,21,21,21,21,21
90206,1,1,0,0,0,0,0,0,0,0,0,0
90206,2,1,18,18,18,18,18,18,18,18,18,18
90207,1,1,0,0,0,0,0,0,0,0,0,0
90207,2,1,0,0,0,0,0,0,0,0,0,0
90208,1,1,0,0,0,0,0,0,0,0,0,0
90208,2,1,32,32,32,32,32,32,32,32,32,32
90209,1,1,0,22,0,0,23,5,5,15,14,0
90210,0,1,0,0,0,0,0,0,0,0,0,0
90210,1,1,0,0,0,0,0,0,0,0,0,0
90211,0,1,0,0,0,0,0,0,0,0,0,0
90211,1,1,0,0,0,0,0,0,0,0,0,0
90212,0,1,0,16,0,0,0,12,0,0,30,8
90212,1,1,0,21,0,0,13,0,23,0,0,0
90213,1,1,11,11,11,11,11,11,11,11,11,11
90214,1,1,25,25,25,25,25,25,25,25,25,25
90215,1,1,0,0,0,0,0,0,0,0,0,12
90215,2,1,0,0,0,5,0,0,0,0,0,0
90216,1,1,0,0,0,0,0,0,0,0,0,0
90217,1,1,10,14,40,23,26,9,24,22,6,15
90217,2,1,0,0,0,0,0,0,0,0,0,0
90218,1,1,0,0,29,4,6,18,0,28,17,0
90219,1,1,0,0,0,0,0,0,0,0,0,0
90219,2,1,0,0,0,0,0,0,0,0,0,0
90220,0,1,0,0,0,0,0,0,0,0,0,0
90220,1,1,0,0,0,0,0,0,0,0,0,0
90221,0,1,15,15,15,15,15,15,15,15,15,15
90221,1,1,15,0,0,21,0,0,21,0,21,8
90222,0,1,0,0,0,0,0,0,0,0,0,0
90222,1,1,0,0,0,0,0,0,0,0,0,0
90223,1,1,0,0,0,0,0,0,0,0,0,0
90223,2,1,0,0,0,0,0,0,0,0,10,0
90224,0,1,19,0,0,0,18,0,0,0,0,0
90224,1,1,0,0,0,0,0,0,0,0,0,0
90225,1,1,0,0,0,0,0,0,0,0,0,0
90226,1,1,0,0,0,0,0,0,0,0,0,0
90226,2,1,4,4,4,4,4,4,4,4,4,4
90227,1,1,0,0,0,0,0,0,0,0,0,0
90227,2,1,0,0,0,0,0,0,0,0,0,0
90228,1,1,0,0,0,0,0,0,0,0,0,0
90229,0,1,7,7,7,7,7,7,7,7,7,7
90229,1,1,0,0,0,25,0,0,0,0,0,0
90230,1,1,29,29,29,29,29,29,29,29,29,29
90231,1,1,0,0,0,0,0,0,0,0,0,0
90231,2,1,0,0,0,0,0,0,0,0,0,0
90232,1,1,0,0,0,0,0,0,0,15,0,0
90232,2,1,0,0,22,0,24,0,0,0,7,0
90233,1,1,0,0,0,0,0,0,0,0,0,0
90233,2,1,0,0,0,0,0,0,0,0,0,0
90234,1,1,15,15,15,15,15,15,15,15,15,15
90235,0,1,7,7,7,7,7,7,7,7,7,7
90235,1,1,0,0,0,0,0,0,0,0,0,0
90236,1,1,0,0,21,0,0,0,0,0,0,0
90236,2,1,0,0,0,0,0,0,0,0,0,0
90237,0,1,0,0,0,0,0,0,0,0,0,0
90237,1,1,0,0,0,8,0,0,0,3,0,0
90238,1,1,16,16,16,16,16,16,16,16,16,16
90239,1,1,0,8,0,0,0,0,0,0,0,0
90239,2,1,21,0,0,0,0,0,0,0,0,0
90240,1,1,0,0,0,0,0,0,0,0,0,0
90240,2,1,0,0,0,0,0,0,0,0,0,0
90241,1,1,22,22,22,22,22,22,22,22,22,22
90241,2,1,0,0,0,0,14,0,0,0,0,0
90242,1,1,0,0,0,0,0,0,0,0,0,0
90242,2,1,0,0,0,0,0,0,0,0,0,0
90243,0,1,0,0,0,0,0,0,0,0,0,0
90243,1,1,0,0,0,0,0,0,0,0,0,0
90244,1,1,0,0,0,0,0,0,0,0,0,0
90245,0,1,0,0,0,0,0,0,0,0,0,0
90245,1,1,0,21,0,0,0,18,0,0,14,0
90246,1,1,0,0,0,0,0,0,0,0,0,0
90246,2,1,16,16,16,16,16,16,16,16,16,16
90247,1,1,0,0,0,0,0,0,0,0,0,0
90248,1,1,0,0,0,0,0,0,0,0,0,0
90248,2,1,0,0,0,18,0,0,0,0,0,0
100001,0,1,0,0,0,0,0,0,0,0,0,0
100001,1,1,20,0,0,13,0,0,0,0,0,0
100001,2,1,19,11,9,0,0,20,0,32,4,0
100001,3,1,5,11,22,22,0,0,11,0,0,32
100002,1,1,5,5,5,5,5,5,5,5,5,5
100003,1,1,0,15,0,0,0,0,0,0,0,0
100004,1,1,0,0,0,0,0,0,0,0,0,0
100005,0,1,0,0,0,0,0,0,0,0,0,0
100005,1,1,14,14,14,14,14,14,14,14,14,14
100006,0,1,0,0,0,0,0,0,0,0,0,0
100006,1,1,0,2,11,0,0,0,0,0,0,14
100007,1,1,6,6,6,6,6,6,6,6,6,6
100007,2,1,0,0,0,0,0,0,0,0,0,0
100007,3,1,0,0,0,0,0,0,0,0,0,0
100008,0,1,12,19,26,0,18,0,0,0,19,18
100008,1,1,0,26,0,0,0,0,0,0,0,0
100009,1,1,0,0,0,0,0,0,0,0,0,0
100009,2,1,0,0,0,21,0,0,0,0,0,0
100010,1,1,0,0,0,0,0,0,0,0,0,0
100010,2,1,0,0,0,0,17,0,28,0,0,0
100011,1,1,0,0,0,0,0,0,0,0,0,0
100012,1,1,13,21,27,21,10,14,9,15,21,0
100012,2,1,34,0,0,0,0,0,0,0,0,0
100013,1,1,6,6,6,6,6,6,6,6,6,6
100014,0,1,28,28,28,28,28,28,28,28,28,28
100014,1,1,0,0,0,0,0,0,0,0,0,0
100015,1,1,0,0,0,0,0,0,0,0,0,0
100015,2,1,0,0,0,0,0,0,0,0,0,0
100016,1,1,0,0,0,0,11,0,0,0,0,0
100016,2,1,0,0,0,0,0,0,35,0,0,0
100017,1,1,0,0,0,0,0,0,0,0,0,0
100018,0,1,0,0,0,0,0,0,0,0,0,0
100018,1,1,0,0,0,25,0,0,0,0,0,17
100019,1,1,0,0,0,0,0,0,0,0,0,0
100019,2,1,0,0,0,0,0,0,0,0,0,0
100020,1,1,0,0,0,0,0,10,0,0,0,0
100020,2,1,0,0,0,0,0,0,0,0,0,0
100021,1,1,0,0,0,0,0,0,0,0,0,0
100021,2,1,0,0,0,0,0,0,0,0,0,0
100022,1,1,0,0,0,5,18,0,0,0,0,13
100022,2,1,0,0,0,0,0,0,0,0,0,0
100023,1,1,0,0,0,0,0,0,0,0,0,0
100023,2,1,0,0,0,0,0,0,0,0,0,0
100024,1,1,0,0,0,0,0,0,0,0,0,0
100024,2,1,0,0,0,0,0,0,0,0,0,0
100025,0,1,0,0,0,0,0,0,0,0,0,10
100025,1,1,0,0,0,0,0,0,0,0,0,0
100026,1,1,0,0,0,0,0,0,0,0,0,0
100026,2,1,0,0,0,0,0,0,0,0,0,0
100027,1,1,16,0,0,0,0,17,0,0,0,0
100028,1,1,0,12,0,0,3,0,0,0,0,0
100028,2,1,0,0,0,0,0,0,0,0,0,0
100029,1,1,0,0,0,0,0,0,0,0,0,0
100030,0,1,13,0,0,0,0,0,0,8,0,14
100030,1,1,0,0,0,12,0,0,5,13,0,13
100031,0,1,0,0,0,0,0,0,0,0,0,0
100031,1,1,0,0,0,0,0,0,0,0,0,0
100032,1,1,9,6,21,21,9,32,17,7,16,26
100033,1,1,14,14,14,14,14,14,14,14,14,14
100034,0,1,0,0,0,0,0,0,0,0,0,0
100034,1,1,0,0,0,0,0,0,0,0,0,0
100034,2,1,0,0,0,0,0,0,0,0,0,0
100035,1,1,4,4,4,4,4,4,4,4,4,4
100036,1,1,0,0,0,0,0,0,0,0,0,0
100037,0,1,17,17,17,17,17,17,17,17,17,17
100037,1,1,16,8,24,12,11,21,8,7,15,14
100038,1,1,16,16,16,16,16,16,16,16,16,16
100039,1,1,0,0,0,0,0,0,0,0,0,0
100039,2,1,19,19,19,19,19,19,19,19,19,19
100040,1,1,0,0,0,0,0,0,0,0,0,0
100041,1,1,1,1,1,1,1,1,1,1,1,1
100041,2,1,0,0,0,0,0,0,0,0,0,0
100042,0,1,0,0,0,0,0,0,0,0,0,0
100042,1,1,0,0,0,0,0,0,0,0,0,0
100043,0,1,6,6,6,6,6,6,6,6,6,6
100043,1,1,21,21,21,21,21,21,21,21,21,21
100044,0,1,0,0,0,0,0,0,0,0,0,0
100044,1,1,0,0,0,0,0,0,0,0,0,0
100045,1,1,15,15,15,15,15,15,15,15,15,15
100046,0,1,23,23,23,23,23,23,23,23,23,23
100046,1,1,0,0,0,0,0,0,0,0,0,0
100047,1,1,0,0,0,0,0,0,0,0,0,0
100047,2,1,0,0,0,0,0,0,0,0,0,0
100048,1,1,20,20,20,20,20,20,20,20,20,20
100048,2,1,0,0,0,0,0,0,0,11,0,0
100049,1,1,0,0,0,19,0,0,16,0,0,21
100050,1,1,13,20,28,14,11,41,11,20,39,34
100051,0,1,0,0,0,0,0,0,0,0,0,0
100051,1,1,0,0,0,0,0,0,0,0,0,17
100052,1,1,0,0,0,0,0,0,8,0,0,0
100053,1,1,27,27,27,27,27,27,27,27,27,27
100054,1,1,0,0,0,14,12,0,0,0,0,0
100054,2,1,0,0,0,0,0,0,0,0,4,0
100055,1,1,0,0,0,0,0,0,0,0,0,0
100055,2,1,0,0,0,0,0,0,0,0,0,0
100056,0,1,17,17,17,17,17,17,17,17,17,17
100056,1,1,0,0,0,0,0,0,0,0,0,0
100057,1,1,1,1,1,1,1,1,1,1,1,1
100058,1,1,0,0,0,0,0,0,0,0,0,0
100058,2,1,0,0,0,0,0,0,0,0,0,0
100059,1,1,0,0,0,0,0,0,0,0,0,0
100060,0,1,30,30,30,30,30,30,30,30,30,30
100060,0,2,29,23,10,15,18,9,15,12,16,0
100060,1,1,10,0,0,0,0,15,13,0,0,0
100061,1,1,12,12,12,12,12,12,12,12,12,12
100062,1,1,0,0,0,0,0,0,0,0,0,0
100062,2,1,0,0,0,0,0,0,0,0,0,0
100063,1,1,0,0,0,0,0,0,0,0,0,0
100064,1,1,0,0,0,0,0,0,0,0,0,0
100064,2,1,0,0,0,0,0,0,0,0,0,0
100065,1,1,9,9,9,9,9,9,9,9,9,9
100066,0,1,10,10,10,10,10,10,10,10,10,10
100066,1,1,0,0,0,0,0,0,0,0,0,0
100067,0,1,28,28,28,28,28,28,28,28,28,28
100067,0,2,11,11,11,11,11,11,11,11,11,11
100067,1,1,7,7,7,7,7,7,7,7,7,7
100068,1,1,5,5,5,5,5,5,5,5,5,5