ST_CASE,VEH_NO,PER_NO,P1,P2,P3,P4,P5,P6,P7,P8,P9,P10
100069,1,1,0,0,0,0,0,0,0,0,0,0
100069,2,1,0,0,0,0,0,0,0,0,0,0
100070,1,1,15,15,15,15,15,15,15,15,15,15
100071,1,1,0,0,0,0,0,0,0,0,0,0
100072,1,1,0,0,0,0,0,0,0,0,0,0
100073,0,1,0,0,0,0,0,0,0,0,0,0
100073,0,2,0,0,0,0,0,0,0,0,0,0
100073,1,1,0,0,0,0,0,0,0,0,0,0
100074,1,1,18,0,0,0,0,13,0,0,14,0
100075,1,1,0,0,0,0,0,0,0,0,0,0
100075,2,1,0,0,0,0,0,0,0,0,0,0
100076,1,1,0,0,0,0,0,0,0,0,0,0
100076,2,1,0,11,0,0,0,0,0,0,0,0
100077,1,1,0,0,0,0,0,0,0,0,0,0
100078,0,1,26,26,26,26,26,26,26,26,26,26
100078,1,1,0,0,0,0,0,0,0,13,26,0
100079,1,1,0,0,0,0,0,0,0,0,0,0
100080,1,1,0,0,0,0,0,0,0,0,0,0
100081,1,1,9,9,9,9,9,9,9,9,9,9
100082,1,1,0,0,0,9,0,0,0,30,0,0
100083,1,1,0,20,0,0,0,0,9,0,0,0
100083,2,1,0,10,0,0,16,18,0,0,0,21
100084,1,1,0,9,0,19,23,0,0,0,0,0
100084,2,1,0,0,0,0,0,0,0,0,0,0
100084,3,1,0,0,0,0,0,28,6,0,0,0
100085,0,1,0,0,0,0,0,0,0,9,0,0
100085,1,1,0,0,0,0,5,0,0,0,0,0
100086,0,1,23,23,23,23,23,23,23,23,23,23
100086,1,1,15,0,0,13,0,0,0,21,6,0
100087,1,1,0,0,0,0,0,0,0,0,0,0
100087,2,1,16,16,16,16,16,16,16,16,16,16
100088,1,1,23,23,23,23,23,23,23,23,23,23
100089,0,1,0,0,0,0,0,0,0,0,0,0
100089,2,1,12,11,16,17,23,9,18,0,22,31
100090,1,1,0,0,0,0,0,0,0,0,0,0
100090,2,1,0,0,0,0,0,0,0,0,0,0
100090,3,1,0,0,0,0,0,0,0,0,0,0
100091,1,1,23,23,23,23,23,23,23,23,23,23
100092,1,1,9,9,9,9,9,9,9,9,9,9
100093,1,1,0,0,0,0,0,21,0,0,0,14
100094,0,1,22,22,22,22,22,22,22,22,22,22
100094,1,1,0,0,0,0,0,0,0,0,0,0
100095,0,1,7,7,7,7,7,7,7,7,7,7
100095,1,1,0,0,0,0,0,0,0,0,0,13
100096,0,1,9,9,9,9,9,9,9,9,9,9
100096,1,1,0,0,0,0,0,0,0,0,0,0
100097,0,1,19,19,19,19,19,19,19,19,19,19
100097,1,1,6,0,0,0,0,0,0,0,0,0
100098,1,1,14,14,14,14,14,14,14,14,14,14
100099,1,1,27,27,27,27,27,27,27,27,27,27
100100,0,1,16,0,0,0,0,0,0,0,0,0
100100,1,1,0,0,0,0,0,0,0,0,16,0
100101,0,1,0,0,0,0,0,0,0,0,0,0
100101,1,1,0,0,0,0,0,0,0,0,0,0
100102,1,1,23,6,18,22,16,7,24,15,27,20
100103,1,1,0,0,0,0,0,23,0,0,0,0
100103,2,1,27,0,0,0,0,20,0,19,0,0
100104,1,1,13,13,13,13,13,13,13,13,13,13
100105,1,1,13,13,13,13,13,13,13,13,13,13
100105,2,1,15,0,21,0,0,0,0,0,0,17
100106,1,1,6,6,6,6,6,6,6,6,6,6
100107,0,1,20,20,20,20,20,20,20,20,20,20
100107,1,1,19,0,8,0,0,14,0,0,0,32
100108,1,1,14,14,14,14,14,14,14,14,14,14
110001,1,1,26,26,26,26,26,26,26,26,26,26
110001,2,1,0,0,0,0,0,0,0,0,0,0
110002,2,1,0,0,0,0,0,0,0,0,0,0
110003,0,1,0,0,0,0,0,0,0,0,0,0
110003,1,1,0,0,0,0,0,0,0,0,0,0
110004,1,1,0,0,0,0,0,0,0,0,0,0
110004,2,1,0,0,0,0,0,0,0,0,0,0
110005,0,1,0,0,0,0,0,0,0,0,0,0
110005,1,1,0,0,0,0,0,0,0,0,0,0
110006,1,1,0,0,0,0,0,0,0,0,0,12
110006,2,1,24,0,0,0,0,0,5,0,0,0
110007,0,1,0,0,0,0,0,0,0,0,0,0
110007,1,1,0,0,0,0,0,0,0,0,0,0
110007,2,1,0,0,0,0,0,0,0,18,0,0
110008,1,1,0,22,26,0,31,16,20,26,26,0
110009,0,1,0,0,0,0,22,0,0,31,0,37
110009,1,1,0,0,0,0,0,0,0,0,0,0
110010,1,1,0,26,0,19,0,0,32,0,0,6
110011,0,1,0,0,0,0,0,0,0,0,0,0
110011,1,1,0,6,27,0,0,16,11,0,0,0
110012,1,1,0,0,0,0,0,0,0,0,0,0
110012,2,1,0,0,0,0,0,0,0,0,0,0
110013,0,1,9,45,22,30,38,0,26,0,16,17
110013,1,1,0,0,0,10,16,2,0,0,0,0
110014,0,1,0,0,0,8,0,0,0,0,0,0
110014,1,1,0,0,0,0,0,0,0,0,0,0
110014,2,1,0,0,0,9,0,15,5,0,0,27
120001,1,1,0,0,0,0,0,0,0,0,0,0
120001,2,1,0,0,0,0,0,0,18,0,0,0
120002,1,1,14,14,14,14,14,14,14,14,14,14
120002,2,1,0,0,0,0,0,0,0,0,0,0
120003,1,1,20,20,20,20,20,20,20,20,20,20
120003,2,1,0,0,0,0,0,0,0,0,0,0
120004,1,1,0,0,0,0,0,0,0,0,0,0
120005,0,1,0,0,0,0,0,0,0,0,0,0
120005,1,1,0,0,0,0,0,0,0,0,0,0
120006,0,1,0,0,0,0,0,0,0,0,0,0
120006,1,1,0,0,0,0,0,0,0,0,0,0
120007,1,1,0,0,0,0,0,0,0,0,0,0
120008,1,1,0,0,0,0,0,0,0,0,0,0
120009,0,1,1,1,1,1,1,1,1,1,1,1
120009,1,1,0,0,0,0,0,0,0,0,0,0
120009,2,1,0,0,0,0,0,0,0,0,0,0
120010,1,1,0,0,0,0,0,0,0,0,0,6
120010,2,1,0,0,0,0,0,0,0,0,0,0
120011,1,1,0,0,0,0,0,0,0,0,0,0
120011,2,1,0,0,0,0,0,0,0,0,0,0
120012,1,1,25,25,25,25,25,25,25,25,25,25
120013,0,1,5,5,5,5,5,5,5,5,5,5
120013,1,1,27,0,0,0,0,0,0,0,9,0
120014,1,1,0,0,0,0,0,21,0,0,0,0
120014,2,1,0,0,0,0,0,0,0,0,0,3
120014,3,1,0,0,0,0,0,0,0,0,0,0
120015,0,1,0,0,0,0,0,0,0,0,0,0
120015,1,1,0,0,0,0,0,0,0,0,0,0
120016,1,1,23,23,23,23,23,23,23,23,23,23
120017,1,1,0,0,0,0,0,0,0,0,0,0
120018,1,3,0,0,0,0,0,0,3,0,0,0
120019,0,1,0,0,0,0,0,0,0,0,0,0
120019,1,1,0,0,0,0,0,0,0,0,0,0
120020,1,1,0,0,0,0,0,0,0,0,0,0
120020,2,1,0,0,0,0,0,0,0,0,0,0
120021,1,1,0,0,0,0,0,0,0,0,0,0
120022,0,1,0,0,0,0,0,0,0,0,0,0
120022,1,1,0,0,0,0,0,0,0,0,0,0
120023,0,1,14,14,14,14,14,14,14,14,14,14
120023,1,1,0,0,0,0,0,0,0,0,0,0
120023,2,1,0,0,0,0,0,0,0,0,0,0
120025,0,1,0,0,0,0,0,0,0,0,0,0
120025,1,1,22,22,22,22,22,22,22,22,22,22
120025,2,1,0,0,0,0,0,0,0,0,23,0
120026,1,1,0,0,0,0,0,0,0,0,0,0
120027,1,1,18,18,18,18,18,18,18,18,18,18
120027,2,1,0,0,0,0,0,0,0,0,0,0
120028,1,1,0,0,0,0,0,0,0,0,0,0
120029,1,1,10,0,15,14,0,0,20,19,19,12
120030,1,1,12,12,12,12,12,12,12,12,12,12
120031,1,1,15,15,15,15,15,15,15,15,15,15
120031,2,1,3,3,3,3,3,3,3,3,3,3
120032,1,1,0,0,0,0,0,0,0,0,0,0
120033,0,1,38,38,38,38,38,38,38,38,38,38
120033,1,1,0,0,0,0,0,0,0,0,0,0
120034,1,1,0,0,0,0,0,0,0,0,0,0
120035,1,1,0,10,14,0,9,0,0,11,5,0
120036,0,1,0,0,0,0,0,0,0,0,0,0
120036,1,1,0,0,0,0,0,0,0,0,0,0
120037,0,1,5,5,5,5,5,5,5,5,5,5
120037,1,1,0,0,0,0,0,0,0,0,0,0
120038,1,1,0,0,0,0,0,0,0,0,29,0
120039,1,1,25,25,25,25,25,25,25,25,25,25
120040,1,1,0,0,0,0,0,0,0,0,0,0
120041,0,1,0,0,0,0,0,0,0,0,0,0
120041,1,1,0,0,0,0,0,0,0,0,0,0
120042,1,1,0,0,0,0,0,0,0,0,0,0
120042,2,1,0,0,0,0,0,0,0,0,28,0
120043,1,1,0,0,0,0,0,0,0,0,0,0
120044,1,1,15,15,15,15,15,15,15,15,15,15
120045,0,1,44,0,16,21,0,29,16,23,21,0
120045,1,1,0,0,0,0,0,0,0,0,0,0
120046,1,1,0,0,0,0,0,0,0,0,0,0
120046,2,1,0,0,0,0,0,0,0,0,0,0
120047,0,1,0,0,0,0,20,24,0,33,0,0
120047,1,1,0,0,0,0,0,0,0,0,0,0
120048,0,1,0,0,0,0,0,0,0,0,14,0
120048,1,1,0,0,0,0,0,0,0,0,0,0
120049,1,1,20,20,20,20,20,20,20,20,20,20
120050,1,1,0,0,0,0,0,0,0,0,0,0
120050,2,1,0,0,0,0,0,0,0,0,0,0
120050,3,1,0,0,0,0,0,0,0,0,0,0
120051,0,1,0,0,0,0,0,0,0,0,0,0
120051,1,1,2,0,0,0,0,0,0,0,0,0
120052,0,1,0,0,0,0,0,0,0,0,0,0
120052,0,2,0,0,0,0,0,0,0,0,0,0
120052,1,1,0,0,0,0,0,0,0,0,0,0
120053,1,1,0,0,0,0,0,0,0,0,0,0
120053,2,1,0,0,0,0,0,0,0,0,0,0
120054,0,1,14,14,14,14,14,14,14,14,14,14
120054,1,1,0,0,0,0,0,0,0,0,0,0
120055,1,1,0,0,0,0,0,0,0,0,0,0
120055,2,1,0,0,0,0,0,0,0,0,0,0
120056,1,1,11,11,11,11,11,11,11,11,11,11
120056,2,1,0,0,0,0,0,0,0,0,0,0
120057,1,1,0,0,0,0,0,13,0,0,0,0
120057,2,1,0,0,0,0,0,0,0,0,0,0
120058,1,1,25,25,25,25,25,25,25,25,25,25
120059,1,1,0,0,0,0,0,0,0,0,0,0
120059,2,1,0,0,0,0,0,0,0,0,0,0
120059,3,1,0,0,0,0,0,0,0,0,0,0
120059,4,1,0,0,0,0,0,0,15,15,0,0
120060,1,1,0,0,0,0,0,0,0,0,0,0
120060,2,1,0,0,0,0,0,0,0,0,0,0
120061,1,1,0,0,0,0,0,0,0,0,16,0
120061,2,1,0,0,0,0,0,0,0,0,0,0
120062,0,1,0,0,0,0,0,0,0,0,0,0
120062,1,1,0,0,0,0,0,0,0,0,0,0
120063,1,1,0,0,0,0,0,0,0,0,0,0
120063,2,1,5,5,5,5,5,5,5,5,5,5
120064,0,1,0,0,0,0,11,0,22,24,0,0
120064,1,1,0,18,0,0,0,0,0,0,0,0
120065,1,1,0,0,0,0,0,0,0,0,0,0
120065,2,1,0,0,0,0,0,0,0,0,0,0
120066,1,1,0,0,0,0,0,0,0,18,0,0
120066,2,1,0,0,0,0,0,0,0,0,0,0
120067,1,1,15,15,15,15,15,15,15,15,15,15
120068,1,1,13,13,13,13,13,13,13,13,13,13
120069,0,1,30,30,30,30,30,30,30,30,30,30
120069,1,1,0,0,0,0,0,0,0,0,0,0
120070,0,1,0,0,0,0,0,0,0,0,0,0
120070,2,1,0,0,0,18,0,0,0,0,0,0
120071,1,1,0,0,0,0,0,0,0,0,0,0
120072,1,1,30,30,30,30,30,30,30,30,30,30
120073,1,1,19,19,19,19,19,19,19,19,19,19
120074,0,1,0,0,0,0,0,0,0,0,0,0
120074,1,1,15,0,0,0,0,0,0,0,0,0
120075,1,1,21,21,21,21,21,21,21,21,21,21
120076,1,1,0,0,0,0,0,0,0,0,0,0
120076,2,1,0,8,0,0,0,0,0,0,0,0
120077,1,1,0,9,0,7,22,0,0,0,11,0
120078,1,1,0,0,0,0,0,0,0,0,0,0
120078,2,1,0,0,0,0,0,0,0,0,0,0
120079,0,1,0,0,0,0,0,0,0,0,0,0
120079,1,1,6,6,6,6,6,6,6,6,6,6
120080,1,1,0,0,0,0,0,0,0,0,0,0
120081,1,1,0,4,24,17,0,0,1,0,0,0
120082,0,1,0,0,0,0,0,0,0,0,0,0
120082,1,1,0,0,0,0,0,0,0,0,0,0
120084,1,1,0,0,0,0,0,0,0,0,0,0
120085,1,1,0,0,0,0,0,0,0,0,0,0
120085,2,1,0,0,0,0,0,0,0,0,0,0
120086,1,1,0,0,0,0,0,0,0,0,0,0
120087,1,1,0,0,0,0,0,0,0,0,0,0
120087,2,1,0,0,0,0,0,0,0,0,0,0
120088,0,1,0,0,0,0,0,0,0,0,0,0
120088,1,1,0,0,0,0,0,0,0,0,0,0
120090,0,1,0,0,0,0,0,0,0,0,0,0
120090,1,1,0,0,0,0,0,0,0,0,0,0
120091,0,1,2,2,2,2,2,2,2,2,2,2
120091,1,1,13,0,0,0,8,0,0,0,0,0
120092,0,1,28,28,28,28,28,28,28,28,28,28
120092,1,1,20,0,0,0,13,0,0,0,0,0
120093,1,1,37,37,37,37,37,37,37,37,37,37
120094,1,1,18,10,15,20,11,9,15,15,9,18
120095,1,1,5,5,5,5,5,5,5,5,5,5
120095,2,1,0,0,0,0,0,0,5,0,0,0
120096,0,1,0,0,0,0,0,0,0,0,0,0
120096,0,2,0,0,0,0,0,0,0,0,0,0
120096,1,1,0,0,0,0,0,0,0,0,0,0
120097,1,1,0,0,0,13,0,0,0,0,0,0
120099,1,1,0,0,0,0,0,0,0,0,0,0
120099,2,1,0,0,0,0,0,0,0,0,0,0
120100,1,1,0,0,0,0,0,0,0,0,0,0
120101,1,1,24,24,24,24,24,24,24,24,24,24
120102,1,1,11,11,11,11,11,11,11,11,11,11
120103,1,1,0,0,0,0,0,0,0,0,0,0
120103,2,1,0,0,0,0,0,0,0,0,0,0
120104,0,1,0,0,0,0,0,0,0,0,0,0
120104,1,1,0,0,0,0,0,0,0,0,0,0
120105,1,1,11,11,11,11,11,11,11,11,11,11
120105,2,1,0,0,0,0,0,0,0,0,0,0
120106,1,1,0,0,0,0,0,15,0,0,0,16
120108,1,1,0,0,0,0,0,0,0,0,0,0
120108,2,1,0,0,0,0,0,0,0,0,0,9
120108,3,1,0,0,0,0,0,0,0,0,0,0
120109,1,1,0,0,0,0,0,0,0,0,0,0
120110,1,1,7,7,7,7,7,7,7,7,7,7
120111,1,1,23,23,23,23,23,23,23,23,23,23
120112,1,1,0,0,0,0,0,0,0,0,0,0
120112,2,1,0,0,0,0,0,0,0,0,0,0
120113,1,1,20,20,20,20,20,20,20,20,20,20
120113,2,1,4,4,4,4,4,4,4,4,4,4
120114,1,1,21,21,21,21,21,21,21,21,21,21
120116,1,1,0,0,0,0,0,0,0,0,0,0
120116,2,1,0,0,0,0,0,0,0,0,0,0
120117,1,1,0,0,0,0,0,0,0,0,0,0
120117,2,1,0,0,0,0,0,0,0,0,0,0
120118,1,1,0,0,0,0,0,0,0,0,0,0
120118,2,1,0,0,0,0,0,0,0,0,0,0
120119,0,1,18,18,18,18,18,18,18,18,18,18
120119,1,1,0,0,0,0,0,0,0,0,0,0
120120,1,1,21,21,21,21,21,21,21,21,21,21
120120,2,1,0,0,0,0,0,0,6,0,0,0
120121,1,1,0,0,0,0,0,0,0,0,0,0
120121,2,1,0,0,0,0,0,0,0,0,0,0
120122,0,1,0,0,0,0,0,0,0,0,0,0
120122,1,1,0,0,0,0,0,0,0,0,0,0
120123,1,1,0,0,0,0,0,0,0,0,0,0
120123,2,1,0,0,0,0,0,0,0,0,0,0
120124,1,1,0,0,0,0,0,0,0,0,0,0
120124,2,1,0,0,0,0,0,0,0,0,0,0
120125,0,1,14,14,14,14,14,14,14,14,14,14
120125,1,1,0,0,0,0,0,0,0,0,0,0
120126,0,1,0,0,0,0,0,0,0,0,0,0
120126,0,2,0,0,0,0,0,0,0,0,9,0
120126,1,1,0,0,0,0,0,0,0,0,0,0
120128,1,1,0,0,0,0,0,0,0,0,0,0
120128,2,1,0,0,0,0,0,0,0,0,0,0
120129,1,1,0,0,0,0,0,0,0,0,0,0
120129,2,1,0,0,0,0,0,0,0,0,0,0
120130,1,1,0,0,0,0,0,0,0,0,0,0
120131,1,1,0,0,0,0,0,0,0,0,0,0
120131,2,1,0,0,0,0,0,0,0,0,0,0
120132,0,1,0,0,0,0,0,0,0,0,0,0
120132,1,1,0,0,0,0,0,0,0,0,0,0
120133,0,1,30,30,30,30,30,30,30,30,30,30
120133,1,1,0,0,0,48,0,0,0,0,0,0
120134,1,1,0,0,0,0,0,0,0,0,0,0
120135,1,1,0,0,0,0,0,0,0,0,0,0
120135,2,1,0,0,0,0,0,0,0,0,0,0
120135,3,1,12,0,0,0,12,0,0,0,0,0
120135,4,1,2,2,2,2,2,2,2,2,2,2
120135,5,1,0,0,0,0,0,0,0,0,0,0
120135,6,1,0,0,0,0,0,0,0,0,0,0
120136,1,1,22,22,22,22,22,22,22,22,22,22
120137,1,1,14,14,14,14,14,14,14,14,14,14
120137,2,1,11,0,0,8,0,0,0,0,7,0
120138,1,1,0,0,0,0,0,0,0,0,0,0
120139,0,1,0,0,0,0,0,0,6,0,0,0
120139,1,1,0,14,0,0,0,0,0,0,0,24
120140,1,1,23,23,23,23,23,23,23,23,23,23
120141,1,1,0,0,0,0,0,0,0,0,0,0
120142,1,1,4,28,11,0,11,21,0,10,6,15
120143,1,1,0,0,0,0,0,0,0,0,0,0
120143,2,1,0,0,0,0,0,0,0,0,0,0
120144,1,1,20,20,20,20,20,20,20,20,20,20
120144,2,1,10,0,0,0,0,0,0,0,0,0
120145,0,1,24,24,24,24,24,24,24,24,24,24
120145,1,1,0,0,0,0,0,0,0,0,0,0
120146,1,1,4,4,4,4,4,4,4,4,4,4
120147,0,1,28,28,28,28,28,28,28,28,28,28
120147,1,1,0,0,0,0,23,0,0,0,0,0
120148,0,1,0,0,0,0,0,0,0,0,0,0
120148,1,1,3,3,3,3,3,3,3,3,3,3
120149,0,1,28,28,28,28,28,28,28,28,28,28
120149,1,1,0,0,0,0,0,0,0,0,0,0
120150,1,1,20,20,20,20,20,20,20,20,20,20
120151,0,1,0,0,0,0,0,0,0,0,0,0
120151,1,1,0,0,0,0,0,0,0,0,0,0
120152,1,1,23,23,23,23,23,23,23,23,23,23
120153,1,1,0,0,0,22,0,0,0,0,0,0
120154,1,1,13,13,13,13,13,13,13,13,13,13
120154,2,1,0,0,0,0,0,0,0,0,0,0
120155,1,1,0,0,0,0,0,0,0,0,0,0
120155,2,1,0,0,0,0,0,0,0,0,0,0
120155,3,1,0,0,0,0,0,0,0,0,0,0
120156,1,1,11,11,11,11,11,11,11,11,11,11
120157,1,1,5,13,0,0,3,0,14,14,10,0
120158,1,1,0,0,0,19,0,6,0,0,0,0
120159,1,1,0,10,0,0,0,0,0,0,0,0
120160,0,1,24,24,24,24,24,24,24,24,24,24
120160,1,1,0,0,0,0,0,0,0,0,0,0
120161,1,1,9,9,9,9,9,9,9,9,9,9
120161,2,1,0,0,0,0,0,0,0,0,0,0
120162,1,1,0,0,0,0,0,0,0,0,0,0
120162,2,1,0,0,0,0,0,0,0,0,0,0
120163,0,1,0,0,0,0,0,0,0,0,0,0
120163,1,1,0,0,0,8,0,0,0,0,0,0
120164,1,1,4,4,4,4,4,4,4,4,4,4
120164,2,1,0,0,0,0,0,0,0,0,0,0
120164,3,1,0,0,0,0,8,0,0,0,0,0
120165,1,1,24,0,3,0,0,0,0,0,0,0
120165,2,1,0,0,0,0,6,0,0,0,0,0
120166,1,1,0,0,0,0,0,13,0,0,0,0
120167,1,1,0,0,0,0,0,0,0,0,0,0
120167,2,1,0,0,0,0,0,0,0,0,0,0
120168,1,1,0,0,0,0,0,0,0,0,0,0
120168,2,1,0,0,0,0,0,0,0,0,0,0
120169,1,1,0,0,0,0,0,0,0,0,0,0
120169,2,1,0,0,0,0,0,0,0,0,0,0
120170,1,1,0,0,0,0,0,0,0,9,0,0
120171,0,1,0,0,0,0,0,0,0,0,0,0
120171,1,1,0,17,17,0,0,0,0,15,0,0
120172,1,1,15,11,0,11,0,0,12,10,6,21
120172,2,1,0,6,0,3,0,0,0,25,32,0
120173,1,1,0,0,0,0,0,24,0,0,0,0
120173,2,1,4,4,4,4,4,4,4,4,4,4
120174,1,1,17,0,0,0,0,0,0,0,0,0
120175,0,1,0,0,0,0,0,0,0,0,0,0
120175,1,1,0,0,0,0,0,0,0,0,0,0
120176,1,1,0,0,0,0,0,0,0,0,0,0
120176,2,1,0,0,0,0,0,0,0,0,0,0
120176,3,1,0,0,0,0,0,0,0,0,0,0
120177,0,1,45,45,45,45,45,45,45,45,45,45
120177,1,1,0,0,0,0,0,0,0,0,0,0
120177,2,1,12,0,30,0,0,0,0,19,0,0
120178,1,1,0,0,0,0,0,0,0,0,0,0
120178,2,1,0,0,0,0,0,0,0,0,0,0
120178,3,1,0,0,0,0,0,0,0,0,0,0
120179,1,1,25,25,25,25,25,25,25,25,25,25
120181,1,1,8,8,8,8,8,8,8,8,8,8
120182,1,1,0,0,0,0,0,0,0,11,0,0
120182,2,1,0,0,0,0,0,0,0,0,0,0
120183,1,1,34,34,34,34,34,34,34,34,34,34
120184,1,1,0,0,0,0,0,0,0,0,0,0
120185,1,1,16,16,16,16,16,16,16,16,16,16
120186,1,1,30,30,30,30,30,30,30,30,30,30
120186,2,1,2,2,2,2,2,2,2,2,2,2
120187,1,1,0,0,0,0,0,0,0,0,0,0
120188,1,1,14,14,14,14,14,14,14,14,14,14
120188,2,1,0,0,11,0,0,0,0,0,0,0
120189,1,1,22,22,22,22,22,22,22,22,22,22
120189,2,1,17,17,17,17,17,17,17,17,17,17
120190,0,1,0,0,0,0,0,0,0,0,0,0
120190,1,1,0,0,0,0,0,0,0,0,0,0
120191,1,1,0,0,0,0,0,0,0,0,0,0
120192,0,1,0,0,0,0,0,0,0,0,0,0
120192,1,1,0,0,0,0,0,0,0,0,0,0
120193,0,1,0,0,0,0,0,0,0,0,0,0
120193,0,2,0,0,0,0,0,0,0,0,0,0
120193,0,3,0,0,0,0,0,0,0,0,0,0
120193,1,1,0,0,0,0,0,0,0,0,0,0
120194,0,1,1,1,1,1,1,1,1,1,1,1
120194,1,1,0,0,0,0,0,0,0,0,0,0
120195,0,1,0,0,0,0,0,0,0,0,0,0
120195,1,1,0,0,0,0,0,0,0,0,0,0
120196,1,1,12,12,12,12,12,12,12,12,12,12
120197,1,1,0,0,0,0,0,0,0,0,0,0
120197,2,1,0,0,0,0,0,0,0,0,0,0
120197,3,1,0,0,0,0,0,26,0,0,0,0
120198,0,1,15,15,15,15,15,15,15,15,15,15
120198,1,1,0,0,0,0,0,0,0,0,0,0
120199,1,1,0,0,0,0,0,0,0,0,0,0
120199,2,1,0,0,0,0,0,0,0,0,0,0
120200,0,1,0,0,0,0,0,0,0,0,0,11
120200,1,1,0,0,0,0,0,0,0,0,0,0
120201,0,1,36,36,36,36,36,36,36,36,36,36
120201,1,1,0,0,0,0,0,0,0,0,0,0
120202,1,1,15,15,15,15,15,15,15,15,15,15
120203,0,1,21,21,21,21,21,21,21,21,21,21
120203,1,1,0,0,0,0,29,0,0,0,0,0
120204,1,1,0,0,0,0,0,0,0,0,0,0
120204,2,1,0,0,0,0,0,0,0,0,0,0
120205,1,1,0,0,0,0,0,0,0,0,0,0
120205,2,1,6,6,6,6,6,6,6,6,6,6
120206,1,1,24,24,24,24,24,24,24,24,24,24
120208,1,1,0,0,0,0,0,0,0,0,0,0
120208,2,1,0,0,0,0,0,0,0,0,0,0
120209,1,1,27,27,27,27,27,27,27,27,27,27
120210,0,1,13,0,0,0,0,0,0,27,0,0
120210,0,2,0,0,0,0,0,0,0,0,0,0
120210,0,3,6,16,0,7,0,0,0,29,10,0
120210,1,1,17,17,17,17,17,17,17,17,17,17
120211,1,1,11,0,0,0,0,0,0,0,0,0
120212,0,1,24,24,24,24,24,24,24,24,24,24
120212,1,1,0,0,0,0,0,0,0,0,0,0
120213,1,1,0,0,0,0,0,0,0,0,0,0
120213,2,1,0,0,0,0,0,6,0,27,0,0
120213,3,1,0,0,0,0,0,0,0,0,15,0
120213,4,1,0,0,0,0,16,0,0,0,0,0
120214,1,1,0,0,17,0,0,0,0,28,12,0
120215,1,1,10,10,10,10,10,10,10,10,10,10
120215,2,1,14,14,14,14,14,14,14,14,14,14
120216,1,1,30,30,30,30,30,30,30,30,30,30
120216,2,1,0,9,0,0,0,0,0,0,0,0
120217,1,1,0,0,0,0,0,0,0,0,0,0
120217,2,1,0,0,0,0,0,0,0,0,0,0
120218,1,1,0,0,0,0,0,0,0,0,0,0
120218,2,1,9,9,9,9,9,9,9,9,9,9
120219,0,1,17,0,0,0,0,0,0,0,0,0
120219,1,1,10,21,10,11,18,9,6,5,4,8
120220,1,1,0,0,0,0,0,0,0,0,0,0
120220,2,1,0,22,0,0,0,0,0,0,27,0
120220,3,1,11,11,11,11,11,11,11,11,11,11
120220,4,1,0,12,0,0,0,0,0,0,0,0
120220,5,1,0,0,0,0,0,0,0,0,0,0
120220,6,1,0,0,0,0,0,3,0,0,0,0
120220,7,1,2,2,2,2,2,2,2,2,2,2
120220,8,1,12,12,12,12,12,12,12,12,12,12
120220,9,1,0,0,0,0,0,0,0,0,0,0
120220,10,1,0,0,7,0,0,0,0,0,0,0
120221,0,1,0,0,0,0,0,0,0,0,0,0
120221,1,1,19,0,0,0,0,0,0,0,0,0
120222,1,1,0,0,0,0,0,0,0,0,0,0
120222,2,1,0,0,0,0,0,0,0,0,0,0
120223,1,1,0,0,0,0,0,0,0,0,0,0
120223,2,1,0,0,0,0,0,0,0,0,0,0
120225,1,1,0,0,0,0,0,0,0,0,0,0
120226,1,1,21,21,21,21,21,21,21,21,21,21
120227,0,1,21,21,21,21,21,21,21,21,21,21
120227,1,1,0,0,0,12,11,0,0,0,0,0
120228,1,1,13,13,13,13,13,13,13,13,13,13
120229,1,1,0,0,0,0,0,0,0,0,0,0
120229,2,1,0,0,0,0,0,0,0,0,0,0
120229,3,1,16,0,33,20,0,0,0,0,0,0
120229,4,1,0,0,0,0,0,0,0,0,9,0
120230,1,1,23,7,10,15,28,17,6,14,21,27
120230,2,1,0,0,0,0,0,0,0,0,0,0
120231,1,1,20,20,20,20,20,20,20,20,20,20
120231,2,1,0,6,9,0,0,23,25,21,5,0
120232,1,1,10,10,10,10,10,10,10,10,10,10
120233,1,1,0,0,0,0,0,0,0,0,0,0
120234,1,1,0,0,0,0,0,0,0,0,0,0
120235,1,1,0,0,0,0,0,0,0,0,0,0
120235,2,1,0,0,0,0,0,0,0,0,0,0
120236,0,1,21,21,21,21,21,21,21,21,21,21
120236,1,1,0,0,0,0,0,0,0,14,0,0
120237,1,1,0,13,20,0,0,0,0,0,26,0
120238,1,1,25,25,25,25,25,25,25,25,25,25
120239,1,1,0,0,0,0,0,0,0,0,0,0
120240,1,1,0,0,0,0,0,0,0,0,0,0
120240,2,1,0,0,0,0,0,0,0,0,0,0
120241,1,1,0,0,0,0,0,0,0,0,0,0
120241,2,1,10,10,10,10,10,10,10,10,10,10
120242,1,1,20,20,20,20,20,20,20,20,20,20