ST_CASE,VEH_NO,PER_NO,P1,P2,P3,P4,P5,P6,P7,P8,P9,P10
120242,2,1,0,0,0,0,0,0,0,0,0,0
120243,1,1,0,0,0,0,0,0,0,0,0,0
120244,1,1,0,0,0,0,0,0,0,0,0,0
120244,2,1,0,0,0,0,0,0,0,0,0,0
120245,0,1,27,27,27,27,27,27,27,27,27,27
120245,1,1,0,0,0,0,0,0,11,0,30,0
120246,0,1,0,0,0,0,9,18,0,15,0,19
120246,1,1,0,0,0,0,0,0,0,0,0,0
120247,0,1,0,0,0,0,8,0,0,0,0,0
120247,1,1,0,0,0,0,0,0,0,0,0,0
120248,0,1,42,42,42,42,42,42,42,42,42,42
120248,1,1,0,0,0,0,14,0,0,0,0,0
120249,1,1,26,26,26,26,26,26,26,26,26,26
120249,2,1,0,4,0,0,0,0,0,0,0,0
120250,1,1,0,0,0,0,0,0,0,0,0,0
120251,0,1,31,31,31,31,31,31,31,31,31,31
120251,1,1,0,18,0,0,0,0,0,0,0,0
120252,1,1,0,0,0,0,0,0,0,0,0,0
120252,2,1,0,0,16,39,0,0,0,0,0,0
120253,0,1,0,0,0,0,0,0,0,0,0,0
120253,1,1,0,0,0,0,0,0,0,0,0,0
120254,1,1,0,0,0,0,25,0,0,0,0,0
120255,0,1,0,29,0,0,19,28,0,40,32,22
120255,1,1,0,0,0,6,0,0,0,0,0,0
120256,0,1,0,0,0,0,0,0,0,0,0,0
120256,1,1,0,0,0,0,0,0,0,0,10,0
120257,1,1,28,28,28,28,28,28,28,28,28,28
120258,1,1,0,0,0,0,0,0,0,0,0,0
120258,2,1,0,0,0,0,0,0,0,0,0,0
120259,1,1,0,0,0,14,0,17,0,11,0,5
120260,0,1,0,0,0,0,0,0,0,0,0,20
120260,1,1,0,0,0,0,0,0,0,0,0,0
120262,0,1,0,0,0,0,0,0,0,0,0,0
120262,1,1,0,0,0,0,0,0,0,0,0,0
120263,1,1,0,0,0,0,0,0,0,0,0,0
120264,0,1,0,0,20,0,0,0,0,0,0,0
120264,1,1,0,0,0,0,0,0,0,0,0,0
120264,2,1,0,0,0,0,0,0,0,0,0,0
120265,0,1,0,0,0,0,0,0,0,0,0,0
120265,0,2,0,0,0,0,0,0,0,0,0,0
120265,0,3,0,0,0,0,0,0,0,0,7,0
120265,1,1,0,0,0,0,0,0,0,0,0,0
120266,0,1,26,0,26,0,23,0,0,0,0,0
120266,1,1,0,0,0,0,0,0,0,0,0,0
120267,1,1,15,15,15,15,15,15,15,15,15,15
120268,0,1,0,0,0,0,0,0,0,0,0,0
120268,1,1,0,0,0,0,0,0,0,0,0,0
120269,1,1,0,0,0,0,0,0,0,47,0,0
120269,2,1,0,0,0,0,7,0,0,0,0,0
120270,0,1,21,21,21,21,21,21,21,21,21,21
120270,1,1,4,4,4,4,4,4,4,4,4,4
120272,1,1,0,0,0,0,0,0,0,0,0,0
120272,2,1,0,0,0,0,0,0,0,0,0,0
120273,1,1,21,12,0,0,8,0,0,0,0,0
120274,1,1,0,0,0,0,0,0,0,0,0,0
120274,2,1,0,0,0,0,0,0,0,0,0,0
120275,1,1,0,0,0,0,0,0,0,0,0,0
120276,0,1,8,0,0,0,0,0,0,0,0,0
120276,1,1,0,0,0,0,0,0,0,0,0,0
120276,2,1,0,0,0,0,0,0,0,0,0,0
120276,3,1,0,0,0,0,0,0,0,0,0,0
120276,4,1,0,0,0,0,0,0,0,0,0,0
120277,0,1,0,0,0,0,0,0,0,0,19,0
120277,1,1,0,0,0,0,0,0,0,0,0,0
120278,1,1,35,35,35,35,35,35,35,35,35,35
120278,2,1,0,0,0,0,0,0,0,0,0,0
120278,3,1,0,0,0,0,0,0,0,0,0,0
120279,1,1,0,0,0,0,0,0,0,0,0,0
120279,2,1,0,0,0,0,0,0,0,0,0,0
120279,3,1,0,0,0,0,0,0,0,0,0,0
120280,1,1,0,0,0,0,0,0,0,0,0,0
120280,2,1,0,0,0,0,0,0,0,0,0,0
120282,1,1,19,35,0,0,0,0,0,0,13,0
120283,1,3,14,16,8,16,17,17,21,23,19,24
120284,1,1,0,0,0,0,0,0,0,0,0,15
120284,2,1,0,0,0,0,0,0,0,0,0,0
120284,3,1,0,0,0,0,0,0,0,0,0,0
120285,1,1,22,22,22,22,22,22,22,22,22,22
120286,1,1,0,0,0,0,0,0,0,0,0,0
120286,2,1,0,0,0,0,0,0,0,0,0,0
120287,1,1,0,0,0,0,0,0,0,0,0,0
120288,0,1,0,0,0,0,0,0,0,0,0,0
120288,1,1,0,0,0,0,0,0,0,0,0,0
120288,2,1,5,9,19,12,11,0,10,15,14,10
120289,1,1,9,9,18,17,11,14,0,19,2,12
120289,2,1,0,0,0,0,0,0,0,0,0,0
120290,1,1,28,28,28,28,28,28,28,28,28,28
120290,2,1,0,0,11,0,0,0,0,0,0,0
120291,1,1,20,20,20,20,20,20,20,20,20,20
120292,1,1,18,18,18,18,18,18,18,18,18,18
120292,2,1,0,0,0,0,0,0,0,0,0,0
120292,3,1,0,0,0,0,0,0,0,0,0,0
120293,0,1,0,0,0,0,0,0,0,0,0,0
120293,1,1,0,0,0,0,0,0,0,0,0,0
120294,1,1,0,0,0,0,0,0,0,0,0,0
120295,1,1,0,0,0,0,0,0,0,0,0,0
120295,2,1,0,0,0,0,0,0,0,0,0,0
120295,3,1,0,0,0,0,0,0,0,0,0,0
120296,1,1,18,18,18,18,18,18,18,18,18,18
120297,1,1,0,0,0,0,0,0,0,0,0,0
120297,2,1,0,0,0,0,0,0,0,0,0,0
120298,1,1,0,0,0,0,0,0,0,0,0,0
120299,1,1,0,0,0,0,0,0,0,0,0,0
120300,1,1,0,0,0,0,0,0,0,0,0,0
120301,1,1,0,0,27,0,0,4,10,0,0,0
120302,0,1,4,20,21,0,0,0,27,32,9,15
120302,1,1,0,0,0,0,0,0,0,0,31,0
120303,1,1,0,0,0,0,0,0,0,0,0,0
120303,2,1,0,0,0,0,0,0,0,0,0,0
120304,1,1,0,0,0,0,0,0,0,0,0,0
120305,0,1,20,61,27,25,13,0,24,25,23,36
120305,1,1,0,0,12,0,0,8,0,0,0,13
120306,1,1,0,0,0,0,0,0,0,0,0,0
120306,2,1,0,0,0,0,0,0,0,0,0,0
120307,1,1,14,14,14,14,14,14,14,14,14,14
120308,1,1,13,13,13,13,13,13,13,13,13,13
120308,2,1,0,0,0,0,0,0,0,0,0,0
120309,1,1,0,0,0,0,0,0,0,0,0,0
120309,2,1,0,0,0,0,0,0,0,0,0,0
120310,1,1,0,0,0,0,0,0,0,0,0,0
120310,2,1,0,16,19,15,18,31,4,11,8,20
120311,0,1,0,0,0,0,0,0,0,0,0,0
120311,1,1,0,0,0,0,0,20,0,0,0,0
120312,1,1,0,0,0,0,0,0,0,0,0,0
120312,2,1,25,25,25,25,25,25,25,25,25,25
120313,1,1,0,6,0,19,0,22,0,0,0,17
120314,1,1,0,0,0,0,0,0,0,0,0,0
120314,2,1,0,0,0,0,0,0,0,0,0,0
120314,3,1,0,0,0,0,0,0,0,0,0,0
120315,1,1,0,0,0,0,0,0,0,0,0,0
120315,2,1,0,0,0,0,0,0,0,0,0,0
120316,0,1,0,0,0,0,0,0,0,0,0,0
120316,1,1,0,0,0,0,0,0,0,0,0,0
120317,1,1,0,0,0,0,0,0,0,0,0,10
120317,2,1,0,0,0,0,11,0,0,0,0,0
120318,1,1,0,0,0,0,0,0,7,0,0,0
120318,2,1,16,0,0,6,0,0,0,14,0,0
120319,0,1,31,31,31,31,31,31,31,31,31,31
120319,1,1,0,0,0,0,0,0,0,0,0,0
120320,0,1,0,0,0,33,29,0,0,0,0,0
120320,1,1,0,0,0,0,0,4,0,0,0,0
120321,0,1,0,0,0,0,0,0,0,0,0,0
120321,1,1,0,0,0,0,0,0,0,0,9,0
120322,0,1,9,9,9,9,9,9,9,9,9,9
120322,1,1,0,0,0,0,0,0,0,0,0,0
120323,1,1,0,0,0,0,0,0,0,0,0,0
120323,2,1,0,0,0,0,0,0,0,0,0,0
120324,0,1,15,32,37,0,28,20,18,0,0,0
120324,1,1,0,0,0,0,0,0,0,0,0,0
120324,2,1,0,0,0,0,0,0,0,0,0,0
120325,0,1,0,0,0,0,0,0,0,28,0,0
120325,0,2,19,14,11,43,13,14,29,19,18,15
120325,1,1,0,0,0,0,0,0,0,0,0,0
120326,1,1,14,0,0,0,0,0,12,0,0,0
120327,1,1,0,0,0,0,0,0,0,0,0,0
120327,2,1,0,0,0,0,0,6,0,0,0,0
120328,1,1,27,27,27,27,27,27,27,27,27,27
120329,1,1,0,0,0,0,0,0,0,0,0,0
120329,2,1,0,0,0,0,0,0,0,0,0,0
120330,0,1,5,0,0,0,0,7,0,0,0,9
120330,0,2,0,0,0,0,0,0,0,0,0,0
120330,1,1,0,0,0,0,0,0,0,9,0,0
120331,0,1,0,0,0,0,0,0,0,0,0,0
120331,1,1,0,0,0,0,0,0,0,0,0,0
120332,0,1,29,15,0,41,0,0,0,0,0,0
120332,1,1,0,0,8,0,0,0,0,0,0,0
120333,1,1,20,20,20,20,20,20,20,20,20,20
120333,2,1,0,0,0,0,0,0,0,0,0,0
120333,3,1,0,0,0,0,0,0,0,0,20,0
120334,0,1,0,0,0,0,0,0,0,0,0,0
120334,1,1,0,0,0,0,0,0,0,0,0,0
120335,1,1,0,0,0,0,0,0,0,0,0,0
120336,1,1,0,0,17,0,0,21,0,0,12,16
120337,0,1,0,0,0,0,0,7,0,3,0,0
120337,1,1,0,0,0,0,0,0,10,0,0,0
120338,0,1,0,0,0,17,4,0,0,0,0,0
120338,1,1,29,0,0,0,0,0,0,0,0,0
120339,1,1,0,0,0,0,0,0,0,0,0,0
120339,2,1,0,0,0,0,0,0,0,0,0,0
120341,0,1,22,22,22,22,22,22,22,22,22,22
120341,1,1,0,0,0,0,0,0,0,0,14,0
120342,1,1,0,0,0,0,0,0,0,0,0,0
120342,2,1,0,0,0,0,0,0,0,0,0,0
120343,0,1,0,0,0,0,0,0,0,0,0,0
120343,1,1,0,0,0,0,0,0,18,0,0,0
120343,2,1,0,0,0,0,0,0,0,0,0,0
120344,1,1,4,4,4,4,4,4,4,4,4,4
120345,0,1,0,7,0,0,0,0,0,0,19,0
120345,1,1,0,0,0,0,0,0,0,0,0,23
120346,1,1,0,0,0,0,0,0,0,0,0,0
120346,2,1,0,0,0,0,0,0,0,0,0,0
120346,3,1,0,0,0,0,0,0,16,0,0,0
120347,1,1,0,0,0,0,0,0,0,0,0,0
120347,2,1,0,0,0,0,0,0,0,0,0,0
120347,3,1,0,0,0,0,9,0,0,0,0,0
120347,4,1,0,0,0,0,0,0,0,0,0,0
120348,0,1,0,0,0,0,0,0,0,0,0,0
120348,0,2,0,0,0,0,0,0,0,0,3,17
120348,1,1,0,0,0,0,0,0,0,0,0,0
120349,1,1,8,8,8,8,8,8,8,8,8,8
120349,2,1,0,0,0,0,0,0,0,0,0,12
120350,1,1,28,13,39,22,20,16,7,30,33,8
120350,2,1,0,0,0,0,0,0,0,0,0,0
120350,3,1,0,0,0,0,0,0,0,0,0,0
120351,1,1,0,0,0,0,0,0,0,16,0,0
120351,2,1,0,9,0,9,7,0,0,29,0,0
120352,1,1,0,0,0,0,0,0,0,0,0,0
120353,1,1,0,0,0,0,0,0,0,0,0,0
120354,1,1,0,0,0,0,0,0,12,0,0,0
120354,2,1,0,0,0,0,0,0,0,0,0,0
120354,3,1,0,0,0,0,0,0,0,10,0,0
120357,1,1,21,21,21,21,21,21,21,21,21,21
120358,1,1,17,17,17,17,17,17,17,17,17,17
120360,1,1,0,0,0,0,0,14,0,0,0,0
120360,2,1,0,10,0,0,0,0,0,0,0,8
120361,1,1,9,0,0,0,0,0,0,0,0,0
120361,2,1,0,0,0,0,8,0,0,0,0,0
120362,0,1,22,22,22,22,22,22,22,22,22,22
120362,1,1,0,0,0,0,0,0,0,0,0,0
120363,1,1,0,0,0,0,0,0,0,0,0,0
120363,2,1,0,0,0,0,0,0,0,0,0,0
120364,1,1,0,0,0,0,0,0,0,0,0,0
120365,1,1,19,19,19,19,19,19,19,19,19,19
120366,1,1,20,19,9,14,14,0,0,40,0,19
120367,1,1,0,0,0,0,0,0,0,0,0,0
120367,2,1,0,0,0,0,0,0,0,0,0,0
120368,1,1,0,0,0,0,0,0,0,0,0,0
120369,0,1,0,0,0,0,0,0,0,0,0,0
120369,1,1,0,0,0,0,0,0,0,0,0,0
120370,1,1,9,9,9,9,9,9,9,9,9,9
120371,0,1,0,0,0,0,0,0,0,0,0,0
120371,1,1,0,0,0,0,0,0,0,0,0,0
120372,1,1,9,9,9,9,9,9,9,9,9,9
120373,1,1,0,0,0,0,0,0,0,0,0,0
120373,2,1,0,0,0,0,0,0,0,0,0,0
120374,0,1,35,35,35,35,35,35,35,35,35,35
120374,1,1,0,0,0,0,0,0,0,0,0,0
120375,1,1,23,23,23,23,23,23,23,23,23,23
120376,1,1,0,0,0,0,0,0,0,0,0,17
120376,2,1,13,13,13,13,13,13,13,13,13,13
120376,3,1,0,0,0,15,0,0,0,4,0,8
120377,1,1,7,7,7,7,7,7,7,7,7,7
120378,1,1,14,22,0,9,0,15,15,0,0,22
120378,2,1,0,0,0,0,0,15,0,0,0,0
120379,1,1,25,25,25,25,25,25,25,25,25,25
120380,0,1,0,0,0,0,0,0,0,0,0,0
120380,1,1,0,0,0,0,0,0,0,7,0,0
120381,1,1,5,14,7,10,0,21,0,0,0,0
120382,1,1,21,21,21,21,21,21,21,21,21,21
120383,1,1,0,0,0,0,0,0,0,0,0,0
120383,2,1,0,0,0,0,0,0,0,0,0,0
120384,1,1,0,0,0,0,0,0,0,0,0,0
120384,2,1,0,0,0,0,0,0,0,0,0,0
120385,1,1,28,28,28,28,28,28,28,28,28,28
120386,1,1,0,0,0,0,5,0,0,0,0,0
120386,2,1,0,0,0,0,0,0,0,0,0,0
120388,0,1,14,0,0,0,0,0,0,0,0,0
120388,1,1,0,0,0,0,0,0,0,0,0,0
120389,1,1,0,0,0,0,0,0,0,0,0,0
120389,2,1,0,0,0,0,0,0,0,0,0,0
120389,3,1,0,0,0,0,0,0,0,0,0,0
120390,1,1,0,0,0,0,0,0,0,0,0,0
120390,2,1,0,0,0,0,0,0,0,0,0,0
120390,3,1,0,0,0,0,0,0,0,0,0,0
120391,1,1,5,5,5,5,5,5,5,5,5,5
120392,1,1,0,22,0,0,0,0,0,0,0,0
120392,3,1,0,0,0,0,18,0,0,0,0,0
120394,0,1,0,0,0,0,0,0,0,0,0,0
120394,1,1,0,0,0,0,0,0,0,0,0,0
120395,1,1,0,0,0,0,0,0,0,0,0,0
120397,1,1,0,0,0,0,0,0,0,0,0,0
120397,2,1,0,0,15,0,0,0,0,0,0,0
120398,1,1,0,0,0,0,0,6,0,0,0,0
120398,2,1,0,0,0,0,0,0,0,0,0,0
120399,1,1,0,0,0,0,0,0,0,0,0,0
120399,2,1,15,15,15,15,15,15,15,15,15,15
120401,1,1,0,0,0,0,0,0,0,0,0,0
120401,2,1,0,0,0,0,0,0,0,0,0,0
120402,1,1,0,0,0,0,0,0,0,0,0,0
120403,1,1,0,0,0,0,0,0,0,0,0,0
120403,2,1,0,0,0,0,0,0,0,0,0,0
120403,3,1,0,0,0,0,0,0,0,0,0,0
120404,0,1,28,28,28,28,28,28,28,28,28,28
120404,1,1,0,0,0,31,0,0,0,0,0,0
120405,0,1,22,22,22,22,22,22,22,22,22,22
120405,1,1,0,0,0,0,10,0,0,0,0,0
120406,1,1,4,4,4,4,4,4,4,4,4,4
120407,1,1,0,0,0,0,0,0,0,0,0,0
120408,0,1,36,36,36,36,36,36,36,36,36,36
120408,1,1,4,4,4,4,4,4,4,4,4,4
120409,0,1,0,11,0,0,0,0,26,0,0,0
120409,0,2,0,0,0,0,0,0,14,0,0,3
120409,1,1,0,0,0,0,0,0,0,0,15,0
120410,1,1,20,20,20,20,20,20,20,20,20,20
120410,2,1,0,0,0,0,0,0,0,0,32,0
120411,1,1,0,0,0,0,0,0,0,0,0,0
120411,2,1,0,0,0,0,0,0,0,0,0,0
120412,1,1,0,0,0,0,0,0,0,0,0,0
120412,2,1,0,0,20,0,0,0,0,0,0,0
120413,1,1,0,0,0,0,0,0,0,0,0,0
120413,2,1,0,0,0,0,0,0,0,0,0,0
120414,1,1,0,4,0,0,0,0,0,0,0,0
120414,2,1,0,0,0,0,0,0,0,0,0,0
120415,1,1,0,0,0,0,3,0,0,0,0,0
120415,2,1,6,6,6,6,6,6,6,6,6,6
120416,1,1,15,15,15,15,15,15,15,15,15,15
120416,2,1,0,0,0,0,0,0,0,0,0,0
120416,3,1,0,0,0,0,0,0,0,0,0,0
120417,1,1,16,13,20,20,7,20,16,22,0,10
120417,2,1,0,0,0,0,0,0,0,0,0,0
120418,0,1,0,0,0,0,0,0,0,0,0,0
120418,1,1,0,0,0,0,0,0,0,0,0,0
120419,0,1,0,0,0,0,0,0,0,0,0,0
120419,1,1,0,0,0,0,0,0,0,0,0,0
120420,1,1,19,19,19,19,19,19,19,19,19,19
120421,1,1,0,0,0,0,0,0,0,0,0,0
120421,2,1,0,0,0,0,0,0,0,0,0,0
120422,1,1,0,0,0,0,0,0,0,0,0,0
120422,2,1,0,0,0,0,0,0,0,0,0,0
120423,0,1,3,3,3,3,3,3,3,3,3,3
120423,1,1,0,0,0,0,0,0,0,0,0,0
120424,1,1,31,31,31,31,31,31,31,31,31,31
120425,1,1,7,7,7,7,7,7,7,7,7,7
120425,2,1,7,0,7,0,10,0,29,0,0,0
120426,0,1,33,26,16,38,25,28,20,28,20,26
120426,1,1,0,0,0,0,0,0,21,0,17,0
120427,0,1,0,0,0,0,0,0,0,0,0,0
120427,1,1,0,0,0,0,0,0,0,0,0,0
120428,1,1,0,0,12,0,0,0,0,17,0,0
120428,2,1,0,0,0,0,18,0,0,0,7,0
120429,1,1,27,27,27,27,27,27,27,27,27,27
120429,2,1,0,0,0,0,0,0,0,0,0,0
120430,1,1,0,0,0,0,0,0,0,0,0,0
120430,2,1,0,0,0,0,0,0,0,0,0,0
120431,0,1,0,0,0,0,0,0,0,0,0,0
120431,0,2,0,24,0,5,0,0,0,0,0,0
120431,1,1,0,0,0,0,0,0,0,0,0,0
120432,1,1,24,24,24,24,24,24,24,24,24,24
120433,0,1,0,0,0,0,0,0,0,0,0,0
120433,1,1,0,0,0,0,0,15,0,0,0,0
120434,1,1,0,0,0,0,0,0,0,0,0,0
120434,2,1,0,0,0,0,0,0,0,0,0,0
120435,0,1,0,0,0,9,0,15,0,27,0,0
120435,1,1,0,0,0,11,0,0,0,0,0,0
120436,1,1,6,6,6,6,6,6,6,6,6,6
120437,1,1,7,19,5,8,12,22,0,30,6,19
120438,1,1,10,10,10,10,10,10,10,10,10,10
120440,1,1,28,28,28,28,28,28,28,28,28,28
120442,1,1,0,0,0,0,0,0,0,0,0,0
120442,2,1,0,0,0,0,5,0,0,0,0,0
120442,3,1,0,0,0,0,0,0,0,0,0,0
120442,4,1,0,0,0,0,0,8,0,0,0,0
120443,1,1,23,23,23,23,23,23,23,23,23,23
120444,1,1,0,0,0,0,0,0,0,0,0,0
120445,1,1,13,14,0,9,0,30,0,0,9,18
120446,1,1,0,0,0,0,0,0,0,0,0,0
120446,2,1,0,0,0,0,0,0,0,0,0,0
120446,3,1,0,0,0,0,0,0,0,0,0,0
120446,4,1,0,0,0,0,0,0,0,0,0,0
120447,1,1,0,0,0,0,0,0,0,0,0,0
120448,1,2,17,17,17,17,17,17,17,17,17,17
120449,1,1,0,0,0,0,0,0,0,19,0,0
120449,2,1,0,0,0,0,0,0,0,0,0,0
120450,1,1,0,0,0,0,0,0,0,0,0,0
120451,1,1,0,0,0,0,0,0,0,0,0,0
120452,1,1,0,0,0,0,0,0,0,0,0,0
120453,1,1,12,12,12,12,12,12,12,12,12,12
120453,2,1,0,0,0,0,0,0,0,0,0,0
120454,1,1,9,9,9,9,9,9,9,9,9,9
120454,2,1,0,0,0,0,0,0,0,0,0,0
120455,1,1,0,0,0,0,0,0,0,0,0,0
120456,1,1,0,0,0,0,4,20,22,0,16,5
120457,1,1,20,20,20,20,20,20,20,20,20,20
120458,1,1,0,0,0,0,0,0,0,12,10,13
120458,2,1,0,0,0,0,0,0,0,0,0,0
120459,1,1,0,0,0,0,0,0,0,0,0,0
120459,2,1,0,0,0,0,0,0,0,0,0,0
120460,1,1,0,0,0,0,0,0,0,7,0,0
120461,1,1,0,0,0,0,0,0,0,0,0,0
120461,2,1,0,0,0,0,0,8,0,0,0,0
120462,1,1,0,0,0,0,0,0,0,0,0,0
120462,2,1,0,0,0,0,0,0,0,0,0,0
120463,1,1,0,0,0,0,0,0,0,0,0,0
120463,2,1,0,0,0,0,0,0,0,0,0,0
120464,1,1,21,0,0,0,0,0,0,0,0,0
120465,1,1,0,0,0,0,0,0,0,0,0,0
120466,1,1,0,0,0,0,0,0,0,0,0,0
120467,1,1,0,0,0,0,0,0,0,0,0,0
120467,2,1,0,0,0,0,0,0,0,0,0,0
120469,1,1,3,3,3,3,3,3,3,3,3,3
120470,1,1,6,6,6,6,6,6,6,6,6,6
120470,2,1,0,0,0,0,0,0,0,0,0,0
120471,1,1,0,0,0,0,0,0,0,0,0,0
120472,1,1,0,0,0,0,0,0,0,0,0,0
120472,2,1,0,0,0,0,0,0,0,0,0,0
120473,1,1,0,0,0,0,0,0,0,0,0,0
120474,1,1,0,0,0,0,0,0,0,0,0,0
120475,1,1,0,0,0,0,0,0,0,0,0,0
120475,2,1,0,0,0,0,0,0,0,0,0,0
120477,1,1,0,0,0,0,0,0,0,0,0,0
120478,1,1,0,0,0,0,0,0,0,0,0,0
120478,2,1,0,0,0,0,0,0,0,0,0,0
120480,1,1,0,0,0,0,0,0,31,0,0,0
120481,0,1,0,0,0,0,0,0,0,0,0,0
120481,1,1,0,0,0,0,0,0,0,0,0,0
120482,1,1,0,0,0,0,0,0,0,0,0,0
120482,2,1,0,0,0,0,0,0,0,0,0,0
120484,1,1,0,0,0,0,0,0,0,0,0,0
120484,2,1,0,0,0,0,0,0,0,0,0,0
120484,3,1,0,0,0,0,0,0,0,0,0,0
120485,1,1,0,0,0,0,0,0,0,0,0,0
120485,2,1,0,0,0,0,0,0,0,0,0,0
120485,3,1,0,0,0,0,0,0,0,0,0,16
120486,0,1,18,18,18,18,18,18,18,18,18,18
120486,1,1,0,11,0,0,0,0,0,0,0,0
120487,1,1,0,0,0,0,0,0,0,0,0,0
120487,2,1,0,0,0,0,0,0,0,0,0,0
120488,1,1,2,2,2,2,2,2,2,2,2,2
120488,2,1,0,0,0,0,0,0,0,0,0,0
120489,1,1,0,0,0,0,0,0,0,0,0,0
120489,2,1,0,0,0,0,0,0,0,0,0,0
120490,1,1,23,23,23,23,23,23,23,23,23,23
120491,1,1,0,0,0,0,0,0,0,0,0,26
120492,0,1,20,20,20,20,20,20,20,20,20,20
120492,1,1,0,0,0,0,0,0,0,0,0,0
120493,1,1,1,1,1,1,1,1,1,1,1,1
120493,2,1,0,0,0,0,0,0,0,0,0,0
120494,0,1,0,0,0,0,0,0,0,0,0,0
120494,1,1,0,0,0,0,0,0,0,0,0,0
120495,1,1,0,0,0,0,0,0,0,0,0,0
120495,2,1,0,0,0,0,0,0,0,0,0,0
120495,3,1,0,0,0,0,0,0,0,0,0,0
120496,1,1,0,0,0,0,0,0,0,0,0,0
120496,2,1,0,0,18,0,0,0,3,0,0,0
120497,1,1,27,27,27,27,27,27,27,27,27,27
120497,2,1,0,0,0,0,0,0,0,0,0,0
120497,3,1,0,0,0,0,0,0,0,0,0,0
120497,4,1,0,0,0,0,0,0,0,0,0,0
120498,1,1,0,0,0,0,0,0,0,0,0,0
120498,2,1,0,0,0,0,0,0,0,0,0,0
120499,1,1,0,0,0,0,0,0,0,0,0,0
120499,2,1,0,0,0,0,0,0,0,0,0,0
120500,1,1,0,0,0,0,0,0,0,0,0,0
120500,2,1,0,0,0,0,0,0,0,0,0,0
120502,1,1,0,0,0,0,0,0,0,0,0,0
120502,2,1,0,0,0,0,0,0,0,0,0,0
120502,3,1,0,0,0,0,0,0,0,0,0,0
120503,0,1,0,0,0,0,12,0,0,0,7,0
120503,1,1,0,0,0,0,0,0,0,0,0,0
120504,1,1,17,17,17,17,17,17,17,17,17,17
120504,2,1,0,0,0,0,0,0,0,0,0,0
120505,0,1,0,0,0,0,0,0,0,0,0,0
120505,1,1,0,0,0,0,0,0,0,0,0,0
120505,2,1,0,0,0,0,0,0,0,0,0,0
120506,1,1,0,0,0,0,0,0,0,0,0,0
120506,2,1,0,0,0,0,0,0,0,0,0,0
120507,1,1,0,0,0,0,7,0,0,0,0,0
120507,2,1,0,0,26,0,0,0,0,0,0,0
120508,1,1,0,0,0,0,0,0,0,0,0,0
120508,2,1,0,0,0,0,0,0,0,0,0,0
120509,1,1,0,0,0,0,0,0,0,0,0,0
120510,0,1,34,34,34,34,34,34,34,34,34,34
120510,1,1,0,0,0,0,0,0,0,0,0,0
120511,1,1,21,21,21,21,21,21,21,21,21,21
120511,2,1,0,0,0,0,0,0,0,0,0,0
120511,3,1,0,0,0,0,0,0,0,0,0,0
120512,1,1,0,0,0,0,0,0,0,0,0,0
120512,2,1,0,0,0,0,0,0,0,0,0,0
120513,1,1,3,0,0,0,0,0,0,0,0,0
120513,2,1,0,0,0,0,0,0,0,0,0,0
120514,1,1,0,0,0,0,0,0,0,0,0,8
120515,1,1,0,0,0,0,0,0,0,0,0,0
120515,2,1,0,0,0,0,0,0,0,0,0,0
120516,1,1,0,0,0,0,0,0,0,0,0,0
120516,2,1,0,0,0,0,0,0,0,0,0,0
120516,3,1,0,0,0,0,0,0,0,0,0,0
120516,4,1,0,0,0,0,0,0,0,0,0,0
120516,5,1,0,0,0,0,0,0,0,0,0,0
120517,0,1,6,6,6,6,6,6,6,6,6,6
120517,1,1,0,0,0,0,0,0,0,0,0,0
120517,2,1,0,0,0,0,0,0,0,0,0,28
120518,0,1,0,0,0,0,0,0,0,0,0,0
120518,0,2,0,0,0,0,0,0,0,0,0,0
120518,1,1,0,0,0,0,0,0,0,0,0,0
120519,1,1,0,0,0,0,0,0,0,0,0,0
120519,2,1,4,4,4,4,4,4,4,4,4,4
120520,0,1,35,35,35,35,35,35,35,35,35,35
120520,1,1,0,0,0,0,0,0,0,0,0,0
120521,1,1,20,20,20,20,20,20,20,20,20,20
120521,2,1,0,0,0,0,0,0,0,0,0,0
120522,1,1,0,0,0,0,0,0,0,0,0,0
120522,2,1,0,0,0,0,0,0,0,0,0,0
120523,1,1,0,0,0,0,0,0,0,0,0,0
120523,2,1,0,0,0,0,0,0,0,0,0,0
120524,1,1,0,0,0,0,0,0,0,0,0,0
120524,2,1,0,0,0,0,0,0,0,0,0,0
120525,1,1,0,0,0,0,0,0,0,0,0,0
120525,2,1,0,0,0,0,0,0,0,0,0,0
120526,1,1,0,0,0,0,0,0,0,0,0,0
120527,1,1,24,24,24,24,24,24,24,24,24,24
120527,2,1,9,9,9,9,9,9,9,9,9,9
120529,1,1,20,20,20,20,20,20,20,20,20,20
120530,0,1,0,0,0,0,0,0,0,0,0,0
120530,1,1,0,0,0,0,0,0,0,0,0,0
120532,0,1,0,0,0,0,0,0,0,0,0,0
120532,1,1,0,0,0,0,0,0,0,0,0,0
120533,1,1,0,0,0,0,0,0,0,0,0,0
120533,2,1,0,0,0,0,0,0,0,0,0,0
120534,1,1,0,31,0,23,15,17,0,19,17,6
120535,1,1,0,0,0,0,0,0,0,0,0,0
120535,2,1,0,13,0,0,0,0,0,0,0,0
120536,1,1,0,25,0,0,0,0,0,0,0,0
120536,2,1,0,10,21,0,2,0,18,0,5,25
120537,1,1,22,22,22,22,22,22,22,22,22,22
120538,1,1,23,23,23,23,23,23,23,23,23,23
120539,1,1,0,0,0,0,0,0,0,0,0,0
120539,2,1,0,0,0,0,0,0,0,0,0,0
120540,0,1,30,30,30,30,30,30,30,30,30,30