ST_CASE,VEH_NO,PER_NO,P1,P2,P3,P4,P5,P6,P7,P8,P9,P10
120540,1,1,0,0,0,0,0,0,0,0,0,0
120541,1,1,32,32,32,32,32,32,32,32,32,32
120542,1,1,0,0,0,0,0,0,0,0,0,0
120543,1,1,0,0,0,0,0,0,0,0,0,0
120544,1,1,0,0,0,0,0,0,0,0,0,0
120544,2,1,0,0,0,0,0,0,0,0,0,0
120544,3,1,0,0,0,0,0,0,0,0,0,0
120546,1,1,0,0,0,0,0,0,0,0,0,0
120547,1,1,0,0,0,0,0,0,0,0,0,0
120548,0,1,23,23,23,23,23,23,23,23,23,23
120548,1,1,23,0,0,0,0,0,0,0,0,0
120549,0,1,43,43,43,43,43,43,43,43,43,43
120549,1,1,0,0,0,0,0,0,0,0,0,0
120550,1,1,4,9,18,0,0,0,0,0,6,8
120551,1,1,16,16,16,16,16,16,16,16,16,16
120552,1,1,28,28,28,28,28,28,28,28,28,28
120552,2,1,13,13,13,13,13,13,13,13,13,13
120553,1,1,0,0,0,0,0,0,0,0,0,0
120554,0,1,0,0,0,0,0,0,0,0,0,0
120554,1,1,0,0,0,0,0,0,16,0,0,0
120555,0,1,0,0,0,0,0,0,0,0,0,0
120555,1,1,0,0,0,0,0,0,0,0,0,0
120556,0,1,13,13,13,13,13,13,13,13,13,13
120556,1,1,0,0,0,0,0,0,0,0,0,0
120556,2,1,0,0,0,0,0,0,7,7,0,0
120557,1,1,19,19,19,19,19,19,19,19,19,19
120558,1,1,26,26,26,26,26,26,26,26,26,26
120558,2,1,0,0,0,0,0,0,0,0,0,0
120559,1,1,0,0,0,0,0,0,0,0,0,0
120560,1,1,0,0,0,0,0,0,0,0,0,0
120560,2,1,0,0,0,0,0,0,0,8,0,0
120561,1,1,0,0,0,0,0,0,0,11,0,0
120561,2,1,0,0,0,0,0,0,0,0,0,0
120562,1,1,0,0,0,0,0,0,0,0,0,0
120562,2,1,0,8,0,0,0,0,0,0,0,0
120563,0,1,0,0,0,0,0,0,0,0,0,0
120563,1,1,0,0,0,0,0,0,0,0,0,0
120564,0,1,18,18,18,18,18,18,18,18,18,18
120564,1,1,0,0,0,0,0,0,0,0,0,0
120565,1,1,0,0,0,0,0,0,0,0,0,0
120565,2,1,0,0,0,0,0,0,0,0,21,0
120566,1,1,10,10,10,10,10,10,10,10,10,10
120567,0,1,16,16,16,16,16,16,16,16,16,16
120567,1,1,0,0,0,0,0,0,0,0,33,0
120568,1,1,0,0,9,0,0,0,14,0,0,0
120569,1,1,0,0,0,0,0,0,0,15,0,0
120570,1,1,0,0,0,0,0,0,0,0,0,0
120571,1,1,0,0,0,0,0,0,0,0,0,0
120572,1,1,9,9,9,9,9,9,9,9,9,9
120572,2,1,0,0,0,0,0,0,0,0,0,0
120572,3,1,0,0,0,0,0,0,0,0,0,0
120573,1,1,28,28,28,28,28,28,28,28,28,28
120574,1,1,8,8,8,8,8,8,8,8,8,8
120575,1,1,0,10,0,0,16,0,0,0,0,13
120575,2,1,0,0,0,0,0,0,0,0,0,0
120576,1,1,26,26,26,26,26,26,26,26,26,26
120576,2,1,0,0,0,0,0,11,0,0,0,0
120577,1,1,0,0,0,0,0,0,0,0,0,0
120577,2,1,35,0,0,0,0,0,0,0,0,0
120578,1,1,0,0,0,0,0,0,0,0,6,0
120579,1,1,0,0,0,0,0,9,0,0,0,0
120579,2,1,0,0,0,0,0,0,0,0,0,0
120580,0,1,0,0,11,12,0,0,0,0,0,0
120580,1,1,32,25,3,19,20,11,7,28,18,15
120581,1,1,17,17,17,17,17,17,17,17,17,17
120582,0,1,0,0,0,0,0,0,0,0,0,0
120582,1,1,0,0,0,0,0,0,0,0,0,0
120583,0,1,0,0,0,0,0,0,10,0,0,0
120583,1,1,0,0,0,0,6,0,0,0,0,0
120584,1,1,0,0,0,0,0,0,0,0,0,0
120584,2,1,0,0,0,0,0,0,0,0,0,0
120585,1,1,0,0,0,0,0,0,0,0,0,0
120585,2,1,0,0,0,0,0,0,0,0,0,0
120586,1,1,0,0,0,0,15,0,12,0,0,0
120586,2,1,0,0,0,0,0,0,0,0,0,0
120587,1,1,0,0,0,0,0,0,0,0,0,0
120587,2,1,0,0,0,0,0,0,0,0,0,0
120588,0,1,12,0,0,35,0,14,27,0,0,20
120588,1,1,0,0,0,0,0,0,0,0,0,0
120589,0,1,0,0,0,0,0,0,0,0,0,0
120589,1,1,0,0,0,0,0,0,0,0,0,0
120591,0,1,0,0,0,0,0,0,0,0,0,0
120591,0,2,0,0,0,0,0,0,0,0,0,0
120591,1,1,0,0,0,0,0,0,0,0,0,0
120592,0,1,26,26,26,26,26,26,26,26,26,26
120592,0,2,21,21,21,21,21,21,21,21,21,21
120592,1,1,0,0,0,0,0,0,0,0,0,0
120594,1,1,0,0,0,0,0,19,0,0,0,0
120594,2,1,0,0,0,0,0,0,0,0,0,0
120595,1,1,0,0,0,0,0,0,0,0,0,0
120595,2,1,0,0,0,0,0,0,22,0,0,0
120596,1,1,5,5,5,5,5,5,5,5,5,5
120596,2,1,0,0,0,0,0,0,0,0,0,0
120598,0,1,0,0,0,19,0,0,0,10,0,0
120598,0,2,0,0,0,0,0,0,0,0,0,0
120598,1,1,0,0,0,0,0,0,0,0,0,4
120599,1,1,20,20,20,20,20,20,20,20,20,20
120599,2,1,0,0,0,0,0,0,0,0,0,0
120600,0,1,28,28,28,28,28,28,28,28,28,28
120600,1,1,0,0,15,0,0,0,0,0,0,0
120601,1,1,0,0,0,0,0,0,0,0,0,0
120602,0,1,0,0,0,0,0,0,0,0,0,0
120602,0,2,0,0,0,0,0,0,0,17,0,0
120602,1,1,0,0,0,0,0,0,0,0,0,0
120603,1,1,0,0,0,18,0,0,0,0,0,0
120604,1,1,0,0,0,0,0,0,0,0,0,0
120605,1,1,13,13,13,13,13,13,13,13,13,13
120605,2,1,0,0,0,0,0,0,0,10,0,0
120606,0,1,0,0,0,0,0,0,0,0,0,0
120606,1,1,0,0,0,0,0,0,0,0,0,0
120607,1,1,29,29,29,29,29,29,29,29,29,29
120608,1,1,0,0,0,0,0,0,0,0,0,0
120608,2,1,0,0,0,0,0,0,0,0,0,0
120609,1,1,2,2,2,2,2,2,2,2,2,2
120610,1,1,8,14,15,19,14,14,13,0,0,10
120611,1,1,0,0,16,0,0,0,0,0,0,0
120612,1,1,27,27,27,27,27,27,27,27,27,27
120613,1,1,13,13,13,13,13,13,13,13,13,13
120614,1,1,0,0,0,0,0,0,0,22,0,0
120616,1,1,0,0,0,0,0,0,0,0,0,0
120616,2,1,0,0,0,0,0,0,0,0,0,0
120617,1,1,0,0,0,0,0,0,0,0,0,0
120617,2,1,0,0,0,0,0,0,0,0,0,0
120618,1,1,12,12,12,12,12,12,12,12,12,12
120619,1,1,0,0,0,0,0,28,0,0,18,0
120619,2,1,18,18,18,18,18,18,18,18,18,18
120620,1,1,0,0,0,0,0,0,0,0,0,0
120621,1,1,16,7,0,4,0,13,0,4,0,11
120622,1,1,0,0,0,0,0,0,0,0,0,0
120623,1,1,0,0,0,0,0,0,0,0,0,0
120623,2,1,0,0,0,0,0,0,4,0,0,0
120624,1,1,10,10,10,10,10,10,10,10,10,10
120625,0,1,0,0,0,0,0,0,0,0,0,0
120625,1,1,0,0,0,0,0,0,0,0,0,16
120626,1,1,21,21,21,21,21,21,21,21,21,21
120627,1,1,16,16,16,16,16,16,16,16,16,16
120628,1,1,24,24,24,24,24,24,24,24,24,24
120629,0,1,15,15,15,15,15,15,15,15,15,15
120629,1,1,0,0,0,0,0,0,0,0,0,0
120630,1,1,0,0,0,0,0,0,0,0,0,0
120630,2,1,0,0,0,0,0,0,0,0,0,0
120631,0,1,0,0,0,0,0,0,0,0,0,0
120631,0,2,0,0,31,0,0,28,0,0,0,29
120631,1,1,0,0,0,0,0,0,0,0,0,0
120632,1,1,0,0,0,0,0,0,0,0,0,0
120633,0,1,26,26,26,26,26,26,26,26,26,26
120633,1,1,0,0,0,0,0,15,0,0,0,0
120634,1,1,0,0,0,0,0,0,0,0,0,0
120634,2,1,0,0,0,0,0,0,0,0,0,0
120634,3,1,0,0,0,0,0,0,0,0,0,0
120635,0,1,0,0,0,0,0,0,0,0,0,0
120635,1,1,0,0,0,0,0,0,0,0,0,0
120636,0,1,11,11,11,11,11,11,11,11,11,11
120636,1,1,0,0,0,0,0,0,0,0,0,0
120636,2,1,0,0,0,0,0,0,0,0,0,0
120637,1,1,0,0,0,0,0,0,0,0,0,0
120637,2,1,29,29,29,29,29,29,29,29,29,29
120638,1,1,0,0,0,0,0,15,0,0,0,0
120638,2,1,0,0,0,0,0,0,0,0,0,0
120639,0,1,47,47,47,47,47,47,47,47,47,47
120639,1,1,0,0,0,0,0,0,0,0,0,0
120640,0,1,0,0,0,0,0,0,0,0,0,0
120640,0,2,0,0,0,0,0,0,0,9,0,0
120640,1,1,14,14,14,14,14,14,14,14,14,14
120641,1,1,0,0,0,0,0,0,0,0,0,0
120642,1,1,0,0,0,0,0,0,0,0,0,0
120642,2,1,0,0,0,0,0,0,0,0,0,0
120643,1,1,11,11,11,11,11,11,11,11,11,11
120644,1,1,12,0,0,0,13,9,0,0,0,0
120645,1,1,0,0,0,0,0,0,0,0,0,0
120645,2,1,0,0,0,0,0,0,0,0,0,0
120646,0,1,34,34,34,34,34,34,34,34,34,34
120646,1,1,0,0,19,0,0,0,0,0,0,0
120647,1,1,22,22,22,22,22,22,22,22,22,22
120647,2,1,17,0,0,0,12,0,0,10,0,0
120648,1,1,11,11,11,11,11,11,11,11,11,11
120649,1,1,0,0,0,0,0,0,0,0,0,0
120650,1,1,0,0,0,0,0,0,0,0,0,0
120650,2,1,0,0,0,0,0,0,0,0,0,0
120652,1,1,0,0,0,0,0,0,0,0,0,0
120653,0,1,3,3,3,3,3,3,3,3,3,3
120653,1,1,0,0,0,0,0,0,0,0,0,0
120653,2,1,22,0,0,0,0,0,0,0,0,0
120653,3,1,0,0,0,0,0,0,0,0,0,0
120653,4,1,0,0,0,0,0,0,0,0,0,0
120654,0,1,0,0,0,0,0,0,0,0,0,0
120654,1,1,0,0,0,0,0,0,0,0,0,0
120655,1,1,0,0,0,0,0,0,0,0,0,0
120655,2,1,0,0,0,0,0,0,0,0,0,0
120656,0,1,36,36,36,36,36,36,36,36,36,36
120656,1,1,12,12,12,12,12,12,12,12,12,12
120657,0,1,0,13,0,0,3,24,0,12,10,0
120657,1,1,0,0,0,0,0,0,0,0,0,0
120658,0,1,0,0,0,0,0,0,0,0,0,0
120658,1,1,0,0,0,0,0,0,0,0,0,0
120659,0,1,0,0,0,0,0,0,0,0,0,0
120659,1,1,0,0,0,0,0,0,0,0,0,0
120660,1,1,0,0,0,0,0,0,0,0,0,0
120660,2,1,0,0,0,0,0,0,0,0,0,0
120660,3,1,0,0,0,0,0,0,0,0,0,0
120661,1,1,21,21,21,21,21,21,21,21,21,21
120662,1,1,8,1,0,0,0,16,18,0,0,0
120663,1,1,5,5,5,5,5,5,5,5,5,5
120663,2,1,0,0,0,0,0,0,0,0,0,0
120664,0,1,0,0,0,0,0,0,0,0,0,0
120664,0,2,0,0,0,0,0,0,0,0,9,0
120664,1,1,0,0,0,0,0,0,0,0,0,0
120665,1,1,15,15,15,15,15,15,15,15,15,15
120666,0,1,26,26,26,26,26,26,26,26,26,26
120666,1,1,0,0,0,0,0,0,9,0,0,0
120667,1,1,0,0,0,0,0,0,0,0,0,0
120667,2,1,0,0,0,0,0,0,10,0,0,0
120668,1,1,0,0,0,0,0,0,0,0,0,0
120668,2,1,0,0,0,0,0,0,0,0,0,0
120669,1,1,0,0,0,0,0,0,0,0,0,0
120670,1,1,11,11,8,15,8,8,0,17,21,0
120671,1,1,0,0,0,0,0,0,0,0,0,0
120672,1,1,0,0,0,0,0,0,0,0,0,0
120672,2,1,0,0,0,0,0,0,0,0,0,0
120673,1,1,12,12,12,12,12,12,12,12,12,12
120674,1,1,0,0,0,0,0,0,0,0,0,0
120674,2,1,0,0,0,0,0,0,0,0,0,0
120675,1,1,8,0,0,0,0,0,0,0,0,0
120675,2,1,0,0,0,0,0,0,0,0,0,0
120676,1,1,0,0,0,0,0,0,0,0,0,0
120676,2,1,0,0,0,0,0,0,0,0,0,0
120677,0,1,0,0,0,0,0,0,0,0,0,0
120677,1,1,0,0,0,0,0,0,14,0,0,0
120678,0,1,11,11,11,11,11,11,11,11,11,11
120678,1,1,0,0,6,0,0,0,0,0,0,18
120679,0,1,0,0,0,0,0,0,0,0,0,0
120679,1,1,0,0,0,0,0,0,0,0,0,0
120680,1,1,0,0,0,0,0,0,0,0,0,0
120680,2,1,0,0,0,0,0,0,0,0,0,0
120681,0,1,0,0,0,0,0,0,0,0,0,0
120681,1,1,0,0,0,0,0,0,0,0,0,0
120682,0,1,0,0,0,0,0,0,0,0,0,0
120682,1,1,0,0,0,0,0,0,0,0,0,0
120682,2,1,0,0,0,0,0,6,0,0,0,0
120683,1,1,0,0,0,0,0,0,0,0,0,0
120683,2,1,0,0,0,0,0,0,0,0,0,0
120684,1,1,17,17,17,17,17,17,17,17,17,17
120685,1,1,3,3,3,3,3,3,3,3,3,3
120685,2,1,0,0,0,0,0,0,0,0,0,0
120686,0,1,23,23,23,23,23,23,23,23,23,23
120686,1,1,0,0,0,0,0,0,0,0,0,0
120687,0,1,0,0,0,0,0,0,0,0,0,0
120687,1,1,0,0,0,0,0,0,0,0,0,0
120688,1,1,0,0,0,0,0,0,0,0,0,0
120688,2,1,0,0,0,0,0,0,0,0,0,0
120689,1,1,0,3,0,0,0,0,0,0,0,15
120690,0,1,0,0,0,0,0,0,0,0,0,0
120690,1,1,0,0,0,0,0,0,0,0,0,0
120691,0,1,31,31,31,31,31,31,31,31,31,31
120691,1,1,0,0,0,0,0,30,0,0,0,0
120692,0,1,17,17,17,17,17,17,17,17,17,17
120692,1,1,0,0,0,0,0,0,0,0,0,0
120693,1,1,0,0,0,0,0,0,0,0,0,0
120693,2,1,0,0,0,0,0,0,0,0,0,0
120694,1,1,14,18,33,0,8,3,12,0,12,0
120695,1,1,42,0,8,15,20,11,15,8,29,19
120696,1,1,0,0,0,23,10,19,23,0,27,29
120697,0,1,0,0,0,0,0,0,0,0,0,0
120697,1,1,0,0,0,0,0,0,0,0,0,0
120698,1,1,0,0,0,0,0,0,0,0,0,0
120699,1,1,0,0,0,0,0,0,0,0,0,0
120699,2,1,0,0,0,0,0,0,0,0,0,0
120700,0,1,0,0,0,0,0,0,0,0,0,0
120700,1,1,0,0,0,0,0,0,0,0,0,0
120700,2,1,0,0,0,0,0,0,0,0,0,0
120701,0,1,0,0,0,0,0,0,0,0,0,0
120701,1,1,0,0,0,0,0,0,0,0,0,0
120702,0,1,0,0,0,0,0,0,0,0,26,0
120702,1,1,0,0,23,0,0,0,0,0,0,0
120703,0,1,0,0,0,0,0,0,0,0,0,0
120703,1,1,0,0,0,0,0,0,0,0,0,0
120704,1,1,0,0,0,0,0,0,0,0,0,0
120704,2,1,0,0,14,0,0,0,0,0,0,0
120705,1,1,22,22,22,22,22,22,22,22,22,22
120706,1,1,31,31,31,31,31,31,31,31,31,31
120707,1,1,0,0,0,0,0,0,0,0,0,0
120707,2,1,0,0,0,0,0,0,0,0,0,0
120708,1,1,0,0,10,0,0,6,0,0,0,0
120708,2,1,0,0,0,0,0,0,0,0,0,0
120708,3,1,0,0,0,0,0,0,0,0,0,17
120709,1,1,0,0,0,0,0,0,0,0,0,0
120710,0,1,0,0,0,0,0,0,0,0,0,0
120710,1,1,0,0,0,0,0,0,0,0,0,0
120711,1,1,19,0,0,12,0,24,31,26,21,9
120712,1,1,0,0,0,0,0,0,0,0,0,0
120713,1,1,19,19,19,19,19,19,19,19,19,19
120714,1,1,18,18,18,18,18,18,18,18,18,18
120714,2,1,0,0,0,0,0,0,0,0,0,0
120715,0,1,0,0,0,0,0,0,0,0,0,0
120715,1,1,0,0,0,0,0,0,0,29,0,0
120716,1,1,20,20,20,20,20,20,20,20,20,20
120717,1,1,0,0,0,0,0,0,0,0,0,0
120717,2,1,4,4,4,4,4,4,4,4,4,4
120718,1,1,0,0,0,0,0,0,0,0,0,0
120719,0,1,0,2,0,0,0,0,0,0,0,12
120719,1,1,0,0,0,0,0,0,0,0,0,0
120720,1,1,0,0,0,0,0,0,0,0,0,0
120721,0,1,0,0,0,0,0,0,0,0,0,0
120721,1,1,0,0,0,0,0,0,0,0,0,0
120722,1,1,0,0,0,0,0,0,0,0,0,0
120723,1,1,21,0,0,0,0,0,0,0,0,0
120723,2,1,0,0,0,0,0,0,0,0,0,0
120723,3,1,0,0,0,0,0,0,0,21,0,0
120724,1,1,0,0,0,0,0,0,0,0,0,0
120724,2,1,0,0,0,0,0,0,0,0,0,0
120725,1,1,0,0,0,0,0,0,0,0,0,0
120726,1,1,20,20,20,20,20,20,20,20,20,20
120727,1,1,27,18,14,17,12,8,0,8,17,18
120727,2,1,9,0,18,9,8,0,26,11,18,9
120728,1,1,13,0,0,0,0,17,0,0,0,0
120728,2,1,0,0,0,0,0,0,0,0,0,0
120728,3,1,0,0,0,0,0,0,0,0,0,0
120729,0,1,39,39,39,39,39,39,39,39,39,39
120729,1,1,18,8,10,20,20,13,9,9,8,2
120730,1,1,16,16,16,16,16,16,16,16,16,16
120731,1,1,0,0,0,0,10,0,0,0,0,0
120731,2,1,0,0,0,0,0,0,0,0,0,0
120732,1,1,0,0,0,0,0,0,0,0,0,0
120733,1,1,0,24,0,0,0,13,19,14,0,0
120734,1,1,28,28,28,28,28,28,28,28,28,28
120735,1,1,23,23,23,23,23,23,23,23,23,23
120736,1,1,17,17,17,17,17,17,17,17,17,17
120737,1,1,0,0,0,12,0,0,0,0,0,0
120738,0,1,0,16,0,0,14,0,0,0,12,11
120738,1,1,0,20,0,0,0,0,0,0,0,0
120739,1,1,31,31,31,31,31,31,31,31,31,31
120739,2,1,0,0,0,0,0,0,0,0,0,0
120739,3,1,0,0,13,0,0,0,0,0,0,0
120739,4,1,0,0,0,0,0,0,0,0,0,0
120740,1,1,0,0,0,0,15,0,0,0,0,0
120740,2,1,0,6,0,0,0,0,0,4,0,0
120741,1,1,0,0,0,0,0,0,0,0,0,0
120741,2,1,0,0,0,0,0,0,0,0,0,0
120742,1,1,29,29,29,29,29,29,29,29,29,29
120743,1,1,28,28,28,28,28,28,28,28,28,28
120744,1,1,0,0,0,0,0,0,0,0,0,0
120744,2,1,0,0,0,0,0,0,0,0,0,0
120745,1,1,0,0,0,0,0,0,0,0,0,0
120745,2,1,0,0,0,0,0,0,0,0,0,0
120746,1,1,15,15,15,15,15,15,15,15,15,15
120747,1,1,0,0,0,0,0,0,0,0,0,0
120747,2,1,0,0,0,0,0,0,0,4,0,0
120748,1,1,0,0,0,0,0,0,0,0,0,20
120748,2,1,0,0,0,0,0,0,0,0,0,0
120749,1,1,0,0,0,0,0,0,0,0,0,0
120749,2,1,0,0,0,0,0,0,0,0,0,0
120750,1,1,0,24,0,12,9,0,27,30,0,0
120751,1,1,0,0,0,0,0,0,0,0,0,0
120752,1,1,0,0,0,0,0,0,0,0,0,0
120753,0,1,37,37,37,37,37,37,37,37,37,37
120753,1,1,0,0,0,0,45,14,0,0,16,0
120753,2,1,24,28,27,15,18,16,17,21,10,21
120754,1,1,31,31,31,31,31,31,31,31,31,31
120755,1,1,13,13,13,13,13,13,13,13,13,13
120756,1,1,0,0,0,0,0,0,0,0,0,0
120756,2,1,0,0,0,0,0,0,0,0,0,0
120757,1,1,7,7,7,7,7,7,7,7,7,7
120757,2,1,0,0,0,0,0,0,0,0,0,0
120758,1,1,0,0,0,0,0,0,0,0,0,0
120758,2,1,0,0,0,0,0,0,0,0,0,0
120760,1,1,14,14,14,14,14,14,14,14,14,14
120761,0,1,31,31,31,31,31,31,31,31,31,31
120761,1,1,0,0,0,0,0,0,0,0,0,0
120762,1,1,0,0,0,0,0,0,0,0,0,0
120762,2,1,0,0,0,0,0,0,0,0,0,0
120763,0,1,0,0,0,0,0,0,0,0,0,0
120763,1,1,0,5,0,0,0,0,0,0,0,0
120764,1,1,0,0,0,0,0,0,0,0,0,0
120764,2,1,0,0,0,0,0,0,0,0,0,0
120764,3,1,0,0,0,0,0,0,20,0,0,0
120765,1,1,0,0,0,0,0,0,0,0,0,0
120765,2,1,5,0,0,0,0,0,9,8,0,16
120766,1,1,24,24,24,24,24,24,24,24,24,24
120766,2,1,0,0,0,0,0,0,0,0,14,0
120767,1,1,19,19,19,19,19,19,19,19,19,19
120768,1,1,0,0,0,0,0,0,0,0,0,0
120768,2,1,0,6,0,0,0,0,0,0,0,0
120769,1,1,0,0,0,0,0,0,0,0,0,0
120770,0,1,0,0,0,0,0,0,0,0,0,0
120770,1,1,0,0,0,0,0,0,0,0,0,0
120771,1,1,0,0,0,0,0,0,0,0,0,0
120771,2,1,0,0,0,0,0,0,0,0,0,0
120772,0,1,29,29,29,29,29,29,29,29,29,29
120772,1,1,0,0,0,0,0,0,0,0,0,9
120772,2,1,0,0,0,0,0,0,0,0,0,0
120773,1,1,9,0,18,0,15,29,11,0,12,16
120773,2,1,0,0,0,0,0,0,0,0,0,25
120774,1,1,12,0,0,0,0,9,0,0,0,0
120774,2,1,0,0,0,0,0,0,0,0,0,0
120774,3,1,0,0,0,0,0,0,0,0,0,0
120774,4,1,25,0,0,0,0,0,0,0,0,0
120774,5,1,0,0,0,0,0,0,0,0,0,0
120774,6,1,0,0,0,0,0,0,0,0,0,0
120775,1,1,0,0,0,0,0,0,0,0,0,0
120775,2,1,0,0,0,0,0,0,0,0,0,0
120776,1,1,17,17,17,17,17,17,17,17,17,17
120777,0,1,0,0,0,0,0,0,0,0,0,0
120777,1,1,0,0,0,0,0,0,0,0,0,0
120778,0,1,0,0,0,0,0,0,0,0,0,0
120778,1,1,0,0,0,0,0,0,0,0,0,0
120779,0,1,0,0,0,0,0,0,0,0,0,0
120779,1,1,0,0,0,0,0,0,0,0,0,0
120780,1,1,26,26,26,26,26,26,26,26,26,26
120781,1,1,0,0,0,13,0,0,0,0,0,0
120781,2,1,0,0,0,0,0,0,0,0,0,0
120782,1,1,0,0,0,0,0,0,0,0,0,0
120783,1,1,21,21,21,21,21,21,21,21,21,21
120784,1,1,0,0,0,0,0,0,0,0,0,0
120784,2,1,0,0,0,0,0,0,0,0,0,0
120785,0,1,28,28,28,28,28,28,28,28,28,28
120785,1,1,18,18,18,18,18,18,18,18,18,18
120786,1,1,20,0,0,0,0,0,0,6,0,0
120787,1,1,36,36,36,36,36,36,36,36,36,36
120790,0,1,0,0,0,0,0,0,0,0,0,0
120790,1,1,0,0,0,0,0,0,0,0,0,0
120791,1,1,0,0,0,0,0,0,0,0,0,0
120792,1,1,18,18,18,18,18,18,18,18,18,18
120793,1,1,0,0,0,0,0,0,0,0,0,0
120793,2,1,0,0,0,23,0,0,0,0,0,0
120793,3,1,0,7,0,0,0,0,0,0,0,12
120794,1,1,0,0,12,0,0,0,0,0,0,0
120795,1,1,0,0,0,0,0,0,0,0,0,0
120795,2,1,0,0,11,0,0,0,0,0,0,0
120796,0,1,0,0,0,14,27,0,0,0,34,0
120796,1,1,7,0,0,0,0,0,0,0,0,0
120797,0,1,0,0,0,0,0,0,0,0,0,0
120797,0,2,0,0,0,0,0,0,0,0,0,0
120797,1,1,24,24,24,24,24,24,24,24,24,24
120798,1,1,0,8,0,0,0,0,5,0,0,0
120798,2,1,0,0,0,0,0,0,0,0,0,0
120799,0,1,22,34,15,21,25,13,0,16,0,11
120799,1,1,0,0,0,0,0,0,0,0,0,0
120800,1,1,0,0,0,0,0,0,0,0,0,0
120800,2,1,0,0,0,0,0,0,0,0,0,0
120801,1,1,29,29,29,29,29,29,29,29,29,29
120802,1,1,0,0,0,0,0,0,0,0,0,0
120802,2,1,0,0,0,0,0,0,0,0,0,0
120803,1,1,0,0,0,0,0,0,0,0,0,0
120803,2,1,0,0,5,0,6,0,0,0,0,7
120804,1,1,5,5,5,5,5,5,5,5,5,5
120804,2,1,16,16,16,16,16,16,16,16,16,16
120805,1,1,0,0,0,0,0,0,0,0,0,0
120805,2,1,0,0,0,0,0,0,0,0,0,0
120805,3,1,0,0,0,0,0,0,10,0,0,0
120805,4,1,0,0,0,0,0,0,0,0,0,0
120806,1,1,8,8,8,8,8,8,8,8,8,8
120806,2,1,0,0,0,0,0,0,0,0,0,0
120807,1,1,22,8,0,0,0,0,0,0,0,10
120808,1,1,21,14,20,0,0,0,0,0,0,0
120808,2,1,0,0,0,0,0,0,0,0,0,8
120809,0,1,0,0,0,0,0,0,0,0,0,0
120809,1,1,0,0,0,30,0,0,0,27,0,0
120809,2,1,0,0,0,0,20,0,0,0,0,0
120810,1,1,8,8,8,8,8,8,8,8,8,8
120810,2,1,0,0,0,0,0,0,0,0,0,0
120811,0,1,3,3,3,3,3,3,3,3,3,3
120811,1,1,5,0,0,0,0,0,0,0,8,16
120812,1,1,0,0,0,0,0,0,0,0,0,0
120813,1,1,38,10,21,41,13,13,19,18,31,24
120814,1,1,0,0,0,0,0,0,0,0,0,0
120814,2,1,0,0,0,0,0,0,0,0,0,0
120815,1,1,30,30,30,30,30,30,30,30,30,30
120816,1,1,0,0,0,0,0,0,0,0,0,0
120816,2,1,0,0,0,0,0,0,0,0,0,0
120817,1,1,5,5,5,5,5,5,5,5,5,5
120818,0,1,23,23,23,23,23,23,23,23,23,23
120818,1,1,1,1,1,1,1,1,1,1,1,1
120819,1,1,0,0,0,0,0,0,0,0,0,0
120820,1,1,25,25,25,25,25,25,25,25,25,25
120821,1,1,0,0,0,0,0,0,0,0,0,0
120821,2,1,0,0,0,0,0,0,0,0,0,0
120822,1,1,0,0,0,0,0,0,0,0,0,0
120822,2,1,0,0,0,0,0,0,0,0,0,8
120823,1,1,0,0,0,0,0,0,0,0,0,0
120823,2,1,0,0,0,0,0,0,0,0,0,0
120824,0,1,0,0,0,0,0,0,0,0,0,0
120824,1,1,0,0,0,0,0,0,0,0,0,0
120825,0,1,20,27,10,0,28,32,0,23,0,26
120825,1,1,0,0,0,0,0,0,0,0,0,0
120826,1,1,0,0,0,0,0,0,0,0,0,0
120826,2,1,0,0,0,0,0,0,0,0,0,0
120827,1,1,0,0,0,0,0,0,0,0,0,0
120828,1,1,0,0,0,0,0,0,0,0,0,0
120828,2,1,0,0,0,0,0,0,0,0,0,0
120829,1,1,0,0,0,0,0,0,0,0,0,0
120829,2,1,0,0,0,0,0,0,0,0,0,0
120830,1,1,5,5,5,5,5,5,5,5,5,5
120831,1,1,0,0,0,0,0,0,0,0,0,0
120831,2,1,0,0,0,0,0,0,0,0,0,0
120832,1,1,0,0,0,0,0,0,0,0,0,0
120832,2,1,0,0,0,0,0,0,0,0,0,0
120832,3,1,0,0,0,24,0,0,0,0,0,0
120833,1,1,0,0,0,0,0,0,0,0,0,0
120835,0,1,23,29,9,42,30,10,14,49,31,41
120835,1,1,0,0,0,0,0,0,18,0,0,0
120836,0,1,0,0,0,0,0,0,0,15,0,0
120836,1,1,0,0,0,0,0,0,0,0,0,0
120837,0,1,0,0,0,0,0,0,0,0,0,0
120837,1,1,0,0,0,0,0,0,0,0,0,0
120838,0,1,0,20,0,33,0,0,18,0,0,0
120838,1,1,0,0,0,0,0,0,0,0,0,0
120840,1,1,0,16,0,0,6,15,0,0,14,15
120840,2,1,0,0,0,0,48,0,0,0,0,0