ST_CASE,VEH_NO,PER_NO,P1,P2,P3,P4,P5,P6,P7,P8,P9,P10
121134,1,1,0,0,0,0,0,0,0,0,0,0
121135,1,1,0,0,0,0,0,0,0,0,0,0
121135,2,1,0,0,0,0,0,0,0,0,0,0
121135,3,1,0,0,0,0,0,0,0,0,0,0
121135,4,1,0,0,0,0,0,0,0,0,0,0
121136,1,1,0,0,0,0,0,0,9,0,0,0
121136,2,1,0,0,0,0,0,0,0,0,0,3
121136,3,1,0,0,0,0,0,0,0,0,0,0
121137,0,1,0,0,0,0,8,0,0,0,0,0
121137,1,1,0,0,0,0,0,0,0,0,22,0
121138,1,1,42,21,8,20,21,7,23,18,18,19
121139,0,1,0,0,0,0,0,0,0,0,0,0
121139,1,1,0,0,0,0,0,0,0,0,0,0
121140,1,1,0,0,0,0,0,0,0,0,0,0
121140,2,1,0,0,0,0,0,0,0,14,0,0
121141,1,1,0,0,0,0,0,0,13,0,0,0
121141,2,1,0,0,0,0,0,0,17,0,0,0
121141,3,1,0,0,0,0,0,0,0,0,0,0
121142,1,1,0,0,0,0,0,0,0,0,0,0
121142,2,1,0,0,0,0,0,0,0,0,0,0
121143,1,1,0,0,0,0,0,0,0,0,0,0
121143,2,1,10,0,0,0,2,0,0,0,0,0
121144,1,1,0,0,0,14,0,0,0,0,0,0
121144,2,1,0,0,0,0,0,11,0,0,0,0
121145,1,1,0,0,0,0,0,0,0,0,0,0
121146,1,1,12,12,12,12,12,12,12,12,12,12
121147,1,1,53,53,53,53,53,53,53,53,53,53
121147,2,1,0,0,0,0,0,0,0,0,0,0
121147,3,1,0,0,0,0,0,0,0,0,0,0
121148,1,1,0,0,0,0,0,0,0,0,0,0
121148,2,1,0,0,0,0,0,0,0,0,0,0
121149,1,1,0,0,0,0,0,0,0,0,0,0
121150,1,1,14,14,14,14,14,14,14,14,14,14
121151,1,1,0,0,0,0,0,0,0,0,0,0
121152,1,1,10,0,0,0,9,0,0,0,21,0
121152,2,1,25,25,25,25,25,25,25,25,25,25
121153,0,1,0,7,0,0,0,0,0,0,0,4
121153,1,1,0,0,0,0,0,0,0,0,0,0
121154,1,1,0,0,0,0,21,0,0,0,0,0
121154,2,1,0,0,0,0,0,0,0,0,0,0
121154,3,1,0,0,0,0,0,0,0,0,0,0
121154,4,1,0,0,0,0,0,0,0,0,0,0
121154,5,1,0,0,0,0,0,0,0,0,0,0
121155,1,1,33,33,33,33,33,33,33,33,33,33
121155,2,1,0,0,0,12,0,0,0,0,0,0
121156,1,1,9,9,9,9,9,9,9,9,9,9
121157,1,1,0,0,0,0,30,0,0,0,0,0
121157,2,1,0,0,0,0,0,0,0,0,5,0
121158,1,1,0,0,0,0,0,0,0,0,0,0
121158,2,1,0,0,0,0,0,0,0,0,0,0
121159,1,1,0,0,0,0,0,0,0,0,0,0
121161,1,1,11,11,11,11,11,11,11,11,11,11
121162,0,1,0,0,0,0,0,0,0,0,0,0
121162,1,1,0,0,0,0,0,0,0,0,0,0
121162,2,1,0,0,0,0,0,0,0,0,0,9
121163,0,1,0,0,0,0,0,34,0,0,0,0
121163,1,1,0,0,0,0,0,0,0,0,0,0
121164,0,1,19,19,19,19,19,19,19,19,19,19
121164,1,1,0,0,0,0,0,0,0,0,0,0
121165,1,1,12,12,12,12,12,12,12,12,12,12
121165,2,1,0,0,0,0,0,0,0,0,0,0
121166,1,1,0,0,0,0,0,0,0,0,0,0
121166,2,1,0,0,0,0,0,0,0,0,0,0
121166,3,1,0,0,0,0,0,0,0,0,0,0
121167,1,1,0,0,0,0,0,0,0,0,0,0
121167,2,1,0,0,0,0,0,0,0,0,0,0
121168,1,1,15,15,15,15,15,15,15,15,15,15
121169,1,1,0,0,0,0,0,0,0,0,0,0
121170,0,1,0,0,0,0,0,0,0,0,0,25
121170,1,1,0,0,0,0,0,0,0,0,0,0
121171,1,1,0,0,0,0,0,0,0,0,0,0
121171,2,1,0,0,0,0,0,0,0,0,0,0
121172,1,1,0,0,0,0,0,0,0,0,0,0
121172,2,1,0,0,0,0,0,0,0,0,0,0
121173,1,1,0,0,0,0,0,0,0,0,0,0
121173,2,1,0,0,0,0,0,0,0,18,0,0
121174,1,1,0,0,0,0,0,8,9,13,8,0
121175,1,1,0,29,0,0,0,0,0,0,0,0
121175,2,1,0,0,0,0,0,0,0,0,0,0
121176,1,1,0,0,0,0,0,0,0,0,0,0
121177,1,1,21,3,0,0,0,7,0,23,0,19
121178,1,1,14,14,14,14,14,14,14,14,14,14
121178,2,1,18,18,18,18,18,18,18,18,18,18
121179,1,1,0,0,0,0,0,0,0,0,0,0
121179,2,1,0,0,0,0,0,0,0,0,0,0
121180,1,1,0,0,0,0,0,0,0,0,0,0
121180,2,1,0,25,0,0,0,0,0,0,0,0
121180,3,1,0,0,0,0,0,0,0,0,0,0
121181,1,1,0,3,0,0,0,0,0,0,0,0
121181,2,1,0,0,0,0,0,0,0,0,0,0
121182,0,1,15,15,15,15,15,15,15,15,15,15
121182,1,1,0,0,0,0,0,0,0,0,0,0
121183,0,1,0,0,0,0,0,0,0,0,0,0
121183,1,1,0,0,0,0,0,0,0,0,0,0
121184,1,1,0,0,0,0,0,0,0,0,0,0
121184,2,1,0,0,0,0,0,0,0,0,0,0
121185,1,1,0,0,0,0,0,0,0,0,0,0
121186,1,1,17,17,17,17,17,17,17,17,17,17
121186,2,1,0,0,0,0,0,0,24,0,0,8
121187,0,1,23,23,23,23,23,23,23,23,23,23
121187,1,1,0,0,0,0,0,0,0,0,0,0
121187,2,1,0,0,0,0,0,0,0,0,0,0
121188,1,1,0,9,22,0,0,0,3,0,0,0
121188,2,1,0,0,0,0,0,0,0,0,0,0
121189,0,1,0,0,0,0,0,0,0,0,0,0
121189,1,1,7,29,24,10,21,16,8,15,13,17
121190,1,1,0,0,0,0,15,0,0,0,0,0
121190,2,1,10,0,3,2,0,0,0,0,0,0
121191,1,1,0,0,0,0,0,0,0,0,0,0
121192,1,1,30,30,30,30,30,30,30,30,30,30
121192,2,1,0,0,0,0,0,0,0,0,0,0
121192,3,1,0,0,0,0,0,0,0,0,0,0
121193,1,1,11,4,0,0,0,0,0,0,0,34
121194,1,1,1,1,1,1,1,1,1,1,1,1
121194,2,1,0,0,0,0,0,0,0,0,0,0
121195,1,1,0,0,0,0,0,0,0,0,0,0
121195,2,1,14,14,14,14,14,14,14,14,14,14
121196,1,1,0,0,0,0,0,0,0,0,0,0
121197,1,1,19,19,19,19,19,19,19,19,19,19
121197,2,1,0,0,0,0,0,0,0,0,0,0
121198,1,1,0,0,0,0,0,0,0,0,0,0
121198,2,1,0,0,0,0,0,0,0,0,0,0
121199,0,1,26,26,26,26,26,26,26,26,26,26
121199,1,1,16,0,14,0,10,0,12,8,0,0
121200,1,1,1,1,1,1,1,1,1,1,1,1
121201,1,1,12,12,12,12,12,12,12,12,12,12
121201,2,1,20,0,0,0,0,0,0,0,0,0
121202,1,1,0,0,0,0,0,0,0,0,0,0
121202,2,1,0,0,0,0,0,0,0,0,0,0
121203,1,1,0,0,0,0,0,0,0,0,0,0
121203,2,1,0,0,0,0,0,0,0,0,0,0
121205,1,1,0,0,0,0,0,0,0,0,0,0
121206,1,1,0,0,0,0,0,0,0,0,0,0
121207,1,1,23,23,23,23,23,23,23,23,23,23
121208,1,1,0,0,0,0,0,0,0,0,0,0
121209,1,1,14,19,0,26,0,0,14,0,0,9
121210,1,1,13,13,13,13,13,13,13,13,13,13
121211,1,1,0,0,0,0,0,0,0,0,0,0
121211,2,1,0,0,0,0,0,0,0,0,0,0
121212,1,1,0,0,0,0,0,0,0,0,0,0
121212,2,1,0,0,0,0,0,0,0,0,0,0
121212,3,1,0,0,0,0,0,0,0,0,0,0
121212,4,1,0,0,5,0,0,0,0,0,0,0
121212,5,1,0,0,0,0,0,0,0,0,0,0
121213,1,1,6,6,6,6,6,6,6,6,6,6
121213,2,1,0,0,0,0,0,0,0,0,0,0
121215,1,1,0,0,0,0,0,0,0,0,0,0
121215,2,1,6,0,9,0,0,0,0,9,0,0
121216,0,1,0,0,0,0,0,0,0,18,0,0
121216,1,1,5,0,0,0,0,0,0,0,0,0
121216,2,1,12,12,12,12,12,12,12,12,12,12
121217,1,1,0,0,0,0,0,0,0,0,0,0
121218,0,1,0,25,0,15,38,0,0,15,16,0
121218,1,1,0,0,0,0,0,0,0,0,0,0
121219,1,1,20,20,20,20,20,20,20,20,20,20
121220,1,1,15,15,15,15,15,15,15,15,15,15
121220,2,1,30,38,15,0,5,0,21,0,0,0
121221,0,1,0,0,23,0,12,7,24,17,0,0
121221,1,1,0,0,0,0,0,0,0,0,0,0
121222,0,1,19,19,19,19,19,19,19,19,19,19
121222,1,1,0,0,0,0,0,0,0,0,0,18
121223,0,1,0,0,0,0,0,0,0,0,0,0
121223,1,1,10,10,10,10,10,10,10,10,10,10
121224,0,1,0,0,0,0,0,0,0,0,0,0
121224,1,1,16,16,16,16,16,16,16,16,16,16
121225,1,1,23,23,23,23,23,23,23,23,23,23
121226,1,1,0,0,0,0,0,0,0,0,0,0
121227,1,1,0,0,18,0,0,0,0,0,0,0
121227,2,1,0,0,0,0,0,0,0,0,0,0
121228,1,1,0,0,0,0,0,0,0,0,0,0
121228,2,1,0,0,0,0,0,0,0,0,0,0
121228,3,1,0,0,0,0,0,0,0,2,0,0
121229,1,1,0,0,0,0,0,0,0,0,0,0
121229,2,1,0,0,0,0,0,0,0,0,0,0
121229,3,1,0,0,0,0,0,0,0,0,0,0
121231,0,1,0,0,0,0,0,0,0,0,0,0
121231,1,1,0,0,0,0,0,0,0,0,0,0
121232,1,1,21,5,19,0,0,14,16,0,16,0
121233,1,1,0,0,0,0,0,0,0,0,0,0
121234,1,1,0,0,0,0,0,0,0,0,0,0
121234,2,1,0,0,0,0,0,0,20,0,0,0
121234,3,1,0,32,0,0,0,9,0,0,22,0
121234,4,1,0,0,17,10,0,21,14,14,17,0
121235,1,1,20,20,20,20,20,20,20,20,20,20
121235,2,1,0,0,0,0,8,0,24,0,0,0
121236,1,1,0,0,0,0,0,0,0,0,0,0
121236,2,1,0,0,0,0,0,0,0,0,0,0
121237,0,1,0,0,0,0,0,0,0,0,0,0
121237,1,1,0,0,10,0,0,0,0,0,0,0
121239,1,1,0,0,0,0,0,0,0,0,0,0
121239,2,1,0,0,0,0,0,0,0,0,0,0
121240,0,1,0,0,0,0,0,0,0,0,0,0
121240,0,2,32,0,20,0,21,0,0,0,13,0
121240,1,1,0,0,0,0,0,2,0,0,0,0
121241,1,1,7,7,7,7,7,7,7,7,7,7
121242,1,1,0,0,0,0,0,0,0,0,0,0
121242,2,1,0,0,0,0,0,0,0,0,0,0
121243,1,1,0,0,0,0,0,0,0,0,10,0
121243,2,1,0,0,0,0,0,0,0,0,0,0
121244,0,1,0,0,0,0,0,0,0,0,0,0
121244,1,1,0,0,0,0,0,0,0,0,0,0
121245,1,1,0,0,0,0,0,0,0,0,0,0
121245,2,1,0,0,0,0,0,0,0,0,0,0
121246,0,1,0,0,0,0,0,0,3,0,0,0
121246,1,1,0,0,0,0,0,0,0,0,0,0
121247,0,1,0,0,0,0,0,0,0,0,0,0
121247,1,1,0,0,0,0,0,0,0,0,0,0
121248,1,1,0,0,0,0,0,0,0,0,0,0
121248,2,1,0,0,0,0,0,0,0,0,0,0
121249,1,1,0,0,0,0,0,0,0,0,0,0
121249,2,1,0,0,0,0,0,0,0,0,0,0
121250,1,1,0,0,0,0,0,0,0,0,0,0
121251,1,1,0,0,0,0,0,0,0,0,0,0
121252,1,1,0,0,0,0,0,0,0,0,0,0
121252,2,1,0,0,0,0,0,0,0,0,0,0
121253,0,1,0,0,0,0,0,0,0,0,0,0
121253,1,1,0,0,0,0,0,0,0,0,9,0
121254,1,1,6,6,6,6,6,6,6,6,6,6
121255,0,1,0,0,0,0,0,0,0,0,0,0
121255,1,1,0,0,0,0,0,0,0,0,0,0
121256,1,1,0,0,0,0,0,0,0,0,0,0
121256,2,1,0,0,0,0,0,0,0,0,0,0
121257,1,1,22,22,22,22,22,22,22,22,22,22
121258,1,1,0,0,0,0,0,0,0,0,0,0
121258,2,1,0,0,0,0,0,0,0,0,0,0
121258,3,1,0,2,0,0,0,0,0,0,0,0
121258,4,1,0,0,0,0,0,9,0,0,0,0
121259,1,1,27,27,27,27,27,27,27,27,27,27
121260,1,1,0,0,0,0,0,0,0,0,0,0
121260,2,1,0,0,0,0,0,0,0,0,0,0
121261,0,1,27,27,27,27,27,27,27,27,27,27
121261,1,1,7,7,7,7,7,7,7,7,7,7
121262,1,1,0,0,0,0,0,0,0,0,0,0
121262,2,1,0,0,0,0,0,0,0,0,0,0
121263,1,1,0,0,0,0,0,0,0,0,0,0
121263,2,1,10,6,0,5,14,5,17,0,0,0
121264,0,1,11,11,11,11,11,11,11,11,11,11
121264,1,1,0,0,0,0,0,0,0,0,0,0
121265,0,1,0,12,0,15,0,0,0,0,26,0
121265,1,1,0,0,0,0,0,0,0,0,0,0
121266,1,1,0,0,0,0,0,0,0,0,0,0
121267,0,1,0,0,0,0,0,0,0,0,0,0
121267,1,1,0,0,0,0,0,0,0,0,0,0
121268,1,1,0,0,0,0,0,0,0,0,0,0
121268,2,1,0,0,0,0,0,0,0,0,0,0
121269,1,1,1,1,1,1,1,1,1,1,1,1
121270,0,1,0,0,0,0,0,0,0,0,0,0
121270,1,1,0,0,0,0,0,0,0,0,0,0
121271,1,1,29,29,29,29,29,29,29,29,29,29
121272,1,1,30,30,30,30,30,30,30,30,30,30
121272,2,1,21,21,21,21,21,21,21,21,21,21
121273,1,1,0,0,0,0,0,0,0,0,0,0
121274,1,1,21,21,21,21,21,21,21,21,21,21
121275,1,1,28,28,28,28,28,28,28,28,28,28
121275,2,1,0,0,0,0,20,0,0,0,0,8
121275,3,1,0,0,0,0,0,0,0,0,0,0
121277,0,1,0,0,0,0,0,0,0,0,0,0
121277,1,1,0,0,0,0,0,0,0,0,0,0
121278,0,1,0,0,0,0,0,0,0,0,0,0
121278,1,1,0,0,0,0,0,0,0,0,0,0
121279,0,1,0,0,0,0,0,0,0,0,0,0
121279,1,1,0,0,0,0,0,0,0,0,0,0
121282,0,1,29,29,29,29,29,29,29,29,29,29
121282,1,1,9,0,0,0,0,0,0,0,0,0
121283,1,1,0,0,0,0,0,0,0,0,0,0
121283,2,1,0,0,0,0,0,0,0,0,0,0
121284,1,1,0,0,0,0,21,0,0,0,0,0
121285,1,1,5,5,5,5,5,5,5,5,5,5
121286,1,1,0,0,0,0,0,0,0,0,0,0
121286,2,1,0,0,0,0,0,0,0,0,0,0
121287,1,1,0,0,0,0,0,3,0,0,0,0
121287,2,1,0,15,0,0,0,0,0,0,0,0
121288,1,1,0,0,0,0,0,0,0,0,0,0
121289,0,1,22,19,0,33,16,22,0,20,4,15
121289,1,1,0,0,0,0,0,0,0,0,0,0
121290,1,1,25,25,25,25,25,25,25,25,25,25
121290,2,1,0,0,0,0,0,0,0,0,0,0
121291,1,1,20,13,10,0,5,16,16,16,24,18
121292,1,1,0,0,0,0,0,0,0,0,0,0
121292,2,1,0,0,0,22,0,0,0,0,0,0
121293,0,1,0,0,0,0,0,0,0,0,0,0
121293,1,1,0,0,11,0,0,0,21,0,3,9
121294,0,1,14,14,14,14,14,14,14,14,14,14
121294,1,1,0,0,0,0,0,0,0,13,0,0
121294,2,1,0,0,0,0,17,0,0,0,0,0
121294,3,1,0,0,0,0,0,0,0,0,0,0
121296,1,1,0,0,0,0,0,0,0,14,0,0
121296,2,1,0,0,0,0,0,0,0,0,0,0
121297,1,1,0,0,0,5,0,0,0,0,0,0
121298,1,1,0,0,0,0,0,0,0,0,0,0
121299,1,1,17,17,17,17,17,17,17,17,17,17
121300,1,1,0,0,0,0,0,0,0,0,0,0
121300,2,1,0,0,0,0,0,0,0,0,0,0
121301,0,1,23,23,23,23,23,23,23,23,23,23
121301,1,1,0,0,0,0,0,0,0,35,0,0
121302,1,1,12,12,12,12,12,12,12,12,12,12
121303,1,1,0,0,0,0,0,0,0,0,0,0
121304,0,1,0,0,0,0,0,0,0,0,0,0
121304,1,1,0,0,0,0,0,0,0,0,0,0
121305,1,1,0,0,0,0,0,0,0,0,0,0
121305,2,1,0,0,0,0,0,0,0,0,0,0
121306,1,1,0,0,0,0,0,0,0,0,0,0
121306,2,1,0,0,0,0,0,0,0,0,0,0
121306,3,1,0,0,0,0,0,12,0,11,6,12
121307,1,1,0,0,0,0,0,0,0,0,0,0
121308,0,1,0,0,0,0,0,0,0,0,0,0
121308,1,1,0,0,0,0,0,0,0,0,0,0
121309,0,1,0,0,0,0,0,0,0,0,0,0
121309,1,1,0,0,0,0,0,0,0,0,0,0
121310,1,1,0,0,0,0,0,0,0,0,0,0
121311,0,1,14,0,3,6,0,0,0,0,0,0
121311,1,1,0,0,0,0,0,0,0,0,0,0
121312,0,1,0,0,0,0,0,0,0,0,0,0
121312,1,1,0,0,0,0,0,0,0,0,0,0
121313,1,1,8,8,8,8,8,8,8,8,8,8
121313,2,1,2,2,2,2,2,2,2,2,2,2
121314,1,1,14,14,14,14,14,14,14,14,14,14
121314,2,1,0,0,0,0,0,0,0,0,0,0
121315,1,1,0,0,0,0,0,0,0,0,0,0
121315,2,1,0,0,0,0,0,0,0,0,0,0
121316,0,1,0,0,0,0,0,0,0,0,0,0
121316,1,1,0,0,0,0,0,0,0,0,0,0
121318,1,1,0,0,13,0,0,0,0,0,0,0
121318,2,1,0,0,0,0,0,0,0,0,0,0
121320,0,1,24,24,24,24,24,24,24,24,24,24
121320,1,1,10,0,0,0,0,0,0,0,0,0
121321,0,1,0,0,0,0,0,0,0,0,0,0
121321,1,1,0,0,0,0,0,0,0,0,0,0
121322,1,1,23,23,23,23,23,23,23,23,23,23
121323,1,1,14,14,14,14,14,14,14,14,14,14
121323,2,1,0,0,0,0,0,0,0,0,0,0
121324,0,1,0,0,0,0,0,0,0,0,0,0
121324,0,2,10,13,0,0,0,0,0,0,0,0
121324,1,1,14,0,14,0,0,0,0,0,0,0
121324,2,1,0,0,0,0,0,0,0,0,0,29
121325,1,1,0,0,0,0,0,0,0,0,0,0
121326,1,1,0,0,0,0,0,0,0,0,0,0
121326,2,1,0,0,0,0,0,0,0,0,0,0
121327,0,1,40,40,40,40,40,40,40,40,40,40
121327,1,1,0,8,0,0,0,0,0,0,0,15
121328,0,1,0,0,0,0,0,0,0,0,0,0
121328,1,1,0,0,0,0,0,0,15,0,0,0
121329,1,1,31,31,31,31,31,31,31,31,31,31
121330,1,1,20,20,20,20,20,20,20,20,20,20
121331,1,1,20,20,20,20,20,20,20,20,20,20
121331,2,1,0,0,0,0,0,0,0,0,0,0
121332,1,1,0,0,0,0,0,0,0,0,0,0
121332,2,1,0,0,0,0,0,0,0,0,0,0
121333,1,1,15,15,15,15,15,15,15,15,15,15
121333,2,1,0,0,0,0,0,0,0,0,0,0
121334,0,1,22,22,22,22,22,22,22,22,22,22
121334,1,1,0,0,0,0,0,0,0,0,0,0
121335,1,1,0,0,0,0,0,0,0,0,0,0
121336,1,1,0,0,0,0,0,0,0,0,0,0
121336,2,1,0,0,0,0,0,0,0,0,0,0
121336,3,1,0,0,0,0,0,0,0,0,0,0
121338,1,1,1,1,1,1,1,1,1,1,1,1
121338,2,1,0,0,0,0,0,0,0,0,0,0
121339,1,1,0,0,0,0,0,0,0,0,0,16
121339,2,1,0,0,0,0,0,0,0,3,0,0
121340,1,1,0,0,0,0,0,0,0,0,0,0
121341,1,1,0,0,0,0,0,0,0,0,0,0
121341,2,1,0,0,0,0,0,0,0,0,0,0
121342,1,1,0,0,0,0,0,0,0,0,0,0
121343,1,1,0,0,0,0,0,0,0,0,0,0
121344,0,1,16,16,16,16,16,16,16,16,16,16
121344,1,1,0,0,0,0,0,0,0,0,0,12
121345,1,1,0,5,6,0,0,0,0,0,0,0
121346,1,1,0,0,0,0,0,0,0,0,0,0
121346,2,1,0,0,0,0,0,0,0,0,0,0
121347,1,1,0,0,0,0,0,0,0,0,0,0
121347,2,1,0,0,0,0,0,0,0,0,0,0
121348,0,1,9,9,9,9,9,9,9,9,9,9
121348,1,1,0,0,0,0,0,0,0,0,0,0
121349,1,1,0,0,0,0,0,0,0,0,0,0
121349,2,1,0,0,0,0,0,0,0,0,0,0
121350,1,1,0,0,0,0,0,0,0,0,0,0
121350,2,1,0,0,0,0,0,0,0,0,0,0
121351,0,1,0,0,0,0,0,0,0,0,0,0
121351,1,1,0,0,0,27,0,0,0,0,0,0
121352,0,1,0,0,0,0,0,0,0,0,0,0
121352,1,1,0,0,0,0,0,0,0,0,0,0
121353,1,3,0,0,0,0,0,0,0,0,0,0
121353,2,1,0,0,0,0,0,0,0,0,0,0
121353,3,1,0,0,0,0,0,0,0,0,0,0
121354,1,1,9,9,9,9,9,9,9,9,9,9
121355,0,1,29,29,29,29,29,29,29,29,29,29
121355,1,1,0,0,0,0,0,0,0,0,0,0
121356,1,1,0,0,0,0,0,0,0,0,0,0
121356,2,1,0,0,0,0,0,0,0,0,0,0
121357,0,1,0,0,0,0,0,0,0,0,0,0
121357,1,1,0,0,0,0,0,0,0,0,0,0
121358,1,1,20,20,20,20,20,20,20,20,20,20
121359,1,1,15,15,15,15,15,15,15,15,15,15
121360,1,1,11,17,18,13,13,0,0,0,34,6
121361,1,1,0,4,13,21,24,22,18,12,10,16
121362,1,1,23,23,23,23,23,23,23,23,23,23
121362,2,1,0,0,0,0,0,0,0,0,0,0
121363,1,1,0,0,0,0,0,0,0,0,0,0
121363,2,1,0,0,0,0,0,0,0,0,0,0
121364,1,1,0,0,0,0,0,0,0,0,0,0
121365,1,1,14,14,14,14,14,14,14,14,14,14
121366,1,1,0,13,14,0,0,0,0,17,0,33
121367,0,1,0,0,23,0,0,0,0,0,0,0
121367,1,1,0,0,0,0,0,0,0,0,0,0
121367,2,1,0,0,0,0,0,0,0,0,0,0
121368,1,1,0,0,0,0,0,0,0,0,0,0
121368,2,1,0,0,0,0,0,0,0,0,0,0
121369,1,1,0,0,0,0,0,0,0,0,0,0
121369,2,1,0,5,0,0,0,0,0,0,0,2
121370,0,1,0,0,0,0,0,0,0,0,0,0
121370,1,1,0,0,0,0,0,0,0,0,0,0
121371,0,1,0,0,0,0,0,0,0,0,0,0
121371,1,1,0,0,0,0,0,0,0,0,0,0
121372,1,1,0,0,0,0,0,0,5,0,0,0
121373,1,1,0,0,0,0,0,0,0,0,0,0
121374,1,1,0,0,0,0,0,0,0,0,0,0
121375,0,1,0,0,0,0,0,0,0,0,0,0
121375,1,1,0,0,0,0,0,0,0,0,0,0
121376,1,1,30,30,30,30,30,30,30,30,30,30
121377,1,1,0,0,0,0,0,0,0,0,0,0
121377,2,1,0,0,0,3,0,0,0,0,0,0
121378,1,1,0,0,0,0,0,0,0,0,0,0
121379,1,1,0,0,0,0,0,0,0,0,0,0
121379,2,1,0,0,0,0,0,0,0,0,0,0
121379,3,1,0,0,0,0,0,0,0,0,0,0
121380,1,1,23,23,23,23,23,23,23,23,23,23
121380,2,1,0,0,0,0,0,0,0,0,0,0
121381,1,1,0,0,0,0,0,0,5,0,0,0
121381,2,1,0,0,0,0,0,0,0,0,28,0
121382,1,1,0,0,0,0,0,0,0,0,0,0
121383,1,1,0,0,0,0,0,0,0,0,0,0
121383,2,1,0,0,0,0,0,0,0,0,0,0
121384,0,1,0,0,0,0,0,0,0,0,0,0
121384,1,1,0,0,0,0,0,0,0,0,0,0
121385,0,1,0,0,0,0,6,0,0,21,0,0
121385,1,1,0,0,11,0,0,28,20,16,0,0
121386,1,1,0,0,0,0,0,0,0,0,0,0
121386,2,1,14,0,0,0,0,0,0,0,0,0
121388,0,1,0,0,0,0,0,0,0,0,0,0
121388,1,1,0,0,0,0,0,0,0,0,0,0
121388,2,1,0,0,0,0,0,0,0,0,0,0
121389,1,1,10,10,10,10,10,10,10,10,10,10
121390,1,1,0,0,0,0,0,0,0,0,0,11
121391,1,1,0,20,17,14,46,28,29,0,21,0
121392,1,1,0,0,0,0,0,0,0,0,0,0
121392,2,1,0,0,0,0,0,0,0,0,0,0
121393,1,1,0,0,0,0,0,0,0,0,0,0
121393,2,1,0,0,0,0,0,0,0,0,0,0
121394,1,1,0,0,0,0,0,0,14,0,0,0
121394,2,1,0,0,0,0,0,0,0,0,0,0
121394,3,1,0,0,0,0,0,0,0,0,0,0
121395,1,1,0,0,0,0,0,0,0,11,20,0
121395,2,1,0,0,0,15,0,0,0,0,0,0
121396,1,1,0,0,0,0,0,0,0,0,0,0
121396,2,1,0,0,30,0,0,0,0,0,0,0
121397,1,1,18,18,18,18,18,18,18,18,18,18
121398,0,1,0,0,0,18,10,21,9,19,19,26
121398,1,1,0,0,0,0,0,0,0,0,0,32
121399,1,1,18,18,18,18,18,18,18,18,18,18
121400,1,1,28,18,16,15,21,23,28,10,14,23
121401,1,1,0,0,0,0,0,0,0,0,0,0
121402,1,1,0,0,0,0,0,0,0,0,0,0
121402,2,1,0,0,0,8,0,0,0,0,0,0
121403,1,1,19,19,19,19,19,19,19,19,19,19
121403,2,1,0,0,0,0,0,0,0,0,0,0
121404,1,1,17,17,17,17,17,17,17,17,17,17
121404,2,1,0,0,0,0,0,0,0,0,0,9
121405,0,1,0,0,0,0,0,0,0,0,0,0
121405,1,1,0,0,0,0,0,0,0,0,0,0
121406,1,1,0,0,0,0,0,0,0,0,0,0
121406,2,1,0,0,0,0,0,0,0,0,0,0
121406,3,1,0,0,0,0,0,0,0,0,0,0
121406,4,1,0,0,0,0,0,0,0,0,0,0
121406,5,1,0,0,0,0,0,0,0,0,0,0
121407,1,1,18,18,18,18,18,18,18,18,18,18
121407,2,1,0,0,0,0,0,0,0,0,0,0
121408,1,1,18,18,18,18,18,18,18,18,18,18
121408,2,1,0,0,0,0,0,0,0,0,0,0
121409,0,1,15,15,15,15,15,15,15,15,15,15
121409,1,1,0,0,0,0,0,0,0,0,0,0
121410,0,1,22,22,22,22,22,22,22,22,22,22
121410,1,1,0,0,0,0,0,0,0,0,14,0
121411,1,1,0,0,0,0,0,17,0,0,0,0
121413,0,1,21,21,21,21,21,21,21,21,21,21
121413,1,1,0,0,0,0,21,0,0,28,0,0
121414,1,1,0,0,0,0,0,0,0,0,0,0
121414,2,1,0,0,0,0,0,0,0,0,0,0
121414,3,1,0,0,0,0,0,0,0,0,0,0
121414,4,1,0,0,0,0,0,0,0,0,0,0
121415,1,1,0,0,0,0,0,0,0,13,12,0
121416,1,1,0,0,0,0,0,0,0,0,0,0
121417,1,1,21,21,21,21,21,21,21,21,21,21
121417,2,1,0,0,0,0,0,0,0,0,0,0
121418,1,1,13,8,22,19,12,11,14,6,20,17
121418,2,1,0,6,12,15,18,0,0,25,10,0
121419,0,1,38,38,38,38,38,38,38,38,38,38
121419,1,1,19,19,19,19,19,19,19,19,19,19
121420,0,1,5,5,5,5,5,5,5,5,5,5
121420,1,1,0,0,0,0,0,0,0,0,0,3
121421,1,1,9,9,9,9,9,9,9,9,9,9
121421,2,1,0,0,0,0,0,0,0,0,0,0
121422,0,1,21,21,21,21,21,21,21,21,21,21
121422,1,1,0,0,0,0,0,0,0,0,0,0
121423,0,1,0,0,0,0,0,0,0,0,0,0
121423,1,1,0,0,0,0,0,0,26,13,0,0
121424,1,1,39,39,39,39,39,39,39,39,39,39
121424,2,1,7,7,7,7,7,7,7,7,7,7
121425,1,1,18,18,18,18,18,18,18,18,18,18
121426,1,1,0,0,0,0,0,0,0,0,0,0
121426,2,1,0,0,0,0,0,0,0,0,0,0
121426,3,1,0,0,0,0,0,0,0,0,0,0