ST_CASE,VEH_NO,PER_NO,P1,P2,P3,P4,P5,P6,P7,P8,P9,P10
121727,1,1,0,0,0,0,0,0,0,0,0,0
121727,2,1,0,0,0,0,0,0,0,0,0,0
121728,1,1,0,0,0,0,0,0,0,0,0,0
121728,2,1,0,0,0,0,0,0,0,0,0,0
121729,1,1,0,0,0,0,0,0,0,0,0,0
121730,1,1,5,5,5,5,5,5,5,5,5,5
121730,2,1,0,0,0,0,0,0,0,0,0,0
121731,1,1,22,22,22,22,22,22,22,22,22,22
121731,2,1,0,0,0,0,0,0,0,0,0,0
121732,1,1,0,0,0,0,0,13,0,0,0,9
121732,2,1,0,0,0,0,0,0,0,0,0,0
121732,3,1,0,0,0,0,7,0,0,0,0,0
121732,4,1,0,0,0,0,0,0,0,0,0,0
121733,1,1,7,7,7,7,7,7,7,7,7,7
121734,1,1,22,22,22,22,22,22,22,22,22,22
121735,1,1,17,17,17,17,17,17,17,17,17,17
121736,0,1,5,17,18,21,16,15,22,4,24,11
121736,0,2,9,9,9,9,9,9,9,9,9,9
121736,1,1,0,0,0,0,0,0,0,0,0,0
121737,1,1,57,0,0,0,2,0,0,0,6,0
121737,2,1,0,0,0,0,0,27,0,0,0,13
121739,1,1,0,0,19,15,0,0,0,11,0,0
121740,1,1,0,0,0,0,0,0,0,0,0,0
121741,0,1,0,0,0,0,0,0,0,0,0,0
121741,1,1,0,0,0,0,0,0,0,0,0,0
121742,0,1,6,0,0,5,0,0,0,0,0,0
121742,1,1,0,0,0,0,0,0,0,0,0,0
121743,0,1,0,0,0,0,0,0,0,0,0,0
121743,1,1,0,0,0,0,0,0,0,0,0,0
121744,1,1,0,0,0,0,0,0,0,0,0,0
121744,2,1,0,0,0,0,0,0,0,0,0,0
121745,1,1,18,22,22,18,26,8,44,12,23,28
121746,0,1,0,0,0,0,0,0,0,0,0,0
121746,1,1,0,0,0,0,0,0,0,0,0,0
121747,0,1,6,6,6,6,6,6,6,6,6,6
121747,1,1,0,0,0,0,0,0,0,0,0,0
121747,2,1,8,0,0,0,0,0,0,0,0,0
121748,1,1,0,0,0,0,0,0,0,0,0,0
121749,0,1,0,0,0,0,0,0,0,0,0,0
121749,1,1,0,0,0,0,0,0,0,0,0,0
121750,1,1,7,0,0,6,0,0,0,0,22,5
121750,2,1,0,0,0,20,0,0,0,0,0,0
121751,0,1,0,0,0,0,0,0,0,0,0,0
121751,1,1,0,0,0,0,0,0,0,0,0,0
121752,0,1,2,2,2,2,2,2,2,2,2,2
121752,1,1,0,0,0,0,0,0,0,0,0,0
121753,1,1,1,1,1,1,1,1,1,1,1,1
121754,1,1,0,0,0,0,0,0,0,0,0,0
121754,2,1,0,0,0,0,0,0,0,0,0,0
121755,0,1,0,0,0,0,0,0,0,0,0,0
121755,1,1,0,0,0,0,0,0,0,0,0,0
121756,1,1,11,19,15,16,10,18,18,30,21,14
121757,0,1,22,22,22,22,22,22,22,22,22,22
121757,1,1,0,0,0,0,0,0,0,0,0,0
121758,0,1,33,33,33,33,33,33,33,33,33,33
121758,1,1,0,0,0,0,0,0,0,0,0,0
121759,1,1,12,12,12,12,12,12,12,12,12,12
121760,1,1,15,15,15,15,15,15,15,15,15,15
121761,0,1,0,0,0,0,0,0,0,0,0,0
121761,1,1,0,0,0,0,0,0,0,0,0,0
121762,0,1,0,0,0,0,0,0,0,0,0,0
121762,1,1,0,0,0,0,0,0,0,0,0,0
121763,1,1,8,8,8,8,8,8,8,8,8,8
121764,0,1,0,0,0,0,0,0,0,0,0,0
121764,1,1,0,0,0,0,0,0,0,0,0,0
121765,1,1,0,0,0,0,0,0,0,0,0,0
121765,2,1,0,0,0,0,0,0,0,0,0,0
121766,1,1,0,0,0,0,0,0,0,0,0,0
121767,0,1,16,16,16,16,16,16,16,16,16,16
121767,1,1,0,0,0,0,0,0,0,0,0,0
121768,1,1,0,0,0,0,0,0,0,0,0,0
121768,2,1,4,4,4,4,4,4,4,4,4,4
121769,1,1,2,2,2,2,2,2,2,2,2,2
121769,2,1,0,0,0,0,0,0,0,0,0,0
121770,0,1,0,0,4,14,19,0,0,0,0,12
121770,1,1,0,12,0,0,0,0,0,0,0,0
121771,0,1,0,0,0,0,0,0,0,0,0,0
121771,1,1,0,0,0,0,0,0,0,0,0,0
121772,0,1,12,27,22,11,40,29,20,23,19,16
121772,1,1,0,0,0,0,0,0,0,0,0,0
121774,1,1,0,0,0,0,0,0,0,0,0,0
121775,1,1,0,0,0,0,0,0,0,0,0,0
121776,1,1,0,0,0,0,0,0,0,0,0,0
121776,2,1,0,0,0,0,0,0,0,0,0,0
121776,3,1,0,0,0,0,0,0,0,0,0,0
121776,4,1,0,0,0,0,0,0,0,0,0,0
121776,5,1,0,0,0,0,0,0,0,0,0,0
121777,1,1,0,0,0,0,0,0,0,0,0,0
121778,1,1,23,23,23,23,23,23,23,23,23,23
121778,2,1,0,0,0,0,0,0,0,0,0,0
121779,1,1,20,0,22,0,0,8,0,0,0,0
121781,1,1,0,0,0,0,0,0,0,0,0,0
121781,2,1,17,0,0,0,0,0,0,0,0,0
121782,1,1,4,4,4,4,4,4,4,4,4,4
121782,2,1,1,1,1,1,1,1,1,1,1,1
121783,0,1,16,12,0,0,14,0,0,15,0,0
121783,0,2,12,12,12,12,12,12,12,12,12,12
121783,1,1,0,0,7,0,0,0,0,0,26,0
121784,1,1,22,22,22,22,22,22,22,22,22,22
121786,1,1,28,0,0,0,0,22,0,0,0,0
121786,2,1,0,0,0,0,0,0,0,0,0,0
121787,1,1,0,0,0,0,0,0,0,0,0,0
121788,0,1,3,3,3,3,3,3,3,3,3,3
121788,1,1,12,9,0,0,15,16,0,0,4,0
121789,1,1,22,25,8,0,0,8,19,0,15,15
121789,2,1,5,0,0,21,0,0,0,0,0,0
121790,1,1,14,14,14,14,14,14,14,14,14,14
121790,2,1,0,0,0,0,0,0,0,0,0,0
121791,1,1,0,0,0,0,0,0,0,0,0,0
121791,2,1,2,2,2,2,2,2,2,2,2,2
121791,3,1,0,0,0,0,0,0,0,0,0,0
121791,4,1,0,0,0,0,0,0,0,0,0,0
121792,0,1,0,10,0,16,23,17,0,0,13,25
121792,1,1,0,0,0,0,0,0,0,0,0,0
121793,1,1,0,0,0,0,0,0,0,0,0,0
121793,2,1,0,0,0,0,0,0,0,0,20,0
121794,1,1,4,8,18,24,11,23,26,12,24,8
121796,0,1,14,14,14,14,14,14,14,14,14,14
121796,1,1,25,17,0,27,11,6,15,7,18,13
121797,0,1,0,0,0,0,0,0,0,0,10,0
121797,1,1,0,0,0,0,0,0,0,0,0,0
121798,1,1,17,17,17,17,17,17,17,17,17,17
121800,0,1,0,0,0,0,0,17,25,14,0,0
121800,1,1,0,0,0,0,0,0,0,0,0,0
121801,0,1,19,19,19,19,19,19,19,19,19,19
121801,1,1,0,0,0,0,0,0,0,0,0,0
121802,1,1,0,0,23,0,12,0,0,0,0,0
121803,1,1,0,0,4,0,5,0,0,0,0,0
121803,2,1,0,0,0,0,0,0,0,0,0,0
121804,1,1,0,0,0,0,15,0,0,0,0,0
121805,1,1,16,16,16,16,16,16,16,16,16,16
121806,1,1,0,0,0,0,0,0,0,0,0,0
121807,1,1,0,0,0,0,0,0,0,0,0,0
121807,2,1,0,0,0,0,0,0,0,0,0,0
121808,1,1,0,0,0,0,0,0,0,0,0,0
121809,1,1,20,20,20,20,20,20,20,20,20,20
121810,1,1,0,0,0,0,0,0,0,16,0,0
121810,2,1,0,0,0,0,0,0,0,0,0,0
121811,1,1,0,0,0,0,0,0,0,0,0,0
121811,2,1,0,0,0,0,0,0,0,0,0,0
121812,1,1,0,0,0,0,0,0,0,0,0,0
121812,2,1,0,0,0,0,0,0,0,0,0,0
121813,1,1,0,0,0,0,0,0,0,0,0,0
121813,2,1,0,0,0,0,0,0,0,0,0,0
121814,0,1,11,11,11,11,11,11,11,11,11,11
121814,1,1,0,0,0,0,0,0,0,0,0,0
121815,0,1,0,0,0,0,0,0,0,0,0,0
121815,1,1,0,0,0,0,0,0,0,0,0,0
121816,1,1,12,0,0,0,0,2,0,0,0,0
121816,2,1,0,7,13,23,16,0,19,0,0,0
121816,3,1,0,0,0,0,0,0,0,0,0,0
121817,1,1,27,27,27,27,27,27,27,27,27,27
121817,2,1,0,6,0,0,0,0,0,0,0,0
121818,1,1,7,7,7,7,7,7,7,7,7,7
121819,1,1,24,24,24,24,24,24,24,24,24,24
121820,1,1,0,0,0,0,0,0,0,0,0,0
121821,0,1,0,0,0,0,0,0,0,0,0,0
121821,1,1,0,0,13,0,0,0,0,0,0,0
121823,1,1,0,0,0,0,14,20,0,0,25,7
121824,1,1,0,0,0,0,0,0,0,0,0,0
121824,2,1,0,0,0,0,0,0,0,0,0,0
121825,1,1,0,0,0,0,0,0,0,0,32,0
121827,1,1,0,0,0,0,0,0,0,0,0,0
121827,2,1,0,0,0,0,0,0,0,0,0,0
121828,1,1,20,6,20,21,15,14,10,15,0,29
121829,0,1,23,9,0,35,23,17,22,37,27,15
121829,1,1,0,0,0,0,0,0,0,0,0,0
121830,1,1,0,0,0,0,0,0,0,0,0,0
121831,0,1,0,0,0,0,0,0,0,0,0,0
121831,1,1,0,0,0,0,0,0,0,0,0,0
121832,0,1,29,29,29,29,29,29,29,29,29,29
121832,1,1,0,0,0,0,0,0,0,0,0,0
121833,1,1,0,0,0,0,0,0,0,0,0,0
121833,2,1,0,0,0,0,0,0,0,0,0,0
121834,0,1,0,0,0,0,0,0,0,0,0,0
121834,1,1,0,0,0,0,0,0,0,0,0,0
121835,1,1,0,0,0,0,0,0,0,0,0,0
121835,2,1,16,0,28,0,0,0,0,0,0,0
121836,1,1,25,25,25,25,25,25,25,25,25,25
121837,1,1,0,0,0,0,0,0,0,0,0,0
121837,2,1,0,0,0,0,0,0,0,0,0,0
121837,3,1,0,0,0,0,0,0,0,0,0,0
121838,0,1,3,3,3,3,3,3,3,3,3,3
121838,1,1,0,0,25,0,33,13,0,0,0,0
121838,2,1,0,0,0,0,0,0,0,0,0,0
121839,0,1,10,0,0,12,0,0,20,0,17,0
121839,1,1,13,0,0,0,0,0,0,0,0,0
121839,2,1,0,0,17,0,0,0,0,0,0,9
121839,3,1,0,0,0,0,0,0,0,0,0,0
121839,4,1,0,0,0,0,26,0,0,0,0,0
121840,1,1,24,24,24,24,24,24,24,24,24,24
121841,1,1,0,0,0,0,20,0,0,0,0,0
121842,1,1,32,0,21,24,0,0,0,4,0,0
121843,1,1,0,0,0,0,0,0,0,0,0,0
121843,2,1,0,0,0,0,0,0,0,0,0,0
121844,0,1,16,16,16,16,16,16,16,16,16,16
121844,1,1,0,0,0,0,0,0,0,0,0,0
121845,0,1,0,0,0,0,0,0,0,0,0,0
121845,2,1,0,13,0,0,18,11,0,11,6,7
121846,1,1,25,25,25,25,25,25,25,25,25,25
121847,1,1,0,0,0,0,0,0,0,0,0,0
121847,2,1,0,0,0,0,0,0,0,0,0,0
121848,0,1,47,47,47,47,47,47,47,47,47,47
121848,1,1,0,0,0,0,0,0,0,0,0,0
121849,1,1,0,0,0,0,0,0,0,0,0,0
121849,2,1,0,0,0,0,0,0,0,0,0,0
121850,1,1,0,0,0,0,0,0,0,0,0,0
121850,2,1,0,0,0,0,0,0,0,0,0,0
121851,1,1,0,0,0,0,0,0,0,0,0,0
121851,2,1,0,0,0,0,0,0,0,0,0,0
121852,1,1,0,0,0,13,0,0,0,0,0,0
121853,1,1,0,0,0,0,0,0,0,0,0,0
121853,2,1,0,0,0,0,0,0,0,0,0,0
121854,1,1,0,0,0,0,0,0,0,0,0,0
121855,1,1,12,12,12,12,12,12,12,12,12,12
121856,1,1,0,0,0,0,0,0,0,0,0,0
121857,1,1,0,0,6,0,0,0,0,0,0,0
121857,2,1,0,0,0,11,0,0,0,4,0,0
121857,3,1,0,0,0,0,0,0,0,0,0,0
121858,1,1,42,42,42,42,42,42,42,42,42,42
121859,1,1,0,0,0,0,0,0,0,0,0,0
121859,2,1,0,0,0,0,0,0,0,0,0,0
121859,3,1,0,0,0,0,0,0,0,0,0,0
121860,0,1,0,0,0,0,0,0,0,0,0,0
121860,1,1,1,1,1,1,1,1,1,1,1,1
121860,2,1,0,0,0,0,0,0,0,0,0,0
121860,3,1,0,0,0,0,0,0,0,0,0,0
121860,4,1,0,0,0,0,0,0,0,0,0,0
121860,5,1,0,0,0,0,0,0,0,0,0,6
121861,1,1,0,0,0,0,0,0,0,0,0,0
121861,2,1,0,0,0,0,0,0,0,0,0,0
121861,3,1,18,21,0,0,0,0,0,0,0,9
121861,4,1,0,0,0,0,15,0,0,0,0,0
121862,1,1,22,22,22,22,22,22,22,22,22,22
121863,1,1,17,0,0,0,0,0,20,9,4,0
121863,2,1,0,0,0,0,0,0,0,0,0,0
121864,1,1,0,0,0,0,0,0,0,0,0,0
121865,1,1,0,0,0,0,0,0,0,0,0,0
121865,2,1,0,12,0,0,0,0,0,0,0,0
121866,1,1,45,45,45,45,45,45,45,45,45,45
121867,1,1,23,23,23,23,23,23,23,23,23,23
121867,2,1,0,8,0,0,0,0,0,0,0,0
121868,1,1,0,0,0,0,0,0,0,0,0,0
121868,2,1,0,0,0,0,0,0,0,0,0,0
121869,1,1,0,0,0,0,0,0,0,0,0,0
121869,2,1,0,0,0,0,0,0,0,0,0,0
121870,0,1,0,0,0,0,0,0,0,0,0,0
121870,1,1,0,0,0,0,0,0,0,0,0,0
121871,1,1,0,0,0,0,0,0,0,0,0,0
121871,2,1,0,0,0,0,0,0,0,0,0,0
121871,3,1,0,0,0,0,0,0,0,0,0,0
121872,1,1,0,0,0,0,0,0,0,0,0,0
121872,2,1,0,0,0,0,0,0,0,0,0,0
121873,0,1,0,0,0,0,0,0,0,0,0,0
121873,1,1,0,0,0,0,0,0,0,0,0,0
121874,1,1,0,0,0,0,0,0,0,0,0,0
121874,2,1,0,0,0,0,0,0,0,0,0,0
121875,1,1,0,0,0,0,0,0,0,0,0,0
121875,2,1,17,17,17,17,17,17,17,17,17,17
121876,1,1,0,0,0,0,0,0,0,0,0,0
121877,1,1,0,0,0,0,0,0,0,0,0,0
121877,2,1,0,0,0,0,0,0,0,0,0,0
121878,1,1,0,0,0,0,0,0,0,0,0,0
121878,2,1,17,7,0,0,0,5,0,9,0,0
121879,0,1,39,39,39,39,39,39,39,39,39,39
121879,1,1,0,0,14,0,0,0,0,0,0,0
121880,1,1,0,0,0,0,0,14,0,1,0,0
121881,1,1,0,0,0,0,0,0,0,0,0,0
121882,1,1,18,18,18,18,18,18,18,18,18,18
121884,2,1,0,0,0,0,0,0,0,0,0,0
121885,1,1,0,0,9,22,0,0,22,0,20,3
121885,2,1,0,0,0,0,0,0,0,0,0,0
121886,0,1,20,20,20,20,20,20,20,20,20,20
121886,1,1,0,0,0,0,0,0,0,0,0,0
121887,1,1,0,0,0,0,0,0,0,0,0,0
121887,2,1,0,0,0,0,0,0,0,0,0,0
121888,0,1,0,0,0,24,0,0,0,22,0,8
121888,1,1,0,0,0,0,0,0,0,0,0,0
121889,0,1,0,0,0,0,0,0,0,0,0,0
121889,1,1,0,0,0,0,0,0,0,0,0,0
121891,1,1,0,0,0,0,0,0,0,0,0,0
121892,1,1,0,0,0,0,0,0,0,0,0,0
121892,2,1,15,9,0,0,0,0,0,0,0,10
121893,1,1,0,0,0,0,0,0,0,0,0,0
121895,1,1,0,0,0,0,0,0,0,0,0,0
121895,2,1,0,0,0,0,0,0,0,0,0,0
121896,1,1,0,0,0,19,0,0,16,9,7,16
121896,2,1,0,0,0,0,0,0,0,0,0,0
121897,1,1,0,0,0,0,0,0,0,0,0,0
121898,0,1,22,22,22,22,22,22,22,22,22,22
121898,1,1,0,0,0,0,34,0,0,0,0,0
121899,1,1,0,0,0,0,0,0,0,0,0,0
121899,2,1,0,0,0,0,0,0,0,0,0,0
121900,1,1,0,0,0,0,0,0,0,0,0,0
121900,2,1,0,0,4,0,0,0,0,0,0,19
121900,3,1,0,0,0,0,0,0,0,0,0,0
121901,0,1,0,0,0,0,0,0,0,0,0,0
121901,1,1,0,0,0,0,0,0,0,0,0,0
121902,0,1,30,30,30,30,30,30,30,30,30,30
121902,1,1,0,0,0,0,0,0,0,0,0,0
121903,0,1,0,0,0,0,0,0,0,0,0,0
121903,1,1,29,29,29,29,29,29,29,29,29,29
121904,1,1,20,20,20,20,20,20,20,20,20,20
121905,1,1,0,0,0,0,0,0,0,0,0,0
121905,2,1,0,0,0,0,0,0,0,0,0,0
121906,0,1,30,30,30,30,30,30,30,30,30,30
121906,1,1,0,0,0,0,0,0,0,0,0,0
121907,1,1,0,0,0,0,0,0,0,0,0,0
121907,2,1,0,0,0,0,0,0,0,0,0,0
121908,0,1,0,0,0,0,0,0,0,0,0,0
121908,1,1,0,0,0,0,0,0,0,0,0,0
121909,1,1,2,2,2,2,2,2,2,2,2,2
121910,0,1,0,0,0,0,0,0,0,0,0,0
121910,1,1,0,0,0,0,0,0,0,0,0,0
121911,0,1,0,0,0,0,0,0,18,0,0,0
121911,1,1,0,0,0,0,0,0,0,0,0,0
121912,1,1,26,26,26,26,26,26,26,26,26,26
121913,1,1,0,0,0,0,0,0,0,0,0,0
121913,2,1,0,0,0,0,0,0,0,0,0,0
121914,1,1,10,21,14,29,24,19,14,14,13,15
121915,1,1,0,0,0,20,0,0,0,0,0,0
121915,2,1,0,3,0,0,0,0,0,0,0,0
121916,1,1,0,0,0,0,0,0,0,0,0,0
121916,2,1,0,0,0,0,0,0,0,0,0,0
121917,1,1,16,24,21,12,22,20,34,20,22,27
121918,1,1,0,0,0,0,0,0,0,0,0,0
121919,1,1,18,18,18,18,18,18,18,18,18,18
121919,2,1,0,0,0,0,0,0,0,0,0,0
121920,1,1,6,6,6,6,6,6,6,6,6,6
121922,1,1,18,18,18,18,18,18,18,18,18,18
121922,2,1,0,0,0,0,0,0,0,0,0,0
121923,0,1,19,19,19,19,19,19,19,19,19,19
121923,1,1,0,0,0,0,0,0,0,0,0,0
121924,1,1,0,0,0,0,0,0,0,0,0,0
121924,2,1,0,10,0,0,0,0,0,13,0,0
121925,1,1,0,0,0,0,0,0,0,0,0,0
121926,1,1,24,24,24,24,24,24,24,24,24,24
121929,1,1,24,24,24,24,24,24,24,24,24,24
121930,1,1,0,0,0,0,0,0,0,0,0,0
121930,2,1,12,12,12,12,12,12,12,12,12,12
121931,1,1,23,23,23,23,23,23,23,23,23,23
121932,0,1,0,0,0,0,0,0,0,0,0,0
121932,1,1,0,0,0,0,0,0,0,0,0,0
121933,1,1,14,14,14,14,14,14,14,14,14,14
121933,2,1,0,0,0,0,0,0,0,0,0,0
121934,1,1,21,8,12,9,21,22,20,17,13,7
121935,0,1,0,0,0,0,0,0,0,0,0,0
121935,1,1,0,0,0,0,0,0,0,0,0,0
121936,1,1,19,19,19,19,19,19,19,19,19,19
121936,2,1,0,0,0,0,0,0,0,0,0,0
121939,1,1,0,0,26,0,0,0,0,0,0,0
121940,1,1,0,0,0,0,0,0,0,0,0,0
121940,2,1,0,0,0,0,0,0,0,0,0,0
121941,1,1,0,0,0,0,0,0,0,0,8,0
121941,2,1,0,0,0,0,0,0,0,0,0,0
121942,0,1,19,19,19,19,19,19,19,19,19,19
121942,1,1,0,0,6,6,0,0,0,0,0,0
121943,0,1,27,28,0,17,0,0,10,0,0,48
121943,1,1,8,0,0,0,0,0,0,0,0,0
121944,1,1,0,14,5,0,0,0,0,0,0,16
121945,1,1,0,0,0,0,0,0,0,0,0,0
121945,2,1,0,0,0,0,16,5,22,0,13,14
121946,1,1,0,0,0,0,0,0,0,0,0,0
121947,1,1,0,0,0,0,0,0,0,0,0,0
121947,2,1,0,0,0,0,0,0,0,0,0,0
121948,0,1,10,10,10,10,10,10,10,10,10,10
121948,1,1,0,0,0,0,0,0,0,0,0,0
121949,1,1,0,0,0,0,0,0,0,0,0,0
121949,2,1,0,0,0,0,0,0,0,0,0,0
121949,3,1,0,0,0,0,0,0,0,0,0,0
121949,4,1,0,0,0,0,0,0,0,0,0,0
121950,0,1,19,0,0,0,9,0,0,0,0,23
121950,1,1,16,17,31,5,0,4,9,19,11,0
121951,1,1,0,0,0,0,0,0,0,0,0,0
121951,2,1,11,11,11,11,11,11,11,11,11,11
121952,1,1,0,0,0,0,0,0,0,0,0,0
121953,0,1,0,5,0,0,0,0,0,19,0,0
121953,1,1,0,0,0,0,0,0,0,0,0,0
121954,0,1,0,0,0,0,0,0,0,0,0,0
121954,1,1,0,0,0,0,0,0,0,0,0,0
121955,0,1,20,20,20,20,20,20,20,20,20,20
121955,1,1,0,0,0,0,0,0,0,0,0,0
121956,1,1,22,22,22,22,22,22,22,22,22,22
121957,1,1,20,0,0,0,0,0,0,0,0,0
121957,2,1,0,0,0,0,0,0,0,0,0,0
121958,1,1,11,11,11,11,11,11,11,11,11,11
121959,0,1,0,0,0,0,0,0,0,0,0,0
121959,1,1,0,0,0,0,0,0,0,0,0,0
121960,1,1,0,0,0,0,0,0,0,0,0,0
121960,2,1,0,0,0,0,0,0,0,0,0,0
121960,3,1,0,0,0,22,18,6,0,0,0,0
121961,0,1,20,5,11,10,15,21,25,11,22,30
121961,1,1,0,0,24,0,0,0,0,0,0,0
121962,1,1,0,0,0,0,0,0,0,0,0,0
121964,1,1,28,28,28,28,28,28,28,28,28,28
121965,1,1,0,0,0,0,0,0,0,0,0,0
121965,2,1,0,0,0,0,0,0,23,0,0,0
121966,1,1,15,15,15,15,15,15,15,15,15,15
121967,1,1,10,10,10,10,10,10,10,10,10,10
121968,1,1,40,15,15,26,28,16,6,23,22,19
121969,1,1,0,0,0,0,0,0,0,0,0,0
121970,1,1,3,3,3,3,3,3,3,3,3,3
121971,0,1,31,31,31,31,31,31,31,31,31,31
121971,1,1,0,0,10,0,0,0,12,0,0,21
121972,1,1,0,0,0,0,0,0,0,0,0,0
121973,0,1,0,0,0,0,0,0,0,0,0,0
121973,1,1,15,18,9,12,17,7,12,12,13,8
121974,1,1,0,11,6,17,16,10,0,0,12,16
121975,1,1,0,0,0,0,0,0,0,0,0,0
121975,2,1,0,0,0,0,0,0,0,0,0,0
121976,1,1,0,0,0,0,0,0,0,0,0,0
121976,2,1,0,0,0,0,0,0,0,0,0,0
121976,3,1,0,0,0,0,0,0,0,0,0,0
121977,1,1,0,0,0,0,0,0,0,0,0,0
121977,2,1,0,0,0,0,0,0,0,0,0,0
121977,3,1,0,0,0,0,0,0,0,0,0,0
121978,0,1,0,0,0,0,0,0,0,0,0,0
121978,1,1,0,0,0,0,0,0,0,0,0,12
121979,0,1,0,0,0,0,0,0,0,0,0,0
121979,1,1,0,0,0,0,0,0,0,0,0,0
121980,1,1,0,0,0,0,0,0,0,0,0,0
121980,2,1,0,0,0,0,0,0,0,0,0,0
121981,1,1,0,0,0,0,0,0,0,0,0,0
121981,2,1,0,0,0,0,0,0,0,0,0,0
121982,1,1,1,1,1,1,1,1,1,1,1,1
121983,0,1,0,0,0,0,0,0,0,0,16,0
121983,1,1,0,0,0,0,0,0,0,0,0,0
121984,1,1,0,0,0,0,0,0,0,0,0,0
121984,2,1,0,0,0,0,0,0,0,0,0,0
121984,3,1,0,0,0,0,0,0,19,0,0,0
121984,4,1,0,0,0,0,0,0,0,0,0,0
121984,5,1,0,0,0,0,0,0,0,0,0,0
121984,6,1,0,0,0,0,0,0,0,0,0,0
121984,7,1,0,0,0,0,0,0,0,0,0,0
121984,8,1,0,0,0,0,0,0,0,0,0,0
121984,9,1,0,0,0,0,0,0,0,0,0,0
121984,10,1,0,0,0,0,0,0,11,0,0,0
121984,11,1,0,0,0,0,0,0,0,0,0,20
121985,1,1,0,0,0,0,0,0,0,0,0,0
121986,1,1,0,0,0,0,0,0,0,0,0,0
121986,2,1,0,0,0,0,0,0,0,0,0,0
121987,0,1,0,0,0,0,0,0,0,0,0,0
121987,0,2,0,0,0,0,0,0,0,0,0,0
121987,1,1,0,0,0,0,0,0,0,7,0,0
121988,1,1,2,2,2,2,2,2,2,2,2,2
121989,1,1,0,20,0,0,13,29,8,0,0,22
121990,1,1,20,20,20,20,20,20,20,20,20,20
121991,1,1,0,0,0,0,0,0,0,0,0,0
121992,1,1,0,0,0,0,0,0,0,0,0,0
121993,0,1,31,16,19,0,17,10,28,15,22,24
121993,1,1,0,0,0,0,0,0,0,0,14,0
121994,1,1,24,24,24,24,24,24,24,24,24,24
121995,1,1,0,0,0,0,0,0,0,0,0,0
121995,2,1,0,0,0,19,0,0,0,0,0,0
121996,0,1,22,22,22,22,22,22,22,22,22,22
121996,1,1,0,0,0,0,0,0,0,0,0,0
121997,1,1,3,3,3,3,3,3,3,3,3,3
121998,1,1,23,23,23,23,23,23,23,23,23,23
121998,2,1,0,0,0,0,0,0,0,0,0,0
121998,3,1,0,0,0,0,0,0,0,0,0,0
121998,4,1,0,0,0,0,0,0,0,12,0,0
121999,1,1,18,18,18,18,18,18,18,18,18,18
122000,1,1,0,0,0,0,0,0,0,0,0,0
122000,2,1,0,0,0,0,0,0,0,11,0,0
122001,0,1,0,0,0,0,0,0,0,0,0,0
122001,1,1,0,0,0,0,0,0,0,0,0,0
122002,0,1,18,18,18,18,18,18,18,18,18,18
122002,1,1,0,0,0,0,0,0,0,0,0,0
122004,0,1,0,0,0,0,0,0,0,0,0,0
122004,1,1,0,0,0,0,0,0,0,0,0,0
122005,0,1,0,0,0,0,0,0,0,0,0,0
122005,1,1,0,0,0,0,0,0,0,0,0,0
122006,0,1,36,36,36,36,36,36,36,36,36,36
122006,1,1,0,0,0,0,0,0,0,0,0,0
122007,1,1,0,0,0,0,0,0,0,0,0,0
122007,2,1,0,0,0,0,0,0,0,0,0,0
122008,1,1,18,18,18,18,18,18,18,18,18,18
122008,2,1,0,0,0,0,0,0,0,0,0,0
122009,0,1,24,24,24,24,24,24,24,24,24,24
122009,1,1,0,0,0,0,0,0,0,0,0,0
122010,1,1,4,4,4,4,4,4,4,4,4,4
122011,1,1,0,0,0,0,0,0,0,0,0,0
122012,1,1,15,15,15,15,15,15,15,15,15,15
122012,2,1,0,0,0,0,0,0,0,0,0,0
122013,1,1,12,0,0,0,0,0,0,0,0,0
122013,2,1,0,0,0,0,0,16,0,0,0,0
122013,3,1,0,0,0,0,0,0,0,0,0,0
122013,4,1,0,0,0,0,0,0,10,0,0,0
122013,5,1,0,0,0,0,0,0,0,0,0,0
122013,6,1,0,21,0,0,0,0,0,0,0,0
122014,1,1,0,0,0,28,0,0,0,0,0,0
122015,1,1,0,0,0,17,0,16,0,0,0,0
122015,2,1,0,0,0,0,0,0,0,0,0,0
122016,0,1,0,0,0,0,0,0,0,0,0,0
122016,1,1,0,0,0,0,0,0,0,0,0,0
122017,1,1,14,14,14,14,14,14,14,14,14,14
122018,1,1,12,12,12,12,12,12,12,12,12,12
122018,2,1,0,0,0,0,0,0,0,0,9,0
122019,1,1,0,0,0,0,0,23,8,0,17,32
122019,2,1,0,0,0,0,0,0,0,0,0,0
122020,1,1,0,0,0,0,0,0,0,0,0,0
122020,2,1,0,0,0,0,0,0,0,0,0,0
122021,0,1,0,6,0,0,0,0,0,0,0,0
122021,1,1,0,0,0,0,0,0,0,0,0,0
122022,0,1,2,2,2,2,2,2,2,2,2,2
122022,1,1,0,0,0,0,11,7,14,0,0,0
122023,1,1,0,0,0,0,0,0,0,0,0,0
122023,2,1,16,0,0,0,0,0,0,0,0,0
122024,1,1,17,11,27,27,23,26,2,12,28,5
122025,1,1,18,18,18,18,18,18,18,18,18,18
122026,1,1,0,0,0,35,0,0,0,0,22,0