ST_CASE,VEH_NO,PER_NO,P1,P2,P3,P4,P5,P6,P7,P8,P9,P10
122027,0,1,0,0,0,0,0,0,0,18,0,0
122027,1,1,0,0,0,0,0,0,0,0,0,0
122028,0,1,0,0,0,0,20,0,0,10,0,0
122028,1,1,0,0,0,0,0,0,0,0,0,0
122029,1,1,0,0,0,0,0,0,0,0,0,0
122029,2,1,0,0,0,0,0,0,0,0,0,0
122030,1,1,0,0,0,0,0,0,0,0,0,0
122030,2,1,0,0,0,0,14,0,0,0,0,0
122031,1,1,29,29,29,29,29,29,29,29,29,29
122032,0,1,0,0,34,19,22,0,0,0,4,0
122032,1,1,0,0,0,13,0,0,0,0,0,0
122032,2,1,0,0,0,0,0,0,0,0,0,0
122033,1,1,0,0,0,0,0,0,0,0,0,0
122033,2,1,0,0,0,0,0,0,0,0,0,0
122034,1,1,17,0,0,0,0,13,0,0,0,4
122034,2,1,0,0,0,0,0,0,0,0,0,0
122035,1,1,10,10,10,10,10,10,10,10,10,10
122035,2,1,0,0,0,0,0,0,0,0,0,0
122036,1,1,0,0,0,0,0,0,0,0,0,0
122037,2,1,0,0,0,0,0,0,0,0,0,0
122038,1,1,16,16,16,16,16,16,16,16,16,16
122039,0,1,0,0,0,0,0,0,0,0,0,0
122039,1,1,0,0,0,0,0,0,0,0,0,0
122040,1,1,0,0,0,22,9,0,0,11,0,0
122040,2,1,0,0,0,0,0,0,0,0,0,0
122041,0,1,0,0,0,5,0,11,0,0,12,22
122041,1,1,0,0,0,0,0,0,0,0,0,0
122042,0,1,0,0,0,10,0,0,0,0,0,0
122042,1,1,0,0,0,0,0,0,0,0,0,17
122043,0,1,25,25,25,25,25,25,25,25,25,25
122043,1,1,0,0,11,0,0,9,0,13,0,0
122043,2,1,9,9,9,9,9,9,9,9,9,9
122044,0,1,0,0,0,0,0,0,0,0,0,0
122044,1,1,0,0,0,0,0,0,0,0,0,0
122045,1,1,16,0,26,18,24,22,19,21,0,0
122045,2,1,0,12,0,0,0,0,0,0,0,0
122046,1,1,0,0,0,0,0,0,0,20,0,0
122046,2,1,0,0,0,0,0,0,0,0,0,0
122047,1,1,10,10,10,10,10,10,10,10,10,10
122047,2,1,0,0,0,0,0,0,0,0,0,0
122048,0,1,0,0,0,0,0,0,0,0,0,0
122048,1,1,0,0,0,0,0,0,0,0,0,0
122049,1,1,0,28,15,26,15,18,0,0,14,30
122050,1,1,43,43,43,43,43,43,43,43,43,43
122051,1,1,0,0,0,0,0,0,0,0,0,0
122052,0,1,10,10,10,10,10,10,10,10,10,10
122052,1,1,0,0,0,0,0,0,0,0,0,0
122053,1,1,15,15,15,15,15,15,15,15,15,15
122054,1,1,0,0,0,0,0,0,0,0,0,0
122055,1,1,0,0,0,0,0,0,0,0,21,0
122055,2,1,0,0,0,0,0,0,0,0,0,0
122056,1,1,0,0,0,0,0,0,0,0,0,0
122057,0,1,0,0,0,0,0,0,0,0,0,0
122057,1,1,0,0,0,0,0,0,0,0,0,0
122059,1,1,0,0,0,0,0,0,0,0,0,0
122059,2,1,0,0,0,0,0,0,0,0,0,0
122060,1,1,24,24,24,24,24,24,24,24,24,24
122061,0,1,0,0,0,0,0,0,0,0,0,0
122061,1,1,0,0,0,0,0,0,24,0,0,0
122062,1,1,24,24,24,24,24,24,24,24,24,24
122062,2,1,0,0,0,0,0,0,0,0,0,0
122062,3,1,0,0,0,0,0,0,0,0,0,0
122063,1,1,16,16,16,16,16,16,16,16,16,16
122063,2,1,0,0,0,0,0,0,0,0,0,0
122064,1,1,0,0,0,0,0,0,0,0,0,0
122064,2,1,0,0,0,0,0,0,0,0,0,0
122065,1,1,0,0,0,0,0,0,0,0,0,0
122065,2,1,0,0,0,0,0,0,0,0,0,0
122065,3,1,0,0,0,0,0,0,0,0,20,0
122066,1,1,0,0,0,0,0,0,0,0,0,0
122066,2,1,0,0,0,0,0,0,0,0,0,0
122066,3,1,0,0,0,0,0,0,0,0,0,0
122067,1,1,21,21,21,21,21,21,21,21,21,21
122069,0,1,0,0,0,0,0,0,0,0,0,0
122069,1,1,0,0,0,0,0,0,0,0,0,0
122070,1,1,0,0,0,0,0,0,0,0,0,0
122070,2,1,2,2,2,2,2,2,2,2,2,2
122071,1,1,24,16,19,6,0,15,15,14,10,14
122071,2,1,0,0,0,0,0,0,0,0,0,0
122071,3,1,17,0,28,8,31,7,15,13,24,14
122072,1,1,0,0,0,0,21,0,0,0,0,0
122072,2,1,0,0,0,0,0,0,0,0,0,0
122072,3,1,0,0,0,0,0,0,0,0,0,0
122073,1,1,29,29,29,29,29,29,29,29,29,29
122074,0,1,18,18,18,18,18,18,18,18,18,18
122074,1,1,0,0,0,0,0,0,0,0,0,0
122075,0,1,19,19,19,19,19,19,19,19,19,19
122075,1,1,0,0,17,0,0,0,0,0,14,0
122076,1,1,0,0,0,0,0,0,0,0,0,0
122076,2,1,0,0,0,0,0,0,0,0,0,0
122077,1,1,0,0,0,0,0,0,0,0,0,0
122078,1,1,0,0,0,0,0,0,0,0,0,0
122078,2,1,0,0,0,0,0,0,0,0,0,0
122079,1,1,12,12,12,12,12,12,12,12,12,12
122080,1,1,0,0,0,0,0,0,0,0,0,0
122080,2,1,0,0,0,0,0,0,0,0,0,0
122080,3,1,0,0,0,0,0,0,0,0,0,0
122081,1,1,4,4,4,4,4,4,4,4,4,4
122082,1,1,16,16,16,16,16,16,16,16,16,16
122082,2,1,0,0,0,0,0,0,0,0,0,0
122082,3,1,0,0,0,0,0,0,0,0,0,0
122082,4,1,0,0,0,0,0,0,0,0,0,0
122083,1,1,18,18,18,18,18,18,18,18,18,18
122083,2,1,0,0,0,0,0,0,0,0,0,0
122084,0,1,0,9,0,0,0,23,27,31,30,19
122084,1,1,0,27,0,0,0,0,0,0,0,0
122085,1,1,0,0,0,0,0,0,0,0,0,9
122085,2,1,0,0,0,0,0,0,0,0,0,0
122086,1,1,0,0,0,0,0,0,0,0,0,0
122087,1,1,0,0,0,0,0,0,0,0,0,0
122087,2,1,0,0,0,0,0,0,0,0,0,0
122087,3,1,0,0,0,0,0,0,0,0,0,0
122087,4,1,0,0,0,0,0,0,0,0,0,0
122089,1,1,26,26,26,26,26,26,26,26,26,26
122089,2,1,0,0,0,0,0,0,0,0,0,0
122090,1,1,0,0,0,0,0,0,0,0,0,0
122091,1,1,0,0,0,0,0,0,0,0,0,0
122091,2,1,0,0,0,0,0,0,0,20,0,0
122093,1,1,0,0,0,0,0,0,0,0,0,0
122094,1,1,3,3,3,3,3,3,3,3,3,3
122094,2,1,0,0,0,0,0,0,0,0,0,0
122095,1,1,0,0,0,0,0,0,0,0,0,0
122096,1,1,0,0,0,0,0,0,0,0,0,11
122096,2,1,32,0,0,0,0,0,0,0,0,0
122096,3,1,0,0,0,0,0,0,0,0,0,0
122096,4,1,0,0,0,0,0,0,0,0,0,0
122097,0,1,10,10,10,10,10,10,10,10,10,10
122097,1,1,0,0,0,0,0,0,0,8,0,18
122098,1,1,0,0,0,30,0,6,0,0,0,0
122098,2,1,14,0,0,0,0,0,0,14,0,0
122099,1,1,17,17,17,17,17,17,17,17,17,17
122099,2,1,0,0,0,0,0,0,0,0,0,0
122100,1,1,29,29,29,29,29,29,29,29,29,29
122100,2,1,0,0,0,0,0,0,0,0,0,0
122101,1,1,0,0,0,0,0,0,0,0,0,0
122101,2,1,0,0,0,0,0,0,0,0,0,0
122101,3,1,0,0,0,0,0,0,0,0,0,0
122102,0,1,5,5,5,5,5,5,5,5,5,5
122102,1,1,0,0,0,0,0,0,0,0,0,0
122103,0,1,16,16,16,16,16,16,16,16,16,16
122103,1,1,16,16,16,16,16,16,16,16,16,16
122104,0,1,21,0,0,6,23,0,0,0,0,0
122104,1,1,0,0,0,0,0,0,0,0,0,0
122104,2,1,0,0,0,0,13,8,0,0,0,0
122105,0,1,0,0,0,0,0,0,0,0,0,0
122105,1,1,0,0,0,0,0,0,0,0,0,0
122106,0,1,22,22,22,22,22,22,22,22,22,22
122106,1,1,0,0,0,0,0,0,0,0,14,0
122107,1,1,19,19,19,19,19,19,19,19,19,19
122107,2,1,0,0,15,0,0,0,0,0,0,0
122108,0,1,2,2,2,2,2,2,2,2,2,2
122108,1,1,0,0,0,0,0,0,0,0,0,0
122109,1,1,19,19,19,19,19,19,19,19,19,19
122110,1,1,0,0,0,0,0,0,0,0,0,0
122110,2,1,0,0,0,0,0,0,0,0,0,0
122111,1,1,0,0,10,0,0,0,0,0,0,0
122112,1,1,28,28,28,28,28,28,28,28,28,28
122112,2,1,0,0,0,0,0,0,0,0,0,0
122114,1,1,11,0,14,0,0,0,0,0,0,0
122115,1,1,0,0,0,0,0,8,0,0,0,0
122115,2,1,0,0,0,0,0,11,0,0,0,0
122116,0,1,0,0,0,0,0,0,0,0,0,0
122116,1,1,0,0,0,0,0,0,9,0,0,0
122117,1,1,21,21,21,21,21,21,21,21,21,21
122117,2,1,1,1,1,1,1,1,1,1,1,1
122118,1,1,0,0,0,0,0,0,0,0,0,0
122119,1,2,15,15,15,15,15,15,15,15,15,15
122119,2,1,0,0,0,0,0,0,0,0,0,0
122120,1,1,18,18,18,18,18,18,18,18,18,18
122121,0,1,0,0,0,0,0,5,0,0,21,0
122121,1,1,6,0,0,0,0,0,0,0,0,0
122122,1,1,0,8,4,13,0,17,0,0,0,0
122123,1,1,0,0,0,0,0,0,0,0,0,0
122123,2,1,0,0,0,0,0,0,0,0,0,0
122124,1,1,0,0,0,0,0,0,0,16,0,21
122124,2,1,0,0,0,0,0,0,0,0,0,0
122125,0,1,0,0,38,0,0,0,0,0,0,0
122125,1,1,0,0,0,0,0,0,0,0,0,0
122126,0,1,27,27,27,27,27,27,27,27,27,27
122126,1,1,11,0,6,0,0,0,0,7,0,13
122127,1,1,0,0,0,0,0,0,20,0,0,0
122127,2,1,0,0,0,0,0,0,0,0,0,0
122128,1,1,25,25,25,25,25,25,25,25,25,25
122129,1,1,0,0,0,0,0,0,0,0,0,0
122130,1,1,0,0,0,0,0,0,0,0,0,0
122131,1,1,22,22,22,22,22,22,22,22,22,22
122132,1,1,0,0,0,0,0,0,0,0,0,0
122133,1,1,0,0,0,0,0,0,0,0,0,0
122134,0,1,19,19,19,19,19,19,19,19,19,19
122134,1,1,16,0,0,0,0,0,0,0,0,0
122135,1,1,0,0,0,0,0,0,0,0,0,0
122135,2,1,0,0,0,0,0,0,0,0,0,0
122136,1,1,3,3,3,3,3,3,3,3,3,3
122136,2,1,0,0,0,0,0,0,0,0,0,0
122137,1,1,11,11,11,11,11,11,11,11,11,11
122138,1,1,0,9,15,9,0,0,0,0,6,21
122138,2,1,0,0,0,0,0,6,0,0,0,0
122139,1,1,0,0,11,0,0,0,0,0,0,0
122139,2,1,0,8,0,13,0,8,23,14,0,0
122140,1,1,19,19,19,19,19,19,19,19,19,19
122141,1,1,29,29,29,29,29,29,29,29,29,29
122142,1,1,39,15,0,20,13,19,18,10,0,13
122143,1,1,0,0,0,0,0,0,0,0,0,0
122144,1,1,15,15,15,15,15,15,15,15,15,15
122145,0,1,32,32,32,32,32,32,32,32,32,32
122145,1,1,0,0,0,0,0,0,0,0,0,0
122147,0,1,0,0,11,13,0,0,7,0,0,0
122147,1,1,0,0,0,0,0,0,0,0,0,0
122148,1,1,0,0,0,0,0,0,0,0,0,0
122148,2,1,0,0,0,0,0,0,0,0,0,0
122149,1,1,17,17,17,17,17,17,17,17,17,17
122150,1,1,15,15,15,15,15,15,15,15,15,15
122151,1,1,10,10,10,10,10,10,10,10,10,10
122152,1,1,15,0,9,0,8,0,0,0,0,0
122153,0,1,2,2,2,2,2,2,2,2,2,2
122153,1,1,0,0,0,0,0,0,0,0,0,0
122154,0,1,28,28,28,28,28,28,28,28,28,28
122154,1,1,0,0,0,0,0,0,6,0,0,0
122155,1,1,0,0,0,0,0,0,0,0,0,0
122155,2,1,0,0,0,0,0,0,0,0,0,0
122155,3,1,0,0,0,0,0,0,0,0,0,0
122156,1,1,0,0,0,0,0,0,0,0,0,0
122156,2,1,0,0,0,0,0,0,0,0,0,0
122157,0,1,0,0,0,0,0,0,0,0,0,0
122157,1,1,0,0,0,0,0,0,0,0,0,0
122158,0,1,0,0,11,0,0,0,0,0,0,0
122158,1,1,0,0,0,0,0,0,0,0,0,0
122159,1,1,0,0,0,0,0,0,0,0,0,0
122159,2,1,10,10,10,10,10,10,10,10,10,10
122160,1,1,0,0,0,0,0,0,0,0,0,14
122160,2,1,0,0,0,0,0,0,0,0,0,0
122161,1,1,0,0,0,0,0,0,0,0,0,0
122161,2,1,0,0,0,0,0,0,0,0,0,0
122162,1,1,0,0,0,0,0,0,0,0,0,0
122162,2,1,0,0,0,0,0,0,0,0,0,0
122162,3,1,0,0,0,0,0,0,0,0,0,0
122163,0,1,0,0,0,0,0,0,0,0,0,0
122163,1,1,0,0,0,0,0,0,0,0,0,0
122164,1,1,0,10,0,0,20,13,0,12,0,0
122165,0,1,0,0,0,0,0,0,0,0,0,0
122165,1,1,0,0,0,0,0,0,0,18,0,0
122166,0,1,25,25,25,25,25,25,25,25,25,25
122166,1,1,0,0,19,0,0,0,0,0,0,0
122167,1,1,0,0,0,0,0,0,0,0,0,0
122168,0,1,45,25,19,10,20,12,0,0,6,0
122168,1,1,0,0,0,0,0,0,0,0,0,0
122169,1,1,0,0,0,0,0,0,0,0,0,0
122169,2,1,0,0,0,0,0,0,0,0,0,0
122170,1,1,0,0,0,0,0,0,0,0,0,0
122171,1,1,0,0,0,0,0,0,0,0,0,0
122171,2,1,0,0,0,0,0,0,0,0,0,0
122172,1,1,7,7,7,7,7,7,7,7,7,7
122173,0,1,16,16,16,16,16,16,16,16,16,16
122173,1,1,0,0,0,25,0,0,0,0,0,0
122174,1,1,0,0,0,0,0,0,0,0,0,0
122175,1,1,0,0,0,0,0,0,0,0,0,0
122176,1,1,0,0,0,0,0,0,0,0,0,0
122176,2,1,0,0,0,0,0,0,0,0,0,0
122177,1,1,19,19,19,19,19,19,19,19,19,19
122177,2,1,0,0,0,0,0,0,0,0,0,0
122177,3,1,0,0,0,0,0,0,0,0,0,0
122177,4,1,0,0,0,0,0,0,0,0,9,0
122178,1,1,0,0,0,0,0,0,1,0,0,0
122178,2,1,0,0,0,0,0,0,0,0,0,0
122178,3,1,0,0,0,0,0,0,0,0,0,0
122179,1,1,14,14,0,0,21,0,29,22,0,4
122180,0,1,0,0,0,0,0,0,0,0,0,0
122180,1,1,0,0,0,0,0,0,0,0,0,0
122181,0,1,6,12,0,0,4,21,0,0,0,27
122181,1,1,16,0,0,0,0,0,0,15,17,0
122182,0,1,0,0,0,0,0,0,0,0,0,0
122182,1,1,0,0,0,0,0,0,0,0,0,0
122183,0,1,0,0,0,0,0,0,0,0,0,0
122183,1,1,0,0,0,0,0,0,0,0,0,2
122184,1,1,23,23,23,23,23,23,23,23,23,23
122185,1,1,26,36,12,20,16,20,4,30,6,14
122186,1,1,17,17,17,17,17,17,17,17,17,17
122187,0,1,0,0,9,13,8,31,0,0,19,0
122187,1,1,0,0,0,0,0,22,0,0,0,0
122189,1,1,0,0,0,0,0,0,0,0,0,0
122190,1,1,0,0,0,0,0,0,0,0,0,0
122190,2,1,0,0,0,0,0,0,0,0,0,0
122191,0,1,23,23,23,23,23,23,23,23,23,23
122191,1,1,8,0,15,0,0,0,0,13,0,0
122192,1,1,0,0,0,0,0,0,0,0,0,0
122192,2,1,0,0,0,0,0,0,0,0,0,0
122193,1,1,0,0,0,0,0,0,0,0,0,0
122194,1,1,8,8,8,8,8,8,8,8,8,8
122194,2,1,0,0,0,0,0,16,0,2,0,0
122195,0,1,10,10,10,10,10,10,10,10,10,10
122195,1,1,6,0,0,0,0,0,0,34,0,0
122196,1,1,21,21,21,21,21,21,21,21,21,21
122197,0,1,15,15,15,15,15,15,15,15,15,15
122197,1,1,0,0,0,0,5,0,0,0,0,0
122198,0,1,0,0,0,0,0,0,9,0,5,0
122198,1,1,0,0,16,0,0,34,0,0,10,0
122199,1,1,0,0,0,0,0,0,0,0,0,0
122199,2,1,0,0,0,0,0,0,0,0,0,0
122200,1,1,0,0,0,10,0,0,14,0,13,11
122201,1,1,5,9,0,8,0,0,4,3,8,6
122202,1,1,0,0,0,0,0,0,0,0,0,0
122203,1,1,5,0,0,0,0,0,0,0,7,0
122204,1,1,0,0,0,0,0,0,0,0,0,0
122204,2,1,0,0,0,0,0,0,0,0,0,0
122205,0,1,0,0,0,0,0,0,0,0,0,0
122205,1,1,0,0,0,0,0,0,0,0,0,0
122206,1,1,0,0,0,0,0,0,0,0,0,0
122207,0,1,0,0,0,0,0,0,0,0,0,0
122207,1,1,0,0,0,0,0,0,0,0,0,0
122208,0,1,0,23,0,0,15,17,0,16,5,0
122208,0,2,13,22,20,18,0,18,23,33,16,4
122208,1,1,0,25,29,0,0,0,11,0,0,9
122209,1,1,0,0,0,0,0,0,0,0,0,0
122209,2,1,0,0,0,0,0,0,0,0,0,0
122210,0,1,0,7,19,0,0,22,0,0,0,0
122210,1,1,0,0,0,0,0,0,12,0,0,0
122211,0,1,35,35,35,35,35,35,35,35,35,35
122211,1,1,0,0,0,0,0,0,0,0,0,0
122212,1,1,0,0,0,0,0,0,0,0,0,0
122212,2,1,0,0,0,0,0,0,0,0,0,0
122213,1,1,22,11,18,0,0,0,0,0,14,0
122214,1,1,0,0,3,11,13,6,26,0,0,10
122214,2,1,25,0,19,13,0,22,6,14,0,23
122215,0,1,0,0,0,0,0,0,0,0,0,0
122215,1,1,0,0,0,0,0,0,0,0,0,0
122216,1,1,0,0,0,22,0,0,0,5,0,16
122216,2,1,0,0,0,0,0,0,0,0,0,0
122217,1,1,24,24,24,24,24,24,24,24,24,24
122218,1,1,27,27,27,27,27,27,27,27,27,27
122219,2,1,14,14,14,14,14,14,14,14,14,14
122220,0,1,7,0,0,0,0,0,0,0,0,0
122220,1,1,22,22,22,22,22,22,22,22,22,22
122221,1,1,19,19,19,19,19,19,19,19,19,19
122222,1,1,0,0,16,0,0,0,14,0,20,9
122222,2,1,0,0,0,0,0,0,0,0,0,0
122222,3,1,0,0,0,0,0,0,0,0,0,20
122223,0,1,21,21,21,21,21,21,21,21,21,21
122223,1,1,0,0,0,0,5,0,25,0,17,0
122224,1,1,1,1,1,1,1,1,1,1,1,1
122225,0,1,0,0,0,0,0,0,0,0,0,0
122225,1,1,0,0,0,0,0,0,0,11,0,0
122226,1,1,7,7,7,7,7,7,7,7,7,7
122227,1,1,4,4,4,4,4,4,4,4,4,4
122227,2,1,0,0,0,0,0,0,0,0,0,10
122228,1,1,28,28,28,28,28,28,28,28,28,28
122228,2,1,0,0,0,0,0,0,0,0,19,0
122228,3,1,0,0,0,0,0,0,0,0,0,0
122229,0,1,0,0,0,0,0,0,0,0,0,0
122229,1,1,0,0,0,0,0,0,0,0,0,0
122230,1,1,0,0,0,0,0,0,0,0,0,0
122230,2,1,0,0,0,0,0,0,0,0,0,0
122231,1,1,0,0,0,0,0,0,0,0,0,0
122231,2,1,0,0,0,0,0,0,0,0,0,0
122232,1,1,0,0,0,0,0,0,0,0,0,0
122232,2,1,0,0,0,0,0,0,0,0,0,0
122233,1,1,0,0,0,0,0,0,0,0,0,0
122233,2,1,0,0,0,0,0,0,0,0,0,0
122234,1,1,0,0,0,0,0,0,0,0,0,0
122234,2,1,0,0,0,0,0,0,0,0,0,0
122236,1,1,27,34,9,23,0,0,0,20,0,0
122237,0,1,25,25,25,25,25,25,25,25,25,25
122237,1,1,0,0,0,0,0,0,0,0,0,0
122238,0,1,0,0,0,17,11,3,0,0,0,0
122238,1,1,0,5,0,0,0,0,0,0,0,6
122239,1,1,13,13,13,13,13,13,13,13,13,13
122240,1,1,0,17,20,0,0,5,19,23,12,19
122241,0,1,0,0,9,15,0,10,0,0,5,0
122241,1,1,0,0,0,0,0,0,0,0,0,0
122242,0,1,0,31,0,0,20,0,0,0,10,0
122242,1,1,0,0,0,0,0,0,0,0,0,0
122244,0,1,0,0,0,0,0,0,0,0,0,0
122244,1,1,0,0,0,0,0,0,0,0,0,0
122245,1,1,24,24,24,24,24,24,24,24,24,24
122245,2,1,0,0,15,0,0,0,0,0,4,0
122246,1,1,0,0,17,0,0,0,0,0,0,0
122246,2,1,0,0,0,0,0,0,0,0,0,0
122247,1,1,0,0,0,11,35,0,33,9,0,0
122248,1,1,10,10,10,10,10,10,10,10,10,10
122249,1,1,19,19,19,19,19,19,19,19,19,19
122250,1,1,0,0,0,0,0,0,0,0,0,0
122250,2,1,0,0,0,0,0,0,0,0,0,0
122251,0,1,0,0,0,0,0,0,6,0,0,0
122251,1,1,0,0,0,0,0,0,33,0,0,0
122252,0,1,0,8,0,0,0,0,0,0,5,0
122252,1,1,0,0,0,0,0,0,0,0,0,0
122252,2,1,0,0,0,0,0,0,0,0,0,0
122253,1,1,0,0,0,0,0,0,0,0,0,0
122254,1,1,0,0,0,0,0,0,0,0,0,0
122254,2,1,0,0,0,0,0,0,0,0,0,0
122255,0,1,0,0,0,0,0,0,0,0,0,0
122255,1,1,0,0,0,0,0,0,0,0,14,0
122256,1,1,0,10,12,12,0,17,0,0,0,18
122257,0,1,0,13,0,0,0,0,0,0,0,0
122257,1,1,33,0,12,0,0,19,22,18,0,9
122258,0,1,3,3,3,3,3,3,3,3,3,3
122258,1,1,0,0,0,0,0,0,0,0,0,0
122259,1,1,0,0,0,0,0,0,0,0,0,0
122260,1,1,0,0,0,0,0,0,0,0,0,0
122260,2,1,0,0,0,0,0,0,0,0,0,0
122260,3,1,0,0,0,0,0,0,0,0,0,0
122261,0,1,0,0,0,0,0,0,0,0,0,0
122261,1,1,0,0,0,0,0,0,0,0,0,0
122262,0,1,0,0,0,0,0,0,0,0,0,0
122262,1,1,0,0,0,0,0,0,0,0,0,0
122263,1,1,0,0,0,0,0,0,0,0,0,0
122263,2,1,0,0,0,0,0,0,0,0,0,0
122264,0,1,0,0,0,0,0,0,0,0,0,0
122264,1,1,0,0,0,0,0,0,0,0,0,7
122265,0,1,0,0,0,0,0,0,0,0,0,0
122265,1,1,0,0,0,0,0,0,0,0,0,0
122266,0,1,0,0,0,0,0,0,0,0,0,0
122266,0,2,0,0,0,0,0,0,0,0,0,0
122266,1,1,0,0,0,0,0,0,0,0,0,0
122267,1,1,0,0,0,0,0,0,0,0,6,0
122267,2,1,0,0,0,0,0,0,0,0,0,0
122268,1,1,0,0,0,0,0,0,0,0,0,0
122268,2,1,0,0,0,0,0,0,0,0,0,9
122269,1,1,16,16,16,16,16,16,16,16,16,16
122270,1,1,0,0,0,0,0,0,0,0,0,0
122271,1,1,0,0,0,0,0,0,0,0,0,0
122272,1,1,0,0,0,0,0,0,0,0,0,0
122272,2,1,0,0,0,0,0,0,0,0,0,0
122273,1,1,0,0,4,0,0,0,0,0,0,0
122273,2,1,0,0,0,0,0,0,0,0,0,10
122273,3,1,7,0,0,0,0,0,0,0,0,0
122274,1,1,7,22,34,12,13,21,25,18,23,29
122274,2,1,0,0,0,0,0,0,0,0,12,0
122275,1,1,0,0,0,0,0,0,0,0,0,0
122275,2,1,0,0,22,0,4,6,16,8,16,0
122275,3,1,0,7,0,0,0,0,0,0,0,0
122275,4,1,23,0,0,0,18,0,0,16,10,0
122276,0,1,0,0,0,0,0,0,0,0,0,0
122276,1,1,0,0,0,0,0,0,0,0,0,0
122277,1,1,26,21,34,31,9,0,20,46,24,18
122277,2,1,18,0,0,0,24,0,0,0,0,18
122278,1,1,0,0,0,0,0,0,0,0,0,0
122279,0,1,0,0,0,0,0,0,0,0,0,0
122279,1,1,0,0,0,0,0,0,0,0,0,18
122280,1,1,0,0,0,0,0,0,0,0,0,0
122280,2,1,0,0,0,0,0,0,0,0,0,0
122281,0,1,19,19,19,19,19,19,19,19,19,19
122281,1,1,0,0,0,0,0,0,0,0,0,0
122282,1,1,0,0,0,0,0,0,0,0,12,0
122282,2,1,0,0,0,0,5,0,0,0,0,0
122283,0,1,0,0,0,0,0,0,0,0,0,0
122283,1,1,0,0,0,0,0,0,0,0,0,0
122284,0,1,19,19,19,19,19,19,19,19,19,19
122284,1,1,0,0,0,0,0,0,0,0,18,0
122285,0,1,29,0,0,33,0,0,0,0,0,10
122285,1,1,0,0,0,0,4,0,0,0,0,11
122286,1,1,0,0,19,24,27,0,26,32,11,0
122287,0,1,0,0,0,0,0,0,0,0,0,0
122287,1,1,0,0,0,0,0,0,0,0,0,0
122288,0,1,0,0,0,0,0,0,0,0,0,0
122288,0,2,0,0,0,0,21,0,0,0,0,0
122288,0,3,0,0,0,0,0,0,0,0,0,0
122288,0,4,0,0,0,0,0,0,0,0,0,0
122288,0,5,0,0,0,0,0,0,0,0,0,0
122288,1,1,0,0,0,0,0,0,0,0,0,0
122288,2,1,0,0,0,0,0,0,0,0,0,0
122289,1,1,0,0,0,0,0,0,0,0,0,0
122289,2,1,0,0,0,0,0,0,0,0,0,0
122290,1,1,9,0,14,10,15,12,0,0,7,9
122291,0,1,12,12,12,12,12,12,12,12,12,12
122291,1,1,0,0,0,5,0,35,11,0,0,0
122292,0,1,10,0,10,0,0,0,0,2,0,0
122292,1,1,0,0,0,0,0,0,0,0,0,22
122293,0,1,25,27,30,13,20,14,25,15,30,37
122293,1,1,0,0,19,0,0,8,0,0,0,0
122294,0,1,0,0,0,0,0,0,0,0,0,0
122294,1,1,0,0,0,0,0,0,0,0,0,0
122294,2,1,0,0,0,0,0,0,0,0,0,0
122295,1,1,0,0,23,0,0,0,0,0,0,0
122296,1,1,0,0,0,0,0,0,0,0,0,0
122297,1,1,0,0,0,0,0,0,0,0,0,0
122297,2,1,20,0,0,0,0,0,0,0,0,0
122298,1,1,0,0,0,0,14,0,0,0,7,0
122298,2,1,0,0,0,0,0,0,0,0,0,0
122300,1,1,0,0,25,0,0,0,15,0,0,0
122300,2,1,0,28,0,17,10,0,0,0,0,0
122301,0,1,13,13,13,13,13,13,13,13,13,13
122301,1,1,0,0,0,0,0,0,0,0,0,0
122302,1,1,15,15,15,15,15,15,15,15,15,15
122302,2,1,3,3,3,3,3,3,3,3,3,3
122303,1,1,15,15,15,15,15,15,15,15,15,15
122303,2,1,0,0,0,0,0,0,0,0,0,0
122304,0,1,0,0,0,0,0,0,0,0,0,0
122304,1,1,0,0,0,32,0,0,0,0,17,0
122305,1,1,0,0,0,0,0,0,0,0,0,0
122305,2,1,0,0,0,0,0,0,0,0,0,0
122306,0,1,29,29,29,29,29,29,29,29,29,29
122306,1,1,0,0,0,0,0,0,0,0,0,0
122307,1,1,0,0,0,0,0,0,0,0,0,0
122308,0,1,0,0,0,0,0,0,0,0,0,0
122308,1,1,0,10,0,0,0,0,0,0,0,0
122309,1,1,0,16,0,0,0,0,18,0,0,0
122310,0,1,21,21,21,21,21,21,21,21,21,21
122310,1,1,0,0,0,0,0,0,0,0,0,0
122311,1,1,0,0,0,0,0,0,0,0,0,0
122311,2,1,0,0,0,0,0,0,0,0,0,0
122311,3,1,0,0,0,0,0,0,0,0,0,0
122312,0,1,0,0,0,12,0,0,0,0,0,0
122312,1,1,0,0,0,0,0,0,0,0,0,0
122313,1,1,0,0,0,0,0,0,0,0,0,0
122314,1,1,18,24,0,10,0,24,14,5,18,20
122316,1,1,0,0,0,0,0,0,0,19,0,0
122317,1,1,0,0,12,27,0,9,31,0,5,0
122317,2,1,20,0,0,0,0,0,0,0,0,16
122318,0,1,26,25,0,0,19,0,0,0,0,19
122318,1,1,0,0,0,0,0,0,0,0,0,0