ST_CASE,VEH_NO,PER_NO,P1,P2,P3,P4,P5,P6,P7,P8,P9,P10
122318,2,1,0,0,0,0,0,0,0,0,0,0
122319,1,1,0,0,0,0,0,0,0,0,0,0
122320,1,1,6,6,6,6,6,6,6,6,6,6
122321,1,1,20,20,20,20,20,20,20,20,20,20
122322,1,1,1,1,1,1,1,1,1,1,1,1
122323,1,1,22,22,22,22,22,22,22,22,22,22
122324,1,1,0,0,0,0,0,0,0,0,0,0
122324,2,1,0,0,0,0,0,0,0,0,0,0
122324,3,1,0,0,0,0,0,0,0,0,0,0
122325,1,1,0,0,0,0,0,0,0,0,0,0
122325,2,1,0,0,0,0,0,0,0,0,0,0
122326,1,1,0,0,0,0,0,0,0,0,0,0
122326,2,1,0,0,0,0,17,0,0,0,0,0
122327,1,1,0,0,0,0,0,0,0,0,0,0
122328,1,1,0,0,0,0,0,0,0,0,0,0
122328,2,1,0,0,0,0,0,0,0,0,0,0
122329,1,1,30,0,0,26,0,0,0,15,15,13
122330,1,1,0,0,0,0,0,0,0,0,0,0
122330,2,1,0,0,0,15,0,0,0,0,0,0
122331,1,1,0,0,0,0,0,0,0,0,0,0
122331,2,1,5,0,26,12,0,9,0,0,22,14
122332,0,1,0,6,23,8,0,0,0,0,0,4
122332,1,1,23,0,0,0,0,10,0,0,0,0
122333,0,1,0,0,0,0,0,0,0,0,0,0
122333,1,1,0,0,0,0,0,0,0,0,0,0
122334,0,1,0,0,0,0,0,0,0,0,0,0
122334,1,1,0,0,0,0,0,0,0,0,0,0
122335,0,1,0,0,0,0,0,0,0,0,0,0
122335,1,1,0,0,0,19,0,0,0,0,0,0
122336,1,1,21,21,21,21,21,21,21,21,21,21
122336,2,1,0,0,0,0,0,0,0,0,0,0
122337,1,1,0,0,0,0,0,0,0,0,0,0
122337,2,1,0,0,0,0,0,0,0,0,0,0
122338,1,1,0,0,0,0,0,0,0,0,0,0
122338,2,1,0,0,0,0,10,0,0,0,0,0
122339,0,1,17,17,17,17,17,17,17,17,17,17
122339,1,1,0,0,0,0,0,0,0,0,0,20
122340,1,1,19,19,19,19,19,19,19,19,19,19
122341,1,1,19,19,19,19,19,19,19,19,19,19
122341,2,1,0,0,0,0,0,7,0,0,0,0
122342,1,1,8,0,23,9,0,10,0,0,15,19
122342,2,1,0,0,8,0,0,4,0,0,0,0
122343,0,1,16,17,9,32,21,0,0,0,22,16
122343,1,1,0,12,0,0,0,0,6,0,0,14
122343,2,1,0,0,0,0,0,15,0,0,0,0
122344,1,1,17,17,17,17,17,17,17,17,17,17
122345,1,1,0,0,0,0,19,0,0,0,0,0
122345,2,1,0,0,0,0,0,0,0,0,0,0
122346,0,1,0,0,0,0,0,0,6,0,0,11
122346,1,1,0,0,0,4,0,0,0,0,0,0
122347,0,1,0,0,18,11,0,0,0,0,0,0
122347,1,1,0,0,0,0,0,0,0,0,0,0
122348,0,1,1,1,1,1,1,1,1,1,1,1
122348,1,1,0,0,0,0,0,0,0,0,0,0
122349,0,1,18,18,18,18,18,18,18,18,18,18
122349,1,1,0,0,0,0,0,0,0,0,0,0
122350,0,1,0,0,0,0,0,0,0,0,0,0
122350,1,1,0,0,0,0,0,0,0,0,0,0
122351,1,1,0,0,0,0,0,0,0,0,0,0
122352,1,1,0,0,0,0,0,0,0,0,0,0
122353,0,1,0,11,17,0,25,34,47,25,0,16
122353,1,1,0,0,0,0,0,0,0,0,15,0
122354,0,1,0,0,0,0,0,0,0,0,0,0
122354,1,1,0,0,0,0,0,0,6,0,0,0
122354,2,1,0,0,0,0,0,0,0,0,0,0
122355,0,1,35,35,35,35,35,35,35,35,35,35
122355,1,1,0,0,0,0,0,0,0,0,0,0
122355,2,1,0,0,0,12,0,0,0,0,0,0
122356,1,1,0,0,0,0,0,0,0,0,0,0
122357,0,1,21,21,21,21,21,21,21,21,21,21
122357,1,1,0,0,0,0,0,0,0,0,0,0
122358,1,1,0,8,0,14,0,0,37,0,0,0
122359,1,1,0,0,0,0,0,0,0,0,0,0
122359,2,1,0,0,0,0,0,0,0,0,0,0
122360,1,1,28,28,28,28,28,28,28,28,28,28
122361,1,1,0,0,0,0,0,0,0,0,0,0
122361,2,1,0,0,0,22,0,0,0,0,25,0
122362,1,1,0,0,0,0,0,0,0,0,0,0
122362,2,1,0,0,0,0,0,13,0,0,0,0
122363,1,1,0,0,0,0,0,0,0,0,0,0
122364,0,1,0,0,0,0,0,0,0,0,0,0
122364,1,1,0,12,0,0,0,0,11,0,0,0
122365,0,1,0,0,0,0,0,0,0,0,0,0
122365,1,1,0,0,0,0,0,0,0,0,0,0
122366,0,1,0,0,0,0,0,0,0,0,0,0
122366,1,1,0,0,0,0,0,0,0,0,0,0
122366,2,1,0,0,0,0,0,0,0,0,0,0
122367,1,1,0,0,0,0,0,0,0,0,0,0
122367,2,1,0,0,0,0,0,0,0,12,0,0
122367,3,1,0,0,21,0,0,0,0,0,0,0
122367,4,1,0,0,0,0,0,0,0,0,0,0
122367,5,1,0,0,0,0,0,0,0,0,22,0
122367,6,1,0,0,0,0,0,0,0,0,0,0
122368,1,1,0,0,0,0,0,0,0,0,0,0
122369,0,1,0,0,20,24,0,0,9,16,19,0
122369,1,1,0,0,0,0,0,0,0,0,0,0
130001,1,1,11,26,0,0,0,11,7,4,3,8
130002,1,1,11,11,11,11,11,11,11,11,11,11
130003,1,1,21,21,21,21,21,21,21,21,21,21
130004,1,1,0,0,0,0,0,0,0,0,0,0
130004,2,1,0,7,0,0,0,0,0,0,0,0
130005,1,1,0,0,0,0,0,0,0,0,0,0
130005,2,1,0,0,0,0,0,0,0,0,0,0
130006,1,1,0,0,0,0,0,0,0,0,0,0
130007,1,1,0,0,0,0,0,0,0,0,0,0
130008,1,1,0,0,0,0,0,0,0,0,0,0
130009,1,1,0,0,0,0,0,0,0,0,0,0
130010,1,1,0,0,0,0,0,0,0,0,0,0
130011,1,1,0,0,0,0,0,0,0,0,0,0
130011,2,1,0,0,0,0,0,0,0,0,0,0
130011,3,1,0,0,0,0,0,0,0,0,0,0
130012,1,1,0,0,0,0,0,0,0,0,0,0
130013,1,1,17,17,17,17,17,17,17,17,17,17
130013,2,1,4,4,4,4,4,4,4,4,4,4
130014,1,1,19,19,19,19,19,19,19,19,19,19
130015,1,1,2,2,2,2,2,2,2,2,2,2
130015,2,1,0,0,0,0,0,0,0,0,0,0
130015,3,1,14,14,14,14,14,14,14,14,14,14
130016,1,1,0,0,0,0,0,0,0,0,0,0
130016,2,1,0,0,0,0,0,17,0,0,0,0
130016,3,1,0,0,0,0,0,0,0,0,0,0
130017,1,1,0,0,0,0,0,0,0,0,0,0
130017,2,1,0,0,0,0,0,0,0,0,0,0
130018,1,1,27,27,27,27,27,27,27,27,27,27
130019,0,1,17,8,0,0,23,0,0,0,0,0
130019,1,1,0,0,0,0,0,0,0,0,0,0
130020,1,1,0,0,0,0,0,0,0,0,0,0
130020,2,1,0,0,0,0,0,0,0,0,0,0
130021,0,1,0,0,0,0,0,0,0,0,0,0
130021,1,1,0,0,0,0,0,0,0,0,0,0
130022,1,1,19,19,19,19,19,19,19,19,19,19
130023,1,1,0,4,0,0,12,0,0,0,0,0
130024,1,1,0,0,0,0,0,0,0,0,0,0
130025,1,1,18,0,0,0,0,0,0,0,0,0
130025,2,1,29,18,12,12,5,20,0,6,0,18
130026,1,1,31,0,0,0,0,0,0,0,0,0
130026,2,1,0,0,0,0,0,0,0,16,0,0
130027,1,1,17,32,6,7,16,26,16,18,26,20
130028,0,1,0,0,0,0,0,0,0,0,0,0
130029,1,1,0,0,0,0,0,0,0,0,0,0
130030,1,1,0,0,0,0,0,0,0,0,0,0
130031,1,1,0,0,10,0,0,0,0,0,0,0
130032,0,1,0,0,0,0,0,0,0,0,0,0
130032,1,1,0,0,0,0,0,0,0,0,0,0
130033,1,1,6,0,0,0,0,0,0,0,0,0
130034,1,1,0,0,0,0,13,0,0,0,0,0
130035,1,1,0,0,0,0,0,0,0,0,0,0
130035,2,1,0,0,0,0,0,0,0,0,0,0
130035,3,1,0,0,0,0,0,0,0,0,25,0
130036,1,1,3,3,3,3,3,3,3,3,3,3
130036,2,1,0,0,0,0,0,0,0,0,0,0
130037,0,1,0,0,0,0,0,0,0,0,0,0
130037,1,1,22,0,0,0,0,0,0,0,0,0
130038,1,1,0,0,0,0,0,0,0,0,0,0
130039,1,1,0,0,0,0,0,0,0,0,0,0
130040,1,1,14,21,52,19,32,10,32,2,14,17
130041,1,1,0,0,24,0,21,0,16,0,0,0
130042,0,1,0,0,0,0,0,0,0,0,0,0
130042,1,1,0,0,0,0,0,0,0,0,0,0
130043,0,1,0,0,0,0,0,0,0,0,0,0
130043,1,1,0,0,0,0,0,5,0,0,0,0
130044,0,1,0,0,0,0,0,0,0,0,0,0
130044,0,2,0,0,0,0,0,0,0,0,0,0
130044,0,3,0,0,18,0,11,4,0,0,5,0
130044,1,1,0,0,0,0,0,0,0,0,0,0
130045,1,1,0,0,0,0,0,0,0,0,0,0
130046,1,1,19,19,19,19,19,19,19,19,19,19
130047,1,1,0,0,0,0,0,0,0,0,0,0
130047,2,1,0,21,0,0,23,0,0,0,0,0
130048,1,1,0,0,0,0,0,0,0,0,0,0
130048,2,1,0,4,0,0,0,0,0,0,0,0
130049,1,1,12,12,12,12,12,12,12,12,12,12
130050,0,1,0,0,8,0,9,0,0,0,21,18
130050,1,1,0,0,0,0,0,0,0,0,0,0
130050,2,1,0,0,0,0,0,0,0,0,0,0
130051,1,1,0,0,0,0,0,0,0,0,0,0
130051,2,1,0,0,0,0,0,0,0,0,0,0
130052,1,1,0,0,0,0,0,0,0,0,0,0
130052,2,1,0,0,0,0,0,0,0,0,0,0
130053,1,1,0,0,0,9,0,0,0,0,0,0
130053,2,1,0,0,0,0,0,0,5,0,0,0
130054,1,1,0,0,0,0,0,0,0,0,0,0
130054,2,1,6,6,6,6,6,6,6,6,6,6
130055,1,1,0,0,0,0,0,0,0,0,0,0
130056,0,1,18,18,18,18,18,18,18,18,18,18
130056,1,1,21,0,0,9,0,0,17,0,5,0
130057,1,1,0,0,0,0,0,0,0,0,0,0
130057,2,1,0,0,0,0,0,0,0,0,0,0
130058,1,1,0,0,0,0,0,0,0,0,0,0
130058,2,1,0,0,0,0,0,0,0,0,0,0
130059,1,1,0,0,0,0,0,0,16,0,0,0
130060,1,1,0,0,0,0,0,0,0,0,0,4
130061,0,1,24,24,24,24,24,24,24,24,24,24
130061,1,1,0,0,0,0,0,0,0,0,0,0
130062,0,1,18,18,18,18,18,18,18,18,18,18
130062,1,1,0,0,0,0,0,0,0,0,0,0
130063,0,1,21,16,0,26,13,25,32,35,23,19
130063,1,1,0,0,0,0,0,0,0,0,0,0
130064,1,1,17,2,12,24,22,19,9,26,12,18
130065,1,1,14,0,15,17,0,0,3,13,0,13
130065,2,1,0,0,0,0,0,0,0,0,0,0
130066,1,1,6,6,6,6,6,6,6,6,6,6
130067,0,1,0,0,0,0,0,0,0,0,0,0
130067,1,1,15,15,15,15,15,15,15,15,15,15
130068,1,1,0,0,0,0,0,0,0,0,0,0
130068,2,1,0,0,0,0,0,0,0,0,0,0
130069,1,1,0,0,0,0,0,0,0,0,0,0
130069,2,1,0,0,0,0,0,0,0,0,0,0
130070,1,1,20,20,20,20,20,20,20,20,20,20
130071,0,1,0,0,0,0,0,0,0,0,0,0
130071,0,2,0,0,0,0,0,0,0,0,0,0
130071,2,1,0,0,0,0,0,0,0,0,0,0
130072,1,1,0,0,0,0,0,0,0,0,0,0
130072,2,1,0,0,0,0,0,0,0,0,0,0
130072,3,1,0,0,0,0,0,0,0,0,0,0
130073,0,1,0,0,0,0,0,19,0,20,0,0
130073,1,1,3,3,3,3,3,3,3,3,3,3
130074,1,1,18,18,18,18,18,18,18,18,18,18
130075,0,1,0,0,0,0,0,0,0,0,0,0
130075,0,2,0,0,0,0,0,0,0,0,0,0
130075,1,1,0,0,0,0,0,0,0,0,0,0
130076,1,1,0,21,0,0,0,18,18,0,15,0
130077,0,1,19,19,19,19,19,19,19,19,19,19
130077,1,1,0,0,0,0,0,0,0,0,0,0
130078,1,1,0,0,0,0,0,0,0,0,0,0
130078,2,1,0,0,0,0,0,0,0,0,0,0
130079,0,1,0,0,0,0,0,0,0,0,0,0
130079,1,1,0,0,30,0,0,0,0,0,0,0
130080,1,1,0,0,0,0,0,0,0,0,0,0
130081,1,1,29,19,12,3,0,10,7,31,43,2
130082,1,1,21,21,21,21,21,21,21,21,21,21
130083,1,1,10,10,10,10,10,10,10,10,10,10
130083,2,1,0,4,0,9,9,7,0,0,0,0
130084,1,1,21,21,21,21,21,21,21,21,21,21
130085,1,1,19,19,19,19,19,19,19,19,19,19
130086,1,1,0,0,0,0,0,0,0,0,0,0
130087,1,1,0,0,0,0,0,0,0,0,0,0
130087,2,1,0,0,0,0,0,0,0,0,0,0
130088,1,1,0,0,0,0,0,0,0,0,0,0
130089,1,1,0,0,0,0,0,0,0,0,0,23
130089,2,1,0,0,0,0,0,0,0,0,0,0
130090,1,1,0,0,0,0,0,0,0,0,0,0
130090,2,1,6,6,6,6,6,6,6,6,6,6
130092,1,1,0,0,31,23,0,0,0,0,0,21
130093,1,1,0,0,0,0,0,0,0,0,0,0
130093,2,1,0,0,0,0,0,0,0,0,0,0
130094,1,1,0,0,0,8,0,0,0,0,0,0
130095,1,1,16,16,16,16,16,16,16,16,16,16
130096,1,1,15,15,15,15,15,15,15,15,15,15
130096,2,1,0,0,0,0,0,0,0,0,0,0
130096,3,1,0,0,0,0,0,0,0,0,0,0
130096,4,1,0,0,0,0,0,0,0,0,0,0
130096,5,1,0,0,0,0,0,0,0,0,8,0
130096,6,1,0,0,0,0,23,0,14,0,0,0
130097,1,1,21,21,21,21,21,21,21,21,21,21
130097,2,1,0,0,0,0,0,0,0,0,0,0
130098,1,1,0,0,0,0,0,0,0,0,0,0
130099,1,1,0,0,0,0,0,0,0,0,0,0
130099,2,1,0,0,0,0,0,0,0,0,0,0
130100,1,1,0,0,0,0,0,0,0,0,0,0
130100,2,1,0,0,0,0,0,0,0,0,0,0
130101,1,1,0,0,0,0,0,0,0,0,0,0
130101,2,1,0,0,0,0,0,0,0,0,0,0
130102,1,1,12,12,12,12,12,12,12,12,12,12
130103,1,1,0,0,0,0,0,0,0,0,0,0
130104,1,1,0,0,0,0,0,0,0,0,0,0
130104,2,1,0,0,0,0,0,0,0,0,0,0
130105,1,1,0,0,0,0,0,0,0,0,0,0
130106,0,1,0,0,13,24,0,15,12,0,0,0
130106,1,1,0,0,0,0,0,0,0,0,0,0
130107,1,1,0,0,0,0,0,5,0,0,0,0
130107,2,1,0,0,0,0,0,0,0,0,0,0
130108,1,1,0,0,0,0,0,0,0,0,0,0
130108,2,1,0,0,0,0,0,0,0,0,0,0
130109,1,1,0,0,0,0,0,0,0,0,17,22
130110,0,1,0,0,0,15,0,0,17,11,0,0
130110,1,1,0,0,0,0,0,0,0,0,0,0
130111,1,1,25,25,25,25,25,25,25,25,25,25
130112,1,1,0,0,0,0,0,0,0,0,0,0
130112,2,1,0,0,0,0,0,0,0,0,0,0
130113,1,1,0,0,0,0,0,0,0,0,0,0
130114,1,1,0,0,0,13,0,0,0,0,0,0
130115,1,1,8,0,0,0,0,0,0,0,0,0
130115,2,1,0,0,0,0,0,0,0,0,0,0
130115,3,1,0,0,0,0,0,0,0,0,0,0
130115,4,1,0,0,0,0,0,0,0,0,0,0
130115,5,1,0,0,0,0,0,0,0,0,0,0
130116,1,1,0,0,0,0,0,16,0,19,0,0
130117,1,1,0,0,0,0,0,0,0,0,0,0
130118,1,1,0,0,0,0,0,0,0,0,0,0
130118,2,1,0,0,0,0,0,0,0,0,0,0
130119,1,1,0,0,0,0,0,0,0,0,0,0
130120,1,1,0,0,30,0,0,0,0,0,0,0
130121,1,1,31,31,31,31,31,31,31,31,31,31
130122,1,1,0,0,0,0,0,0,0,0,0,0
130122,2,1,0,0,0,0,0,0,0,0,0,0
130123,1,1,0,0,0,0,0,0,0,0,0,0
130123,2,1,0,0,0,0,0,0,0,0,0,0
130124,1,1,0,0,0,0,0,0,0,0,0,0
130124,2,1,0,0,0,0,0,0,0,0,11,0
130125,1,1,12,12,12,12,12,12,12,12,12,12
130126,1,1,16,16,16,16,16,16,16,16,16,16
130127,1,1,13,13,13,13,13,13,13,13,13,13
130128,1,1,0,0,0,0,0,0,0,0,0,0
130129,1,1,16,16,16,16,16,16,16,16,16,16
130129,2,1,0,0,24,0,0,0,23,0,17,18
130130,1,1,0,0,0,0,0,0,0,0,0,0
130131,0,1,0,0,0,0,0,0,0,0,0,0
130131,1,1,0,0,0,0,0,0,0,0,0,5
130132,1,1,19,19,19,19,19,19,19,19,19,19
130133,0,1,0,0,0,6,0,0,0,0,0,0
130133,1,1,0,12,0,0,0,0,0,0,0,0
130134,0,1,18,18,18,18,18,18,18,18,18,18
130134,1,1,10,0,7,0,19,0,0,0,9,0
130134,2,1,0,0,0,0,0,0,0,0,0,0
130134,3,1,0,0,0,0,0,0,0,0,0,0
130135,1,1,8,8,8,8,8,8,8,8,8,8
130135,2,1,0,0,0,0,0,0,0,0,0,0
130136,1,1,0,0,0,0,0,0,0,0,0,0
130136,2,1,0,0,0,0,0,0,0,0,0,0
130137,1,1,0,13,15,25,28,0,14,8,0,0
130137,2,1,0,0,0,0,0,0,0,0,0,0
130138,0,1,17,27,0,16,21,12,30,24,0,0
130138,1,1,0,0,0,0,0,0,0,0,0,0
130139,1,1,0,0,0,0,0,0,0,0,0,0
130139,2,1,0,0,0,0,0,0,0,0,0,0
130140,1,1,0,0,0,0,0,0,0,0,0,0
130140,2,1,0,0,0,0,0,0,0,0,0,0
130141,0,1,0,0,0,0,0,0,0,0,0,0
130141,1,1,0,0,0,15,0,0,0,0,0,0
130142,1,1,0,0,0,0,0,0,0,0,0,0
130143,1,1,9,19,0,0,0,0,0,0,0,0
130144,0,1,30,30,30,30,30,30,30,30,30,30
130144,1,1,0,0,0,0,0,0,0,0,0,0
130145,1,1,0,0,0,0,0,0,0,0,0,0
130145,2,1,0,0,0,0,0,0,0,0,0,0
130146,1,1,0,0,0,22,0,0,0,0,0,0
130146,2,1,0,0,0,0,15,0,0,0,11,0
130147,1,1,10,10,10,10,10,10,10,10,10,10
130148,0,1,0,0,0,0,0,0,0,0,0,0
130148,1,1,0,0,0,0,0,0,0,0,0,22
130149,1,1,0,0,0,0,0,0,0,0,0,0
130150,0,1,20,20,20,20,20,20,20,20,20,20
130150,1,1,0,0,0,0,0,0,0,0,0,0
130151,1,1,31,31,31,31,31,31,31,31,31,31
130152,1,1,0,0,0,0,0,0,0,0,0,0
130153,1,1,23,23,23,23,23,23,23,23,23,23
130154,1,1,0,0,0,0,0,0,0,0,0,0
130155,1,1,15,15,15,15,15,15,15,15,15,15
130156,1,1,0,0,0,0,0,0,0,0,0,0
130156,2,1,0,0,0,0,0,0,0,0,0,0
130156,3,1,0,0,0,0,0,0,0,0,0,0
130157,0,1,21,15,23,0,13,11,0,0,16,0
130157,1,1,0,3,0,0,0,0,0,0,0,0
130158,1,1,0,0,0,0,0,0,0,0,0,0
130158,2,1,0,0,0,0,0,0,0,0,0,0
130159,1,1,0,0,0,0,0,0,0,0,0,0
130160,1,1,0,0,0,0,0,0,0,0,0,0
130160,2,1,0,15,0,0,0,0,0,0,0,0
130161,1,1,0,0,0,0,0,0,0,0,0,0
130161,2,1,0,0,0,0,0,0,0,0,0,0
130161,3,1,0,0,0,0,0,0,0,0,0,0
130162,1,1,29,29,29,29,29,29,29,29,29,29
130163,0,1,22,0,0,0,21,0,0,0,0,0
130163,1,1,0,0,0,0,0,0,0,0,0,0
130164,1,1,0,0,0,0,0,0,0,0,0,0
130164,2,1,0,0,0,0,0,0,0,0,0,0
130164,3,1,0,0,0,0,0,0,0,0,0,0
130165,1,1,0,0,0,0,0,0,0,0,0,0
130165,2,1,0,0,0,0,0,0,0,0,0,0
130166,1,1,0,0,0,0,0,0,0,0,0,0
130166,2,1,0,0,0,0,0,0,0,0,0,0
130167,0,1,0,7,0,0,0,0,28,0,23,0
130167,1,1,7,0,0,0,0,0,12,4,0,0
130168,1,1,0,0,0,0,0,0,0,0,0,0
130168,2,1,0,0,0,6,0,0,0,0,0,0
130169,1,1,15,7,29,21,27,17,12,29,34,21
130170,1,1,0,0,14,8,16,0,0,0,0,0
130171,1,1,11,11,11,11,11,11,11,11,11,11
130172,1,1,0,0,0,0,0,0,0,0,0,0
130172,2,1,0,10,0,0,0,0,0,0,0,0
130173,1,1,0,0,0,0,0,0,0,0,0,0
130173,2,1,0,0,0,26,0,0,0,0,0,0
130174,1,1,0,0,0,0,0,0,0,0,0,0
130174,2,1,0,0,0,0,0,0,0,0,0,0
130175,1,1,0,0,0,0,0,0,0,0,0,0
130176,1,1,0,15,0,0,0,0,0,0,0,0
130177,1,1,0,0,0,0,0,0,0,0,0,0
130178,0,1,5,5,5,5,5,5,5,5,5,5
130178,1,1,0,0,0,0,0,0,0,0,0,0
130179,1,1,0,0,0,0,0,0,0,0,0,0
130180,1,1,0,0,0,0,0,0,0,0,0,0
130181,1,1,0,0,0,0,0,0,0,0,0,0
130181,2,1,0,0,0,0,0,0,0,0,0,0
130182,1,1,0,7,0,0,0,0,0,0,15,0
130183,0,1,0,0,0,0,0,0,0,0,0,0
130183,1,1,0,0,0,0,0,0,0,0,0,0
130184,1,1,36,7,24,28,7,33,25,28,13,16
130185,1,1,0,0,0,0,0,0,0,0,0,0
130186,1,1,20,20,20,20,20,20,20,20,20,20
130186,2,1,26,10,0,0,17,0,0,34,17,0
130187,1,1,0,0,0,0,0,0,0,0,0,0
130188,1,1,0,0,0,0,0,0,0,0,0,0
130189,1,1,0,0,0,0,0,0,0,0,0,0
130189,2,1,0,0,0,0,0,0,0,0,0,0
130190,1,1,0,0,0,0,0,0,0,0,0,0
130190,2,1,0,0,0,0,0,0,0,0,0,0
130191,1,1,0,0,0,0,0,0,0,0,0,0
130191,2,1,0,0,0,0,0,0,0,0,0,0
130192,1,1,8,8,8,8,8,8,8,8,8,8
130193,1,1,0,0,0,0,0,0,0,0,0,0
130194,1,1,0,18,0,3,0,0,0,0,23,0
130194,2,1,0,0,0,0,0,0,0,0,0,0
130195,1,1,0,0,0,0,0,0,0,0,0,0
130195,2,1,0,22,0,0,0,0,22,0,21,0
130196,1,1,0,0,0,0,0,0,0,0,0,0
130197,1,1,0,0,0,0,0,0,0,0,0,0
130198,1,1,18,18,18,18,18,18,18,18,18,18
130199,1,1,0,0,0,0,0,0,0,0,0,0
130199,2,1,0,0,0,0,0,0,0,0,0,0
130200,1,1,0,0,0,0,0,0,0,0,0,0
130201,0,1,22,22,22,22,22,22,22,22,22,22
130201,1,1,0,13,0,0,0,0,0,0,0,12
130202,1,1,21,0,0,0,0,0,0,0,0,0
130203,1,1,0,0,0,0,0,0,14,0,0,0
130204,0,1,0,0,0,0,0,0,0,14,0,0
130204,1,1,0,0,0,0,0,0,0,0,0,0
130204,2,1,0,0,0,2,0,12,8,0,0,0
130204,3,1,0,0,0,0,0,0,0,0,0,0
130205,1,1,0,0,0,0,0,0,0,0,0,0
130205,2,1,0,0,0,0,0,0,0,0,0,0
130206,1,1,0,0,0,0,0,0,0,0,0,0
130206,2,1,0,0,0,0,0,0,0,0,0,0
130206,3,1,0,0,0,0,0,0,0,0,0,0
130207,1,1,0,0,0,0,0,0,0,0,0,0
130207,2,1,0,0,23,0,0,0,0,0,0,0
130207,3,1,0,0,0,40,0,0,0,0,0,0
130208,1,1,0,0,0,0,0,0,0,0,0,0
130209,1,1,0,0,0,0,0,0,5,0,0,0
130210,1,1,0,19,0,0,0,0,0,0,11,0
130211,1,1,0,0,0,19,0,0,0,0,0,0
130211,2,1,0,0,0,0,0,0,0,0,0,0
130212,0,1,2,2,2,2,2,2,2,2,2,2
130212,1,1,0,0,0,0,0,0,0,0,0,0
130212,2,1,0,0,0,0,0,0,0,0,0,0
130212,3,1,0,0,0,0,0,0,0,0,0,0
130213,1,1,14,25,0,17,22,15,14,0,21,0
130214,1,1,0,0,0,0,0,0,0,0,0,0
130214,2,1,0,0,0,0,0,3,0,0,0,0
130215,0,1,22,11,0,22,0,22,19,10,0,0
130215,1,1,0,0,0,0,0,0,0,0,0,0
130216,1,1,0,19,0,17,0,0,0,0,0,0
130217,1,1,0,0,0,0,0,0,0,0,0,0
130218,1,1,0,0,0,0,0,0,0,0,0,0
130218,2,1,0,0,0,0,0,0,0,0,0,0
130218,3,1,0,0,0,0,0,0,0,0,0,0
130218,4,1,0,0,0,0,0,0,0,0,0,0
130218,5,1,0,0,0,0,0,0,0,0,0,0
130219,1,1,0,0,0,0,0,0,0,0,0,0
130219,2,1,0,0,0,0,0,0,0,0,0,0
130220,1,1,12,12,12,12,12,12,12,12,12,12
130221,1,1,10,10,10,10,10,10,10,10,10,10
130222,1,1,0,0,0,0,0,0,0,0,0,0
130222,2,1,0,0,0,0,0,0,0,0,0,0
130223,1,1,0,0,0,0,0,0,0,0,0,0
130223,2,1,0,0,0,0,0,0,0,0,0,0
130224,1,1,15,15,15,15,15,15,15,15,15,15
130224,2,1,0,0,0,0,0,0,0,0,0,0
130225,1,1,0,0,0,8,0,0,8,0,0,0
130226,1,1,0,0,0,0,0,0,0,0,0,0
130226,2,1,0,0,0,0,0,0,0,0,0,0
130226,3,1,0,0,0,0,0,0,0,0,0,0
130227,1,1,0,0,0,0,0,10,0,0,0,0
130228,1,1,8,0,0,0,0,0,0,0,0,0
130228,2,1,0,0,0,0,0,0,0,0,0,0
130229,1,1,0,11,0,0,0,0,0,0,0,0
130229,2,1,14,0,0,0,0,0,0,0,0,0
130230,1,1,23,24,22,0,0,10,18,14,0,0
130230,2,1,0,0,0,0,23,0,0,0,0,0
130231,1,1,3,3,3,3,3,3,3,3,3,3
130232,0,1,0,0,0,0,0,0,0,0,0,0
130232,1,1,0,0,0,0,0,0,0,0,0,0
130233,1,1,0,0,0,0,0,0,0,0,0,13
130234,1,1,0,0,0,0,0,0,0,0,0,0
130234,2,1,0,0,0,21,0,0,0,0,0,0
130235,1,1,0,0,0,0,0,0,0,0,0,0
130236,1,1,0,0,0,0,0,0,0,0,0,0
130237,0,1,7,7,7,7,7,7,7,7,7,7
130237,1,1,0,0,0,0,0,0,0,0,0,0
130238,1,1,3,3,3,3,3,3,3,3,3,3
130239,1,1,22,22,22,22,22,22,22,22,22,22
130240,1,1,0,0,0,0,0,0,0,0,0,0
130240,2,1,0,0,6,0,0,0,0,0,0,0
130241,1,1,24,24,24,24,24,24,24,24,24,24
130242,1,1,26,26,26,26,26,26,26,26,26,26
130243,1,1,24,24,24,24,24,24,24,24,24,24
130244,1,1,12,12,12,12,12,12,12,12,12,12
130244,2,1,0,0,0,0,0,0,0,0,0,0
130244,3,1,0,0,0,0,0,0,0,0,0,0
130245,1,1,22,22,22,22,22,22,22,22,22,22
130245,2,1,0,0,0,0,0,31,0,0,0,0
130246,1,1,0,0,0,0,0,0,0,0,0,0
130246,2,1,9,9,9,9,9,9,9,9,9,9
130247,1,1,0,6,0,0,0,0,0,0,0,18
130247,2,1,0,0,0,0,0,0,0,0,0,0
130248,0,1,19,19,19,19,19,19,19,19,19,19
130248,1,1,0,0,0,0,0,0,0,0,0,0
130248,2,1,0,0,0,0,0,0,0,0,0,0
130249,1,1,0,0,13,0,0,0,0,0,0,0
130249,2,1,0,0,0,0,0,0,0,0,0,0
130250,1,1,0,0,0,0,0,0,0,0,2,0
130251,1,1,0,0,0,0,16,0,0,0,0,0
130252,1,1,0,0,0,0,0,0,0,0,0,0
130252,2,1,0,0,0,0,0,0,0,0,0,0