ST_CASE,VEH_NO,PER_NO,P1,P2,P3,P4,P5,P6,P7,P8,P9,P10
130253,0,1,31,31,31,31,31,31,31,31,31,31
130253,1,1,0,0,0,0,0,0,0,0,0,0
130254,1,1,0,0,0,0,0,0,0,0,0,0
130254,2,1,0,0,0,0,0,0,0,0,0,0
130255,1,1,0,0,0,0,0,0,0,0,0,0
130256,1,1,0,0,0,0,0,0,0,0,0,0
130257,1,1,0,0,0,0,0,0,0,0,0,0
130257,2,1,0,0,0,0,0,0,0,0,0,0
130258,1,1,27,27,27,27,27,27,27,27,27,27
130259,1,1,0,0,0,0,0,0,0,0,0,0
130259,2,1,0,0,0,0,0,0,0,0,0,0
130260,1,1,20,20,20,20,20,20,20,20,20,20
130261,1,1,0,20,0,0,0,14,17,0,16,0
130261,2,1,0,0,0,0,0,0,0,0,0,0
130262,0,1,0,0,0,0,0,0,0,0,0,0
130262,1,1,0,0,0,0,0,0,0,0,0,0
130263,1,1,23,9,18,22,31,13,7,17,13,43
130264,1,1,0,0,0,0,0,0,0,0,0,0
130264,2,1,19,14,0,0,0,20,0,0,0,0
130265,1,1,0,0,0,0,0,0,0,0,0,0
130266,1,1,0,20,30,0,0,13,0,0,0,0
130267,1,1,0,0,0,0,0,0,0,0,0,0
130268,1,1,7,13,11,2,8,25,0,25,12,0
130268,2,1,0,0,0,0,0,0,0,0,0,0
130269,1,1,17,17,17,17,17,17,17,17,17,17
130270,1,1,0,0,0,0,0,0,0,0,0,0
130271,0,1,24,24,24,24,24,24,24,24,24,24
130271,1,1,14,0,0,0,0,0,0,0,0,0
130272,1,1,7,0,0,25,16,0,0,0,0,0
130273,1,1,21,21,21,21,21,21,21,21,21,21
130273,2,1,0,0,0,0,0,0,0,0,0,0
130274,1,1,0,0,0,0,0,0,0,0,0,0
130275,1,1,0,0,0,0,0,0,0,0,0,0
130276,1,1,0,0,0,0,0,0,0,0,0,0
130276,2,1,0,0,0,0,0,0,0,0,0,0
130277,1,1,3,3,3,3,3,3,3,3,3,3
130278,1,1,0,0,0,0,0,0,0,0,0,0
130279,0,1,0,0,0,0,0,0,0,0,0,0
130279,1,1,0,0,0,0,0,0,0,0,0,0
130280,1,1,0,0,0,0,0,0,0,0,0,0
130280,2,1,0,0,0,0,0,0,0,0,0,0
130280,3,1,0,0,0,0,0,0,0,0,0,0
130281,1,1,0,0,0,0,0,0,0,0,0,0
130281,2,1,0,0,0,0,0,0,4,0,0,0
130282,1,1,0,0,0,0,0,0,0,0,0,0
130282,2,1,0,0,0,0,0,0,0,0,0,0
130283,1,1,0,0,21,19,21,5,0,16,0,20
130284,1,1,0,0,0,0,0,0,0,0,28,0
130284,2,1,0,0,0,0,0,0,0,0,0,0
130285,1,1,9,9,9,9,9,9,9,9,9,9
130285,2,1,0,0,0,0,0,0,0,0,0,0
130286,1,1,18,18,18,18,18,18,18,18,18,18
130287,1,1,0,0,0,0,0,0,0,0,0,0
130287,2,1,0,0,0,0,0,0,0,0,0,0
130288,1,1,0,0,0,0,0,0,0,0,0,0
130288,2,1,7,7,7,7,7,7,7,7,7,7
130289,1,1,0,0,0,0,0,0,0,0,0,0
130289,2,1,0,0,0,0,0,0,0,0,0,0
130289,3,1,0,0,0,0,0,0,0,0,0,0
130289,4,1,0,0,0,0,0,0,0,0,0,0
130290,1,1,0,0,0,0,0,0,0,0,0,0
130291,1,1,0,0,0,0,0,0,0,0,0,0
130291,2,1,0,0,0,0,0,0,0,0,0,0
130292,1,1,0,20,0,0,0,19,0,0,0,0
130293,1,1,27,15,23,23,7,23,15,13,28,23
130294,1,1,9,9,9,9,9,9,9,9,9,9
130294,2,1,0,0,0,0,0,0,0,0,0,0
130295,1,1,0,0,0,0,0,0,0,0,0,0
130296,1,1,20,20,20,20,20,20,20,20,20,20
130297,1,1,0,0,0,0,0,0,0,0,0,0
130297,2,1,0,0,0,0,0,0,0,0,0,0
130298,1,1,0,0,0,0,0,0,0,0,0,0
130298,2,1,0,0,0,0,0,0,0,0,0,0
130299,1,1,0,0,0,0,0,0,0,0,0,0
130299,2,1,0,0,0,0,0,0,0,0,0,0
130300,1,1,0,0,0,0,0,0,0,0,0,0
130301,1,1,0,0,0,0,0,0,0,16,0,0
130302,1,1,0,0,0,0,0,0,0,0,0,0
130302,2,1,0,0,0,0,0,0,0,0,0,0
130303,1,1,0,0,0,0,0,0,0,0,0,0
130304,1,1,0,0,0,0,0,0,0,0,0,0
130304,2,1,0,0,0,0,0,0,0,0,0,0
130304,3,1,0,0,0,0,0,0,0,0,0,0
130305,1,1,10,10,10,10,10,10,10,10,10,10
130306,1,1,0,0,0,0,0,0,0,0,0,0
130306,2,1,0,0,0,0,0,0,0,0,0,0
130307,1,1,3,3,3,3,3,3,3,3,3,3
130308,0,1,0,0,0,0,0,0,0,0,0,0
130308,1,1,0,0,0,0,0,0,0,0,0,0
130309,1,1,0,0,0,0,0,0,0,0,0,0
130309,2,1,0,0,0,0,0,0,0,0,0,0
130310,1,1,8,8,8,8,8,8,8,8,8,8
130311,1,1,32,10,50,7,19,24,12,20,20,17
130312,1,1,32,9,20,10,10,13,33,5,19,14
130313,1,1,0,0,0,0,0,0,0,0,0,0
130313,2,1,0,0,0,0,0,0,0,0,0,0
130314,1,1,22,22,22,22,22,22,22,22,22,22
130315,1,1,0,0,0,0,0,0,0,0,0,0
130315,2,1,0,0,0,0,0,0,0,0,0,0
130316,1,1,19,0,0,31,0,0,0,0,4,17
130317,1,1,4,4,4,4,4,4,4,4,4,4
130318,1,1,6,28,10,0,0,18,0,0,0,21
130319,1,1,0,0,0,0,0,0,0,0,0,0
130319,2,1,0,0,0,0,8,0,0,0,0,0
130320,1,1,11,16,13,25,12,20,18,19,12,16
130320,2,1,0,5,0,16,0,0,0,0,0,13
130321,1,1,12,0,0,0,0,0,0,15,0,0
130321,2,1,0,0,0,0,0,0,0,0,0,0
130322,1,1,0,0,0,0,0,0,0,0,0,0
130322,2,1,0,0,0,0,0,0,0,0,0,0
130323,1,1,2,2,2,2,2,2,2,2,2,2
130323,2,1,0,0,0,0,0,0,0,0,0,0
130324,1,1,23,23,23,23,23,23,23,23,23,23
130325,1,1,0,0,0,0,0,0,0,0,0,0
130325,2,1,0,0,0,0,0,0,0,0,0,0
130326,1,1,0,0,0,0,0,0,0,0,0,0
130326,2,1,0,0,0,0,0,0,0,0,0,0
130327,1,1,0,0,0,0,0,0,0,0,0,0
130328,0,1,15,18,0,0,19,14,0,0,0,26
130328,1,1,0,0,0,0,0,0,0,0,20,0
130328,2,1,0,0,10,0,24,0,0,0,25,24
130329,1,1,0,0,0,0,0,0,0,0,0,0
130329,2,1,0,0,0,0,0,0,0,0,0,0
130329,3,1,0,0,0,0,0,0,0,0,0,0
130330,1,1,0,0,0,0,0,0,0,0,0,0
130330,2,1,0,0,0,0,0,0,0,0,0,0
130331,1,1,0,0,0,0,0,0,0,0,0,0
130331,2,1,0,0,0,0,0,0,0,0,0,0
130332,1,1,0,0,0,0,0,0,0,0,0,0
130333,1,1,0,0,0,0,0,0,0,0,0,0
130333,2,1,0,0,0,16,0,0,0,0,0,0
130334,1,1,0,0,0,0,0,0,0,0,0,0
130335,0,1,13,22,0,12,0,0,0,0,0,0
130335,1,1,0,0,0,0,19,0,6,0,25,0
130336,1,1,0,0,0,0,0,0,0,0,0,0
130336,2,1,0,0,0,0,0,0,0,0,0,0
130337,1,1,0,0,0,0,0,0,0,0,0,0
130337,2,1,0,0,0,0,0,0,0,0,0,0
130338,0,1,26,26,26,26,26,26,26,26,26,26
130338,1,1,0,0,0,12,0,0,0,0,0,0
130339,1,1,0,0,0,0,0,0,0,0,0,0
130340,1,1,24,24,24,24,24,24,24,24,24,24
130341,1,1,0,0,0,0,0,0,0,0,0,0
130341,2,1,0,0,0,0,0,0,0,0,0,0
130342,1,1,0,0,0,0,0,13,0,0,0,21
130342,2,1,0,0,0,0,0,0,15,30,0,0
130342,3,1,0,0,0,0,0,0,0,0,0,13
130343,1,1,0,0,0,0,0,0,0,0,0,0
130343,2,1,0,0,15,0,0,0,0,0,23,0
130344,1,1,0,0,0,0,0,0,0,0,0,0
130344,2,1,0,0,0,0,0,0,0,0,0,0
130345,1,1,0,0,11,0,0,0,0,0,0,0
130346,1,1,0,0,0,0,13,0,0,0,16,0
130347,1,1,0,0,0,0,0,0,0,0,0,0
130347,2,1,0,0,0,0,0,0,0,0,0,0
130348,1,1,0,0,0,0,0,0,0,0,0,0
130348,2,1,0,22,0,0,0,6,0,0,0,0
130348,3,1,0,0,0,0,0,0,0,0,0,0
130348,4,1,0,0,0,0,0,0,0,0,0,0
130349,0,1,0,0,0,0,0,0,0,0,0,0
130350,1,1,0,0,0,0,0,0,0,0,0,0
130351,0,1,0,27,12,0,0,0,0,0,28,0
130351,1,1,0,0,0,8,0,0,0,0,0,0
130352,1,1,0,0,0,0,0,0,3,0,0,0
130353,1,1,0,0,0,0,0,0,0,0,0,0
130353,2,1,0,0,0,0,0,0,0,0,0,0
130354,1,1,4,4,4,4,4,4,4,4,4,4
130355,0,1,24,24,24,24,24,24,24,24,24,24
130355,1,1,0,0,0,16,0,9,0,0,27,0
130356,1,1,0,0,0,0,0,0,0,0,0,0
130356,2,1,0,0,0,0,0,0,0,0,0,0
130357,0,1,21,21,21,21,21,21,21,21,21,21
130357,1,1,0,0,0,0,0,0,0,0,0,0
130358,1,1,0,0,0,0,0,0,0,0,0,0
130359,0,1,3,3,3,3,3,3,3,3,3,3
130359,1,1,0,0,0,0,0,9,0,0,0,0
130360,1,1,27,22,30,22,20,9,9,34,14,27
130361,1,1,0,14,18,0,0,0,0,0,0,0
130361,2,1,0,0,0,0,0,0,0,0,0,0
130362,1,1,24,24,24,24,24,24,24,24,24,24
130363,1,1,0,0,0,0,0,0,0,0,0,0
130363,2,1,0,0,0,0,0,0,0,0,0,0
130364,0,1,0,0,0,0,0,0,0,0,0,0
130364,1,1,0,0,0,0,16,0,0,0,0,0
130365,1,1,0,0,0,0,0,0,0,0,0,0
130366,1,1,0,0,0,0,0,0,0,0,0,0
130367,1,1,0,0,0,0,0,0,0,0,0,0
130367,2,1,0,0,0,0,0,0,0,0,0,0
130368,1,1,0,0,0,0,0,0,0,0,0,0
130369,1,1,0,0,0,0,0,0,0,0,0,0
130369,2,1,0,0,0,0,0,0,0,0,0,0
130370,1,1,0,0,0,0,0,0,0,0,0,0
130370,2,1,0,0,0,0,0,0,0,0,0,0
130371,1,1,0,0,0,0,0,0,0,0,0,0
130371,2,1,0,0,0,0,0,0,0,0,0,0
130371,3,1,0,0,0,0,0,0,0,0,0,0
130372,1,1,0,0,0,0,0,0,0,0,0,0
130372,2,1,0,0,0,10,0,0,0,11,0,0
130373,1,1,0,0,0,0,0,0,0,0,16,0
130373,2,1,12,0,0,0,20,0,18,0,0,26
130374,1,1,21,21,21,21,21,21,21,21,21,21
130374,2,1,0,0,0,0,0,0,0,0,0,0
130375,0,1,29,0,0,20,0,21,0,22,0,0
130375,0,2,0,0,0,0,28,15,18,9,0,0
130375,1,1,0,0,0,0,0,0,15,0,0,0
130376,1,1,0,0,0,0,0,0,0,0,0,0
130377,1,1,11,11,11,11,11,11,11,11,11,11
130378,1,1,7,0,0,25,0,0,18,11,9,0
130379,1,1,0,0,0,0,0,0,0,0,0,0
130380,1,1,0,0,0,0,0,0,0,0,0,0
130380,2,1,0,0,0,0,0,0,0,0,0,0
130381,1,1,0,0,0,0,0,0,0,0,0,0
130381,2,1,0,0,0,0,0,0,0,0,2,0
130382,0,1,0,7,0,0,8,32,7,35,0,16
130382,1,1,3,22,0,0,0,10,20,23,0,0
130383,1,1,0,0,0,0,0,0,0,0,0,0
130383,2,1,0,0,0,0,0,0,0,0,0,0
130383,3,1,0,0,0,0,0,0,0,0,0,0
130384,1,1,0,0,0,0,0,0,0,0,0,0
130385,1,1,0,0,0,0,0,0,0,0,0,0
130386,1,1,0,0,0,0,0,0,0,0,2,40
130386,2,1,0,0,0,0,0,0,0,0,0,0
130387,1,1,0,0,0,0,0,0,0,0,0,0
130387,2,1,0,0,0,0,0,0,0,0,0,0
130388,1,1,20,20,20,20,20,20,20,20,20,20
130388,2,1,0,0,0,0,0,0,0,0,0,0
130388,3,1,0,0,0,0,12,0,0,0,0,0
130389,1,1,0,0,0,0,0,0,0,0,0,0
130390,1,1,24,24,24,24,24,24,24,24,24,24
130391,1,1,3,3,3,3,3,3,3,3,3,3
130392,1,1,0,0,0,0,0,0,0,0,0,0
130392,2,1,0,0,0,0,0,0,0,0,0,0
130393,1,1,0,0,0,0,0,22,0,0,0,0
130393,2,1,0,0,0,0,0,0,0,0,0,0
130395,1,1,0,0,0,0,0,0,0,0,0,0
130395,2,1,0,0,0,0,0,0,0,0,0,0
130396,1,1,0,0,0,0,0,0,0,0,0,0
130397,1,1,0,0,0,0,0,0,0,0,0,0
130397,2,1,0,0,0,0,0,0,0,0,0,0
130398,1,1,0,0,0,0,0,0,0,0,0,0
130398,2,1,0,0,0,0,0,0,0,0,0,0
130398,3,1,0,0,0,0,0,0,0,0,0,0
130399,0,1,0,0,0,0,0,0,0,0,0,0
130399,1,1,0,0,0,0,0,0,0,0,0,0
130399,2,1,0,0,0,0,0,0,0,0,0,0
130400,0,1,12,11,4,0,0,0,6,0,0,11
130400,1,1,0,0,0,0,0,0,0,0,0,0
130401,1,1,17,17,17,17,17,17,17,17,17,17
130402,1,1,24,0,0,13,13,0,11,0,5,0
130403,1,1,0,0,0,0,0,0,0,0,0,0
130404,0,1,0,0,0,0,0,0,0,0,0,0
130404,1,1,0,0,0,15,0,0,0,16,0,13
130405,1,1,14,14,14,14,14,14,14,14,14,14
130406,1,1,15,15,15,15,15,15,15,15,15,15
130407,1,1,0,0,0,0,0,0,0,0,0,0
130408,1,1,0,0,0,0,0,0,0,0,0,0
130409,1,1,0,0,0,0,0,0,0,0,0,0
130410,1,1,0,0,0,0,0,0,0,0,0,0
130410,2,1,0,0,0,0,0,0,0,0,0,0
130410,3,1,30,18,14,0,0,0,0,34,12,23
130411,1,1,18,18,18,18,18,18,18,18,18,18
130412,1,1,8,19,17,15,11,22,14,17,18,16
130413,1,1,33,27,10,0,21,30,15,15,38,27
130414,0,1,0,0,0,0,0,0,0,0,0,0
130414,1,1,0,0,0,0,0,0,0,0,0,0
130415,1,1,0,0,0,0,0,0,0,0,0,0
130415,2,1,0,0,0,0,0,0,0,0,0,0
130416,1,1,0,4,14,0,22,0,0,0,14,6
130417,1,1,8,8,8,8,8,8,8,8,8,8
130418,0,1,0,0,0,0,22,0,0,0,0,0
130418,1,1,4,4,4,4,4,4,4,4,4,4
130419,0,1,12,19,14,23,0,37,20,0,20,19
130419,1,1,0,0,0,5,0,0,0,0,0,0
130420,1,1,0,0,0,0,0,0,0,0,0,0
130420,2,1,0,0,0,0,0,0,0,0,0,0
130422,1,1,0,0,0,0,0,0,0,0,0,0
130422,2,1,0,0,0,0,0,0,0,0,0,0
130423,1,1,0,0,0,0,0,23,0,0,0,21
130424,1,1,0,0,0,0,0,0,0,0,0,0
130424,2,1,0,0,0,0,0,0,0,0,0,0
130424,3,1,0,17,0,0,0,0,0,0,0,0
130425,1,1,0,0,0,0,0,0,0,0,0,0
130426,1,1,6,0,0,0,0,0,0,0,0,0
130427,1,1,20,12,24,6,20,14,11,15,15,20
130428,1,1,0,0,0,0,0,0,0,0,0,0
130428,2,1,12,12,12,12,12,12,12,12,12,12
130429,1,1,25,25,25,25,25,25,25,25,25,25
130430,1,1,0,0,0,0,0,0,0,0,0,0
130431,1,1,0,0,0,0,0,0,0,0,0,0
130431,2,1,0,0,0,0,0,0,0,0,0,0
130432,1,1,0,0,0,0,7,0,0,31,0,0
130432,2,1,0,0,0,0,0,4,0,0,0,0
130433,1,1,0,0,0,0,0,0,0,23,0,0
130434,1,1,0,0,0,0,0,0,0,0,9,0
130434,2,1,0,0,0,14,0,0,0,0,0,0
130435,1,1,0,0,0,0,0,0,0,0,0,0
130436,1,1,0,6,10,0,0,18,0,0,0,0
130437,1,1,2,2,2,2,2,2,2,2,2,2
130437,2,1,0,0,0,0,0,0,0,0,0,0
130438,1,1,0,0,0,0,0,0,0,0,0,0
130439,1,1,0,0,0,0,0,0,0,0,0,0
130440,1,1,0,0,0,0,0,0,0,0,0,0
130441,1,1,21,21,21,21,21,21,21,21,21,21
130442,1,1,0,0,0,0,0,0,0,0,0,0
130442,2,1,0,0,0,0,0,0,0,0,0,0
130443,1,1,0,0,0,0,0,0,0,0,0,0
130444,0,1,0,0,0,0,0,0,0,0,0,0
130444,1,1,0,0,0,0,0,0,0,0,0,0
130445,1,1,0,0,0,0,0,0,0,0,0,0
130445,2,1,0,0,0,0,0,0,0,0,0,0
130446,1,1,19,0,0,0,12,0,0,0,0,0
130447,1,1,0,0,0,14,0,21,0,0,0,0
130447,2,1,6,36,0,0,0,0,0,0,0,0
130448,1,1,18,12,21,35,19,10,21,15,40,31
130448,2,1,0,0,0,0,0,0,0,0,0,0
130449,1,1,7,9,9,19,15,13,15,3,10,28
130450,1,1,0,0,0,0,0,0,0,0,0,8
130451,1,1,15,15,15,15,15,15,15,15,15,15
130452,0,1,7,19,26,0,29,0,41,29,27,33
130452,1,1,0,13,0,0,0,0,5,0,0,0
130453,1,1,16,16,16,16,16,16,16,16,16,16
130454,1,1,13,0,0,0,4,4,18,24,14,7
130455,1,1,0,0,0,0,0,0,0,0,0,0
130455,2,1,0,0,0,0,0,0,0,0,0,0
130456,1,1,0,0,0,0,0,0,0,0,0,0
130456,2,1,0,21,0,0,0,0,0,0,0,0
130457,1,1,0,0,0,0,0,14,0,0,21,0
130458,1,1,0,0,0,0,0,0,0,0,0,0
130460,1,1,0,0,0,0,0,0,0,0,0,0
130460,2,1,0,0,0,0,0,0,0,0,0,26
130461,1,1,0,0,0,0,0,0,0,0,0,0
130461,2,1,0,0,0,0,0,0,7,0,0,0
130461,3,1,0,0,0,0,0,0,0,0,0,0
130462,1,1,0,0,0,0,0,0,0,0,0,0
130462,2,1,0,0,0,0,0,0,0,0,0,0
130463,1,1,0,0,0,0,0,0,0,0,0,0
130463,2,1,0,0,0,0,0,0,0,0,0,0
130464,1,1,0,48,18,5,11,15,0,0,0,0
130465,1,1,34,0,24,18,6,20,13,0,22,11
130466,0,1,31,31,31,31,31,31,31,31,31,31
130466,1,1,0,0,0,0,0,0,0,0,0,0
130467,1,1,4,4,4,4,4,4,4,4,4,4
130468,1,1,0,0,0,0,0,0,0,0,0,0
130469,1,1,0,0,0,0,0,0,0,0,0,0
130470,1,1,0,0,0,0,0,0,0,0,0,0
130470,2,1,0,0,0,0,0,0,0,0,0,0
130471,1,1,0,0,0,0,0,0,0,0,0,0
130472,1,1,24,11,0,0,0,18,0,0,0,16
130473,1,1,0,0,0,0,0,0,0,0,0,0
130474,1,1,0,7,0,0,0,0,0,0,0,0
130474,2,1,0,0,0,0,0,0,0,0,0,0
130475,1,1,30,30,30,30,30,30,30,30,30,30
130476,1,1,0,0,0,0,0,0,0,0,0,0
130476,2,1,0,0,0,0,0,0,0,0,0,0
130477,1,1,25,0,0,17,0,0,21,0,0,0
130478,1,1,9,0,0,0,0,0,0,0,0,0
130479,1,1,0,0,0,0,0,0,0,0,0,0
130480,1,1,4,4,4,4,4,4,4,4,4,4
130480,2,1,0,0,0,0,0,0,0,0,0,0
130481,1,1,0,0,0,0,0,0,0,0,0,0
130482,1,1,0,0,0,0,0,0,0,20,0,0
130482,2,1,0,0,0,0,0,0,0,0,0,0
130482,3,1,0,0,0,0,0,0,0,0,0,0
130483,1,1,0,0,0,0,0,0,0,0,0,0
130484,1,1,13,13,13,13,13,13,13,13,13,13
130484,2,1,0,0,0,0,0,9,0,0,0,0
130485,1,1,0,0,0,0,0,0,0,0,0,0
130485,2,1,0,0,0,0,0,0,0,0,0,0
130486,1,1,0,17,2,34,8,12,40,36,10,14
130487,1,1,0,0,0,0,0,0,0,0,0,0
130488,1,1,0,0,0,0,0,0,0,0,0,0
130488,2,1,0,0,0,0,0,0,0,0,0,0
130489,1,1,9,30,15,15,13,19,6,14,13,17
130490,1,1,0,0,0,0,0,0,0,0,0,0
130491,1,1,0,0,0,0,0,0,0,0,0,0
130491,2,1,0,0,0,0,0,0,0,0,0,0
130492,1,1,22,22,22,22,22,22,22,22,22,22
130493,0,1,14,13,7,0,29,15,33,0,11,10
130493,1,1,0,0,0,0,0,0,0,0,0,0
130494,1,1,0,0,0,0,0,0,10,14,12,29
130494,2,1,2,2,2,2,2,2,2,2,2,2
130494,3,1,0,0,0,0,0,0,0,0,18,0
130495,1,1,0,0,0,0,0,0,0,0,0,0
130496,1,1,0,0,0,0,0,0,0,0,0,0
130496,2,1,0,0,0,0,0,0,0,0,0,0
130497,1,1,16,16,16,16,16,16,16,16,16,16
130498,1,1,0,0,0,0,0,0,0,0,0,0
130498,2,1,0,7,0,0,0,0,0,0,0,19
130499,1,1,0,0,0,0,0,0,0,0,0,0
130499,2,1,0,0,0,0,11,0,0,0,24,0
130500,1,1,0,0,0,0,0,0,0,0,0,0
130500,2,1,0,0,0,0,0,0,0,0,0,0
130501,1,1,0,0,0,0,0,0,0,0,0,0
130501,2,1,0,0,0,0,0,0,0,0,0,0
130502,1,1,0,0,0,0,0,12,0,0,0,7
130503,1,1,6,6,6,6,6,6,6,6,6,6
130503,2,1,0,0,0,0,0,0,0,0,0,0
130504,1,1,10,10,10,10,10,10,10,10,10,10
130505,1,1,0,0,6,0,0,0,0,0,0,5
130506,1,1,16,16,16,16,16,16,16,16,16,16
130507,1,1,0,0,0,0,0,0,0,0,0,0
130507,2,1,13,20,13,3,8,4,17,0,0,17
130508,0,1,0,0,0,0,0,0,0,0,0,0
130508,1,1,0,0,0,0,0,0,0,0,0,0
130509,1,1,0,0,0,0,0,0,0,0,0,0
130509,2,1,0,0,0,0,0,0,0,0,0,0
130509,3,1,0,0,0,0,0,0,0,0,0,0
130509,5,1,0,0,0,9,0,0,0,0,0,0
130510,1,1,0,0,0,0,0,0,0,0,0,0
130511,0,1,0,0,0,0,0,0,0,0,0,0
130511,1,1,0,0,0,0,0,0,0,0,0,0
130512,1,1,0,20,0,0,0,0,0,0,0,0
130512,2,1,0,11,0,0,0,0,0,0,0,0
130513,1,1,0,0,0,0,0,0,0,29,0,0
130513,4,1,6,6,6,6,6,6,6,6,6,6
130514,1,1,0,0,0,0,0,0,0,0,0,0
130515,1,1,0,12,0,0,1,0,0,0,0,19
130516,1,1,0,0,0,0,0,0,0,0,0,0
130516,2,1,0,0,0,0,0,0,0,0,0,0
130517,1,1,0,0,0,0,0,0,0,0,0,0
130517,2,1,0,0,0,0,0,0,0,0,0,0
130518,1,1,0,0,0,0,0,0,0,0,0,0
130518,2,1,0,0,0,0,0,0,0,0,0,0
130519,1,1,0,0,0,0,0,0,0,0,0,0
130519,2,1,0,0,0,0,0,0,0,0,0,0
130519,3,1,0,0,0,0,0,0,0,0,0,0
130519,4,1,0,0,0,0,0,0,0,0,0,0
130520,1,1,5,0,16,0,0,36,0,0,27,0
130521,1,1,0,0,0,0,0,11,0,0,0,0
130522,1,1,19,27,22,0,0,0,0,14,13,0
130523,1,1,0,0,0,0,0,0,0,0,0,0
130524,1,1,10,10,10,10,10,10,10,10,10,10
130525,1,1,6,0,0,26,5,20,0,0,0,0
130526,1,1,28,28,28,28,28,28,28,28,28,28
130527,1,1,17,17,17,17,17,17,17,17,17,17
130528,1,1,0,0,0,0,0,0,0,0,0,0
130529,1,1,0,0,0,0,0,0,0,0,0,0
130529,2,1,0,0,0,0,0,0,0,0,0,0
130530,1,1,0,0,0,0,0,0,0,0,0,0
130530,2,1,0,0,0,0,0,0,0,0,0,0
130531,1,1,0,0,0,0,0,0,0,0,0,0
130531,2,1,0,0,0,0,0,0,0,0,0,0
130532,0,1,0,0,0,0,0,0,0,0,0,0
130532,1,1,0,0,0,0,0,16,0,21,0,0
130533,1,1,0,0,0,0,0,0,0,0,0,0
130533,2,1,0,0,0,0,0,0,0,0,0,0
130534,1,1,0,0,0,0,0,0,0,0,0,0
130534,2,1,0,0,0,0,0,0,0,0,0,0
130535,1,1,0,0,0,0,0,0,0,0,0,0
130535,2,1,0,0,0,0,0,0,0,0,0,0
130536,1,1,0,0,0,0,0,0,0,0,0,0
130537,1,1,0,0,0,0,0,0,0,0,0,0
130538,1,1,0,0,0,0,0,0,0,0,0,0
130539,1,1,0,0,0,0,0,0,0,0,0,0
130540,0,1,0,0,0,0,0,0,21,0,0,0
130540,0,2,0,0,0,0,22,0,0,0,0,0
130540,0,3,0,0,0,0,0,0,0,22,0,0
130540,1,1,0,0,0,0,0,0,0,0,0,0
130541,0,1,30,30,30,30,30,30,30,30,30,30
130541,1,1,0,0,0,0,0,0,0,0,0,0
130542,1,1,0,0,0,0,0,0,0,0,0,0
130543,1,1,0,0,0,0,0,29,0,0,0,0
130543,2,1,0,0,0,0,0,0,0,0,11,0
130544,1,1,2,2,2,2,2,2,2,2,2,2
130545,1,1,0,0,0,0,0,0,0,0,0,0
130546,1,1,11,11,11,11,11,11,11,11,11,11
130547,0,1,26,0,8,0,12,7,7,20,9,13
130547,1,1,22,19,11,16,21,0,21,0,0,0
130547,2,1,0,0,0,0,0,0,0,0,0,0
130548,1,1,0,38,8,0,33,20,14,0,0,27
130548,2,1,0,0,0,0,0,0,0,0,0,0
130549,1,1,4,4,4,4,4,4,4,4,4,4
130549,2,1,0,0,0,0,0,0,0,0,0,0
130550,1,1,0,0,0,0,0,0,0,0,0,0
130550,2,1,36,0,31,27,24,4,26,9,0,23
130551,1,1,0,0,0,0,0,0,0,0,0,0
130552,1,1,0,0,0,18,0,0,25,0,0,0
130553,1,1,0,0,0,0,0,0,0,0,0,0
130554,1,1,14,14,14,14,14,14,14,14,14,14
130555,1,1,0,0,0,0,0,0,0,0,0,0
130555,2,1,0,0,0,0,0,0,0,0,0,0
130556,1,1,22,22,22,22,22,22,22,22,22,22
130557,1,1,0,12,0,12,11,0,0,0,0,0
130558,1,1,14,14,14,14,14,14,14,14,14,14
130559,0,1,0,0,0,0,0,0,0,0,0,0
130559,1,1,0,0,0,0,0,0,0,0,0,0
130560,1,1,0,0,0,0,0,0,0,0,0,0
130560,2,1,0,0,0,0,0,0,0,0,0,0
130561,1,1,19,19,19,19,19,19,19,19,19,19
130562,1,1,13,13,13,13,13,13,13,13,13,13
130562,2,1,0,0,0,0,0,0,0,0,0,0
130563,1,1,0,0,14,0,0,0,11,0,0,0
130564,0,1,20,20,20,20,20,20,20,20,20,20
130564,1,1,10,0,0,0,24,13,0,20,0,25
130565,1,1,0,0,0,0,0,0,0,0,0,0
130565,2,1,0,0,0,0,0,0,0,0,0,0
130566,1,1,10,0,0,24,10,0,0,16,0,0
130567,1,1,0,0,0,0,0,0,0,0,0,0
130568,1,1,25,0,0,25,0,22,0,0,15,0
130568,2,1,0,0,0,0,0,0,0,0,0,0
130569,1,1,11,11,11,11,11,11,11,11,11,11
130570,1,1,0,0,0,0,0,0,0,0,0,0
130571,1,1,0,0,0,0,0,0,0,0,0,0
130571,2,1,0,0,0,0,0,0,0,0,0,0
130572,1,1,0,0,0,0,0,0,0,0,0,0
130573,1,1,0,0,0,0,0,0,0,0,0,0
130573,2,1,0,0,0,0,0,0,0,0,0,0
130573,3,1,0,0,0,0,0,0,0,0,0,0
130573,4,1,0,0,0,0,0,0,0,0,0,0
130573,5,1,0,0,0,0,0,0,0,0,0,0
130574,1,1,0,0,0,0,31,0,0,0,0,0
130574,2,1,0,0,0,0,0,0,0,0,0,0
130575,1,1,26,26,26,26,26,26,26,26,26,26
130576,1,1,0,0,0,0,0,0,7,0,0,0
130577,1,1,0,0,0,0,0,0,0,0,8,0
130578,1,1,0,0,0,0,0,0,0,0,0,0
130579,1,1,0,0,0,0,0,0,0,0,0,0