ST_CASE,VEH_NO,PER_NO,P1,P2,P3,P4,P5,P6,P7,P8,P9,P10
130579,2,1,0,0,0,0,0,0,0,0,0,0
130579,3,1,0,0,0,0,0,0,0,0,0,0
130580,1,1,0,0,0,0,0,0,0,0,0,0
130580,2,1,0,0,0,0,0,0,0,0,0,0
130580,3,1,0,0,0,0,0,0,0,0,0,0
130581,1,1,0,0,0,0,0,0,0,0,0,0
130582,1,1,0,16,0,8,5,13,27,0,16,0
130583,0,1,12,12,12,12,12,12,12,12,12,12
130583,1,1,0,0,0,0,0,0,0,0,0,0
130584,1,1,7,14,3,22,3,3,26,21,16,12
130585,0,1,0,29,25,0,0,19,26,0,13,6
130585,1,1,11,11,17,0,0,22,0,0,0,0
130586,1,1,10,14,24,14,20,9,5,12,31,11
130586,2,1,0,0,0,11,0,0,0,0,0,0
130586,3,1,0,0,0,0,0,0,0,0,0,0
130586,4,1,0,0,0,0,0,0,0,0,0,0
130587,1,1,0,0,0,0,0,0,0,0,0,0
130587,2,1,0,0,0,0,0,11,0,0,0,0
130588,1,1,24,24,24,24,24,24,24,24,24,24
130589,1,1,0,0,0,0,0,0,0,0,0,0
130590,1,1,0,0,0,0,0,0,0,0,0,0
130590,2,1,0,0,0,0,0,0,0,0,0,13
130591,1,1,0,0,0,0,0,0,0,0,0,0
130591,2,1,0,0,0,0,0,0,0,0,0,0
130591,3,1,0,0,0,0,0,0,0,0,0,0
130592,0,1,0,0,0,0,12,0,0,0,0,0
130592,1,1,9,0,0,0,0,0,0,0,0,0
130593,0,1,24,16,25,0,16,0,0,0,22,15
130593,1,1,0,0,0,0,0,0,0,0,0,0
130594,1,1,0,0,0,0,0,0,0,0,0,0
130594,2,1,0,0,0,0,0,0,0,0,0,0
130595,1,1,0,0,0,0,0,13,0,0,25,4
130595,2,1,0,0,20,0,0,0,0,0,0,0
130596,0,1,0,0,0,0,0,0,0,0,0,19
130596,1,1,0,0,0,0,0,0,0,0,0,0
130597,0,1,30,30,30,30,30,30,30,30,30,30
130597,1,1,0,0,0,0,0,0,0,0,0,0
130598,1,1,0,0,8,0,0,0,0,9,0,0
130599,0,1,0,0,0,0,0,0,0,0,0,0
130599,1,1,0,0,17,0,0,0,0,0,0,17
130600,1,1,0,0,0,0,0,0,0,0,0,0
130600,2,1,0,0,0,0,0,0,0,0,0,0
130601,0,1,0,0,0,0,0,0,0,0,0,0
130601,0,2,0,0,0,0,0,0,0,0,0,0
130601,0,3,17,14,0,11,0,18,0,0,0,0
130601,1,1,0,0,0,0,0,0,0,0,0,0
130602,1,1,0,0,0,0,0,0,0,0,0,0
130602,2,1,0,0,0,0,0,0,0,0,0,0
130603,1,1,0,0,0,0,0,0,0,0,0,0
130603,2,1,0,0,0,0,0,0,0,13,0,0
130604,1,1,0,0,0,0,0,0,0,0,0,0
130604,2,1,0,0,0,0,0,0,0,0,0,0
130605,1,1,0,0,0,0,0,0,0,0,0,0
130606,0,1,0,0,0,0,0,0,0,0,0,0
130606,1,1,0,24,0,0,0,0,0,0,0,0
130607,0,1,23,23,23,23,23,23,23,23,23,23
130607,1,1,19,19,19,19,19,19,19,19,19,19
130608,1,1,0,0,0,0,0,0,0,0,0,0
130608,2,1,0,0,0,0,0,0,0,0,0,0
130609,1,1,0,0,0,0,0,0,0,0,0,0
130609,2,1,0,0,0,0,0,0,0,0,0,0
130610,1,1,0,14,0,0,0,0,0,0,0,0
130610,2,1,0,0,0,0,0,0,0,0,0,0
130611,1,1,0,0,0,0,0,0,0,0,0,0
130611,2,1,0,0,0,0,0,0,0,0,0,0
130612,1,1,0,0,0,0,0,0,0,0,0,0
130613,1,1,0,0,0,0,0,0,0,0,0,16
130613,2,1,0,0,0,0,9,0,0,0,0,0
130614,1,1,0,0,0,0,0,0,0,0,0,0
130614,2,1,0,0,0,0,0,0,0,0,0,0
130615,1,1,0,0,0,0,0,0,0,0,0,0
130615,2,1,0,0,0,0,0,0,0,0,0,0
130616,0,1,0,0,0,0,0,0,0,0,0,0
130616,1,1,0,26,0,0,0,0,0,0,0,0
130617,1,1,0,0,0,0,0,0,0,0,0,0
130618,1,1,0,0,0,0,0,0,0,0,0,0
130618,2,1,0,0,0,0,0,0,0,0,0,0
130618,3,1,0,0,0,0,0,0,0,17,0,0
130619,1,1,0,0,0,0,0,0,0,0,0,0
130619,2,1,0,0,0,0,0,0,0,0,0,0
130620,1,1,0,0,0,0,0,0,0,0,0,0
130621,1,1,0,0,0,0,0,0,0,0,0,0
130621,2,1,0,0,0,0,0,0,0,0,0,0
130622,1,1,6,6,6,6,6,6,6,6,6,6
130622,2,1,3,3,3,3,3,3,3,3,3,3
130623,1,1,0,0,0,0,0,0,0,0,0,0
130623,2,1,0,0,0,0,0,0,0,0,0,0
130624,1,1,31,0,0,12,45,0,0,0,0,0
130624,2,1,22,0,8,0,0,0,0,0,20,0
130625,1,1,4,4,4,4,4,4,4,4,4,4
130626,0,1,16,0,0,0,0,0,16,0,0,0
130626,1,1,0,0,18,0,13,0,0,0,11,0
130627,0,1,0,55,0,23,0,23,30,0,24,17
130627,1,1,17,0,0,0,0,0,0,0,0,0
130628,1,2,0,0,0,0,0,0,0,0,0,0
130629,0,1,0,0,0,0,0,0,0,0,0,0
130629,1,1,0,0,0,0,0,0,0,0,0,0
130630,1,1,0,21,0,0,0,0,0,0,0,0
130630,2,1,0,7,0,0,13,0,0,0,0,0
130631,1,1,0,0,0,0,0,0,0,0,0,0
130632,0,1,0,0,0,0,0,0,9,0,0,0
130632,0,2,0,0,18,0,0,0,0,0,0,0
130632,0,3,0,0,0,0,0,0,12,0,0,0
130632,1,1,0,0,0,0,0,0,0,0,0,0
130633,1,1,36,15,11,17,11,17,37,0,23,25
130634,1,1,23,0,0,8,0,0,0,0,0,0
130635,1,1,0,9,0,0,0,16,0,0,0,0
130636,1,1,0,0,11,0,0,0,0,0,0,0
130636,2,1,0,0,0,0,0,0,9,0,0,0
130636,3,1,0,0,0,0,0,0,0,0,0,0
130637,1,1,11,11,11,11,11,11,11,11,11,11
130637,2,1,0,0,0,0,0,0,0,0,0,0
130638,1,1,12,12,12,12,12,12,12,12,12,12
130639,1,1,0,0,0,0,0,0,0,0,17,0
130639,2,1,0,0,0,0,0,0,0,0,0,16
130640,1,1,18,18,18,18,18,18,18,18,18,18
130641,1,1,13,13,13,13,13,13,13,13,13,13
130642,1,1,0,0,0,0,0,0,0,0,0,0
130642,2,1,0,0,0,0,0,0,0,0,0,0
130643,1,1,0,0,0,0,0,0,0,0,0,0
130644,1,1,0,0,0,0,0,0,0,0,0,0
130645,1,1,0,0,0,15,0,0,0,0,0,0
130645,2,1,0,0,0,0,0,0,0,0,0,0
130646,1,1,0,0,0,0,0,0,0,0,0,0
130646,2,1,0,0,0,0,0,0,0,0,0,0
130646,3,1,0,0,0,0,0,0,0,0,0,0
130647,1,1,0,0,0,0,0,0,0,0,0,0
130648,1,1,11,0,0,0,0,17,14,0,0,0
130649,1,1,0,0,0,0,0,0,0,0,0,0
130650,1,1,0,0,0,0,0,0,0,0,0,0
130650,2,1,0,0,0,0,0,0,0,0,0,0
130651,1,1,0,0,0,0,0,0,0,0,0,0
130652,1,1,0,0,0,0,0,0,0,0,0,0
130653,1,1,11,11,11,11,11,11,11,11,11,11
130654,1,1,9,9,9,9,9,9,9,9,9,9
130655,1,1,0,0,0,0,0,0,0,0,7,0
130655,2,1,0,0,0,0,0,0,0,0,0,0
130656,1,1,0,0,0,0,0,0,0,0,0,0
130657,1,1,0,0,0,0,0,0,0,0,0,0
130657,2,1,0,0,0,0,0,0,0,0,0,0
130658,1,1,0,0,0,0,0,15,0,0,0,0
130658,2,1,8,0,8,35,0,0,0,0,0,0
130659,1,1,0,0,0,0,19,0,0,0,0,0
130660,0,1,0,0,0,0,0,0,0,0,0,0
130660,1,1,0,0,0,0,0,0,0,0,0,0
130661,1,1,9,9,9,9,9,9,9,9,9,9
130662,1,1,0,0,0,0,0,0,0,0,0,0
130662,2,1,0,0,0,0,0,0,0,0,0,0
130663,1,1,0,0,0,0,0,0,0,0,0,0
130664,1,1,0,0,0,0,0,0,0,0,0,0
130664,2,1,0,0,0,0,0,0,0,0,0,0
130665,1,1,19,19,19,19,19,19,19,19,19,19
130665,2,1,0,0,0,0,0,0,0,0,0,0
130666,1,1,0,3,14,16,19,0,0,8,0,0
130666,2,1,0,0,0,0,0,0,0,0,0,0
130667,1,1,0,0,0,0,0,0,0,0,0,0
130667,2,1,0,0,0,0,0,0,0,0,0,0
130667,3,1,0,0,0,0,0,0,0,0,0,0
130668,0,1,0,0,0,0,0,0,0,0,0,0
130668,1,1,0,0,0,0,0,0,0,0,0,0
130669,1,1,0,0,0,0,0,29,0,0,0,0
130670,1,1,0,0,0,0,0,0,0,0,0,0
130671,1,1,8,0,0,0,0,0,0,0,0,0
130672,1,1,0,0,0,7,0,0,0,0,0,0
130672,2,1,0,0,0,0,0,0,0,0,0,0
130673,1,1,0,0,0,0,0,0,0,0,0,0
130673,2,1,0,0,0,0,0,0,0,0,0,0
130674,1,1,0,0,0,0,0,0,0,0,0,0
130675,1,1,0,0,0,0,0,0,0,0,0,0
130676,1,1,15,15,15,15,15,15,15,15,15,15
130677,1,1,0,0,0,0,0,0,11,0,0,0
130677,2,1,0,0,0,0,0,0,0,0,0,0
130678,1,1,0,0,0,0,0,0,0,0,0,0
130678,2,1,0,0,0,0,0,0,0,0,0,0
130679,1,1,0,0,0,0,0,0,0,0,0,0
130680,1,1,25,19,23,39,17,28,13,18,12,0
130681,1,1,0,0,0,0,0,0,0,0,0,0
130682,1,1,0,0,0,0,0,0,0,0,0,0
130683,0,1,0,0,0,0,0,0,0,0,0,0
130683,0,2,15,0,0,0,0,0,0,0,16,0
130683,1,1,0,0,0,0,0,0,0,0,0,0
130684,1,1,0,0,0,0,0,0,0,0,0,0
130685,0,1,18,51,35,25,0,17,46,15,20,13
130685,1,1,0,0,0,0,0,0,0,0,0,0
130686,1,1,0,0,15,0,0,0,0,0,0,0
130686,2,1,0,0,0,0,0,0,0,0,0,0
130687,1,1,0,0,0,0,0,0,0,0,0,0
130687,2,1,0,0,0,0,0,0,0,0,0,0
130688,1,1,21,21,21,21,21,21,21,21,21,21
130688,2,1,7,7,7,7,7,7,7,7,7,7
130689,1,1,22,12,8,19,6,27,6,2,20,28
130690,1,1,0,0,0,0,0,0,0,0,0,0
130690,2,1,0,0,0,0,0,0,0,0,0,0
130691,0,1,0,0,0,0,0,0,0,0,0,0
130692,1,1,21,21,21,21,21,21,21,21,21,21
130692,2,1,0,0,0,0,0,0,0,0,0,0
130692,3,1,0,0,0,0,0,0,0,0,0,0
130693,1,1,0,0,0,0,0,0,0,0,0,0
130693,2,1,0,0,0,0,11,0,0,18,0,0
130694,0,1,0,0,0,0,0,0,0,0,0,0
130694,1,1,0,0,0,0,0,0,0,0,0,0
130695,1,1,21,21,21,21,21,21,21,21,21,21
130696,1,1,15,15,15,15,15,15,15,15,15,15
130696,2,1,0,0,0,0,0,0,0,0,0,0
130696,3,1,0,0,0,0,0,0,0,0,0,0
130697,1,1,9,9,9,9,9,9,9,9,9,9
130698,1,1,9,9,9,9,9,9,9,9,9,9
130698,2,1,0,3,0,0,0,0,0,0,0,0
130698,3,1,0,0,0,0,0,0,0,0,0,0
130699,1,1,0,0,0,13,0,0,0,0,0,0
130700,1,1,0,5,5,17,26,0,0,0,0,0
130701,1,1,0,0,0,0,0,0,0,0,23,0
130702,0,1,12,0,0,0,0,0,0,12,0,0
130702,1,1,8,8,8,8,8,8,8,8,8,8
130703,0,1,0,0,0,0,0,0,0,0,0,0
130703,1,1,0,0,0,0,0,0,0,0,0,0
130704,1,1,0,0,0,0,0,0,0,0,0,0
130704,2,1,0,0,0,0,0,0,0,0,0,0
130705,1,1,0,0,0,0,0,0,0,0,0,0
130705,2,1,0,0,0,0,0,0,0,0,0,0
130706,1,1,30,30,30,30,30,30,30,30,30,30
130707,1,1,0,0,0,0,7,0,0,0,0,8
130707,2,1,0,0,0,0,0,0,0,0,0,0
130708,1,1,0,0,0,0,10,0,0,0,0,0
130708,2,1,0,0,0,0,0,0,0,0,0,0
130709,1,1,0,0,0,0,0,0,0,0,0,0
130709,2,1,0,0,0,0,0,0,0,0,0,0
130709,3,1,0,0,0,0,0,0,0,0,0,0
130710,1,1,21,21,21,21,21,21,21,21,21,21
130710,2,1,0,0,23,15,0,0,0,0,0,0
130711,1,1,6,6,6,6,6,6,6,6,6,6
130712,1,1,0,0,0,2,0,11,0,0,11,0
130712,2,1,0,0,0,0,0,0,0,3,0,0
130712,3,1,21,0,0,11,9,0,0,0,31,0
130713,0,1,0,0,0,0,0,0,0,0,0,0
130713,0,2,0,15,21,25,0,0,18,38,0,0
130713,1,1,0,0,0,0,0,0,0,0,0,0
130714,1,1,0,0,0,0,0,0,0,0,0,0
130714,2,1,0,0,0,0,0,0,0,0,0,0
130715,1,1,15,15,15,15,15,15,15,15,15,15
130716,1,1,0,0,0,0,0,0,0,0,0,0
130716,2,1,0,24,0,0,0,0,0,0,0,0
130716,3,1,0,0,0,0,0,0,0,0,0,0
130717,1,1,0,0,0,0,0,0,0,0,0,0
130717,2,1,0,0,0,0,0,0,0,0,0,0
130718,1,1,14,14,14,14,14,14,14,14,14,14
130719,1,1,0,0,0,0,4,0,0,0,0,0
130720,1,1,0,0,0,0,0,0,0,0,0,0
130721,1,1,0,0,0,0,0,0,0,14,0,6
130721,2,1,0,0,0,0,0,0,0,0,0,0
130722,1,1,0,0,0,0,0,0,7,29,0,0
130722,2,1,0,0,0,0,9,0,0,0,0,0
130723,1,1,0,10,0,0,0,0,0,0,0,0
130723,2,1,0,0,0,0,0,0,0,0,0,0
130724,1,1,0,0,16,0,12,13,0,30,18,0
130724,2,1,9,0,0,0,0,7,0,0,0,0
130725,1,1,12,12,12,12,12,12,12,12,12,12
130726,1,1,0,0,0,0,0,0,0,0,0,0
130727,1,1,14,14,14,14,14,14,14,14,14,14
130727,2,1,26,26,26,26,26,26,26,26,26,26
130727,3,1,0,0,0,0,0,0,0,0,0,0
130728,1,1,0,0,0,0,0,0,0,0,0,0
130729,1,1,23,6,19,27,18,17,22,31,27,0
130729,2,1,0,0,0,0,0,0,0,0,0,0
130730,1,1,33,33,33,33,33,33,33,33,33,33
130731,1,1,0,0,0,0,0,0,0,0,0,0
130731,2,1,0,0,23,0,0,0,0,0,0,0
130732,1,1,0,0,0,0,0,0,0,0,0,0
130733,1,1,0,0,0,0,0,0,0,0,0,0
130734,0,1,0,0,0,0,0,0,0,0,0,0
130734,1,1,0,0,0,0,0,0,0,0,0,0
130735,1,1,0,0,0,0,0,0,0,0,0,0
130736,1,1,0,0,0,0,0,0,0,0,0,0
130736,2,1,0,0,0,0,0,0,0,0,0,0
130736,3,1,0,0,0,0,0,0,0,0,0,0
130737,1,1,0,0,0,0,0,0,0,0,0,0
130737,2,1,0,0,0,0,0,0,0,0,0,0
130738,1,1,0,11,0,2,0,0,0,0,0,0
130738,2,1,18,0,0,0,0,0,0,0,0,7
130738,3,1,0,0,0,0,0,0,0,11,0,6
130739,1,1,0,0,0,0,0,0,0,0,0,0
130739,2,1,0,0,0,0,0,0,0,0,0,0
130740,1,1,8,8,8,8,8,8,8,8,8,8
130741,1,1,21,21,21,21,21,21,21,21,21,21
130741,2,1,0,0,0,0,0,0,0,0,0,0
130742,0,1,21,21,21,21,21,21,21,21,21,21
130742,1,1,0,0,0,0,0,0,0,0,0,18
130743,1,1,0,0,0,0,0,0,0,0,0,0
130744,1,1,0,0,0,0,0,0,0,0,0,0
130745,1,1,0,0,0,0,0,0,0,17,15,0
130746,1,1,0,0,0,0,0,0,0,0,0,0
130747,1,1,0,0,0,0,0,0,0,0,0,0
130747,2,1,0,0,0,0,0,0,0,0,0,0
130748,1,1,0,0,0,0,0,0,0,0,0,0
130749,1,1,0,0,0,0,0,0,0,0,0,0
130750,1,1,0,0,0,0,0,0,0,0,0,0
130751,1,1,0,0,0,0,0,0,0,0,0,0
130751,2,1,0,0,0,0,0,0,0,0,0,0
130752,1,1,19,0,17,0,0,0,0,0,0,0
130752,2,1,0,0,0,0,0,0,7,0,0,0
130752,3,1,0,0,0,0,0,0,0,0,0,0
130752,4,1,19,19,19,19,19,19,19,19,19,19
130753,1,1,0,0,0,0,0,0,0,0,0,0
130753,2,1,0,0,0,0,0,0,0,0,0,0
130753,3,1,0,0,0,0,0,0,0,0,0,0
130753,4,1,0,0,0,0,0,0,0,0,0,0
130754,1,1,0,0,0,0,0,0,0,0,0,0
130754,2,1,0,0,0,0,6,0,0,0,0,0
130755,1,1,0,0,0,0,0,0,0,0,0,0
130755,2,1,0,0,0,0,0,0,0,0,0,0
130756,1,1,0,0,0,0,0,16,0,0,0,0
130756,2,1,0,0,0,0,0,0,0,0,0,0
130757,1,1,0,0,0,0,0,0,0,0,0,0
130758,1,1,9,0,0,0,0,0,0,0,35,0
130758,2,1,0,0,0,0,0,0,0,0,0,0
130759,1,1,0,0,0,0,0,0,0,0,0,0
130760,1,1,5,0,30,29,24,0,12,25,0,0
130760,2,1,0,0,0,0,0,0,0,0,0,0
130761,1,1,0,0,0,0,0,0,0,0,0,0
130762,1,1,19,19,19,19,19,19,19,19,19,19
130763,1,1,0,0,0,0,0,0,0,0,0,0
130763,2,1,0,0,0,0,0,0,0,0,0,0
130764,0,1,0,0,0,0,0,0,0,0,0,0
130764,1,1,0,0,0,0,0,0,0,0,0,0
130765,1,1,0,0,0,0,0,0,0,0,0,0
130765,2,1,0,0,0,0,0,0,0,0,0,0
130766,1,1,0,0,0,0,0,0,0,0,0,0
130766,2,1,0,0,0,0,0,0,0,0,0,0
130767,1,1,0,0,0,0,0,0,0,0,0,0
130767,2,1,7,7,7,7,7,7,7,7,7,7
130767,3,1,28,28,28,28,28,28,28,28,28,28
130768,1,1,5,5,5,5,5,5,5,5,5,5
130768,2,1,0,0,0,0,0,0,0,0,0,0
130769,1,1,0,0,0,0,0,0,0,0,0,0
130769,2,1,0,0,0,0,0,0,0,0,0,0
130769,3,1,0,0,0,0,0,0,0,0,0,0
130770,0,1,0,0,0,0,0,0,0,0,0,0
130770,1,1,0,0,0,0,0,0,0,0,0,0
130771,0,1,0,0,0,0,0,0,0,0,0,0
130771,1,1,0,0,0,0,0,0,0,0,0,0
130772,1,1,0,0,0,0,0,0,0,0,0,0
130773,1,1,0,0,0,0,0,0,0,0,0,0
130774,1,1,23,23,23,23,23,23,23,23,23,23
130775,1,1,0,0,0,0,0,8,0,0,0,19
130776,1,1,31,31,31,31,31,31,31,31,31,31
130776,2,1,0,17,0,0,0,13,0,0,0,0
130777,0,1,0,0,0,0,0,0,0,0,0,0
130777,1,1,0,0,0,0,0,0,0,0,0,0
130778,1,1,0,20,17,23,18,0,0,0,0,28
130779,1,1,29,29,29,29,29,29,29,29,29,29
130780,0,1,0,20,0,0,0,0,3,0,0,0
130780,1,1,0,26,0,0,0,0,0,0,0,0
130781,1,1,0,0,0,0,0,0,0,0,24,0
130782,1,1,0,0,0,0,0,0,0,0,18,0
130782,2,1,15,15,15,15,15,15,15,15,15,15
130784,1,1,0,0,0,0,0,0,0,0,0,0
130784,2,1,0,0,0,0,0,0,0,0,0,0
130785,1,1,18,19,15,0,0,0,23,29,0,17
130786,1,1,0,0,0,0,0,0,0,0,0,0
130786,2,1,0,0,0,0,0,0,0,0,0,0
130787,1,1,0,0,0,0,0,0,0,0,0,0
130787,2,1,0,0,0,0,0,0,0,0,0,0
130788,1,1,0,0,0,0,0,0,0,0,0,0
130788,2,1,0,0,0,0,0,0,0,0,0,0
130789,1,1,13,13,13,13,13,13,13,13,13,13
130789,2,1,0,0,0,0,0,0,0,0,0,0
130790,1,1,0,0,0,0,0,0,0,0,0,0
130791,1,1,0,0,0,0,0,0,0,0,0,0
130792,1,1,0,0,0,0,0,0,0,0,0,0
130793,1,1,0,0,0,0,0,0,0,0,0,0
130793,2,1,0,0,0,0,0,0,0,0,23,28
130794,1,1,0,0,0,0,0,0,0,0,0,0
130794,2,1,0,0,0,0,0,0,0,0,0,0
130794,3,1,0,0,0,0,14,0,0,0,0,0
130795,0,1,3,3,3,3,3,3,3,3,3,3
130795,1,1,0,0,0,0,0,0,0,0,0,0
130795,2,1,0,0,0,0,0,0,0,0,0,0
130795,3,1,0,0,0,0,0,0,0,0,0,0
130796,1,1,0,0,0,0,0,0,0,0,0,0
130797,1,1,0,0,0,0,0,0,0,0,0,0
130798,1,1,0,0,0,0,0,0,0,0,0,0
130798,2,1,0,0,0,0,0,0,0,0,0,0
130799,1,1,31,31,31,31,31,31,31,31,31,31
130800,1,1,0,0,0,0,0,0,0,0,0,0
130801,1,1,0,0,0,0,0,0,0,0,0,0
130802,1,1,0,0,0,0,0,0,0,0,0,0
130802,2,1,0,0,0,0,0,0,0,0,0,0
130802,3,1,0,0,0,0,0,0,0,0,0,0
130802,4,1,0,0,0,0,0,0,0,0,0,0
130802,5,1,0,0,0,0,0,0,0,0,0,0
130803,1,1,0,0,0,0,0,0,0,0,0,0
130804,1,1,20,0,0,0,0,0,0,0,0,0
130804,2,1,0,0,0,0,0,0,0,0,0,0
130805,1,1,17,17,17,17,17,17,17,17,17,17
130806,1,1,0,0,0,0,0,0,0,0,0,0
130806,2,1,0,0,0,0,0,0,0,26,0,0
130807,1,1,0,0,0,0,0,0,0,0,0,0
130808,1,1,0,0,0,0,0,0,0,0,0,0
130808,2,1,0,0,0,0,0,0,0,0,6,0
130808,3,1,0,0,0,0,0,0,0,0,0,0
130808,4,1,0,0,14,0,0,0,16,0,7,0
130809,1,1,0,0,0,0,0,0,0,0,0,0
130809,2,1,0,0,0,10,0,0,0,0,0,0
130810,0,1,10,10,10,10,10,10,10,10,10,10
130810,1,1,0,0,0,0,0,0,0,0,0,0
130811,1,1,0,0,5,0,0,0,0,0,0,0
130811,2,1,0,0,0,0,0,20,0,0,0,0
130811,3,1,0,0,0,0,11,4,0,16,0,9
130811,4,1,0,9,0,0,0,12,17,0,0,0
130812,1,1,0,0,0,0,0,0,0,0,0,0
130812,2,1,0,0,0,0,0,0,0,0,0,0
130813,1,1,0,0,0,0,0,0,0,0,0,0
130813,2,1,20,0,0,10,0,0,0,0,0,0
130814,0,1,32,0,0,5,29,25,11,32,9,0
130814,1,1,0,0,0,0,21,0,0,0,0,0
130815,1,1,0,0,0,0,0,0,0,0,0,0
130815,2,1,0,0,0,0,0,0,0,0,0,0
130816,1,1,0,0,0,0,0,0,0,0,0,0
130817,1,1,39,22,20,18,15,25,24,22,0,20
130818,1,1,0,0,0,0,0,0,0,0,0,0
130818,2,1,0,0,0,0,0,0,0,0,0,0
130819,1,1,17,8,0,12,14,10,20,11,0,14
130820,1,1,0,0,0,0,0,0,0,0,0,0
130821,1,1,27,0,0,0,0,0,0,0,0,0
130821,2,1,0,0,0,0,0,0,0,0,0,0
130822,1,1,5,0,0,0,0,0,0,0,0,0
130822,2,1,0,0,0,0,0,0,0,0,0,0
130823,1,1,26,16,22,24,18,6,12,26,9,31
130824,1,1,0,0,0,0,0,0,0,0,0,0
130824,2,1,0,0,0,0,0,0,0,0,0,18
130825,1,1,0,0,0,0,0,0,0,0,0,0
130825,2,1,0,0,0,0,0,0,0,0,0,0
130826,1,1,0,0,0,0,0,0,0,0,8,0
130826,2,1,0,0,0,0,0,0,0,0,0,0
130827,0,1,20,0,18,11,14,5,23,0,12,0
130827,1,1,0,0,0,0,0,0,0,0,0,0
130828,1,1,0,0,0,0,0,0,0,0,0,0
130829,1,1,0,0,0,0,0,0,0,0,0,0
130830,1,1,0,0,0,0,0,0,0,0,0,0
130830,2,1,0,0,0,0,0,0,0,0,0,0
130831,0,1,15,15,15,15,15,15,15,15,15,15
130831,1,1,0,0,0,0,0,0,0,0,0,0
130832,1,1,0,0,0,0,0,0,0,0,0,0
130833,1,1,0,0,0,0,0,0,0,0,0,0
130833,2,1,0,0,0,0,27,0,0,0,0,0
130834,1,1,0,0,0,0,0,0,0,0,0,0
130835,1,1,0,0,0,0,0,0,0,0,0,0
130835,2,1,0,0,0,0,0,0,0,0,0,0
130836,1,1,0,0,0,0,0,0,0,0,0,0
130836,2,1,0,0,0,0,0,0,0,0,0,0
130837,1,1,0,17,0,27,0,11,19,0,0,0
130838,0,1,0,0,0,0,17,0,0,25,0,0
130838,1,1,0,0,0,0,16,0,0,19,0,0
130839,1,1,0,0,0,0,0,0,0,0,0,0
130840,0,1,0,0,0,0,0,0,0,0,0,0
130840,1,1,0,0,0,0,0,0,0,0,0,0
130841,1,1,0,0,0,0,0,0,0,0,0,0
130841,2,1,0,0,0,0,0,0,0,0,0,0
130842,1,1,0,0,0,0,0,0,0,0,0,0
130843,1,1,0,0,0,0,0,0,0,0,0,0
130843,2,1,0,0,0,0,0,0,7,0,0,0
130843,3,1,0,0,0,0,0,0,0,0,0,0
130844,1,1,19,14,10,9,6,0,14,0,21,0
130845,1,1,0,9,0,0,29,0,0,0,0,0
130846,1,1,0,0,0,0,0,0,0,0,0,0
130846,2,1,0,0,0,0,0,0,0,0,0,0
130847,0,1,0,0,0,0,0,0,0,0,0,0
130847,1,1,0,0,0,0,0,0,0,0,0,0
130848,1,1,0,0,0,0,0,0,0,0,0,0
130848,2,1,0,0,0,0,0,0,0,0,0,0
130849,1,1,0,0,0,0,0,0,0,0,0,0
130849,2,1,0,0,0,0,0,0,0,0,0,0
130850,1,1,25,25,25,25,25,25,25,25,25,25
130851,1,1,7,7,7,7,7,7,7,7,7,7
130852,0,1,31,31,31,31,31,31,31,31,31,31
130852,1,1,0,0,0,0,0,0,0,0,0,0
130853,0,1,21,0,15,0,19,0,14,0,0,0
130853,1,1,0,0,0,0,0,0,0,0,0,0
130854,1,1,2,2,2,2,2,2,2,2,2,2
130855,1,1,17,17,17,17,17,17,17,17,17,17
130856,1,1,4,4,4,4,4,4,4,4,4,4
130857,1,1,0,0,0,0,0,0,0,0,0,0
130858,1,1,0,0,0,0,0,0,0,0,0,0
130858,2,1,0,0,0,0,0,0,0,0,0,0
130859,1,1,0,0,0,0,0,0,0,0,0,0
130859,2,1,0,0,0,0,0,0,0,0,0,0
130860,1,1,0,0,0,0,0,0,0,0,0,0
130861,1,1,0,0,0,0,0,0,0,0,0,0
130861,2,1,0,0,0,0,0,0,0,0,0,0
130862,1,1,0,0,0,0,0,0,0,0,0,0
130862,2,1,0,0,0,0,0,0,0,0,0,0
130863,1,1,0,0,0,0,0,0,0,0,0,0
130863,2,1,0,0,0,0,0,0,0,0,0,0
130864,0,1,0,10,44,17,0,0,33,0,34,23
130864,1,1,0,0,0,0,0,0,1,0,0,0
130864,2,1,0,0,0,0,0,0,0,0,0,0
130865,0,1,0,0,0,0,0,15,12,0,12,0
130865,1,1,0,0,0,0,0,0,0,0,0,0
130866,1,1,0,0,0,0,0,0,0,0,0,0
130867,0,1,0,0,0,0,0,0,0,0,0,11
130867,1,1,0,0,0,0,0,0,0,0,0,0
130868,1,1,0,0,0,0,0,0,0,0,0,0
130869,1,1,0,0,0,0,0,0,0,0,0,0
130869,2,1,0,0,0,0,0,0,0,0,0,0
130870,1,1,0,0,0,0,0,0,0,0,0,0
130870,2,1,16,16,16,16,16,16,16,16,16,16
130871,0,1,0,0,0,0,0,25,0,0,0,16
130871,1,1,0,10,0,0,0,0,0,0,0,0
130872,1,1,17,17,17,17,17,17,17,17,17,17
130873,0,1,0,0,0,0,0,0,0,0,0,0
130873,1,1,0,0,0,0,0,0,0,0,0,0
130874,1,1,16,16,16,16,16,16,16,16,16,16
130875,1,1,4,3,0,0,0,0,0,0,0,0
130876,1,1,0,0,0,0,0,0,0,0,0,0
130876,2,1,0,0,0,0,0,0,0,8,0,0
130876,3,1,0,0,0,0,0,0,0,0,0,0
130877,1,1,0,0,0,0,0,0,0,0,0,0
130877,2,1,3,3,3,3,3,3,3,3,3,3
130878,1,1,39,39,39,39,39,39,39,39,39,39
130878,2,1,0,0,0,0,0,0,0,0,0,0
130879,1,1,0,12,11,8,0,0,0,27,6,16