ST_CASE,VEH_NO,PER_NO,P1,P2,P3,P4,P5,P6,P7,P8,P9,P10
130880,1,1,0,0,0,0,0,0,0,0,0,0
130880,2,1,0,0,0,0,0,0,0,0,0,0
130881,0,1,0,0,0,0,0,0,0,0,0,0
130881,1,1,0,0,0,0,0,0,0,0,0,0
130882,1,1,18,18,18,18,18,18,18,18,18,18
130883,0,1,0,0,12,0,7,27,32,0,0,0
130883,1,1,0,0,0,0,0,0,0,0,0,0
130884,1,1,0,0,0,0,0,0,0,0,0,0
130884,2,1,0,0,0,0,0,0,0,0,0,0
130884,3,1,0,0,0,0,0,0,0,0,0,0
130884,4,1,0,0,0,0,0,0,0,0,0,0
130885,1,1,0,0,0,5,0,28,0,0,0,0
130886,0,1,9,9,9,9,9,9,9,9,9,9
130886,1,1,0,0,0,0,0,0,0,0,0,0
130887,1,1,0,0,0,0,0,0,0,0,0,0
130887,2,1,0,0,0,0,0,0,0,0,0,0
130888,1,1,0,0,0,0,0,0,0,0,0,0
130888,2,1,0,0,0,0,32,0,0,0,0,0
130889,1,1,0,0,0,0,0,0,0,0,0,0
130890,1,1,6,6,6,6,6,6,6,6,6,6
130891,1,1,30,30,30,30,30,30,30,30,30,30
130892,1,1,0,0,0,3,0,10,0,27,0,0
130893,1,1,18,18,18,18,18,18,18,18,18,18
130894,1,1,0,0,0,0,0,0,0,0,0,0
130895,1,1,0,0,0,0,0,0,0,0,0,0
130896,1,1,0,0,0,0,0,0,0,0,0,0
130896,2,1,0,0,0,0,0,0,0,0,0,0
130897,1,1,0,0,0,0,0,0,0,0,0,0
130898,1,1,0,0,0,0,0,0,0,0,0,0
130899,1,1,18,35,37,23,6,19,5,19,12,28
130900,1,1,0,0,0,0,0,0,0,0,0,0
130901,0,1,0,0,0,0,0,0,0,0,0,0
130901,1,1,0,0,0,0,0,0,0,0,0,0
130902,1,1,0,0,0,0,0,0,0,0,0,0
130903,1,1,17,17,17,17,17,17,17,17,17,17
130904,0,1,0,0,0,0,0,0,0,0,0,0
130904,1,1,0,0,0,0,0,0,0,0,0,0
130905,0,1,0,0,0,0,0,0,0,0,0,0
130905,1,1,9,9,9,9,9,9,9,9,9,9
130906,0,1,21,21,21,21,21,21,21,21,21,21
130906,1,1,0,0,0,0,0,0,0,0,0,0
130907,1,1,25,4,18,0,17,17,0,0,11,17
130908,0,1,0,0,0,0,0,0,0,0,0,0
130908,1,1,0,0,0,0,0,0,0,0,0,0
130909,1,1,0,0,0,0,0,0,0,0,0,0
130909,2,1,0,0,0,0,0,0,0,0,0,0
130910,1,1,6,6,6,6,6,6,6,6,6,6
130911,1,1,14,20,10,17,18,23,20,7,17,23
130912,1,1,0,0,0,22,0,0,0,0,0,0
130913,1,1,16,16,16,16,16,16,16,16,16,16
130914,1,1,18,18,18,18,18,18,18,18,18,18
130915,1,1,0,0,0,0,0,0,0,0,0,0
130915,2,1,0,0,0,0,0,0,0,0,0,0
130916,1,1,0,0,0,0,0,0,0,0,0,0
130916,2,1,0,0,0,0,0,0,0,0,0,0
130917,1,1,0,13,6,17,0,0,21,27,12,23
130918,1,1,0,0,0,0,0,0,0,0,0,0
130918,2,1,0,12,0,0,0,0,0,0,0,0
130919,1,1,0,0,0,0,0,0,0,0,0,0
130920,1,1,0,0,0,0,0,0,0,0,0,0
130921,1,1,0,0,0,0,0,0,0,0,0,0
130922,1,1,0,0,0,0,0,0,0,0,0,0
130922,2,1,0,0,0,0,0,0,0,2,0,0
130923,1,1,0,0,0,0,0,0,0,0,0,0
130923,2,1,0,0,0,0,0,0,0,0,0,0
130924,0,1,25,25,25,25,25,25,25,25,25,25
130924,1,1,16,0,0,0,0,0,0,0,0,0
130925,1,1,0,0,0,0,0,0,0,0,0,0
130926,1,1,0,0,0,0,0,0,0,0,0,0
130926,2,1,0,0,0,0,0,0,0,0,0,0
130926,3,1,0,0,0,0,0,0,0,0,0,0
130927,1,1,0,0,0,0,0,0,0,0,0,0
130928,1,1,10,10,10,10,10,10,10,10,10,10
130928,2,1,0,0,0,0,0,0,0,0,0,0
130929,1,1,8,8,8,8,8,8,8,8,8,8
130930,1,1,0,0,0,0,0,0,0,0,0,0
130931,1,1,0,0,0,0,0,0,0,0,0,0
130931,2,1,0,0,0,0,0,22,0,0,0,0
130932,0,1,0,0,0,0,0,0,0,0,10,0
130932,1,1,0,13,0,0,0,0,0,0,0,0
130933,0,1,0,0,0,0,0,0,0,0,0,0
130933,1,1,14,0,0,0,0,0,0,0,0,14
130933,2,1,0,0,0,0,0,0,0,0,0,0
130933,3,1,0,0,0,0,0,12,0,0,0,0
130933,5,1,0,0,0,0,0,0,0,0,0,0
130934,1,1,0,0,0,0,0,0,0,0,0,0
130935,0,1,0,0,0,0,0,0,0,0,0,0
130935,1,1,0,0,0,0,0,0,0,0,0,0
130936,1,1,0,13,28,0,22,18,15,14,0,0
130937,1,1,0,15,21,0,11,22,21,10,33,35
130938,1,1,0,0,0,0,0,0,0,0,0,0
130938,2,1,0,0,0,0,0,0,0,0,0,0
130939,1,1,21,0,0,0,0,0,12,0,0,18
130939,2,1,0,0,0,0,0,0,0,0,0,0
130939,3,1,0,0,0,0,0,0,0,0,0,0
130940,1,1,0,0,0,0,0,0,0,0,0,0
130940,2,1,0,0,0,0,0,0,0,0,0,0
130941,1,1,0,0,0,0,0,0,0,0,0,0
130941,2,1,0,0,0,0,0,0,0,0,0,0
130942,1,1,0,0,0,0,0,0,0,0,0,0
130942,2,1,0,0,0,0,0,0,0,0,0,0
130943,1,1,0,0,4,0,0,0,0,0,0,14
130944,1,1,0,0,0,0,0,0,0,0,0,0
130945,1,1,0,0,10,0,0,0,0,0,0,0
130945,2,1,0,0,0,13,0,0,0,0,0,0
130946,1,1,0,0,0,0,0,0,0,0,0,0
130946,2,1,0,0,0,0,0,0,0,0,0,0
130947,1,1,0,0,0,0,0,0,0,0,0,0
130947,2,1,0,0,0,0,0,0,0,0,0,0
130948,1,1,0,0,0,0,0,0,0,0,0,0
130949,1,1,13,0,0,15,0,0,0,0,0,0
130950,0,1,0,25,0,0,0,0,35,16,40,0
130950,1,1,0,0,0,0,0,0,0,0,0,0
130951,0,1,25,25,25,25,25,25,25,25,25,25
130951,1,1,0,0,0,0,0,0,0,0,0,0
130952,0,1,0,15,0,13,7,0,0,22,26,0
130952,1,1,17,17,17,17,17,17,17,17,17,17
130953,1,1,0,0,0,0,0,0,0,0,0,0
130953,2,1,0,0,0,0,0,0,0,0,0,0
130954,0,1,18,18,18,18,18,18,18,18,18,18
130954,1,1,0,4,20,17,7,12,25,14,0,25
130955,1,1,23,23,23,23,23,23,23,23,23,23
130956,0,1,40,9,16,35,13,0,5,36,16,33
130956,1,1,0,0,0,0,0,0,0,0,0,0
130957,0,1,0,0,0,0,9,0,0,0,0,6
130957,1,1,0,0,0,0,0,0,0,0,0,0
130958,1,1,0,0,0,0,0,0,0,0,0,0
130958,2,1,0,0,0,0,0,0,0,0,0,0
130959,1,1,16,16,16,16,16,16,16,16,16,16
130960,0,1,0,0,0,0,0,0,0,0,0,0
130960,0,2,25,0,0,0,17,0,0,38,0,0
130960,1,1,0,0,0,0,0,0,0,0,0,0
130961,1,1,2,2,2,2,2,2,2,2,2,2
130961,2,1,0,0,0,0,0,0,0,0,0,0
130962,1,1,18,18,18,18,18,18,18,18,18,18
130962,2,1,0,0,0,0,0,0,0,0,0,0
130963,1,1,0,0,0,0,0,0,0,0,0,0
130963,2,1,0,0,0,0,0,0,0,0,0,0
130963,3,1,0,0,0,0,0,0,0,0,0,0
130964,1,1,0,7,0,0,0,21,0,22,0,0
130965,1,1,3,3,3,3,3,3,3,3,3,3
130966,1,1,28,18,24,0,22,23,6,0,0,0
130967,1,1,0,0,0,0,0,0,0,0,0,0
130967,2,1,0,0,0,0,0,0,0,0,0,0
130968,1,1,0,0,0,0,0,0,0,0,0,0
130968,2,1,0,0,0,0,0,0,0,0,0,0
130969,0,1,0,21,22,15,18,19,14,15,24,27
130969,1,1,0,0,0,0,0,0,0,0,0,0
130970,0,1,0,20,0,0,0,8,0,0,0,0
130970,1,1,0,0,0,0,0,0,0,0,0,0
130971,1,1,0,0,0,0,0,0,0,0,0,0
130971,2,1,0,0,0,0,0,0,0,0,0,0
130972,0,1,34,0,0,0,15,0,0,0,0,0
130972,1,1,0,0,0,0,0,0,0,0,0,0
130973,1,1,0,0,0,0,0,0,0,0,0,0
130973,2,1,0,0,0,0,0,0,0,0,0,0
130974,0,1,31,31,31,31,31,31,31,31,31,31
130974,1,1,18,0,8,17,15,23,14,26,23,0
130975,1,1,0,0,0,0,0,0,0,0,0,0
130976,1,1,3,3,3,3,3,3,3,3,3,3
130977,1,1,0,0,0,0,0,0,0,0,0,0
130979,0,1,16,0,34,0,0,37,0,0,0,5
130979,1,1,0,0,0,0,0,0,0,0,0,0
130980,0,1,0,0,0,0,0,0,0,0,0,0
130980,1,1,20,0,0,0,0,0,0,0,0,0
130981,1,1,0,0,0,0,0,0,0,0,0,0
130981,2,1,0,0,12,0,0,0,0,0,0,0
130982,1,1,0,0,0,0,0,0,0,0,0,0
130982,2,1,0,0,0,0,0,0,0,0,0,0
130982,3,1,0,0,0,0,0,0,0,0,0,0
130983,1,1,0,0,0,0,0,0,0,0,0,0
130983,2,1,0,0,0,0,0,0,0,0,0,0
130984,1,1,0,0,0,0,0,0,0,0,0,0
130984,2,1,0,0,0,0,0,0,0,0,0,0
130985,1,1,0,0,0,0,0,0,0,0,0,0
130985,2,1,0,0,0,0,0,0,0,0,0,0
130986,1,1,0,0,0,0,0,0,0,0,0,0
130987,1,1,14,14,14,14,14,14,14,14,14,14
130987,2,1,0,0,0,0,0,0,0,0,0,0
130988,1,1,0,0,0,0,0,0,0,0,0,0
130988,2,1,0,0,0,0,0,0,0,0,0,0
130989,1,1,0,0,0,0,0,0,0,0,0,0
130990,1,1,0,0,0,0,0,5,0,0,0,0
130990,2,1,0,0,0,0,0,0,0,0,0,0
130991,1,1,0,0,0,0,0,0,0,0,0,0
130991,2,1,0,0,0,0,0,0,0,0,0,0
130992,1,1,0,0,0,0,0,0,0,0,0,0
130993,1,1,8,8,8,8,8,8,8,8,8,8
130993,2,1,0,0,0,0,0,0,0,0,0,0
130994,0,1,16,16,16,16,16,16,16,16,16,16
130994,1,1,0,0,0,0,0,0,0,0,0,0
130995,1,1,0,0,0,0,0,0,0,0,0,0
130995,2,1,0,0,0,0,0,0,0,0,0,0
130996,0,1,0,0,0,0,0,0,0,0,0,0
130996,1,1,0,0,0,0,0,0,0,0,0,0
130997,1,1,0,0,0,8,0,0,0,0,0,0
130997,2,1,0,0,0,0,0,0,0,0,14,0
130998,0,1,0,0,0,0,0,0,0,0,0,0
130998,1,1,0,0,0,0,0,0,0,0,0,0
130999,1,1,0,0,0,0,0,0,0,0,0,0
131000,1,1,22,22,22,22,22,22,22,22,22,22
131001,1,1,0,0,0,0,0,10,0,0,0,16
131002,0,1,31,31,31,31,31,31,31,31,31,31
131002,1,1,0,0,0,0,0,0,0,0,0,0
131003,0,1,0,0,0,0,0,0,0,0,0,0
131003,1,1,0,0,0,0,0,0,0,0,0,0
131004,1,1,0,0,0,0,0,0,0,0,0,0
131005,1,1,0,0,0,0,0,0,0,0,0,0
131005,2,1,0,0,0,0,0,0,0,0,0,0
131006,1,1,23,23,23,23,23,23,23,23,23,23
131007,1,1,0,19,16,0,0,0,16,10,0,21
131008,1,1,5,5,5,5,5,5,5,5,5,5
131009,1,1,0,0,0,0,0,23,0,0,0,21
131009,2,1,0,0,0,0,0,0,0,0,0,0
131010,1,1,6,6,6,6,6,6,6,6,6,6
131011,1,1,0,0,0,0,0,0,0,17,0,0
131011,2,1,0,0,0,0,0,0,0,0,0,0
131012,1,1,27,27,27,27,27,27,27,27,27,27
131013,1,1,20,20,20,20,20,20,20,20,20,20
131014,1,1,15,0,9,19,10,4,19,19,20,14
131015,1,1,18,18,18,18,18,18,18,18,18,18
131016,1,1,0,0,0,0,0,0,0,0,0,0
131016,2,1,0,0,0,0,0,0,0,0,0,0
131016,3,1,0,0,0,0,9,0,0,0,0,0
131017,1,1,0,0,0,0,0,0,0,0,0,0
131018,1,1,0,0,19,0,0,11,0,0,0,0
131019,1,1,32,14,6,27,18,33,8,23,38,17
131020,1,1,0,0,0,0,0,0,0,0,0,0
131021,1,1,0,0,0,0,0,0,0,0,0,0
131022,0,1,0,0,0,0,0,0,0,0,0,0
131022,1,1,0,0,0,0,0,0,0,0,0,0
131023,0,1,0,0,0,0,0,0,0,0,0,0
131023,1,1,0,0,0,0,0,0,0,0,0,0
131023,2,1,0,0,0,0,0,0,0,0,0,0
131023,3,1,0,0,0,0,0,0,0,0,0,0
131023,4,1,0,0,0,0,0,0,0,9,0,0
131024,1,1,17,17,17,17,17,17,17,17,17,17
131025,0,1,0,0,0,0,0,0,0,0,0,0
131025,1,1,0,0,0,0,0,0,0,0,0,0
131026,1,1,0,0,0,0,0,0,0,0,0,0
131027,1,1,0,0,0,0,0,0,0,0,0,0
131027,2,1,0,0,0,0,0,0,0,0,0,0
131028,0,1,0,0,0,0,17,0,0,0,0,0
131028,1,1,0,0,0,0,0,0,0,0,0,0
131029,1,1,18,18,18,18,18,18,18,18,18,18
131030,1,1,0,0,0,0,0,0,0,0,0,0
131030,2,1,0,0,0,0,0,0,0,0,0,0
131031,0,1,5,5,5,5,5,5,5,5,5,5
131031,1,1,0,0,0,0,0,0,0,0,0,0
131032,1,1,0,0,0,0,0,0,0,0,0,0
131033,0,1,0,0,0,0,0,0,0,0,0,0
131033,1,1,0,0,0,0,0,0,0,0,0,0
131034,0,1,0,0,0,0,0,0,0,0,0,0
131034,1,1,19,0,0,0,0,0,0,0,0,0
131035,1,1,0,0,0,0,0,0,0,0,0,0
131036,0,1,0,0,0,0,0,0,0,0,0,0
131036,1,1,0,0,0,0,0,0,0,0,0,0
131037,1,1,0,0,0,0,0,0,0,0,0,0
131038,1,1,7,7,7,7,7,7,7,7,7,7
131038,2,1,0,0,0,0,0,0,0,0,0,23
131039,1,1,0,26,18,23,25,0,23,23,23,18
131040,1,1,21,21,21,21,21,21,21,21,21,21
131041,1,1,6,6,6,6,6,6,6,6,6,6
131042,1,1,0,0,0,23,0,35,0,0,24,18
131043,1,1,0,0,0,0,0,0,0,0,0,0
131044,0,1,0,13,12,0,22,17,0,14,8,24
131044,1,1,0,0,0,0,0,0,0,0,0,0
131045,1,1,0,0,0,0,0,0,0,0,0,0
131045,2,1,0,0,0,0,0,0,0,0,0,0
131046,1,1,18,0,11,0,0,19,0,0,15,0
131047,1,1,0,0,0,0,0,0,0,0,0,0
131048,1,1,0,0,0,0,24,0,18,18,0,0
131048,2,1,0,0,0,0,0,0,0,0,0,0
131049,1,1,24,24,24,24,24,24,24,24,24,24
131050,0,1,13,0,0,0,0,0,0,0,0,0
131050,1,1,0,0,0,0,0,0,0,0,0,0
131051,1,1,0,0,0,0,0,20,0,12,0,15
131052,1,1,21,21,21,21,21,21,21,21,21,21
131053,1,1,0,0,0,0,0,0,0,0,0,0
131054,1,1,0,0,0,0,0,0,0,0,0,0
131055,1,1,0,0,0,0,0,0,0,0,0,0
131055,2,1,0,0,0,0,0,0,0,0,0,0
131055,3,1,0,0,0,0,0,0,0,0,0,0
131056,0,1,0,0,0,0,0,0,0,0,0,0
131056,1,1,0,0,0,0,0,0,0,0,0,0
131057,0,1,19,19,19,19,19,19,19,19,19,19
131057,1,1,0,0,0,0,0,0,0,5,3,18
131058,1,1,21,21,21,21,21,21,21,21,21,21
131059,0,1,21,21,21,21,21,21,21,21,21,21
131059,1,1,0,9,0,27,19,16,24,16,10,0
131059,2,1,0,9,0,29,23,0,0,0,21,16
131060,0,1,26,21,12,23,37,16,27,60,13,32
131060,1,1,0,0,0,0,0,0,0,12,0,0
131061,1,1,12,12,12,12,12,12,12,12,12,12
131062,1,1,0,0,0,0,0,0,0,0,0,0
131063,1,1,0,0,0,0,0,0,0,0,0,0
131063,2,1,0,0,0,0,0,0,0,0,0,0
131063,3,1,0,0,0,0,0,0,0,0,0,0
131064,1,1,0,0,0,0,0,0,0,0,0,0
131064,2,1,0,27,0,0,0,0,0,0,0,0
131065,1,1,0,0,0,0,0,0,0,0,0,0
131065,2,1,0,0,0,0,0,0,0,0,0,0
131066,0,1,0,0,19,14,0,0,3,0,0,0
131066,1,1,0,0,0,0,0,0,0,0,0,0
131067,1,1,20,20,20,20,20,20,20,20,20,20
131067,2,1,0,0,0,0,0,0,0,0,0,0
131068,1,1,0,0,0,0,0,0,0,0,0,0
131068,2,1,0,0,0,0,0,0,0,0,0,0
131068,3,1,0,21,0,0,0,0,0,0,0,0
131069,1,1,0,0,0,0,0,0,0,0,0,0
131069,2,1,0,0,0,0,0,0,0,0,0,0
131070,1,1,0,0,13,0,0,0,0,0,0,0
131070,2,1,0,0,0,0,0,0,0,0,0,0
131071,1,1,0,0,0,0,0,0,0,0,0,0
131071,2,1,0,0,0,0,0,0,0,0,0,0
131071,3,1,0,0,0,0,0,0,0,0,0,0
131072,1,1,0,0,0,0,0,0,0,0,0,0
131073,1,1,0,0,0,14,0,0,0,0,0,0
131073,2,1,37,0,17,0,0,4,0,0,0,14
131074,0,1,0,0,11,0,0,0,0,0,0,0
131074,1,1,0,0,0,0,0,0,0,0,0,0
131075,1,1,0,0,0,0,0,0,0,0,0,0
131075,2,1,0,0,0,0,0,0,7,14,0,0
131075,3,1,0,0,0,0,0,0,0,0,0,0
131075,4,1,0,0,0,0,0,0,0,0,0,0
131076,1,1,13,13,13,13,13,13,13,13,13,13
131077,0,1,0,0,21,0,0,0,30,19,0,0
131077,1,1,0,0,0,0,0,0,0,0,0,0
131078,1,1,0,0,0,0,0,0,0,0,0,0
131079,1,1,26,26,26,26,26,26,26,26,26,26
131080,1,1,17,17,17,17,17,17,17,17,17,17
131081,0,1,0,0,0,0,0,0,0,0,0,0
131081,1,1,0,0,0,0,0,0,0,0,0,0
131082,0,1,7,33,23,19,37,0,0,28,7,28
131082,1,1,0,0,0,0,0,0,0,0,0,0
131083,1,1,22,22,22,22,22,22,22,22,22,22
131084,1,1,14,14,14,14,14,14,14,14,14,14
131085,1,1,15,14,8,0,0,22,24,0,5,0
131085,2,1,12,0,10,0,0,2,0,0,11,18
131086,0,1,28,28,28,28,28,28,28,28,28,28
131086,1,1,0,0,0,0,0,0,0,0,0,0
131086,2,1,0,0,0,0,0,33,0,0,41,22
131087,1,1,0,0,0,0,0,0,0,0,0,0
131088,1,1,25,25,25,25,25,25,25,25,25,25
131089,1,1,4,4,4,4,4,4,4,4,4,4
131089,2,1,0,0,0,0,0,0,0,0,0,0
131090,0,1,20,20,20,20,20,20,20,20,20,20
131090,1,1,0,0,0,0,0,0,0,0,0,0
131091,1,1,0,0,0,0,0,0,0,0,0,0
131091,2,1,0,0,0,0,11,0,0,0,0,0
131092,1,1,0,0,0,0,0,0,0,0,0,0
131092,2,1,0,0,0,0,0,0,0,0,0,0
131093,0,1,0,0,0,0,0,0,0,0,0,0
131093,0,2,0,0,0,0,0,0,0,0,0,0
131093,1,1,0,0,0,0,0,0,0,0,0,0
131094,1,1,0,0,0,0,0,0,0,0,0,0
131094,2,1,0,0,0,0,0,0,0,0,0,0
131095,0,1,0,0,32,15,17,10,4,9,6,9
131095,1,1,0,0,0,0,0,0,0,0,0,0
131096,1,1,0,0,0,0,0,0,0,0,0,11
131096,2,1,0,0,0,0,0,0,0,0,0,0
131097,0,1,0,25,18,41,20,31,34,27,25,0
131097,1,1,0,0,0,0,0,0,0,0,0,0
131098,1,1,17,17,17,17,17,17,17,17,17,17
131099,1,1,0,0,0,0,0,0,0,0,0,0
131099,2,1,0,0,0,0,0,0,0,0,0,0
131100,1,1,0,0,0,0,0,0,0,0,0,0
131100,2,1,0,0,0,0,0,0,0,0,0,0
131101,1,1,0,0,0,0,0,0,0,0,0,0
131101,2,1,14,0,14,0,0,0,37,0,28,0
131102,0,1,0,0,19,18,0,29,0,0,0,14
131102,1,1,0,0,0,0,0,0,0,0,0,0
131103,1,1,0,0,7,0,0,0,0,0,0,0
131104,1,1,13,5,18,10,18,29,22,5,12,18
131104,2,1,0,0,0,0,0,0,0,0,0,0
131105,1,1,33,33,33,33,33,33,33,33,33,33
131106,0,1,5,5,5,5,5,5,5,5,5,5
131106,1,1,3,0,0,0,0,9,0,0,0,0
131106,2,1,0,0,0,0,0,0,0,0,0,0
131107,0,1,0,23,24,0,29,11,0,30,0,18
131107,1,1,0,0,0,0,0,0,0,0,0,0
131108,0,1,20,0,22,9,0,20,18,18,30,22
131108,1,1,0,0,0,0,0,0,0,0,0,0
131109,0,1,0,26,0,29,0,0,0,0,0,0
131109,1,1,2,2,2,2,2,2,2,2,2,2
131110,1,1,35,35,35,35,35,35,35,35,35,35
131111,0,1,16,24,0,0,0,0,4,22,0,0
131111,2,1,0,7,0,0,0,0,0,0,0,0
131112,1,1,0,0,0,0,0,0,0,0,0,0
131112,2,1,0,0,0,0,0,0,0,0,0,0
131113,1,1,20,26,8,8,16,11,6,20,10,19
131114,1,1,22,33,7,37,28,15,25,5,20,14
131115,1,1,0,20,15,15,10,22,18,0,42,13
131115,2,1,0,12,5,0,0,27,0,0,0,0
131116,1,1,21,21,21,21,21,21,21,21,21,21
131117,1,1,10,10,10,10,10,10,10,10,10,10
131118,1,1,21,21,21,21,21,21,21,21,21,21
131119,1,1,0,0,0,0,0,0,0,0,0,0
131119,2,1,0,0,0,0,0,0,0,0,0,0
131120,1,1,12,0,0,0,0,0,0,0,0,0
131121,1,1,0,0,0,0,0,0,0,0,0,0
131122,1,1,15,15,15,15,15,15,15,15,15,15
131123,1,1,0,0,0,0,0,0,0,0,0,0
131123,2,1,0,0,0,0,0,0,0,0,0,0
131124,1,1,15,10,21,12,9,8,15,37,13,0
131125,0,1,0,0,0,0,0,0,0,0,0,0
131125,1,1,0,0,0,0,0,0,0,0,0,0
131126,1,1,28,28,28,28,28,28,28,28,28,28
131127,1,1,28,28,28,28,28,28,28,28,28,28
131128,1,1,0,0,0,0,0,0,0,0,0,18
131128,2,1,0,0,0,0,0,0,0,0,0,0
131128,3,1,0,0,0,0,0,0,0,0,0,0
131129,0,1,0,0,0,0,0,0,0,0,0,0
131129,1,1,0,0,0,0,0,0,0,0,0,0
131130,0,1,20,20,20,20,20,20,20,20,20,20
131130,1,1,0,0,0,0,0,0,0,0,0,0
131131,1,1,0,0,0,0,0,0,0,0,0,0
131132,1,1,0,0,0,0,0,0,0,0,0,0
131132,2,1,0,0,0,0,0,0,0,0,0,0
150001,0,1,0,0,0,0,0,0,0,0,0,0
150001,1,1,0,0,0,0,0,0,0,0,0,0
150002,1,1,0,0,0,0,0,0,0,0,0,0
150002,2,1,0,0,30,0,0,13,0,0,0,0
150002,3,1,0,0,0,0,0,0,0,0,0,0
150003,0,1,0,0,0,0,0,0,0,0,0,0
150003,1,1,0,0,0,0,0,0,0,0,0,0
150004,1,1,24,24,24,24,24,24,24,24,24,24
150005,1,1,0,0,0,0,0,0,0,0,0,0
150006,1,1,0,0,0,0,0,0,0,0,0,0
150006,2,1,0,0,0,0,0,0,0,0,0,0
150006,3,1,0,0,0,0,0,13,0,0,24,0
150007,1,1,0,0,0,0,0,0,0,0,0,0
150008,1,1,0,0,0,0,0,0,0,0,0,0
150009,1,1,19,19,19,19,19,19,19,19,19,19
150010,1,1,0,0,0,0,0,0,0,0,0,0
150010,2,1,0,0,0,0,0,0,0,0,0,0
150011,1,1,14,14,14,14,14,14,14,14,14,14
150011,2,1,0,0,0,0,0,7,0,0,0,0
150012,0,1,22,22,22,22,22,22,22,22,22,22
150012,1,1,0,0,0,0,0,0,0,0,0,0
150013,1,1,0,0,0,0,0,0,0,0,0,0
150013,2,1,0,0,0,0,0,0,0,0,0,0
150014,1,1,0,0,0,0,0,0,0,0,0,0
150015,0,1,0,0,0,0,0,0,0,0,0,0
150015,1,1,0,0,0,0,0,0,0,0,0,0
150016,1,1,0,0,0,0,0,0,0,0,0,0
150017,1,1,0,0,0,30,0,0,0,0,15,6
150018,1,1,27,27,27,27,27,27,27,27,27,27
150018,2,1,0,0,0,0,0,0,5,0,0,0
150019,1,1,0,0,0,0,0,0,0,0,0,0
150020,0,1,24,24,24,24,24,24,24,24,24,24
150020,1,1,0,0,0,0,0,0,0,0,0,0
150021,1,1,0,0,0,0,0,0,0,0,0,0
150022,1,1,0,0,0,18,0,0,14,9,0,0
150022,2,1,0,0,0,0,0,0,0,0,0,0
150023,1,1,13,13,13,13,13,13,13,13,13,13
150023,2,1,0,6,0,0,5,0,0,0,13,0
150023,3,1,0,0,0,0,0,0,0,0,0,0
150024,0,1,0,0,0,0,0,0,0,0,0,0
150024,1,1,0,0,0,0,0,0,0,0,0,0
150025,1,1,0,0,0,0,0,0,0,0,0,0
150026,1,1,15,15,15,15,15,15,15,15,15,15
150027,1,1,15,15,15,15,15,15,15,15,15,15
150027,2,1,0,0,22,0,0,0,3,0,0,16
150028,1,1,15,15,15,15,15,15,15,15,15,15
150028,2,1,0,0,0,0,0,0,0,0,0,0
150028,3,1,0,0,0,0,0,0,0,0,0,0
150028,4,1,0,0,0,0,0,0,0,0,0,0
150028,5,1,14,14,14,14,14,14,14,14,14,14
150028,6,1,0,0,0,0,12,0,0,26,0,14
150028,7,1,0,0,0,0,0,0,0,0,0,0
150028,8,1,0,0,0,0,0,0,0,0,0,0
150029,1,1,15,15,15,15,15,15,15,15,15,15
150029,2,1,0,0,0,0,0,0,0,0,0,0
150030,0,1,0,0,0,0,0,0,0,0,0,0
150030,0,2,0,0,0,0,0,0,0,0,0,0
150030,0,3,0,0,0,0,0,0,0,0,0,0
150030,0,4,0,21,15,0,0,0,0,10,0,0
150030,0,5,0,0,0,0,0,0,0,0,0,0
150030,1,1,16,16,16,16,16,16,16,16,16,16
150031,1,1,1,1,1,1,1,1,1,1,1,1
150031,2,1,0,0,0,0,0,0,0,0,0,0
150032,1,1,6,6,6,6,6,6,6,6,6,6
150032,2,1,0,0,0,0,0,0,0,0,0,0
150033,1,1,2,2,2,2,2,2,2,2,2,2
150034,1,1,0,0,0,0,0,0,0,0,0,0
150034,2,1,0,0,0,0,0,0,0,0,0,0
150035,0,1,1,1,1,1,1,1,1,1,1,1
150035,1,1,18,18,18,18,18,18,18,18,18,18
150036,1,1,2,2,2,2,2,2,2,2,2,2
150037,1,1,0,0,0,0,0,0,0,0,0,0
150037,2,1,0,0,0,0,0,0,0,0,0,0
150038,1,1,0,0,0,0,0,0,0,0,0,0
150038,2,1,0,0,0,0,0,0,0,0,0,0
150039,1,1,0,0,0,0,0,0,0,0,0,0
150039,2,1,0,0,0,0,0,0,0,0,0,0
150041,1,1,12,12,12,12,12,12,12,12,12,12
150041,2,1,25,25,25,25,25,25,25,25,25,25
150042,1,1,0,0,0,0,0,0,0,0,0,0
150042,2,1,1,1,1,1,1,1,1,1,1,1
150043,1,1,22,22,22,22,22,22,22,22,22,22
150043,2,1,0,0,0,0,0,0,0,0,0,0
150043,3,1,0,0,0,0,0,0,0,9,0,15
150044,1,1,20,20,20,20,20,20,20,20,20,20
150045,1,1,14,0,0,0,0,0,19,0,0,0
150045,2,1,0,10,3,0,10,0,0,28,0,8
150046,1,1,0,0,0,0,0,0,0,0,0,0
150047,0,1,19,19,19,19,19,19,19,19,19,19
150047,1,1,0,9,0,0,0,0,0,19,0,0
150048,1,1,12,12,12,12,12,12,12,12,12,12