ST_CASE,VEH_NO,PER_NO,P1,P2,P3,P4,P5,P6,P7,P8,P9,P10
150049,0,1,14,14,14,14,14,14,14,14,14,14
150049,0,2,10,12,0,6,0,11,0,0,13,21
150049,1,1,0,28,0,0,0,18,0,0,0,0
150050,1,1,0,0,0,0,0,0,0,0,0,0
150051,0,1,0,0,0,0,0,0,0,0,0,0
150051,1,1,0,0,0,0,0,0,0,0,0,0
150052,1,1,28,28,28,28,28,28,28,28,28,28
150053,1,1,17,17,17,17,17,17,17,17,17,17
150053,2,1,0,0,0,0,0,0,0,0,0,0
150054,0,1,13,13,13,13,13,13,13,13,13,13
150055,1,1,9,9,9,9,9,9,9,9,9,9
150055,2,1,0,0,0,0,0,0,0,0,0,0
150056,1,1,0,0,0,0,0,0,0,0,0,0
150056,2,1,0,0,0,0,0,0,0,0,0,0
150057,1,1,0,0,0,0,0,0,0,0,0,0
150058,0,1,0,0,0,0,0,0,0,0,0,0
150058,1,1,0,0,0,0,0,0,0,0,0,0
150059,1,1,0,0,0,0,0,0,0,0,0,0
150059,2,1,0,0,0,0,0,0,0,0,0,0
150059,3,1,0,0,0,0,0,0,0,0,0,0
150060,1,1,24,24,24,24,24,24,24,24,24,24
150060,2,1,7,7,7,7,7,7,7,7,7,7
150061,1,1,5,5,5,5,5,5,5,5,5,5
150061,2,1,0,0,0,0,0,0,0,0,0,0
150062,0,1,0,0,0,0,0,0,0,0,0,0
150062,1,1,0,0,0,0,0,0,0,0,0,0
150063,1,1,15,15,15,15,15,15,15,15,15,15
150063,2,1,0,0,0,0,0,0,0,0,0,0
150064,1,1,0,0,0,0,0,0,0,0,0,0
150064,2,1,0,0,0,0,0,0,0,0,0,0
150065,1,1,0,0,0,0,0,0,0,0,0,0
150066,1,1,0,0,0,0,0,0,0,0,0,0
150067,1,1,18,18,18,18,18,18,18,18,18,18
150067,2,1,0,0,0,0,0,0,0,0,0,0
150068,0,1,30,30,30,30,30,30,30,30,30,30
150068,1,1,0,0,0,0,0,0,0,0,0,0
150069,1,1,0,0,0,0,0,0,0,0,0,0
150070,1,1,0,0,0,0,0,0,0,0,0,0
150070,2,1,0,0,0,9,0,1,0,0,0,0
150071,1,1,18,18,18,18,18,18,18,18,18,18
150071,2,1,0,0,0,11,0,4,0,0,0,15
150072,1,1,18,18,18,18,18,18,18,18,18,18
150073,0,1,0,0,0,0,0,0,0,0,0,0
150073,1,1,0,0,0,0,0,0,0,0,20,0
150074,1,1,28,28,28,28,28,28,28,28,28,28
150075,1,1,0,0,0,0,0,0,0,0,0,0
150076,0,1,0,0,0,0,0,0,0,0,0,0
150076,1,1,0,0,0,0,0,0,0,0,0,14
150077,0,1,0,0,0,0,0,0,0,0,0,0
150077,1,1,0,0,0,0,0,0,0,0,0,0
150078,0,1,0,0,0,0,0,0,0,0,0,0
150078,1,1,11,11,11,11,11,11,11,11,11,11
150079,0,1,0,0,0,0,0,0,0,0,0,0
150079,1,1,0,0,0,0,0,0,0,0,0,0
150080,0,1,4,4,4,4,4,4,4,4,4,4
150080,1,1,25,14,13,0,0,0,8,22,15,0
150081,1,1,0,0,0,0,0,0,0,0,0,0
150082,1,1,0,0,0,0,0,0,0,0,0,0
150082,2,1,0,0,0,0,0,0,0,0,0,0
150083,1,1,0,0,0,0,0,0,0,0,0,0
150084,0,1,0,0,0,0,0,0,0,0,0,0
150084,1,1,0,0,0,0,0,0,0,0,0,0
150085,1,1,0,0,0,0,0,0,0,0,0,0
150085,2,1,8,0,0,0,0,0,0,0,0,0
150086,1,1,6,6,6,6,6,6,6,6,6,6
150086,2,1,0,0,0,0,0,0,0,0,0,0
150087,1,1,3,0,0,0,0,29,0,0,0,0
150087,2,1,0,0,0,0,0,0,0,0,0,0
150088,0,1,21,21,21,21,21,21,21,21,21,21
150088,1,1,0,16,0,23,0,0,0,0,0,0
150089,1,1,20,20,20,20,20,20,20,20,20,20
150090,1,1,18,18,18,18,18,18,18,18,18,18
150091,1,1,0,0,0,0,0,0,0,0,0,0
150092,1,1,0,0,0,0,0,0,0,0,0,0
150092,2,1,0,0,0,0,0,0,0,0,0,0
150093,1,1,15,15,15,15,15,15,15,15,15,15
150093,2,1,0,0,0,0,0,0,0,0,0,0
150094,1,1,14,14,14,14,14,14,14,14,14,14
150095,1,1,0,0,0,12,0,0,0,0,0,0
150095,2,1,0,0,0,0,0,0,0,0,0,0
150096,1,1,18,18,18,18,18,18,18,18,18,18
150097,1,1,0,0,0,22,0,0,0,0,0,0
150097,2,1,0,0,0,0,4,0,0,0,9,0
150097,3,1,0,0,0,0,0,0,21,0,0,0
150098,0,1,0,0,0,0,0,0,0,0,0,0
150098,1,1,0,0,0,0,0,0,0,0,0,0
150099,1,1,9,9,9,9,9,9,9,9,9,9
150099,2,1,0,0,0,0,0,0,0,0,0,0
150099,3,1,0,6,0,21,23,0,0,19,0,0
150099,4,1,0,0,0,0,0,0,0,0,0,0
150100,0,1,0,0,0,0,0,0,0,0,0,0
150100,0,2,0,0,0,0,0,0,0,0,0,0
150100,1,1,21,21,21,21,21,21,21,21,21,21
150101,1,1,0,0,0,0,0,0,0,0,0,0
150102,1,1,0,0,0,20,0,0,0,0,0,0
150103,0,1,27,27,27,27,27,27,27,27,27,27
150103,1,1,0,0,0,0,0,0,0,0,0,0
150104,1,1,7,7,7,7,7,7,7,7,7,7
150104,2,1,0,0,0,0,0,0,0,0,0,0
150105,1,1,12,12,12,12,12,12,12,12,12,12
150106,1,1,0,0,0,0,0,0,0,0,0,0
150106,2,1,0,0,0,0,0,0,3,0,0,17
150107,1,1,0,0,0,0,0,0,0,0,0,0
150107,2,1,0,0,0,0,0,0,0,0,0,0
150108,0,1,0,0,0,0,0,0,0,0,0,0
150108,0,2,16,0,0,0,0,0,0,10,0,0
150108,1,1,0,0,0,0,0,0,0,0,0,0
150109,1,1,0,0,0,0,0,0,0,0,0,0
150109,2,1,0,0,0,0,0,0,0,0,0,0
150110,0,1,41,41,41,41,41,41,41,41,41,41
150110,1,1,0,0,0,0,0,0,0,0,0,0
150111,1,1,15,15,15,15,15,15,15,15,15,15
150112,1,1,13,13,13,13,13,13,13,13,13,13
150112,2,1,0,0,0,0,0,0,0,0,0,0
150113,1,1,0,0,0,0,0,0,0,0,0,0
150113,2,1,0,0,0,0,0,0,0,0,0,0
150114,1,1,0,0,0,0,0,0,0,0,0,0
150114,2,1,0,0,0,0,0,0,0,0,0,0
150115,1,1,0,0,0,0,0,0,0,0,0,0
150115,2,1,0,0,0,0,0,0,0,0,0,0
160001,0,1,17,17,17,17,17,17,17,17,17,17
160001,1,1,0,0,0,0,0,0,0,0,0,0
160002,1,1,0,0,0,0,0,0,0,0,0,0
160002,2,1,0,0,0,0,0,0,0,0,0,0
160003,1,1,0,0,0,0,0,0,0,0,0,0
160003,2,1,0,0,0,0,0,0,0,0,0,0
160003,3,1,0,0,0,0,0,0,0,0,0,0
160004,1,1,0,0,0,0,0,0,0,0,0,0
160004,2,1,0,7,0,0,0,0,18,0,0,0
160005,1,1,0,0,0,0,0,0,0,0,0,0
160006,1,1,0,0,0,0,0,0,0,0,0,0
160006,2,1,0,0,0,0,0,0,0,0,0,0
160007,1,1,0,0,0,0,0,0,0,0,0,0
160007,2,1,0,0,0,0,0,0,0,0,0,0
160007,3,1,0,0,0,0,0,0,0,0,0,0
160007,4,1,0,0,0,0,0,0,0,0,0,0
160007,5,1,0,0,0,0,0,0,0,0,0,0
160008,1,1,0,0,0,0,0,0,0,0,0,0
160009,1,1,26,26,26,26,26,26,26,26,26,26
160010,1,1,0,0,0,0,0,0,0,0,0,0
160010,2,1,0,0,0,0,0,0,0,0,0,0
160011,1,1,0,0,0,0,0,0,0,0,0,0
160012,1,1,22,22,22,22,22,22,22,22,22,22
160013,1,1,16,16,16,16,16,16,16,16,16,16
160014,1,1,0,0,0,0,0,0,0,0,0,0
160015,1,1,0,0,0,0,0,0,0,0,0,0
160016,1,1,0,0,0,0,0,0,0,0,0,0
160017,1,1,15,15,15,15,15,15,15,15,15,15
160017,2,1,0,0,0,0,0,0,0,0,0,0
160018,1,1,29,29,29,29,29,29,29,29,29,29
160019,1,1,0,0,0,0,0,0,0,0,0,0
160019,2,1,0,0,0,0,0,0,0,0,0,0
160019,3,1,0,0,0,0,0,0,0,0,0,0
160020,1,1,0,0,0,0,0,0,0,0,0,0
160021,1,1,16,16,16,16,16,16,16,16,16,16
160022,1,1,30,30,30,30,30,30,30,30,30,30
160023,1,1,0,0,0,0,0,0,0,0,0,0
160023,2,1,0,0,0,0,0,0,0,0,0,0
160024,0,1,0,0,0,0,0,0,0,0,0,0
160024,1,1,0,0,0,0,0,0,0,0,0,0
160025,0,1,0,0,0,0,0,7,0,14,0,0
160025,1,1,0,0,0,0,0,0,0,0,0,0
160026,1,1,9,9,9,9,9,9,9,9,9,9
160027,0,1,18,18,18,18,18,18,18,18,18,18
160027,1,1,0,12,0,0,0,0,0,0,0,0
160028,1,1,31,15,26,28,11,40,39,40,29,32
160029,1,1,12,12,12,12,12,12,12,12,12,12
160029,2,1,0,0,0,0,0,0,0,0,0,0
160030,1,1,0,0,0,15,0,0,0,0,0,0
160031,1,1,9,9,9,9,9,9,9,9,9,9
160032,1,1,0,0,0,0,0,0,0,0,0,0
160032,2,1,0,0,0,0,0,0,0,0,0,0
160033,1,1,7,7,7,7,7,7,7,7,7,7
160034,1,1,0,0,0,0,0,0,0,0,0,0
160035,1,1,14,14,14,14,14,14,14,14,14,14
160036,1,1,2,2,2,2,2,2,2,2,2,2
160037,1,1,24,24,24,24,24,24,24,24,24,24
160038,1,1,0,0,0,0,0,0,0,0,0,0
160039,1,1,0,0,0,0,0,0,0,0,0,0
160039,2,1,0,0,0,0,0,0,0,0,0,0
160040,1,1,22,20,12,20,18,17,22,32,0,16
160041,1,1,0,0,0,0,0,0,0,0,0,0
160042,1,1,0,0,0,0,0,0,0,0,0,0
160043,1,1,0,0,0,0,0,0,0,0,0,0
160044,1,1,43,43,43,43,43,43,43,43,43,43
160045,1,1,23,0,0,14,0,13,0,0,24,0
160046,1,1,0,0,0,0,0,0,0,0,0,0
160046,2,1,0,0,0,0,0,0,0,0,0,0
160047,1,1,16,16,16,16,16,16,16,16,16,16
160048,1,1,0,8,0,0,0,0,0,0,0,0
160049,1,1,0,0,0,0,0,0,0,0,0,0
160049,2,1,0,0,0,0,0,0,0,0,0,0
160050,1,1,0,0,0,0,0,0,12,0,0,0
160051,1,1,0,0,0,0,0,0,0,0,0,0
160052,1,1,33,33,33,33,33,33,33,33,33,33
160053,0,1,0,0,0,0,0,0,0,0,0,0
160053,1,1,0,0,0,0,0,0,0,0,0,0
160054,1,1,19,19,19,19,19,19,19,19,19,19
160055,1,1,0,0,0,0,0,0,0,0,0,0
160056,1,1,18,18,18,18,18,18,18,18,18,18
160057,1,1,0,0,0,0,0,0,0,0,0,0
160057,2,1,0,0,0,0,0,0,0,0,0,0
160058,1,1,0,0,0,0,0,0,0,0,0,0
160059,1,1,14,14,14,14,14,14,14,14,14,14
160060,1,1,0,0,0,0,0,0,0,0,0,0
160060,2,1,0,0,0,0,0,0,0,0,0,0
160061,1,1,0,0,0,0,0,0,0,0,0,0
160061,2,1,0,0,0,0,0,0,0,0,0,0
160062,1,1,0,0,0,0,0,0,0,0,0,0
160062,2,1,34,0,0,0,0,0,0,0,0,0
160063,1,1,0,0,0,0,0,0,0,0,0,0
160063,2,1,0,0,0,0,0,0,0,0,0,0
160063,3,1,0,0,0,0,0,0,0,0,0,0
160064,1,1,0,0,0,0,0,0,0,0,0,0
160064,2,1,0,0,0,0,0,0,0,0,0,0
160065,1,1,0,0,0,0,0,0,0,0,0,0
160065,2,1,0,0,0,23,0,0,15,0,0,0
160066,1,1,0,0,0,0,0,0,0,0,0,0
160066,2,1,0,0,0,0,0,0,0,0,0,0
160067,1,1,0,13,0,0,0,0,0,0,0,21
160067,2,1,0,0,0,0,0,0,0,0,0,0
160068,1,1,0,0,43,0,0,0,0,0,0,0
160068,2,1,0,0,0,0,0,0,0,0,0,0
160069,1,1,7,7,7,7,7,7,7,7,7,7
160069,2,1,0,0,0,0,0,0,0,0,0,0
160070,1,1,0,0,0,0,0,0,0,0,0,0
160070,2,1,0,0,0,0,0,0,0,0,0,0
160071,1,1,0,0,0,0,0,0,0,0,0,0
160072,1,1,0,0,0,0,0,0,0,0,0,0
160072,2,1,0,0,0,0,0,0,0,0,0,0
160073,1,1,0,0,0,0,0,0,0,0,0,0
160074,1,1,0,0,0,0,0,0,0,0,0,0
160074,2,1,0,0,13,0,0,0,0,0,0,0
160075,1,1,31,31,31,31,31,31,31,31,31,31
160076,1,1,10,0,12,0,0,0,9,0,0,0
160077,1,1,0,0,0,0,0,0,0,0,0,0
160078,1,1,0,0,0,0,0,0,0,0,0,0
160079,1,1,0,0,0,0,0,0,0,0,0,0
160080,0,1,12,12,12,12,12,12,12,12,12,12
160080,1,1,0,0,0,0,0,0,0,0,0,0
160081,0,1,0,0,0,0,0,0,0,0,0,0
160081,1,1,0,0,0,0,0,0,0,0,0,0
160082,0,1,0,0,0,0,0,0,0,0,0,0
160082,1,1,0,0,0,0,0,0,0,0,0,0
160083,1,1,0,0,0,0,0,0,0,0,0,0
160083,2,1,0,0,0,0,0,0,0,0,0,0
160084,1,1,0,0,0,0,0,0,0,0,0,0
160085,1,1,0,0,0,0,0,0,0,0,0,0
160085,2,1,0,0,0,0,0,0,0,7,0,0
160085,3,1,0,0,0,0,7,0,0,0,0,0
160085,4,1,0,0,0,0,0,0,0,0,0,0
160086,1,1,0,0,0,0,21,0,0,0,0,16
160087,1,1,0,0,0,0,0,0,0,0,0,0
160087,2,1,0,0,0,0,0,0,0,0,0,0
160088,0,1,0,0,0,0,0,0,0,0,0,0
160088,1,1,0,0,0,0,0,0,0,0,0,0
160089,1,1,0,0,0,0,0,0,0,0,17,0
160090,1,1,14,14,14,14,14,14,14,14,14,14
160091,1,1,0,0,0,0,0,0,0,0,0,0
160091,2,1,0,0,0,0,0,2,0,0,0,0
160092,0,1,0,0,0,0,0,0,0,0,0,0
160092,1,1,0,0,0,0,0,0,0,0,0,0
160093,1,1,21,21,21,21,21,21,21,21,21,21
160094,1,1,27,0,0,0,0,0,0,0,27,0
160095,1,1,0,0,0,0,0,0,0,0,0,0
160095,2,1,0,0,0,0,0,0,0,0,0,0
160096,1,1,20,20,20,20,20,20,20,20,20,20
160097,1,1,27,27,27,27,27,27,27,27,27,27
160098,1,1,0,0,0,0,0,0,0,0,0,0
160099,1,1,0,16,0,0,0,0,0,0,0,13
160099,2,1,0,0,7,0,0,0,0,0,0,0
160100,1,1,23,23,23,23,23,23,23,23,23,23
160101,1,1,0,0,0,0,0,0,0,0,0,0
160102,1,1,15,15,15,15,15,15,15,15,15,15
160102,2,1,0,0,0,3,0,0,7,0,8,0
160103,1,1,0,0,0,0,0,0,0,0,0,0
160103,2,1,0,0,0,0,0,0,0,0,0,0
160104,1,1,8,8,8,8,8,8,8,8,8,8
160105,1,1,0,0,23,15,0,0,0,0,0,0
160106,1,1,0,0,0,0,0,0,0,0,0,0
160107,1,1,0,0,0,0,0,0,0,0,0,0
160108,1,1,35,35,35,35,35,35,35,35,35,35
160108,2,1,0,0,0,0,0,0,0,0,0,0
160109,1,1,36,0,4,15,14,26,22,19,0,12
160109,2,1,0,12,0,0,14,0,6,0,0,34
160110,1,1,31,9,27,7,24,17,20,10,32,43
160111,1,1,0,0,0,0,0,0,0,0,0,0
160111,2,1,0,0,0,0,0,0,0,0,0,0
160112,1,1,13,13,13,13,13,13,13,13,13,13
160112,2,1,27,27,27,27,27,27,27,27,27,27
160113,1,1,0,0,0,0,5,0,0,0,0,0
160113,2,1,0,0,0,0,0,0,0,0,0,0
160114,1,1,0,0,0,0,0,0,0,0,0,0
160115,1,1,16,16,16,16,16,16,16,16,16,16
160116,1,1,25,25,25,25,25,25,25,25,25,25
160117,1,1,0,0,0,0,0,0,0,0,0,0
160118,1,1,0,0,0,0,0,0,0,0,0,0
160118,2,1,0,0,0,0,0,0,0,0,0,0
160119,1,1,0,0,0,0,0,0,0,25,0,0
160120,1,1,21,21,21,21,21,21,21,21,21,21
160121,1,1,0,0,0,0,0,0,0,0,0,0
160122,0,1,0,0,0,0,0,0,0,0,0,0
160122,1,1,0,0,0,0,0,0,0,0,0,0
160123,1,1,0,0,0,0,0,0,0,0,0,0
160124,1,1,0,0,0,0,0,0,0,0,0,0
160124,2,1,0,0,0,0,0,0,0,0,0,0
160125,1,1,30,30,30,30,30,30,30,30,30,30
160126,1,1,0,0,28,0,0,0,0,0,0,0
160127,1,1,0,0,0,0,0,0,0,0,0,0
160128,0,1,0,0,0,0,0,0,0,0,0,0
160128,1,1,0,0,0,0,0,0,0,0,0,0
160129,1,1,17,17,17,17,17,17,17,17,17,17
160130,1,1,22,0,0,22,14,24,26,30,8,30
160131,1,1,0,0,0,0,0,0,0,0,0,0
160131,2,1,0,0,0,0,0,0,0,0,0,0
160131,3,1,0,0,0,0,0,0,0,0,0,0
160132,1,1,15,15,15,15,15,15,15,15,15,15
160133,1,1,26,26,26,26,26,26,26,26,26,26
160134,1,1,0,0,9,0,0,0,0,0,0,17
160135,1,1,14,21,27,11,0,17,14,31,20,0
160136,1,1,0,0,0,0,0,0,0,0,0,0
160137,1,1,9,9,9,9,9,9,9,9,9,9
160138,1,1,0,0,0,0,0,0,0,0,0,0
160138,2,1,0,0,0,0,0,0,0,0,0,0
160139,1,1,0,0,0,0,0,0,0,0,0,0
160140,1,1,0,0,0,0,0,0,0,0,0,0
160141,0,1,0,0,0,0,29,11,0,26,33,0
160141,1,1,0,0,0,0,25,0,0,0,0,0
160142,1,1,0,0,0,0,0,0,0,0,0,0
160142,2,1,0,0,0,0,0,0,0,0,0,0
160143,1,1,0,0,0,0,0,0,0,0,0,0
160143,2,1,0,0,0,0,0,0,0,0,0,0
160143,3,1,0,0,0,0,0,0,0,0,0,0
160143,4,1,0,0,0,0,0,0,0,0,0,0
160144,1,1,0,0,0,0,0,0,0,0,0,0
160145,1,1,0,0,0,0,0,0,0,0,0,0
160146,1,1,0,0,0,0,0,0,0,0,0,0
160146,2,1,0,0,0,0,0,0,0,0,0,0
160147,0,1,0,0,0,0,0,0,35,20,0,0
160147,1,1,0,0,0,0,0,0,0,0,0,0
160148,1,1,0,0,0,0,0,0,0,0,0,0
160149,1,1,16,16,16,16,16,16,16,16,16,16
160150,0,1,0,0,0,0,0,0,0,0,0,0
160150,1,1,0,0,0,0,0,0,0,0,0,0
160151,1,1,0,0,0,0,0,0,0,0,0,0
160151,2,1,0,0,0,0,0,0,0,0,0,0
160152,1,1,8,8,8,8,8,8,8,8,8,8
160153,1,1,0,0,0,5,0,0,0,0,0,0
160153,2,1,0,0,0,0,0,0,0,0,0,0
160153,3,1,32,12,23,22,15,16,18,17,0,18
160153,4,1,0,0,0,0,0,0,0,0,0,0
160153,5,1,0,0,0,0,0,0,0,0,0,0
160153,6,1,0,0,0,0,0,0,0,0,0,0
160154,1,1,0,0,0,0,0,0,0,0,0,0
160154,2,1,0,0,0,0,0,0,0,0,0,0
160155,1,1,0,0,0,0,0,0,0,0,0,0
160156,1,1,0,0,0,0,0,0,0,0,0,0
160156,2,1,0,0,0,0,0,0,0,0,0,0
160156,3,1,0,0,0,0,0,0,0,0,0,0
160157,1,1,0,0,0,0,0,0,0,0,0,0
160157,2,1,0,0,0,0,0,0,0,0,0,0
160157,3,1,0,3,0,0,13,0,0,0,0,0
160158,1,1,0,0,0,0,0,0,0,0,0,0
160158,2,1,0,0,0,0,0,0,0,0,0,0
160159,1,1,0,0,0,0,0,0,0,0,0,0
160159,2,1,0,0,0,0,0,0,0,0,0,0
160160,1,1,6,6,6,6,6,6,6,6,6,6
160161,1,1,0,0,0,0,0,0,0,0,0,0
160162,1,1,0,0,0,0,0,0,0,0,0,0
160162,2,1,0,0,0,0,0,0,0,0,0,0
160163,1,1,0,0,0,0,0,0,0,0,0,0
160164,1,1,0,0,0,0,0,0,0,0,0,0
160165,1,1,0,0,20,0,0,0,0,0,0,0
160166,1,1,17,17,17,17,17,17,17,17,17,17
160167,1,1,0,0,0,0,0,0,0,0,0,0
160168,1,1,0,0,0,0,0,0,0,0,0,0
160168,2,1,0,0,0,0,0,0,0,0,0,0
160169,1,1,0,0,0,0,0,0,0,0,0,0
160169,2,1,0,0,0,0,0,0,0,0,0,0
170001,1,1,10,10,10,10,10,10,10,10,10,10
170002,1,1,24,24,24,24,24,24,24,24,24,24
170003,1,1,0,0,0,0,0,0,0,0,0,0
170003,2,1,0,0,0,0,0,0,0,0,0,0
170004,1,1,0,0,0,0,0,0,0,0,0,0
170004,2,1,0,0,0,0,0,0,0,0,0,0
170005,1,1,0,0,0,0,0,0,0,0,0,0
170005,2,1,0,0,0,0,0,0,0,0,0,0
170006,1,1,0,0,0,0,0,0,0,0,0,0
170006,2,1,0,0,0,0,0,0,0,0,0,0
170007,1,1,14,14,14,14,14,14,14,14,14,14
170008,1,1,23,23,23,23,23,23,23,23,23,23
170008,2,1,0,0,0,0,0,0,0,0,0,0
170009,1,1,0,0,0,0,0,0,0,0,0,0
170009,2,1,0,0,0,0,0,0,0,0,0,0
170010,1,1,0,0,0,0,0,0,0,0,0,0
170010,2,1,0,0,0,0,0,0,0,0,0,0
170010,3,1,0,0,0,0,0,23,0,0,23,15
170011,0,1,20,20,20,20,20,20,20,20,20,20
170011,1,1,0,0,0,0,0,0,0,0,0,0
170012,1,1,0,0,0,0,0,0,0,0,0,0
170013,1,1,24,24,24,24,24,24,24,24,24,24
170014,1,1,0,0,0,0,0,0,0,0,0,0
170014,2,1,0,0,0,0,12,0,0,0,0,0
170015,1,1,2,2,2,2,2,2,2,2,2,2
170016,1,1,9,9,9,9,9,9,9,9,9,9
170017,1,1,0,0,0,0,0,0,0,0,0,0
170018,1,1,27,27,27,27,27,27,27,27,27,27
170019,1,1,0,0,0,0,0,0,0,0,0,0
170020,0,1,13,13,13,13,13,13,13,13,13,13
170020,1,1,0,0,0,0,0,0,0,0,0,0
170021,1,1,0,0,0,0,0,0,0,0,0,0
170022,1,1,0,0,0,0,0,0,0,0,0,0
170022,2,1,0,0,0,0,0,0,0,0,0,0
170023,1,1,15,15,14,0,19,9,26,24,14,6
170025,1,1,0,0,0,6,0,0,0,0,0,0
170025,2,1,0,0,0,0,0,0,0,0,0,0
170025,3,1,0,0,0,0,0,0,0,0,0,0
170025,4,1,0,0,0,0,0,0,0,0,0,0
170025,5,1,0,0,0,0,0,0,0,0,0,0
170026,1,1,0,0,0,0,0,0,0,0,0,0
170027,1,1,0,0,0,0,0,0,0,0,0,0
170027,2,1,0,0,0,0,0,0,0,0,0,0
170028,1,1,0,0,0,0,0,0,0,0,0,0
170028,2,1,0,0,0,0,0,0,0,0,0,0
170028,3,1,0,0,0,0,0,0,0,0,0,0
170029,1,1,24,24,24,24,24,24,24,24,24,24
170029,2,1,0,0,0,0,0,0,0,0,0,0
170030,1,1,0,0,0,0,0,0,0,0,0,0
170031,1,1,0,0,0,0,0,0,0,0,0,0
170031,2,1,0,0,0,0,0,0,0,0,0,0
170032,0,1,0,0,0,0,0,0,0,0,0,0
170032,1,1,0,0,0,0,0,0,0,0,0,0
170033,1,1,16,16,16,16,16,16,16,16,16,16
170034,1,1,0,0,0,0,0,0,0,0,0,0
170035,1,1,7,7,7,7,7,7,7,7,7,7
170036,1,1,22,22,22,22,22,22,22,22,22,22
170037,1,1,23,23,23,23,23,23,23,23,23,23
170038,1,1,30,30,30,30,30,30,30,30,30,30
170039,1,1,0,0,0,0,0,0,0,0,0,0
170040,1,1,0,0,0,0,0,0,0,0,0,0
170041,1,1,21,21,21,21,21,21,21,21,21,21
170042,1,1,25,21,0,8,0,0,21,0,24,0
170042,2,1,7,5,11,15,4,8,10,16,10,5
170042,3,1,0,8,0,0,0,0,16,0,23,0
170043,0,1,0,0,0,0,0,0,0,0,0,0
170043,1,1,0,0,0,0,0,0,0,0,0,0
170044,1,1,29,29,29,29,29,29,29,29,29,29
170045,1,1,0,0,0,0,0,0,0,0,0,0
170045,2,1,0,0,0,0,0,0,0,0,0,0
170046,1,1,18,18,18,18,18,18,18,18,18,18
170047,1,1,0,0,0,0,0,0,0,0,0,0
170047,2,1,0,0,0,0,0,0,0,0,0,0
170048,1,1,19,19,19,19,19,19,19,19,19,19
170049,0,1,0,0,0,0,0,0,0,0,0,0
170049,1,1,0,0,0,0,0,0,0,0,0,0
170050,1,1,24,24,24,24,24,24,24,24,24,24
170050,2,1,11,11,11,11,11,11,11,11,11,11
170051,1,1,24,24,24,24,24,24,24,24,24,24
170051,2,1,0,0,0,10,0,0,0,0,0,0
170052,1,1,0,0,0,0,0,0,0,0,0,0
170052,2,1,0,0,0,0,0,0,0,0,0,0
170053,1,1,1,1,1,1,1,1,1,1,1,1
170053,2,1,0,0,0,0,0,0,0,0,0,0
170053,3,1,0,0,0,0,0,0,0,0,0,0
170054,0,1,0,0,0,0,0,0,0,0,0,0
170054,1,1,0,0,0,0,0,0,0,0,0,0
170055,1,1,0,0,0,0,0,0,0,0,0,0
170056,0,1,15,15,15,15,15,15,15,15,15,15
170056,1,1,25,25,25,25,25,25,25,25,25,25
170057,1,1,0,0,0,0,0,0,0,0,0,0
170059,1,1,20,20,20,20,20,20,20,20,20,20
170060,0,1,32,32,32,32,32,32,32,32,32,32
170060,1,1,0,0,0,0,0,0,0,0,0,0
170061,1,1,19,19,19,19,19,19,19,19,19,19
170062,1,1,1,1,1,1,1,1,1,1,1,1
170062,2,1,0,0,0,0,0,0,0,0,0,0
170062,3,1,0,0,15,0,0,0,0,0,0,0
170062,4,1,0,0,0,0,0,0,0,0,0,0
170063,1,1,7,7,7,7,7,7,7,7,7,7
170064,1,1,0,0,0,0,0,0,0,0,0,0
170066,1,1,4,4,4,4,4,4,4,4,4,4
170067,1,1,0,31,0,0,0,0,0,0,0,0
170067,2,1,0,0,0,0,0,0,0,0,0,0
170068,1,1,32,32,32,32,32,32,32,32,32,32
170068,2,1,0,0,0,25,0,0,0,0,0,0
170069,1,1,3,3,3,3,3,3,3,3,3,3
170070,1,1,0,0,0,0,0,0,0,0,0,0
170071,1,1,22,22,22,22,22,22,22,22,22,22
170072,1,1,21,21,21,21,21,21,21,21,21,21
170072,2,1,0,5,0,0,0,0,0,0,10,0
170073,0,1,0,0,0,0,0,0,0,0,0,0
170073,0,2,21,21,21,21,21,21,21,21,21,21
170073,1,1,8,8,8,8,8,8,8,8,8,8
170075,1,1,0,0,0,0,0,0,0,0,0,0
170075,2,1,0,0,0,0,0,0,0,0,0,0
170075,3,1,0,0,13,0,0,0,0,0,0,0
170075,4,1,0,0,0,0,0,0,0,0,0,0
170075,5,1,0,0,0,0,0,0,0,0,0,0
170075,6,1,21,21,21,21,21,21,21,21,21,21
170076,1,1,9,9,9,9,9,9,9,9,9,9
170077,0,1,0,0,0,0,0,0,0,0,0,0
170077,1,1,0,0,0,0,0,0,0,0,0,0
170078,1,1,11,11,11,11,11,11,11,11,11,11
170079,1,1,0,0,0,0,0,0,0,0,0,24
170080,1,1,8,8,8,8,8,8,8,8,8,8
170080,2,1,0,0,0,0,0,0,0,0,0,0
170080,3,1,0,0,0,0,0,0,0,0,0,0
170081,0,1,0,0,0,0,0,0,0,0,0,0
170081,1,1,0,0,0,0,0,24,0,0,0,0