ST_CASE,VEH_NO,PER_NO,P1,P2,P3,P4,P5,P6,P7,P8,P9,P10
170082,1,1,37,37,37,37,37,37,37,37,37,37
170083,1,1,24,24,24,24,24,24,24,24,24,24
170084,0,1,0,0,0,0,0,0,0,0,0,0
170084,1,1,0,0,0,0,0,0,0,0,0,0
170085,1,1,0,0,0,0,0,0,0,0,0,0
170086,1,1,25,25,25,25,25,25,25,25,25,25
170087,1,1,0,0,0,0,0,0,0,0,0,0
170087,2,1,0,0,0,0,0,0,0,0,0,0
170088,0,1,0,0,0,0,0,0,0,0,0,0
170088,1,1,0,0,0,0,0,0,0,0,0,0
170089,1,1,0,0,0,0,0,0,0,0,0,0
170089,2,1,0,0,0,0,0,0,0,0,0,0
170090,1,1,0,0,0,0,0,0,0,0,0,0
170091,0,1,16,16,16,16,16,16,16,16,16,16
170091,1,1,11,0,0,0,0,0,0,0,0,8
170092,1,1,10,10,10,10,10,10,10,10,10,10
170092,2,1,0,0,0,0,0,0,0,0,0,0
170093,1,1,0,0,0,0,0,0,0,0,0,0
170094,0,1,0,0,0,0,0,0,0,0,0,0
170094,1,1,0,0,0,0,0,0,0,0,0,0
170095,1,1,10,10,10,10,10,10,10,10,10,10
170096,1,1,5,5,5,5,5,5,5,5,5,5
170097,1,1,13,13,13,13,13,13,13,13,13,13
170098,1,1,0,0,0,0,0,0,0,0,0,0
170099,1,1,0,0,0,0,0,0,0,0,0,0
170100,0,1,0,0,0,0,0,0,0,0,0,0
170100,1,1,0,0,0,0,0,0,0,0,0,0
170101,1,1,0,0,0,0,0,0,0,0,0,0
170101,2,1,0,0,0,0,0,19,0,0,0,0
170102,1,1,28,0,11,27,23,11,22,0,22,0
170103,0,1,0,0,0,0,0,0,0,0,0,0
170103,1,1,0,0,0,0,0,0,0,0,0,0
170104,1,1,0,0,0,0,0,0,0,0,0,0
170104,2,1,0,0,0,0,0,0,0,0,0,0
170105,1,1,35,0,0,0,0,0,0,0,0,0
170106,1,1,0,0,0,0,0,0,0,0,0,0
170107,0,1,0,0,0,0,0,0,4,21,18,0
170107,1,1,0,0,0,0,0,0,0,0,0,0
170108,1,1,30,30,30,30,30,30,30,30,30,30
170109,0,1,0,0,0,0,0,0,0,0,0,0
170109,1,1,0,0,0,0,0,0,0,0,0,0
170110,1,1,30,30,30,30,30,30,30,30,30,30
170111,1,1,12,12,12,12,12,12,12,12,12,12
170111,2,1,0,0,0,0,0,0,0,0,0,0
170112,0,1,20,20,20,20,20,20,20,20,20,20
170112,1,1,17,0,18,5,0,0,0,0,0,0
170114,1,1,0,0,0,0,0,0,0,0,23,0
170116,1,1,0,0,0,0,0,0,0,0,0,0
170116,2,1,0,0,0,0,0,0,0,0,0,0
170117,1,1,15,15,15,15,15,15,15,15,15,15
170118,1,1,0,0,0,0,13,0,0,0,0,0
170118,2,1,0,0,0,0,0,0,0,0,0,0
170119,1,1,0,0,0,0,0,0,0,0,0,0
170119,2,1,1,1,1,1,1,1,1,1,1,1
170120,1,1,0,0,0,0,0,0,0,0,0,0
170122,1,1,17,0,0,0,0,0,0,0,11,0
170122,2,1,0,0,0,0,0,0,0,0,0,0
170123,1,1,0,0,0,0,0,0,0,0,0,0
170124,0,1,0,0,0,0,0,0,0,0,0,0
170124,1,1,0,0,0,0,0,13,0,0,0,0
170125,1,1,0,0,0,0,0,0,0,0,0,0
170125,2,1,0,0,0,0,0,0,0,0,0,0
170126,1,1,0,0,0,0,0,0,0,0,0,0
170126,2,1,15,15,15,15,15,15,15,15,15,15
170127,1,1,24,24,24,24,24,24,24,24,24,24
170128,1,1,0,0,0,0,0,0,0,0,0,0
170128,2,1,0,0,0,0,0,0,0,0,0,0
170129,1,1,0,0,0,0,0,0,0,0,0,0
170129,2,1,0,0,0,0,0,0,0,0,0,0
170129,3,1,0,0,0,0,0,0,0,0,0,0
170129,4,1,0,0,0,0,0,0,0,0,0,0
170130,1,1,14,14,14,14,14,14,14,14,14,14
170130,2,1,0,0,0,0,0,0,0,0,0,0
170131,1,1,4,4,4,4,4,4,4,4,4,4
170132,1,1,0,0,0,0,0,0,0,0,0,0
170133,1,1,0,0,0,0,0,0,0,0,0,0
170134,0,1,0,0,0,0,0,0,0,0,0,0
170134,1,1,0,0,0,0,0,0,0,0,0,0
170135,0,1,9,9,9,9,9,9,9,9,9,9
170135,1,1,0,0,0,0,0,0,0,0,0,0
170136,1,1,27,27,27,27,27,27,27,27,27,27
170137,0,1,0,0,0,0,0,0,0,0,0,0
170137,1,1,0,0,28,0,0,0,23,0,4,0
170138,0,1,0,0,0,0,0,0,0,0,0,0
170138,1,1,0,0,0,0,0,0,0,9,0,0
170139,1,1,6,6,6,6,6,6,6,6,6,6
170139,2,1,13,13,13,13,13,13,13,13,13,13
170141,1,1,24,24,24,24,24,24,24,24,24,24
170142,1,1,25,25,25,25,25,25,25,25,25,25
170143,1,1,8,8,8,8,8,8,8,8,8,8
170144,1,1,24,24,24,24,24,24,24,24,24,24
170145,1,1,0,0,0,0,0,0,0,0,0,0
170147,1,1,10,15,11,11,13,11,0,0,26,0
170148,1,1,0,0,0,0,0,0,0,0,0,0
170149,1,1,0,0,0,0,0,0,0,0,0,0
170150,1,1,15,15,15,15,15,15,15,15,15,15
170151,1,1,0,0,0,0,0,0,0,0,0,0
170151,2,1,0,0,0,0,0,0,0,0,0,0
170152,1,1,6,6,6,6,6,6,6,6,6,6
170154,1,1,0,0,0,0,0,0,0,0,0,0
170154,2,1,0,0,0,26,0,0,0,0,0,0
170154,3,1,0,0,0,0,0,0,0,0,0,0
170155,1,1,0,0,0,0,0,0,0,0,0,0
170155,2,1,0,0,0,0,0,0,0,0,0,0
170156,0,1,2,2,2,2,2,2,2,2,2,2
170156,1,1,16,16,16,16,16,16,16,16,16,16
170157,0,1,0,0,0,0,0,0,0,0,0,0
170157,1,1,0,0,0,0,0,0,0,0,0,0
170158,1,1,8,8,8,8,8,8,8,8,8,8
170158,2,1,8,0,0,0,0,0,0,0,0,0
170158,3,1,0,0,0,0,0,0,0,0,0,0
170159,1,1,0,0,0,0,0,0,0,0,0,31
170160,1,1,25,25,25,25,25,25,25,25,25,25
170161,0,1,0,22,0,0,0,0,11,17,0,28
170161,1,1,0,0,0,0,0,22,0,0,0,0
170162,1,1,9,9,9,9,9,9,9,9,9,9
170162,2,1,0,0,0,0,0,0,0,0,0,0
170163,0,1,0,0,0,0,0,0,0,0,0,0
170163,1,1,0,0,0,0,0,0,0,0,0,0
170164,1,1,0,0,0,6,0,10,0,0,0,0
170166,1,1,0,0,0,0,0,0,0,0,0,0
170167,1,1,8,26,19,7,26,7,10,18,7,0
170167,2,1,0,0,0,0,0,0,0,0,0,0
170167,3,1,0,0,0,0,0,0,0,0,0,0
170167,4,1,0,0,0,0,0,0,0,0,0,0
170167,5,1,0,0,0,12,0,4,0,0,0,0
170167,6,1,0,0,0,0,0,0,3,0,0,0
170168,0,1,0,0,0,0,0,0,0,0,0,0
170168,1,1,0,0,0,0,0,0,0,0,0,0
170169,1,1,0,0,0,0,0,0,0,0,0,0
170169,2,1,0,0,0,0,0,0,0,0,0,0
170170,0,1,0,0,0,0,0,0,0,0,0,0
170170,1,1,0,0,0,0,0,0,0,0,0,0
170171,1,1,0,0,0,0,0,0,0,0,0,0
170171,2,1,0,0,0,0,0,0,0,0,0,0
170172,1,1,0,0,0,0,0,0,0,0,0,0
170172,2,1,0,0,0,0,0,0,0,0,0,0
170173,1,1,0,0,0,0,0,0,0,0,0,0
170174,1,1,0,0,0,0,0,0,0,0,0,0
170174,2,1,0,0,0,0,0,0,0,0,0,0
170174,3,1,0,0,0,0,0,0,0,0,0,0
170175,0,1,34,34,34,34,34,34,34,34,34,34
170175,1,1,0,0,0,0,0,0,0,0,0,0
170176,1,1,18,18,18,18,18,18,18,18,18,18
170177,1,1,17,17,17,17,17,17,17,17,17,17
170178,1,1,0,0,0,0,0,0,0,0,0,0
170178,3,1,0,0,0,0,0,0,0,0,0,0
170179,1,1,0,0,0,0,0,0,0,0,0,0
170179,2,1,0,0,0,0,0,7,0,0,0,0
170180,1,1,0,0,0,0,0,0,0,0,0,0
170180,2,1,0,0,0,0,0,0,0,0,0,0
170181,1,1,0,0,0,0,0,0,0,0,0,39
170181,2,1,0,0,0,0,0,0,0,0,0,0
170182,1,1,0,0,0,0,0,0,0,0,0,0
170183,1,1,0,0,0,0,0,0,0,0,0,0
170183,2,1,0,0,0,0,0,0,0,0,0,0
170184,1,1,0,0,0,0,0,0,0,0,0,0
170184,2,1,0,0,0,0,0,0,0,0,0,0
170185,1,1,0,0,0,0,0,0,0,0,0,0
170186,1,1,20,20,20,20,20,20,20,20,20,20
170186,2,1,0,0,0,0,0,0,0,0,0,0
170187,1,1,0,0,0,0,0,0,0,0,0,0
170188,1,1,0,0,0,0,0,0,0,0,0,0
170189,0,1,0,0,0,0,0,0,0,0,0,0
170189,1,1,0,0,0,0,0,0,0,0,0,0
170190,1,1,0,0,0,0,0,0,0,0,0,0
170190,2,1,0,0,0,0,0,0,0,0,0,0
170191,1,1,1,1,1,1,1,1,1,1,1,1
170192,1,1,14,14,14,14,14,14,14,14,14,14
170193,0,1,14,14,14,14,14,14,14,14,14,14
170193,1,1,0,0,0,0,0,0,14,0,19,0
170194,1,1,0,0,0,0,0,0,0,0,0,0
170195,1,1,8,8,8,8,8,8,8,8,8,8
170195,2,1,0,0,0,0,0,0,14,0,0,0
170196,1,1,0,0,0,0,0,0,0,0,0,0
170197,0,1,0,0,0,0,0,0,0,0,19,0
170197,1,1,0,0,0,0,9,0,0,0,0,0
170198,0,1,23,23,23,23,23,23,23,23,23,23
170198,1,1,0,0,0,0,0,0,0,0,0,0
170199,0,1,0,0,30,32,21,0,0,0,12,23
170200,1,1,0,0,0,0,0,0,0,0,0,0
170201,1,1,0,0,0,0,0,0,0,0,0,0
170201,2,1,0,0,0,0,0,0,0,0,0,0
170202,1,1,0,0,0,0,0,0,0,0,0,0
170203,1,1,4,4,4,4,4,4,4,4,4,4
170204,1,1,9,9,9,9,9,9,9,9,9,9
170204,2,1,23,23,23,23,23,23,23,23,23,23
170205,1,1,7,7,7,7,7,7,7,7,7,7
170205,2,1,0,0,0,0,0,0,0,0,14,0
170206,1,1,19,19,19,19,19,19,19,19,19,19
170207,1,1,10,10,10,10,10,10,10,10,10,10
170207,2,1,0,0,0,0,0,0,0,0,0,0
170208,1,1,0,34,0,0,0,0,0,0,0,0
170209,1,1,19,25,14,26,22,12,18,4,19,11
170209,2,1,0,0,0,0,0,0,0,0,0,0
170210,1,1,10,10,10,10,10,10,10,10,10,10
170211,1,1,26,26,26,26,26,26,26,26,26,26
170212,1,1,0,0,0,0,0,0,0,0,0,0
170212,2,1,0,0,0,0,0,0,0,0,0,0
170213,1,1,15,15,15,15,15,15,15,15,15,15
170214,1,1,16,16,16,16,16,16,16,16,16,16
170215,1,1,0,0,0,0,0,0,0,0,0,0
170215,2,1,0,0,0,0,0,0,0,0,0,0
170215,3,1,0,0,0,0,0,26,0,0,0,0
170216,1,1,13,13,13,13,13,13,13,13,13,13
170216,2,1,0,0,0,0,0,0,0,0,0,0
170217,1,1,0,0,0,0,0,0,0,0,0,0
170218,1,1,19,19,19,19,19,19,19,19,19,19
170219,1,1,0,0,0,0,0,0,0,0,0,0
170220,1,1,15,15,15,15,15,15,15,15,15,15
170220,2,1,0,0,0,0,0,0,0,0,0,0
170221,1,1,15,15,15,15,15,15,15,15,15,15
170222,1,1,2,2,2,2,2,2,2,2,2,2
170224,1,1,17,7,11,16,8,32,9,43,19,10
170224,2,1,0,0,0,0,0,0,0,0,0,0
170224,3,1,0,0,0,0,0,0,0,0,0,0
170225,1,1,0,0,0,0,0,0,0,0,0,0
170226,1,1,0,0,0,0,0,0,0,0,0,0
170227,1,1,0,0,0,0,0,0,0,0,0,0
170227,2,1,0,0,0,0,0,0,0,0,0,0
170228,0,1,0,0,0,0,0,0,0,0,0,0
170228,1,1,0,0,0,0,0,0,0,0,0,0
170229,1,1,0,0,0,0,0,0,0,0,0,0
170230,0,1,20,20,20,20,20,20,20,20,20,20
170230,1,1,0,0,0,0,0,0,0,0,0,0
170231,1,1,24,24,24,24,24,24,24,24,24,24
170233,1,1,0,0,0,0,0,0,0,0,0,0
170234,1,1,0,0,0,0,0,0,0,0,0,0
170234,2,1,0,0,0,0,0,0,0,0,0,0
170235,1,1,0,0,0,0,0,0,0,0,0,0
170235,2,1,0,0,0,0,0,0,0,0,0,0
170236,1,1,21,21,21,21,21,21,21,21,21,21
170237,1,1,0,0,0,0,0,0,0,0,0,0
170238,1,1,10,10,10,10,10,10,10,10,10,10
170238,2,1,6,6,6,6,6,6,6,6,6,6
170239,1,1,22,22,22,22,22,22,22,22,22,22
170239,2,1,0,0,0,0,0,0,0,0,0,0
170240,1,1,0,0,0,0,0,0,0,0,0,0
170240,2,1,0,0,0,0,0,0,0,0,0,0
170241,1,1,6,0,0,0,0,0,32,0,0,0
170241,2,1,0,0,0,0,0,0,0,0,0,0
170242,1,1,25,25,25,25,25,25,25,25,25,25
170242,2,1,0,0,0,0,0,0,0,0,0,0
170243,1,1,0,0,0,0,0,0,0,0,0,0
170243,2,1,0,0,0,0,0,0,0,0,0,0
170244,1,1,0,0,0,0,0,0,0,0,0,0
170245,1,1,19,19,19,19,19,19,19,19,19,19
170246,0,1,0,0,0,0,0,0,0,0,0,0
170246,1,1,0,0,0,0,0,0,0,0,29,0
170248,1,1,0,26,0,19,0,0,0,0,10,0
170249,0,1,0,0,0,0,0,0,0,0,0,0
170249,1,1,0,0,0,0,0,0,0,0,0,0
170250,0,1,0,0,0,0,0,0,0,0,0,0
170250,1,1,0,0,0,0,0,0,0,0,0,0
170251,1,1,13,13,13,13,13,13,13,13,13,13
170252,1,1,0,0,0,0,0,0,0,0,0,0
170252,2,1,0,0,0,0,0,0,0,0,0,0
170253,1,1,0,0,0,0,0,0,0,0,0,0
170253,2,1,0,0,0,0,0,0,0,0,0,0
170254,1,1,23,23,23,23,23,23,23,23,23,23
170255,1,1,0,0,0,0,0,0,0,0,0,0
170255,2,1,0,0,0,0,0,0,0,0,0,0
170256,1,1,0,0,0,0,0,0,0,0,0,4
170257,1,1,12,12,12,12,12,12,12,12,12,12
170257,2,1,0,20,0,3,0,0,0,0,0,0
170258,1,1,0,0,0,0,0,0,0,0,0,0
170259,1,1,0,0,0,0,0,0,0,0,0,0
170259,2,1,0,0,0,0,0,0,0,0,0,0
170260,1,1,0,0,0,0,0,0,0,0,0,0
170260,2,1,0,0,0,0,0,0,0,0,0,0
170261,1,1,0,0,0,0,0,0,0,0,0,0
170261,2,1,0,0,0,0,0,0,0,0,0,0
170261,3,1,0,0,0,0,0,0,0,0,0,0
170262,1,1,0,0,0,0,0,0,0,0,0,0
170263,1,1,0,0,0,0,0,0,0,0,0,0
170264,1,1,23,23,23,23,23,23,23,23,23,23
170265,1,1,0,0,0,0,0,0,0,0,0,0
170265,2,1,0,0,0,0,0,0,0,0,0,0
170266,1,1,0,0,0,0,0,0,0,0,0,0
170266,2,1,0,0,0,0,0,0,0,0,0,0
170267,1,1,0,0,0,0,0,0,0,0,0,0
170267,2,1,17,17,0,12,11,26,12,12,30,13
170268,1,1,19,19,19,19,19,19,19,19,19,19
170269,1,1,0,0,0,0,0,0,0,0,0,0
170270,1,1,0,0,0,0,0,0,0,0,0,0
170270,2,1,0,0,0,0,0,0,0,0,0,0
170270,3,1,0,0,0,0,0,0,0,0,0,0
170271,1,1,0,0,0,0,0,0,0,0,0,0
170272,1,1,0,0,0,0,0,0,0,0,0,0
170272,2,1,0,0,0,0,0,0,0,0,0,0
170273,1,1,6,6,6,6,6,6,6,6,6,6
170273,2,1,0,0,0,0,0,0,0,0,17,0
170274,1,1,0,0,0,0,0,0,0,0,0,0
170274,2,1,0,0,0,13,13,0,0,0,0,0
170276,1,1,0,0,0,0,0,0,0,0,0,0
170276,2,1,0,0,0,0,0,0,0,0,0,0
170276,3,1,0,0,0,0,0,0,0,0,0,0
170276,4,1,0,0,0,0,0,0,0,0,0,0
170276,5,1,0,0,0,0,0,0,0,0,0,0
170277,1,1,16,16,16,16,16,16,16,16,16,16
170278,1,1,18,18,18,18,18,18,18,18,18,18
170279,1,1,17,17,17,17,17,17,17,17,17,17
170279,2,1,0,0,0,0,0,0,0,0,0,0
170280,1,1,21,21,21,21,21,21,21,21,21,21
170281,1,1,15,15,15,15,15,15,15,15,15,15
170282,1,1,0,0,0,0,0,0,0,0,0,0
170282,2,1,0,0,0,0,0,0,0,0,0,0
170283,1,1,0,0,0,0,0,0,0,0,0,0
170283,2,1,0,0,0,0,0,0,0,0,0,0
170284,1,1,0,0,0,0,0,7,0,9,0,0
170284,2,1,0,0,26,25,0,0,0,0,0,0
170285,1,1,0,0,0,0,0,0,0,0,0,0
170285,2,1,0,0,0,0,0,0,0,0,0,0
170286,0,1,0,0,0,0,0,0,0,0,0,0
170286,0,2,0,0,0,0,8,0,0,0,0,0
170286,0,3,0,0,0,0,0,0,0,0,0,0
170286,0,4,0,0,0,0,0,0,0,0,0,0
170286,1,1,0,0,0,0,0,0,0,0,0,0
170287,1,1,3,3,3,3,3,3,3,3,3,3
170288,1,1,0,0,0,0,0,0,0,0,0,0
170288,2,1,0,0,0,0,0,0,0,15,0,0
170289,0,1,0,0,0,0,0,0,0,0,0,0
170289,1,1,0,0,0,0,0,0,0,0,0,0
170289,2,1,0,0,0,0,0,0,0,0,0,0
170290,1,1,10,10,10,8,5,5,0,24,4,13
170291,1,1,0,0,0,0,0,0,0,0,0,0
170292,1,1,0,0,0,0,0,0,0,0,0,0
170292,2,1,1,1,1,1,1,1,1,1,1,1
170293,1,1,13,13,13,13,13,13,13,13,13,13
170294,1,1,0,0,0,0,0,0,0,0,0,0
170294,2,1,0,0,0,0,0,0,0,0,0,0
170295,1,1,0,0,0,0,0,0,0,0,0,0
170295,2,1,0,0,0,0,0,0,0,16,0,0
170296,1,1,0,0,0,0,0,0,0,0,0,0
170296,2,1,0,0,0,0,0,0,0,0,0,0
170297,1,1,0,0,0,0,0,0,0,0,0,0
170297,2,1,2,2,2,2,2,2,2,2,2,2
170298,1,1,0,0,0,0,0,0,0,0,0,0
170298,2,1,0,0,0,0,0,0,0,0,0,0
170298,3,1,0,0,0,0,0,0,0,0,0,0
170299,1,1,13,0,0,0,0,0,0,0,0,0
170300,1,1,0,0,0,0,0,0,0,0,0,0
170301,1,1,2,2,2,2,2,2,2,2,2,2
170302,1,1,0,0,0,0,24,0,0,0,11,0
170303,1,1,0,0,0,0,0,0,0,0,0,0
170304,1,1,33,33,33,33,33,33,33,33,33,33
170305,1,1,0,0,0,0,0,0,0,0,0,0
170306,0,1,0,0,0,0,0,0,0,0,0,0
170308,1,1,0,0,0,0,0,0,0,0,0,0
170309,1,1,0,0,0,0,0,0,0,0,0,0
170309,2,1,0,0,0,0,0,0,0,0,0,0
170310,0,1,0,0,0,0,0,0,0,0,0,0
170310,1,1,0,0,0,0,0,0,0,0,0,0
170311,1,1,18,18,18,18,18,18,18,18,18,18
170311,2,1,18,18,18,18,18,18,18,18,18,18
170311,3,1,15,15,15,15,15,15,15,15,15,15
170312,1,1,0,0,0,0,0,0,0,0,0,0
170312,2,1,0,0,0,0,0,0,11,0,0,0
170313,1,1,28,28,28,28,28,28,28,28,28,28
170314,1,1,7,7,7,7,7,7,7,7,7,7
170314,2,1,0,0,0,0,0,0,0,0,0,0
170315,1,1,0,0,0,0,0,0,0,0,0,0
170315,2,1,0,0,0,0,0,0,0,0,0,0
170316,1,1,0,0,0,0,0,0,0,0,0,0
170316,2,1,0,0,0,0,0,0,0,0,0,0
170317,0,1,27,27,27,27,27,27,27,27,27,27
170317,1,1,0,0,0,0,0,0,12,0,0,0
170318,0,1,0,0,0,0,0,0,0,0,0,0
170318,1,1,0,0,0,0,0,0,0,0,0,0
170319,1,1,0,0,0,0,0,0,0,0,0,0
170320,1,1,0,0,0,0,0,0,0,0,0,0
170320,2,1,3,3,3,3,3,3,3,3,3,3
170321,1,1,6,6,6,6,6,6,6,6,6,6
170322,1,1,0,0,0,0,0,0,0,0,0,0
170323,1,1,5,5,5,5,5,5,5,5,5,5
170324,1,1,23,23,23,23,23,23,23,23,23,23
170325,1,1,0,0,21,0,0,0,0,0,0,0
170325,2,1,0,0,0,0,0,0,0,0,0,0
170325,3,1,0,0,0,0,0,0,0,0,0,0
170325,4,1,0,0,0,0,0,0,0,0,0,0
170326,1,1,0,0,0,0,0,0,0,0,0,0
170328,1,1,31,31,31,31,31,31,31,31,31,31
170329,1,1,0,0,0,0,0,0,0,0,0,0
170329,2,1,0,0,0,0,0,0,0,0,0,0
170330,1,1,21,21,21,21,21,21,21,21,21,21
170331,1,1,18,18,18,18,18,18,18,18,18,18
170332,0,1,20,20,20,20,20,20,20,20,20,20
170332,1,1,0,0,0,34,0,0,0,0,0,0
170333,0,1,0,0,0,0,0,0,0,0,0,0
170333,1,1,0,0,0,0,0,0,0,0,0,0
170335,1,1,0,0,0,0,0,0,0,0,0,0
170335,2,1,0,0,0,0,0,0,0,0,0,0
170336,1,1,0,0,0,0,0,0,0,0,0,0
170336,2,1,0,0,0,0,0,0,0,0,0,0
170336,3,1,0,0,0,0,0,0,0,0,0,0
170337,1,1,22,22,22,22,22,22,22,22,22,22
170338,0,1,0,0,0,0,0,0,0,0,0,0
170338,1,1,0,0,0,0,0,0,19,0,0,0
170339,1,1,0,0,0,0,0,0,0,0,0,0
170339,2,1,0,0,0,0,0,0,0,0,0,0
170340,1,1,16,16,16,16,16,16,16,16,16,16
170341,1,1,0,0,0,0,0,0,0,0,0,0
170342,1,1,0,0,0,0,0,0,0,0,0,0
170343,1,1,19,19,19,19,19,19,19,19,19,19
170344,1,1,12,12,12,12,12,12,12,12,12,12
170345,1,1,0,0,0,0,0,0,0,0,0,0
170345,2,1,0,0,0,0,0,0,0,0,0,0
170346,1,1,0,0,0,0,0,0,0,0,0,0
170346,2,1,0,0,0,0,0,0,0,0,0,0
170347,1,1,0,0,0,0,0,0,0,0,0,0
170347,2,1,0,0,0,0,0,0,0,0,0,0
170348,1,1,0,0,0,0,0,0,0,0,0,0
170348,2,1,0,0,0,0,0,0,0,0,0,0
170349,1,1,0,0,0,0,0,0,0,0,0,0
170349,2,1,0,0,0,0,0,0,0,0,0,0
170350,1,1,8,8,8,8,8,8,8,8,8,8
170351,0,1,25,25,25,25,25,25,25,25,25,25
170351,1,1,0,0,0,0,0,0,0,0,0,0
170352,1,1,9,9,9,9,9,9,9,9,9,9
170353,0,1,0,0,0,0,0,0,0,0,0,0
170353,0,2,0,0,0,0,0,0,0,0,0,0
170353,1,1,25,25,25,25,25,25,25,25,25,25
170353,2,1,0,0,0,0,0,0,0,0,0,0
170353,4,1,0,0,0,0,0,0,0,0,0,0
170353,5,1,0,0,0,0,0,0,0,0,0,0
170354,1,1,0,0,0,0,0,0,0,0,0,0
170354,2,1,0,0,0,0,0,0,0,0,0,0
170355,1,1,0,0,0,0,0,0,0,0,0,0
170355,2,1,0,0,0,0,0,0,0,0,0,0
170356,1,1,16,16,16,16,16,16,16,16,16,16
170356,2,1,0,0,0,0,0,0,0,0,0,0
170357,0,1,0,0,0,0,0,0,0,0,0,0
170357,1,1,0,0,0,0,0,0,0,0,0,0
170358,1,1,0,0,0,0,0,0,0,0,0,0
170358,2,1,0,0,0,0,0,0,0,0,0,0
170359,1,1,0,0,0,0,0,0,0,0,0,0
170360,1,1,28,28,28,28,28,28,28,28,28,28
170360,2,1,12,12,12,12,12,12,12,12,12,12
170360,3,1,0,0,0,0,0,0,0,0,0,0
170360,4,1,0,0,0,0,0,0,0,0,0,0
170361,1,1,0,0,0,0,0,0,0,0,0,0
170362,1,1,0,0,0,0,0,0,0,0,0,0
170362,2,1,0,0,0,0,0,0,14,0,0,0
170363,1,1,0,0,0,0,0,0,0,0,0,0
170363,2,1,17,22,0,0,0,15,0,0,0,0
170364,1,1,20,20,20,20,20,20,20,20,20,20
170364,2,1,0,0,0,0,0,0,0,0,0,0
170365,0,1,0,0,0,0,0,0,0,0,0,0
170365,1,1,0,0,0,0,0,0,0,0,0,0
170366,0,1,0,19,0,0,0,0,0,0,0,0
170366,1,1,0,0,0,0,0,0,0,0,0,0
170366,2,1,0,0,0,0,0,0,0,0,0,0
170367,1,1,0,0,0,0,0,0,0,0,0,0
170367,2,1,0,0,0,0,0,0,0,0,0,0
170368,1,1,0,0,0,0,0,0,0,0,0,0
170369,1,1,0,0,0,0,0,0,0,0,0,0
170370,1,1,5,5,5,5,5,5,5,5,5,5
170371,1,1,0,0,0,0,0,0,0,0,0,0
170371,2,1,0,0,0,0,0,0,0,0,0,0
170372,1,1,0,0,0,0,0,0,0,0,0,0
170372,2,1,0,0,0,0,0,0,0,0,0,0
170374,1,1,19,19,19,19,19,19,19,19,19,19
170375,1,1,0,0,0,0,0,0,0,0,0,0
170375,2,1,0,0,0,0,0,0,0,0,0,0
170376,1,1,30,24,28,10,40,11,8,29,13,0
170376,2,1,0,0,0,0,0,0,0,0,0,0
170377,1,1,0,0,0,0,0,0,0,0,0,0
170377,2,1,3,3,3,3,3,3,3,3,3,3
170378,1,1,0,0,0,0,0,0,0,0,0,0
170378,2,1,0,0,0,0,0,0,0,0,0,0
170379,1,1,0,0,0,0,0,0,0,0,0,0
170379,2,1,0,0,0,0,0,0,7,0,0,0
170379,3,1,0,0,0,0,0,0,0,0,0,0
170379,4,1,0,0,0,0,0,0,0,0,0,0
170380,1,1,3,3,3,3,3,3,3,3,3,3
170380,2,1,0,0,0,0,0,0,0,0,0,0
170381,1,1,0,0,0,0,0,0,0,0,0,0
170381,2,1,8,0,0,0,0,0,0,0,0,0
170382,1,1,0,0,0,0,0,0,0,0,0,0
170382,2,1,0,0,0,0,0,0,0,0,0,0
170383,1,1,22,22,22,22,22,22,22,22,22,22
170384,1,1,14,14,14,14,14,14,14,14,14,14
170385,0,1,2,2,2,2,2,2,2,2,2,2
170385,0,2,0,0,0,0,10,0,0,0,0,0
170385,1,1,0,0,0,0,0,0,0,0,0,0
170385,2,1,0,0,0,0,0,0,0,0,0,0
170386,0,1,0,0,0,19,0,0,0,0,0,0
170386,1,1,14,14,14,14,14,14,14,14,14,14
170387,1,1,0,0,0,0,0,0,0,0,0,0
170388,1,1,0,0,0,0,0,0,0,0,0,0
170388,2,1,0,0,0,0,0,0,0,0,0,0
170390,0,1,0,6,12,0,0,0,0,0,0,0
170390,1,1,0,7,0,23,0,0,0,0,14,14
170391,1,1,34,34,34,34,34,34,34,34,34,34
170392,1,1,0,0,0,0,0,0,0,0,0,0
170392,2,1,0,0,0,0,0,0,0,0,0,0
170393,1,1,14,14,14,14,14,14,14,14,14,14
170394,1,1,27,27,27,27,27,27,27,27,27,27
170395,1,1,10,10,10,10,10,10,10,10,10,10
170395,2,1,7,7,7,7,7,7,7,7,7,7
170395,3,1,0,14,0,0,0,0,0,0,0,0
170395,4,1,0,0,0,0,0,0,0,8,0,0
170396,1,1,0,0,0,0,0,0,0,0,0,0
170397,1,1,0,0,0,0,0,0,0,0,0,0
170398,0,1,29,29,29,29,29,29,29,29,29,29
170398,1,1,0,0,0,0,0,0,0,0,0,0
170399,1,1,0,0,0,0,0,0,0,0,0,0
170399,2,1,0,0,0,0,0,0,0,0,0,0
170399,3,1,0,0,0,0,0,0,0,0,0,0
170400,1,1,1,1,1,1,1,1,1,1,1,1
170401,1,1,0,0,0,0,0,0,0,0,0,0
170401,2,1,8,8,8,8,8,8,8,8,8,8