ST_CASE,VEH_NO,PER_NO,P1,P2,P3,P4,P5,P6,P7,P8,P9,P10
170402,1,1,0,0,0,0,0,0,0,0,0,0
170403,1,1,11,11,11,11,11,11,11,11,11,11
170403,2,1,0,0,0,0,0,22,0,0,0,0
170404,1,1,28,28,28,28,28,28,28,28,28,28
170405,1,1,11,11,11,11,11,11,11,11,11,11
170405,2,1,0,0,0,0,0,0,0,0,0,0
170406,0,1,22,22,22,22,22,22,22,22,22,22
170406,1,1,0,0,0,0,0,0,0,0,0,0
170407,1,1,0,0,0,0,0,0,4,0,0,0
170407,2,1,0,0,7,0,0,0,0,0,0,0
170409,0,1,20,20,20,20,20,20,20,20,20,20
170409,1,1,0,0,0,0,0,0,0,0,0,0
170410,1,1,7,7,7,7,7,7,7,7,7,7
170410,2,1,0,9,0,0,0,0,0,0,0,0
170412,1,1,0,0,0,0,0,0,0,0,0,0
170412,2,1,0,0,0,0,0,0,0,6,0,0
170412,3,1,0,0,0,0,0,0,0,0,0,0
170412,4,1,0,0,0,0,0,0,0,0,0,0
170413,1,1,0,0,0,0,0,0,0,0,0,0
170414,1,1,24,24,24,24,24,24,24,24,24,24
170415,0,1,11,11,11,11,11,11,11,11,11,11
170415,0,2,16,12,6,24,24,16,21,2,22,20
170415,1,1,26,26,26,26,26,26,26,26,26,26
170418,1,1,0,0,0,0,0,0,0,0,0,0
170419,1,1,0,0,0,0,0,0,0,0,0,0
170419,2,1,0,0,0,0,0,0,0,0,0,0
170421,1,1,12,12,12,12,12,12,12,12,12,12
170422,1,1,0,0,0,0,0,0,0,0,0,0
170422,2,1,0,0,0,0,0,0,0,0,0,0
170423,1,1,6,6,6,6,6,6,6,6,6,6
170424,1,1,0,0,0,0,0,0,0,0,0,0
170424,2,1,0,0,0,14,0,0,0,0,0,0
170425,0,1,0,0,0,0,0,0,0,0,0,0
170425,1,1,0,0,0,0,0,9,24,0,0,0
170426,1,1,0,0,0,0,0,0,0,0,0,0
170427,1,1,12,12,12,12,12,12,12,12,12,12
170428,1,1,24,24,24,24,24,24,24,24,24,24
170429,1,1,0,0,0,0,0,0,0,0,0,0
170430,1,1,15,15,15,15,15,15,15,15,15,15
170431,1,1,4,4,4,4,4,4,4,4,4,4
170431,2,1,0,0,0,0,0,0,0,0,0,0
170431,3,1,0,0,0,0,0,0,0,0,0,0
170432,1,1,10,22,21,13,21,0,14,15,21,27
170432,2,1,0,0,0,0,0,0,0,0,0,0
170433,1,1,23,23,23,23,23,23,23,23,23,23
170434,1,1,17,17,17,17,17,17,17,17,17,17
170435,1,1,26,26,26,26,26,26,26,26,26,26
170436,0,1,0,0,0,0,0,0,0,0,0,0
170436,1,1,22,18,31,14,21,37,15,24,0,12
170437,1,1,15,15,15,15,15,15,15,15,15,15
170438,1,1,14,14,14,14,14,14,14,14,14,14
170439,1,1,12,12,12,12,12,12,12,12,12,12
170441,1,1,0,0,0,0,0,0,0,0,0,0
170441,2,1,0,0,0,0,0,0,0,0,0,0
170442,1,1,24,24,24,24,24,24,24,24,24,24
170443,1,1,15,15,15,15,15,15,15,15,15,15
170444,1,1,0,0,0,0,0,0,0,0,0,0
170445,1,1,9,27,17,19,0,14,21,21,27,19
170445,2,1,0,0,0,0,0,0,0,0,0,0
170445,3,1,0,0,0,0,0,0,0,0,0,0
170446,1,1,2,2,2,2,2,2,2,2,2,2
170446,2,1,0,7,0,0,0,0,0,0,0,0
170447,1,1,9,9,9,9,9,9,9,9,9,9
170447,2,1,0,0,0,0,0,0,0,0,0,0
170448,1,1,0,0,0,0,0,0,0,0,0,0
170448,2,1,0,0,0,0,0,0,0,0,0,0
170449,0,1,18,18,18,18,18,18,18,18,18,18
170449,1,1,0,0,0,0,0,0,0,0,0,0
170450,1,1,37,37,37,37,37,37,37,37,37,37
170451,1,1,24,24,24,24,24,24,24,24,24,24
170452,1,1,25,25,25,25,25,25,25,25,25,25
170453,1,1,20,20,20,20,20,20,20,20,20,20
170454,1,1,25,25,25,25,25,25,25,25,25,25
170454,2,1,0,0,0,0,0,0,0,0,0,0
170455,1,1,0,0,0,0,0,0,0,0,0,0
170456,0,1,0,0,0,0,0,0,0,0,0,0
170456,1,1,0,0,0,0,0,0,0,0,0,0
170457,1,1,15,15,15,15,15,15,15,15,15,15
170457,2,1,0,0,0,0,0,0,0,0,0,0
170458,1,1,0,0,0,0,0,0,0,0,0,0
170458,2,1,0,11,0,0,0,0,0,0,0,0
170459,1,1,0,0,0,0,0,0,0,0,0,0
170459,2,1,0,0,0,8,0,0,0,0,0,0
170460,1,1,0,0,0,0,0,0,0,0,0,0
170460,2,1,0,0,0,0,0,0,0,0,0,0
170461,1,1,0,0,0,0,0,0,0,0,0,0
170461,2,1,0,0,0,0,0,0,0,0,0,0
170462,1,1,0,0,0,0,0,0,0,0,0,0
170463,1,1,0,0,0,0,0,0,0,0,0,0
170464,1,1,25,25,25,25,25,25,25,25,25,25
170465,1,1,19,0,0,0,0,0,0,0,0,0
170465,2,1,0,0,0,0,0,0,0,0,0,0
170466,1,1,0,0,0,0,0,0,0,0,0,0
170466,2,1,0,0,0,0,0,0,0,0,0,0
170467,0,1,0,0,0,0,0,0,0,0,0,0
170467,1,1,0,0,0,0,0,0,0,17,0,0
170468,1,1,0,0,0,0,0,0,0,0,0,0
170470,1,1,4,4,4,4,4,4,4,4,4,4
170471,1,1,12,12,12,12,12,12,12,12,12,12
170471,2,1,16,8,19,8,16,28,32,10,7,4
170472,1,1,16,16,16,16,16,16,16,16,16,16
170473,1,1,0,0,0,0,0,0,0,0,0,0
170474,0,1,12,12,12,12,12,12,12,12,12,12
170474,1,1,0,0,0,0,0,0,0,0,0,0
170475,1,1,14,0,0,15,0,0,21,0,0,16
170476,1,1,0,0,0,0,0,0,0,0,0,0
170476,2,1,0,0,0,0,0,0,0,0,0,0
170477,1,1,21,21,21,21,21,21,21,21,21,21
170478,0,1,0,0,0,0,0,0,0,0,0,0
170478,1,1,0,0,0,0,0,0,0,0,0,0
170479,0,1,19,19,19,19,19,19,19,19,19,19
170479,1,1,0,0,0,8,0,0,0,0,0,0
170480,1,1,0,0,0,0,0,0,0,0,0,0
170480,2,1,0,0,0,0,0,0,0,0,0,0
170481,1,1,0,0,0,0,0,0,0,0,0,0
170481,2,1,0,0,0,3,0,0,0,0,0,0
170481,3,1,0,0,0,0,0,0,0,0,0,0
170481,4,1,0,0,0,0,0,0,0,0,0,0
170482,1,1,17,17,17,17,17,17,17,17,17,17
170483,1,1,0,0,0,0,0,0,0,0,0,0
170484,1,1,0,0,0,0,0,0,0,0,0,0
170484,2,1,5,5,5,5,5,5,5,5,5,5
170485,1,1,0,0,0,0,0,0,0,0,0,0
170485,2,1,0,0,0,0,0,0,0,0,0,0
170485,3,1,0,0,0,0,0,0,5,6,0,0
170485,4,1,0,0,0,0,0,0,0,0,0,0
170485,5,1,0,0,0,0,10,0,0,0,0,0
170486,1,1,0,0,0,0,0,0,0,0,0,0
170487,1,1,0,0,0,0,0,0,0,0,0,0
170487,2,1,0,0,0,0,0,0,0,0,0,0
170488,1,1,0,0,0,0,0,0,0,0,0,0
170489,0,1,0,0,0,0,0,0,0,0,0,0
170489,1,1,0,15,0,0,0,0,0,0,0,0
170490,1,1,0,0,0,0,0,0,0,0,0,0
170491,1,1,0,0,0,0,0,0,0,0,0,0
170491,2,1,0,0,0,0,0,0,0,0,0,0
170492,1,1,0,0,0,0,0,0,0,0,0,0
170493,0,1,0,0,0,0,0,0,0,0,0,0
170493,1,1,15,0,18,0,0,0,0,0,0,0
170493,2,1,0,0,0,0,0,21,0,0,0,0
170494,1,1,0,0,0,0,0,0,0,0,0,0
170494,2,1,3,3,3,3,3,3,3,3,3,3
170495,1,1,13,13,13,13,13,13,13,13,13,13
170495,2,1,10,0,0,0,0,0,0,0,0,5
170496,1,1,22,22,22,22,22,22,22,22,22,22
170497,1,1,0,0,0,0,0,0,0,0,0,0
170497,2,1,1,1,1,1,1,1,1,1,1,1
170498,1,1,0,0,0,0,0,0,0,0,0,0
170498,2,1,0,0,0,0,0,0,0,0,0,0
170498,3,1,0,0,0,0,0,0,0,0,0,0
170498,4,1,0,0,0,0,0,0,0,0,0,14
170498,5,1,0,0,0,0,4,0,0,9,0,0
170499,1,1,0,0,0,0,0,0,0,0,0,0
170499,2,1,0,0,0,0,0,0,0,0,0,0
170500,0,1,0,0,0,0,0,0,0,0,0,0
170500,1,1,0,0,0,0,0,0,0,0,0,0
170501,1,1,0,0,0,0,0,0,0,0,0,0
170501,2,1,0,0,0,0,0,0,0,0,0,0
170502,1,1,0,0,0,0,0,0,0,0,0,0
170502,2,1,0,0,0,0,0,0,0,0,0,0
170504,1,1,0,0,0,0,0,0,0,0,0,0
170505,1,1,0,0,0,0,0,0,0,0,0,0
170505,2,1,0,0,0,0,0,0,0,0,0,0
170506,1,1,13,13,13,13,13,13,13,13,13,13
170507,1,1,12,12,12,12,12,12,12,12,12,12
170507,2,1,0,0,0,0,0,0,0,0,0,0
170507,3,1,0,0,0,0,0,0,0,0,0,0
170508,1,1,19,19,19,19,19,19,19,19,19,19
170509,1,1,0,0,0,0,0,0,0,0,0,0
170509,2,1,0,0,0,0,0,0,0,0,0,0
170510,1,1,8,8,8,8,8,8,8,8,8,8
170511,1,1,16,16,16,16,16,16,16,16,16,16
170511,2,1,12,12,12,12,12,12,12,12,12,12
170512,1,1,1,1,1,1,1,1,1,1,1,1
170512,2,1,0,0,0,0,0,0,0,0,0,0
170513,1,1,14,0,20,0,0,8,11,18,40,21
170514,0,1,12,12,12,12,12,12,12,12,12,12
170514,1,1,0,0,0,0,0,0,0,0,0,0
170515,1,1,0,0,0,0,0,0,0,0,0,0
170515,2,1,0,0,0,0,0,0,0,0,0,0
170515,3,1,0,0,16,0,0,0,0,0,0,0
170516,1,1,0,0,0,0,0,0,0,0,0,0
170517,1,1,0,0,0,0,0,0,0,0,0,0
170518,1,1,21,21,21,21,21,21,21,21,21,21
170519,1,1,0,0,0,0,0,0,0,12,0,0
170519,2,1,13,0,0,0,0,0,0,0,0,9
170520,0,1,0,0,0,0,0,0,0,0,0,0
170520,1,1,0,0,0,0,0,0,0,0,0,0
170521,1,1,16,0,0,0,0,0,0,0,0,7
170521,2,1,0,0,0,0,0,0,0,0,0,0
170522,1,1,0,0,0,0,0,0,0,0,0,0
170522,2,1,0,0,0,0,0,0,0,0,0,0
170523,1,1,23,23,23,23,23,23,23,23,23,23
170525,1,1,28,28,28,28,28,28,28,28,28,28
170526,1,1,0,0,0,0,0,0,0,0,0,0
170527,1,1,0,0,0,0,0,0,0,0,0,0
170528,1,1,0,0,0,0,0,0,0,0,0,0
170528,2,1,0,0,0,0,0,0,0,0,0,0
170529,1,1,27,27,27,27,27,27,27,27,27,27
170530,1,1,0,0,0,0,0,0,0,0,0,0
170530,2,1,0,0,0,0,0,0,0,0,0,0
170531,1,1,0,0,0,0,0,0,0,0,0,0
170531,2,1,0,0,0,0,0,0,0,0,0,0
170532,1,1,18,18,18,18,18,18,18,18,18,18
170532,2,1,0,0,0,0,0,0,0,0,0,0
170533,1,1,0,0,0,0,0,0,0,0,0,0
170533,2,1,0,0,0,0,0,0,0,0,0,0
170534,1,1,19,19,19,19,19,19,19,19,19,19
170535,1,1,16,16,16,16,16,16,16,16,16,16
170535,2,1,0,0,0,0,0,0,0,0,0,0
170536,0,1,12,12,12,12,12,12,12,12,12,12
170536,1,1,0,0,0,0,0,0,0,0,0,0
170537,1,1,19,19,19,19,19,19,19,19,19,19
170538,1,1,26,15,0,0,0,0,0,0,0,0
170539,1,1,10,10,10,10,10,10,10,10,10,10
170539,2,1,0,0,0,0,0,0,0,0,0,0
170540,1,1,0,0,0,0,0,0,0,0,0,0
170541,1,1,2,2,2,2,2,2,2,2,2,2
170541,2,1,0,0,0,0,0,0,0,0,0,0
170542,1,1,0,0,0,0,0,0,0,0,0,0
170543,1,1,24,24,24,24,24,24,24,24,24,24
170544,1,1,0,0,0,0,0,0,0,0,0,0
170545,1,1,0,0,0,0,0,0,0,0,0,0
170546,1,1,0,0,0,0,0,0,0,0,0,0
170547,1,1,0,0,0,0,0,0,0,0,0,0
170547,2,1,0,10,7,0,0,0,12,0,10,0
170548,0,1,0,0,0,0,0,0,0,0,0,0
170548,1,1,0,0,0,0,0,0,0,0,0,0
170549,0,1,0,0,0,0,0,0,0,0,0,0
170549,1,1,17,17,17,17,17,17,17,17,17,17
170550,1,1,1,1,1,1,1,1,1,1,1,1
170550,2,1,0,18,0,0,0,0,0,14,0,0
170551,1,1,20,20,20,20,20,20,20,20,20,20
170552,1,1,0,0,0,0,0,0,0,0,0,0
170553,1,1,14,14,14,14,14,14,14,14,14,14
170554,1,1,0,0,9,0,0,0,0,0,0,3
170555,1,1,0,0,0,0,0,0,0,0,0,0
170555,2,1,0,0,0,0,0,0,0,0,0,0
170556,1,1,0,0,0,0,0,0,0,0,0,0
170556,2,1,0,0,0,0,0,0,0,0,0,0
170557,1,1,0,0,0,0,14,0,0,16,0,23
170559,1,1,0,0,0,0,0,0,0,0,0,0
170559,2,1,0,0,0,0,0,0,0,0,0,0
170560,1,1,15,15,15,15,15,15,15,15,15,15
170561,1,1,0,0,0,0,0,0,0,0,0,0
170561,2,1,0,0,0,0,0,0,0,0,0,0
170562,0,1,0,0,0,0,0,0,0,0,0,0
170562,1,1,0,0,0,0,0,0,0,0,0,0
170563,0,1,23,23,23,23,23,23,23,23,23,23
170563,1,1,23,23,23,23,23,23,23,23,23,23
170564,1,1,21,21,21,21,21,21,21,21,21,21
170564,2,1,0,0,0,0,0,0,0,0,0,0
170565,0,1,0,0,0,0,0,0,0,0,0,0
170565,1,1,0,0,0,0,0,0,0,0,0,0
170566,1,1,0,0,0,0,0,0,0,0,0,0
170566,2,1,0,0,0,0,0,5,0,0,0,0
170567,0,1,0,0,0,0,0,0,0,0,0,0
170567,1,1,9,9,9,9,9,9,9,9,9,9
170568,1,1,0,0,0,0,0,0,0,0,0,0
170568,2,1,3,3,3,3,3,3,3,3,3,3
170569,1,1,19,19,19,19,19,19,19,19,19,19
170569,2,1,0,0,0,0,0,0,0,0,0,0
170570,1,1,24,24,24,24,24,24,24,24,24,24
170571,0,1,25,25,25,25,25,25,25,25,25,25
170571,1,1,5,0,21,0,16,24,15,0,11,7
170572,1,1,13,13,13,13,13,13,13,13,13,13
170573,1,1,5,5,5,5,5,5,5,5,5,5
170575,1,1,0,0,0,0,0,0,0,0,0,0
170576,1,1,8,8,8,8,8,8,8,8,8,8
170577,1,1,23,23,23,23,23,23,23,23,23,23
170578,0,1,0,0,0,0,0,0,0,0,0,0
170578,1,1,0,0,0,0,0,0,0,0,0,0
170579,1,1,26,17,9,10,19,17,13,31,0,19
170579,2,1,0,0,0,0,0,0,0,6,0,0
170579,3,1,0,0,0,0,0,0,0,0,0,0
170580,1,1,16,16,16,16,16,16,16,16,16,16
170580,2,1,0,0,0,0,0,0,0,0,0,0
170581,0,1,0,0,0,0,0,0,0,0,0,0
170581,1,1,0,0,0,0,0,0,0,0,0,0
170582,1,1,0,0,0,0,0,0,0,0,0,0
170583,1,1,0,0,0,0,0,0,0,0,0,0
170583,2,1,0,0,0,0,0,0,0,0,0,0
170584,1,1,23,23,23,23,23,23,23,23,23,23
170585,1,1,0,0,0,0,0,0,0,0,0,10
170586,1,1,0,0,0,0,0,0,0,0,0,0
170586,2,1,0,0,0,16,0,0,0,0,12,24
170587,1,1,0,0,0,0,0,0,0,0,0,0
170587,2,1,0,0,0,0,0,0,0,0,0,0
170588,1,1,0,0,0,0,0,0,0,0,0,0
170588,2,1,8,8,8,8,8,8,8,8,8,8
170589,1,1,23,23,23,23,23,23,23,23,23,23
170590,1,1,0,0,0,0,0,0,0,0,0,0
170590,2,1,0,0,0,0,0,0,0,0,0,0
170591,1,1,15,15,15,15,15,15,15,15,15,15
170592,1,1,20,20,20,20,20,20,20,20,20,20
170592,2,1,0,0,0,0,0,0,0,0,0,0
170592,3,1,0,0,0,0,0,0,0,0,0,20
170593,1,1,0,0,0,0,0,0,0,0,0,0
170594,1,1,0,0,0,0,0,0,0,0,0,0
170595,1,1,0,0,0,0,0,0,0,0,0,0
170595,2,1,0,0,0,0,0,0,0,0,0,0
170596,1,1,10,10,10,10,10,10,10,10,10,10
170596,2,1,10,10,10,10,10,10,10,10,10,10
170597,0,1,0,0,0,0,0,0,0,0,0,0
170597,0,2,0,0,0,0,0,0,0,0,0,0
170597,0,3,0,0,0,0,0,0,0,0,0,0
170597,0,4,0,0,0,0,0,0,0,0,0,0
170597,1,1,0,0,0,0,0,0,0,0,0,0
170598,1,1,0,0,0,0,0,0,0,0,0,0
170598,2,1,0,0,0,0,0,0,0,0,0,0
170599,1,1,14,14,14,14,14,14,14,14,14,14
170599,2,1,0,0,0,0,0,0,0,0,0,0
170600,1,1,17,17,17,17,17,17,17,17,17,17
170601,1,1,0,7,0,0,8,7,0,0,0,0
170601,2,1,20,20,20,20,20,20,20,20,20,20
170602,0,1,22,22,22,22,22,22,22,22,22,22
170602,1,1,16,0,0,0,13,0,0,0,13,23
170603,0,1,0,0,0,0,0,0,0,0,0,0
170603,1,1,0,0,0,0,0,0,0,0,0,0
170604,1,1,0,0,0,0,0,0,0,0,0,0
170604,2,1,0,0,0,0,0,0,0,0,0,0
170604,3,1,0,0,0,0,0,0,7,0,0,0
170605,1,1,0,0,0,0,0,0,0,0,0,0
170605,2,1,0,0,0,0,0,0,0,0,0,0
170606,1,1,0,0,0,0,0,0,0,0,0,0
170606,2,1,0,0,0,0,0,0,0,0,0,0
170607,1,1,21,21,21,21,21,21,21,21,21,21
170608,1,1,0,0,0,0,0,0,0,0,0,0
170608,2,1,0,0,0,0,0,0,0,0,0,0
170609,1,1,0,0,0,0,0,0,0,0,0,0
170610,1,1,18,18,18,18,18,18,18,18,18,18
170611,1,1,2,2,2,2,2,2,2,2,2,2
170611,2,1,0,0,0,0,0,0,0,0,0,0
170612,1,1,0,0,0,0,0,0,0,0,0,0
170612,2,1,0,0,0,0,0,0,0,0,0,0
170613,1,1,0,0,0,0,0,0,0,0,0,0
170613,2,1,0,0,0,0,0,0,0,0,0,0
170614,1,1,0,0,0,0,0,0,0,0,0,0
170614,2,1,0,0,0,0,0,0,0,0,0,0
170615,1,1,1,1,1,1,1,1,1,1,1,1
170615,2,1,9,9,9,9,9,9,9,9,9,9
170616,1,1,10,10,10,10,10,10,10,10,10,10
170617,1,1,15,15,15,15,15,15,15,15,15,15
170618,1,1,0,0,0,0,0,0,0,0,0,0
170618,2,1,0,0,0,0,0,0,0,0,0,0
170619,1,1,15,15,15,15,15,15,15,15,15,15
170620,0,1,12,0,0,0,0,0,0,0,0,0
170620,1,1,0,0,0,0,0,0,0,0,0,0
170621,1,1,43,43,43,43,43,43,43,43,43,43
170621,2,1,0,0,0,0,0,0,0,0,0,0
170622,1,1,9,9,9,9,9,9,9,9,9,9
170623,1,1,0,0,0,0,0,0,0,0,0,0
170623,2,1,0,0,0,0,0,0,0,0,0,0
170623,3,1,0,0,0,0,0,0,0,0,0,0
170624,1,1,0,0,0,0,0,0,0,0,0,0
170624,2,1,0,0,0,0,0,0,0,0,0,0
170625,1,1,0,0,0,0,0,0,0,0,0,0
170626,0,1,30,30,30,30,30,30,30,30,30,30
170626,1,1,0,0,0,0,0,0,0,0,0,0
170627,0,1,0,0,0,0,0,0,0,0,0,0
170627,1,1,0,0,0,0,0,0,0,0,0,0
170628,0,1,0,0,0,0,0,0,0,0,0,0
170628,1,1,0,0,0,0,0,0,0,0,0,24
170629,1,1,0,0,0,0,0,0,0,0,0,0
170629,2,1,0,0,0,0,0,0,0,0,0,0
170630,1,1,5,5,5,5,5,5,5,5,5,5
170631,1,1,0,19,0,0,0,9,4,21,13,0
170631,2,1,0,0,0,0,0,0,0,0,0,0
170632,1,1,17,17,17,17,17,17,17,17,17,17
170633,1,1,38,0,0,0,7,0,0,0,0,0
170633,2,1,0,0,0,0,0,0,0,0,0,0
170634,1,1,0,0,0,0,0,0,0,0,0,0
170634,2,1,0,0,0,0,0,0,0,0,0,0
170634,3,1,0,0,0,0,0,0,0,0,0,0
170635,0,1,0,0,0,0,0,0,0,0,0,0
170635,1,1,0,0,0,0,0,0,0,0,0,0
170636,0,1,0,0,0,0,0,0,0,0,0,0
170636,1,1,0,0,0,6,0,0,0,0,0,0
170637,1,1,9,9,9,9,9,9,9,9,9,9
170638,0,1,0,0,0,0,0,0,0,0,0,0
170638,1,1,0,0,0,0,0,0,0,0,0,0
170639,1,1,0,0,0,0,0,0,0,0,0,0
170639,2,1,0,0,0,0,0,0,0,0,0,0
170639,3,1,0,0,0,0,0,0,0,0,0,0
170640,1,1,0,0,0,0,0,0,0,0,0,0
170640,2,1,0,0,0,0,0,0,0,0,0,0
170641,0,1,30,30,30,30,30,30,30,30,30,30
170641,1,1,0,0,0,0,0,0,0,0,0,0
170642,0,1,0,0,0,0,0,0,0,0,0,0
170642,1,1,0,0,0,0,0,0,0,15,0,0
170643,0,1,0,0,0,0,0,0,0,0,0,0
170643,1,1,0,0,0,0,0,0,0,0,0,0
170644,1,1,0,0,0,0,0,0,0,0,0,0
170645,1,1,0,0,0,0,0,0,0,0,16,0
170645,2,1,20,20,20,20,20,20,20,20,20,20
170646,1,1,0,0,0,0,0,0,0,0,0,0
170646,2,1,0,0,0,0,0,0,0,0,0,0
170647,1,1,22,22,22,22,22,22,22,22,22,22
170647,2,1,0,0,0,0,0,0,0,0,0,0
170648,1,1,17,17,17,17,17,17,17,17,17,17
170649,1,1,0,0,0,0,0,0,0,0,0,0
170649,2,1,0,0,0,0,0,0,0,0,0,0
170650,1,1,18,18,18,18,18,18,18,18,18,18
170651,1,1,0,0,0,0,0,0,0,0,0,0
170651,2,1,0,0,0,0,0,0,0,0,0,0
170652,1,1,15,0,0,0,0,17,21,0,11,0
170653,1,1,0,0,0,0,0,0,0,0,0,0
170654,1,1,0,0,0,0,0,0,0,0,0,0
170654,2,1,0,0,0,0,0,0,0,0,0,9
170655,1,1,0,0,0,0,0,0,0,0,0,0
170656,1,1,0,0,0,0,0,0,0,0,0,0
170656,2,1,0,0,0,0,0,0,0,0,0,0
170657,1,1,0,0,0,0,0,0,0,0,0,0
170658,1,1,0,0,0,0,0,0,0,0,0,0
170658,2,1,0,0,0,0,0,0,0,0,0,0
170659,1,1,5,5,5,5,5,5,5,5,5,5
170659,2,1,0,0,0,0,0,0,0,0,0,0
170660,0,1,0,0,0,0,0,0,0,0,0,0
170660,1,1,0,0,0,0,0,0,0,0,0,0
170661,1,1,0,0,0,0,0,0,0,0,0,0
170662,0,1,0,0,0,0,25,16,0,0,23,0
170662,1,1,0,0,0,0,0,0,0,0,0,0
170664,0,1,0,0,0,0,0,19,15,0,0,0
170664,1,1,0,0,0,0,0,0,14,0,0,0
170665,1,1,0,0,0,0,4,0,0,0,0,0
170665,2,1,0,0,0,0,12,0,0,0,0,0
170666,0,1,0,0,0,0,0,0,0,0,0,0
170666,1,1,0,0,0,0,0,0,0,0,0,0
170668,1,1,24,24,24,24,24,24,24,24,24,24
170669,1,1,16,16,16,16,16,16,16,16,16,16
170670,0,1,0,0,0,0,0,0,0,0,0,0
170670,1,1,0,0,0,0,0,0,0,0,0,0
170671,0,1,26,26,26,26,26,26,26,26,26,26
170671,1,1,0,0,0,0,0,0,0,0,0,0
170672,1,1,30,30,30,30,30,30,30,30,30,30
170674,1,1,0,0,0,0,0,11,31,0,0,0
170675,1,1,0,0,0,0,0,0,0,0,0,0
170675,2,1,0,0,0,22,0,0,0,0,0,14
170676,1,1,0,0,0,0,0,0,0,0,0,0
170676,2,1,0,0,0,0,0,0,0,0,0,0
170677,0,1,0,0,0,0,0,0,0,0,0,0
170677,1,1,0,0,8,0,0,16,0,0,0,0
170678,1,1,0,0,0,0,0,0,0,0,0,0
170678,2,1,0,0,0,0,0,0,0,0,0,0
170679,0,1,0,25,0,16,18,0,0,2,8,6
170679,1,1,14,0,0,0,0,0,17,11,0,14
170680,1,1,0,0,0,0,0,0,0,0,0,0
170680,2,1,0,0,0,0,0,0,0,0,0,0
170680,3,1,0,0,0,0,0,0,0,0,0,0
170681,1,1,0,0,0,0,0,0,0,0,0,0
170681,2,1,0,0,0,0,0,39,0,0,0,0
170682,0,1,0,0,0,0,0,0,0,0,0,0
170682,1,1,0,0,0,0,0,0,0,0,0,10
170683,1,1,18,18,18,18,18,18,18,18,18,18
170684,1,1,0,0,0,0,0,0,0,0,0,0
170685,1,1,0,0,0,0,0,0,0,0,0,0
170685,2,1,0,0,0,0,0,0,0,0,0,0
170686,1,1,0,0,0,0,0,0,0,0,0,0
170686,2,1,0,0,0,0,0,0,0,0,0,0
170689,1,1,0,0,0,0,0,0,0,0,0,0
170689,2,1,0,0,0,0,0,0,0,0,0,0
170689,3,1,0,0,0,0,0,0,0,0,0,0
170689,4,1,0,0,0,0,0,0,0,0,0,0
170689,5,1,0,0,0,0,0,0,0,0,0,0
170690,1,1,0,0,0,0,0,0,0,0,0,0
170691,1,1,0,0,0,0,0,0,0,0,0,0
170692,1,1,14,0,0,17,0,6,0,0,0,0
170692,2,1,3,3,3,3,3,3,3,3,3,3
170692,3,1,0,0,0,0,0,0,0,0,20,0
170693,1,1,20,20,20,20,20,20,20,20,20,20
170694,0,1,31,31,31,31,31,31,31,31,31,31
170694,1,1,0,0,0,0,0,0,0,0,0,0
170695,1,1,0,0,0,0,0,0,0,0,0,0
170695,2,1,0,0,0,0,0,0,0,0,0,0
170695,3,1,0,0,0,0,0,0,0,0,0,0
170696,1,1,12,12,12,12,12,12,12,12,12,12
170697,1,1,0,0,0,0,0,0,0,0,0,0
170698,1,1,30,30,30,30,30,30,30,30,30,30
170698,2,1,0,0,0,0,0,0,0,0,0,0
170699,0,1,30,30,30,30,30,30,30,30,30,30
170699,1,1,19,14,3,0,0,0,25,12,34,27
170700,0,1,0,0,0,0,0,0,0,0,0,0
170700,1,1,0,0,0,0,0,0,0,0,0,0
170701,1,1,0,0,0,0,0,0,0,0,0,0
170701,2,1,0,0,0,0,0,0,0,0,0,0
170702,1,1,8,8,8,8,8,8,8,8,8,8
170703,1,1,0,0,0,0,0,0,0,0,0,0
170703,2,1,0,0,0,0,0,0,0,0,0,0
170704,1,1,28,28,28,28,28,28,28,28,28,28
170705,1,1,0,0,0,0,0,0,0,0,0,0
170705,2,1,0,0,0,0,0,0,0,0,0,0
170706,1,1,0,0,0,0,0,0,20,0,17,0
170707,0,1,24,24,24,24,24,24,24,24,24,24
170707,1,1,0,0,0,13,0,0,8,0,0,0
170709,0,1,23,23,23,23,23,23,23,23,23,23
170709,1,1,0,0,0,0,0,0,0,0,0,0
170710,1,1,0,0,0,0,0,0,0,0,0,0
170710,2,1,0,0,0,0,0,0,0,0,0,0
170711,1,1,25,25,25,25,25,25,25,25,25,25
170712,1,1,15,15,15,15,15,15,15,15,15,15
170712,2,1,0,0,12,0,0,0,0,0,0,0
170713,1,1,10,10,10,10,10,10,10,10,10,10
170713,2,1,0,0,0,0,0,0,0,0,0,0
170714,1,1,21,21,21,21,21,21,21,21,21,21
170715,1,1,0,0,0,0,0,0,0,0,0,0