ST_CASE,VEH_NO,PER_NO,P1,P2,P3,P4,P5,P6,P7,P8,P9,P10
170715,2,1,0,0,0,0,0,0,0,0,0,0
170715,3,1,0,0,0,0,0,0,0,0,0,0
170716,1,1,18,10,14,10,11,12,9,23,13,20
170717,1,1,0,0,0,0,0,0,0,0,0,0
170717,2,1,0,0,0,0,9,0,0,0,0,0
170718,1,1,0,0,0,0,0,0,0,0,0,0
170718,2,1,0,0,0,12,0,0,0,0,0,0
170719,1,1,21,21,21,21,21,21,21,21,21,21
170720,1,1,0,0,0,0,0,0,0,0,0,0
170721,1,1,0,0,0,0,0,0,0,0,0,0
170721,2,1,0,0,0,0,6,0,0,0,0,0
170722,1,1,0,0,0,0,0,0,0,0,0,0
170722,2,1,0,0,0,0,0,0,0,0,0,0
170723,1,1,0,0,0,0,0,0,0,0,0,0
170723,2,1,0,0,0,0,0,0,0,0,0,0
170724,1,1,16,16,16,16,16,16,16,16,16,16
170724,2,1,0,0,0,0,0,0,0,0,0,0
170725,1,1,27,27,27,27,27,27,27,27,27,27
170725,2,1,0,0,0,0,0,0,0,0,0,0
170726,1,1,0,0,0,0,0,0,0,0,0,0
170727,1,1,0,0,0,0,0,0,0,0,0,0
170728,1,1,20,20,20,20,20,20,20,20,20,20
170729,0,1,4,4,4,4,4,4,4,4,4,4
170729,1,1,0,0,0,0,0,0,0,0,0,0
170730,1,1,0,0,0,0,0,0,0,0,0,0
170731,1,1,17,8,5,43,32,12,22,11,21,17
170731,2,1,0,0,0,0,0,0,0,0,0,0
170732,1,1,25,15,15,8,17,20,11,13,22,29
170733,1,1,0,0,0,0,0,0,0,0,0,0
170734,0,1,26,26,26,26,26,26,26,26,26,26
170734,1,1,0,0,0,0,21,8,19,0,12,0
170734,2,1,0,0,0,0,20,24,0,0,0,0
170735,1,1,10,10,10,10,10,10,10,10,10,10
170735,2,1,0,0,0,0,0,0,0,0,0,0
170736,1,1,0,0,0,0,0,0,0,0,0,0
170737,1,1,0,0,0,0,0,0,0,0,0,0
170737,2,1,0,3,0,0,0,0,0,0,0,0
170738,1,1,0,0,0,0,0,0,0,0,0,0
170738,2,1,0,0,0,0,0,0,0,0,0,0
170738,3,1,0,0,0,0,0,0,0,0,0,0
170738,4,1,0,0,0,0,0,0,0,0,0,0
170739,1,1,11,11,11,11,11,11,11,11,11,11
170740,0,1,0,0,0,0,0,0,0,0,0,0
170740,1,1,20,0,0,0,0,0,0,0,17,23
170741,0,1,0,0,0,0,0,0,0,0,0,0
170741,1,1,0,14,12,0,0,0,0,0,0,0
170742,1,1,7,7,7,7,7,7,7,7,7,7
170742,2,1,0,0,0,0,0,0,0,0,21,0
170743,0,1,4,4,4,4,4,4,4,4,4,4
170743,1,1,9,9,9,9,9,9,9,9,9,9
170744,1,1,15,15,15,15,15,15,15,15,15,15
170745,1,1,0,0,0,0,0,0,0,0,0,0
170745,2,1,0,0,0,0,0,0,0,0,0,0
170746,0,1,21,21,21,21,21,21,21,21,21,21
170746,1,1,16,9,0,10,24,0,0,12,0,12
170747,1,1,0,0,0,0,0,0,0,0,0,0
170747,2,1,0,8,0,0,0,0,0,0,0,0
170748,0,1,0,0,0,0,0,0,0,0,0,0
170748,1,1,0,0,0,0,0,0,0,0,0,0
170749,1,1,21,0,16,10,13,18,17,0,3,28
170749,2,1,0,0,0,0,0,0,0,0,0,0
170750,1,1,0,0,0,0,0,0,0,0,0,0
170751,0,1,0,0,0,0,0,0,0,0,0,0
170751,1,1,0,0,0,0,0,0,0,0,0,0
170752,1,1,0,0,0,0,0,0,0,0,0,0
170752,2,1,0,0,0,0,0,0,0,0,0,0
170753,1,1,0,0,0,0,0,0,0,0,0,0
170754,1,1,25,25,25,25,25,25,25,25,25,25
170755,1,1,0,0,0,0,0,0,0,0,0,0
170755,2,1,0,0,0,0,0,0,0,0,0,0
170756,1,1,2,2,2,2,2,2,2,2,2,2
170757,1,1,2,2,2,2,2,2,2,2,2,2
170757,2,1,0,0,0,0,0,0,0,0,0,0
170759,1,1,10,10,10,10,10,10,10,10,10,10
170760,0,1,0,0,0,0,0,0,0,0,0,0
170760,1,1,0,0,0,0,0,0,0,0,0,0
170761,0,1,12,12,12,12,12,12,12,12,12,12
170761,1,1,0,0,0,0,0,0,0,0,0,0
170762,1,1,0,0,0,0,0,0,0,0,0,0
170763,0,1,21,21,21,21,21,21,21,21,21,21
170763,1,1,0,0,0,0,0,0,0,0,0,0
170764,0,1,10,10,10,10,10,10,10,10,10,10
170764,1,1,0,0,0,0,0,0,0,0,0,0
170765,1,1,26,26,26,26,26,26,26,26,26,26
170766,1,1,0,0,0,0,0,0,0,0,0,0
170766,2,1,0,0,0,0,0,0,0,0,0,0
170767,1,1,0,0,0,0,0,0,0,0,0,0
170767,2,1,0,0,0,0,0,0,0,0,0,0
170768,0,1,0,0,0,0,0,0,0,0,0,0
170768,1,1,0,0,0,0,0,0,0,0,0,0
170768,2,1,0,0,0,0,0,0,0,0,0,0
170769,1,1,0,0,0,0,0,0,0,0,0,0
170769,2,1,0,0,0,0,0,0,0,0,0,0
170770,1,1,0,0,0,0,0,0,0,0,0,0
170771,0,1,16,16,16,16,16,16,16,16,16,16
170771,1,1,18,0,0,0,0,0,0,0,0,0
170772,0,1,0,0,0,0,0,0,0,0,0,0
170772,1,1,0,0,0,0,0,0,0,0,0,0
170772,2,1,0,0,0,0,0,0,0,0,0,0
170773,1,1,0,0,0,0,0,0,0,0,0,0
170773,2,1,0,0,0,0,0,0,0,0,0,0
170774,1,1,0,0,0,0,0,0,0,0,0,0
170774,2,1,0,0,0,0,0,0,0,0,0,0
170775,1,1,13,13,13,13,13,13,13,13,13,13
170776,1,1,0,0,12,0,23,0,0,0,0,0
170777,0,1,0,0,0,0,0,0,0,0,0,0
170777,1,1,0,0,0,0,0,0,0,0,0,0
170778,0,1,7,7,7,7,7,7,7,7,7,7
170778,1,1,4,4,4,4,4,4,4,4,4,4
170779,0,1,18,18,18,18,18,18,18,18,18,18
170779,1,1,2,2,2,2,2,2,2,2,2,2
170780,1,1,0,0,0,0,0,0,0,0,0,0
170781,1,1,0,16,0,0,0,12,0,19,0,26
170781,2,1,0,0,15,20,14,0,0,18,0,15
170782,1,1,0,0,0,0,0,0,0,0,0,0
170782,2,1,0,0,0,0,0,0,0,0,0,0
170783,0,1,0,0,0,0,0,0,0,0,0,0
170783,1,1,0,0,0,0,0,0,0,0,0,0
170784,0,1,0,0,0,0,0,0,0,0,0,0
170784,1,1,0,0,0,0,0,0,0,0,0,0
170785,1,1,18,18,18,18,18,18,18,18,18,18
170786,1,1,0,0,0,0,0,0,0,0,0,0
170786,2,1,0,0,0,0,0,0,0,0,0,0
170787,1,1,22,22,22,22,22,22,22,22,22,22
170788,1,1,0,0,0,0,0,0,0,0,0,0
170788,2,1,15,0,16,20,0,18,16,0,37,0
170790,1,1,29,24,23,15,0,20,15,7,15,22
170791,1,1,0,0,0,0,0,0,0,0,0,0
170791,2,1,0,0,0,0,0,0,0,0,0,0
170792,1,1,0,0,0,0,0,0,0,0,0,0
170793,1,1,2,6,13,19,5,8,0,19,0,24
170794,1,1,2,2,2,2,2,2,2,2,2,2
170794,2,1,0,0,0,0,0,0,5,0,0,0
170795,0,1,0,0,0,0,0,0,0,0,0,0
170795,1,1,0,0,0,0,0,0,0,0,0,0
170796,1,1,0,0,0,0,0,0,0,0,0,0
170796,2,1,9,0,0,10,26,0,0,0,0,0
170797,1,1,15,15,15,15,15,15,15,15,15,15
170797,2,1,0,0,0,0,0,0,0,0,0,0
170798,0,1,29,29,29,29,29,29,29,29,29,29
170798,1,1,11,11,11,11,11,11,11,11,11,11
170799,1,1,0,0,0,0,0,0,0,0,0,0
170799,2,1,0,0,0,3,0,0,0,0,0,0
170800,1,1,0,0,0,0,0,0,0,0,0,0
170801,1,1,0,0,0,0,0,0,0,0,0,0
170801,2,1,0,0,0,0,0,0,0,0,0,0
170802,1,1,0,0,0,0,0,0,0,0,0,0
170802,2,1,23,0,0,0,0,0,0,0,0,0
170803,1,1,0,13,0,12,0,0,0,0,6,0
170804,0,1,39,39,39,39,39,39,39,39,39,39
170804,1,1,23,0,0,0,0,0,0,0,0,0
170805,0,1,31,31,31,31,31,31,31,31,31,31
170805,1,1,7,9,0,0,0,0,0,0,0,0
170806,1,1,0,0,0,0,0,0,0,0,0,0
170806,2,1,0,0,0,0,0,0,0,0,0,0
170807,1,1,0,0,0,0,0,0,0,0,0,0
170808,0,1,0,0,0,0,0,0,0,0,0,0
170808,1,1,0,0,0,0,0,0,0,0,0,0
170809,1,1,0,0,0,0,0,9,0,0,0,0
170809,2,1,0,0,0,8,0,0,0,0,0,0
170810,1,1,0,0,0,0,0,0,0,0,0,0
170810,2,1,0,0,0,0,0,0,0,0,0,0
170811,1,1,0,8,0,0,33,0,0,23,0,0
170813,0,1,0,0,0,0,0,0,0,0,0,0
170813,1,1,0,0,16,0,0,14,0,0,0,0
170814,1,1,0,0,0,0,0,0,0,0,0,0
170814,2,1,0,0,0,0,0,0,0,0,0,0
170815,0,1,0,0,0,0,0,0,0,0,0,0
170815,1,1,0,0,0,32,0,0,16,13,0,0
170816,1,1,18,18,18,18,18,18,18,18,18,18
170817,1,1,0,0,0,35,0,0,0,0,0,0
170818,1,1,14,14,14,14,14,14,14,14,14,14
170819,1,1,20,20,20,20,20,20,20,20,20,20
170820,1,1,18,18,18,18,18,18,18,18,18,18
170821,0,1,20,20,20,20,20,20,20,20,20,20
170821,1,1,0,0,0,0,0,0,0,0,0,0
170822,1,1,28,28,28,28,28,28,28,28,28,28
170822,2,1,0,0,0,0,0,0,0,0,0,0
170823,1,1,0,0,0,0,0,0,0,0,0,0
170823,2,1,0,0,0,0,0,0,0,0,0,0
170824,1,1,28,28,28,28,28,28,28,28,28,28
170825,1,1,21,21,21,21,21,21,21,21,21,21
170825,2,1,0,0,0,0,0,0,0,0,0,0
170826,1,1,0,0,0,0,0,0,0,0,0,0
170827,1,1,0,0,0,0,0,0,0,0,0,0
170827,2,1,0,0,0,0,0,0,0,0,0,0
170828,0,1,0,0,0,0,0,0,0,0,0,0
170828,1,1,12,0,25,0,0,0,35,0,0,0
170829,1,1,3,3,3,3,3,3,3,3,3,3
170830,0,1,0,0,0,0,0,0,0,0,0,0
170830,1,1,27,24,21,0,0,0,13,17,0,0
170831,0,1,14,14,14,14,14,14,14,14,14,14
170831,1,1,0,0,0,0,0,0,0,0,0,0
170832,1,1,11,11,11,11,11,11,11,11,11,11
170832,2,1,0,0,0,0,0,0,0,0,0,0
170833,1,1,0,0,0,0,0,0,0,0,0,0
170833,2,1,0,0,0,0,0,0,0,0,0,0
170834,1,1,21,21,21,21,21,21,21,21,21,21
170835,0,1,0,0,0,0,0,0,0,0,0,0
170835,1,1,0,0,0,0,0,0,0,0,0,0
170836,1,1,0,0,0,0,0,0,0,0,0,0
170836,2,1,0,0,0,0,0,0,0,0,0,0
170837,0,1,5,5,5,5,5,5,5,5,5,5
170837,1,1,0,0,0,0,0,0,0,0,0,0
170838,0,1,0,0,0,18,0,0,12,0,0,0
170838,1,1,17,17,17,17,17,17,17,17,17,17
170839,0,1,0,0,6,0,7,13,0,14,0,0
170839,1,1,0,0,6,13,0,0,14,0,17,0
170840,1,1,0,0,0,11,0,20,0,0,0,0
170840,2,1,27,0,7,10,17,0,18,15,0,0
170841,1,1,0,0,0,0,0,0,0,0,0,0
170842,1,1,0,0,0,0,0,0,0,0,0,0
170842,2,1,0,0,0,0,0,0,0,0,0,0
170843,1,1,0,0,0,0,9,0,0,0,0,0
170844,0,1,0,0,0,0,0,0,0,26,0,0
170844,1,1,0,5,0,14,0,0,6,0,0,0
170845,0,1,16,0,0,0,0,0,0,0,0,0
170845,1,1,18,18,18,18,18,18,18,18,18,18
170846,0,1,0,0,0,0,9,0,0,0,0,0
170846,0,2,0,0,30,0,25,25,0,0,19,4
170846,1,1,0,20,0,0,0,0,0,0,0,0
170847,1,1,18,0,0,16,10,0,22,0,0,0
170847,2,1,0,0,0,0,0,0,0,0,0,0
170848,1,1,0,0,0,0,0,0,0,0,0,21
170849,1,1,0,0,0,0,0,0,0,0,0,0
170850,0,1,0,0,0,0,0,0,0,0,0,0
170850,1,1,0,16,0,0,0,0,0,8,18,25
170852,1,1,0,0,0,0,0,0,0,0,0,0
170852,2,1,22,22,22,22,22,22,22,22,22,22
170853,1,1,0,0,0,0,0,0,0,0,0,0
170853,2,1,0,0,0,0,0,0,0,0,0,0
170854,1,1,0,0,0,0,0,0,0,0,0,0
170854,2,1,0,0,0,0,0,0,0,0,0,0
170855,1,1,0,0,0,0,0,0,0,0,0,0
170855,2,1,0,0,0,0,0,0,0,0,0,0
170856,1,1,24,24,24,24,24,24,24,24,24,24
170858,1,1,0,0,0,0,0,0,0,0,0,0
170859,1,1,0,0,0,0,0,0,0,0,0,0
170859,2,1,0,0,0,0,0,0,0,0,0,0
170860,1,1,0,0,0,0,0,0,0,0,0,0
170860,2,1,0,0,0,0,0,0,0,0,0,0
170860,3,1,0,0,0,0,0,0,0,0,0,0
170861,1,1,0,0,0,0,0,0,0,0,0,0
170862,0,1,0,0,0,0,0,0,0,0,0,0
170862,1,1,0,0,0,0,0,0,0,0,0,0
170863,1,1,0,0,0,0,0,0,0,0,0,0
170864,1,1,0,0,0,0,0,0,0,0,0,0
170864,2,1,6,6,6,6,6,6,6,6,6,6
170865,0,1,14,0,0,0,0,21,0,0,0,0
170865,1,1,0,0,0,0,0,0,0,0,0,0
170866,1,1,0,0,0,0,0,0,0,0,0,0
170866,2,1,0,0,0,0,0,0,0,0,0,0
170867,0,1,0,0,0,0,0,0,0,0,0,0
170867,0,2,0,0,0,0,0,0,0,0,0,0
170867,1,1,0,22,21,0,15,0,0,0,0,0
170868,1,1,11,11,11,11,11,11,11,11,11,11
170869,1,1,8,8,8,8,8,8,8,8,8,8
170870,1,1,0,0,0,0,0,0,0,0,0,0
170870,2,1,0,0,0,0,0,0,0,0,0,0
170871,0,1,0,0,0,0,0,0,0,0,0,0
170871,1,1,0,0,0,0,0,0,0,0,0,0
170872,1,1,8,8,8,8,8,8,8,8,8,8
170872,2,1,0,0,0,0,0,0,0,0,0,0
170873,1,1,0,0,0,0,0,0,0,0,0,0
170873,2,1,0,0,0,0,0,0,0,0,0,0
170873,3,1,0,0,26,0,0,0,0,0,0,0
170874,1,1,17,17,17,17,17,17,17,17,17,17
170875,1,1,0,0,0,0,0,0,0,0,0,0
170876,1,1,17,17,17,17,17,17,17,17,17,17
170878,1,1,0,0,0,23,0,0,13,0,0,0
170879,1,1,15,15,15,15,15,15,15,15,15,15
170879,2,1,0,0,0,0,16,0,0,0,0,0
170880,1,1,51,51,51,51,51,51,51,51,51,51
170882,1,1,15,15,15,15,15,15,15,15,15,15
170882,2,1,0,0,0,0,0,0,0,0,0,0
170883,1,1,22,22,22,22,22,22,22,22,22,22
170883,2,1,0,0,0,0,0,0,0,0,0,0
170884,1,1,22,22,22,22,22,22,22,22,22,22
170884,2,1,0,0,0,0,0,0,0,0,0,0
170884,3,1,0,0,0,0,0,0,0,0,0,0
170884,4,1,0,19,0,0,0,8,0,0,0,0
170885,0,1,0,14,9,0,0,0,0,16,0,0
170885,1,1,0,0,0,0,26,0,0,0,0,0
170886,1,1,0,24,29,37,0,20,9,20,0,9
170887,1,1,8,13,8,0,9,17,22,17,13,9
170887,2,1,0,0,0,0,0,32,11,0,0,0
170888,1,1,0,0,0,0,0,0,0,0,0,0
170888,2,1,0,0,0,0,0,3,0,0,0,0
170889,0,1,0,0,17,0,12,11,19,26,0,15
170889,1,1,0,0,13,0,0,0,0,0,0,0
170890,1,1,23,0,0,0,0,0,0,0,21,0
170890,2,1,0,9,0,0,0,0,0,11,0,0
170891,1,1,0,0,0,0,0,0,0,0,0,0
170892,1,1,27,27,27,27,27,27,27,27,27,27
170892,2,1,0,0,0,0,0,0,0,0,0,0
170893,1,1,18,18,18,18,18,18,18,18,18,18
170894,1,1,17,11,9,7,17,22,37,24,8,19
170895,1,1,0,0,19,0,0,22,26,0,0,0
170896,1,1,0,0,0,0,0,0,0,0,0,0
170896,2,1,0,0,0,0,0,0,0,0,0,0
170897,1,1,15,15,15,15,15,15,15,15,15,15
170898,1,1,6,6,6,6,6,6,6,6,6,6
170899,1,1,0,0,0,0,0,0,0,0,0,0
170899,2,1,0,0,0,0,0,0,0,0,0,0
170900,1,1,0,0,0,0,0,0,0,0,0,0
170900,2,1,0,0,0,17,0,0,0,0,0,0
170901,1,1,29,15,24,15,31,25,14,36,8,21
170902,1,1,0,12,0,0,0,10,0,0,14,0
170902,2,1,20,19,0,24,11,0,11,0,14,0
170903,1,1,23,23,23,23,23,23,23,23,23,23
170904,0,1,20,33,0,24,0,0,0,0,0,0
170904,1,1,16,16,16,16,16,16,16,16,16,16
170905,0,1,0,0,0,0,0,0,0,0,0,0
170905,1,1,0,0,0,0,0,0,0,0,0,0
170906,1,1,0,0,0,0,0,0,0,0,0,0
170906,2,1,0,0,0,0,0,0,0,0,0,0
170906,3,1,0,0,0,0,0,0,0,0,0,0
170908,1,1,31,31,31,31,31,31,31,31,31,31
170909,1,1,0,0,0,0,0,0,0,0,0,0
170909,2,1,0,0,0,0,0,0,0,0,0,0
170910,1,1,0,0,36,0,0,0,0,0,0,8
170911,1,1,0,0,0,0,0,0,0,0,0,0
170912,1,1,0,9,20,15,0,0,0,0,0,0
170912,2,1,0,0,0,0,13,26,0,0,0,0
170913,1,1,0,0,0,0,0,0,0,0,0,0
170913,2,1,0,0,0,0,0,0,0,0,0,0
170914,0,1,4,0,14,0,0,0,0,0,0,0
170914,1,1,0,0,0,0,0,0,0,0,0,0
170915,1,1,20,20,20,20,20,20,20,20,20,20
170916,1,1,0,0,0,0,0,16,0,10,0,0
170916,2,1,0,0,0,0,7,0,0,0,0,0
170917,0,1,15,15,15,15,15,15,15,15,15,15
170917,1,1,0,0,0,0,0,8,0,15,0,0
170918,1,1,0,0,0,0,0,0,0,0,0,0
170918,2,1,0,0,0,0,0,0,0,0,0,0
170920,1,1,23,23,23,23,23,23,23,23,23,23
170920,2,1,18,24,15,7,13,11,3,12,21,18
170921,0,1,0,0,0,0,0,0,0,0,0,0
170921,1,1,0,0,29,0,0,0,0,0,0,0
170922,1,1,0,0,0,0,0,0,0,0,0,0
170924,0,1,18,18,18,18,18,18,18,18,18,18
170924,1,1,0,11,0,15,0,34,0,0,0,0
170925,0,1,0,0,0,0,0,0,0,0,0,8
170925,0,2,0,0,0,0,0,0,0,0,0,0
170925,1,1,0,0,0,0,0,0,0,0,0,0
170926,0,1,16,16,16,16,16,16,16,16,16,16
170926,1,1,0,0,0,0,0,0,0,0,0,0
170927,0,1,0,0,4,0,0,0,0,0,0,0
170927,1,1,21,21,21,21,21,21,21,21,21,21
170928,1,1,0,15,0,0,0,0,0,0,0,0
170929,0,1,0,0,0,0,0,0,0,0,0,0
170929,1,1,0,0,0,0,0,0,0,0,0,0
170930,0,1,0,0,0,0,0,0,0,0,0,0
170930,1,1,0,0,0,0,0,0,0,0,0,0
170931,0,1,0,0,0,0,0,0,0,0,0,0
170931,1,1,0,0,0,0,0,0,0,0,0,0
170932,1,1,3,3,3,3,3,3,3,3,3,3
170933,1,1,0,0,0,14,0,19,0,13,0,11
180001,0,1,0,23,17,21,20,22,15,26,0,17
180001,1,1,0,0,0,0,0,0,0,0,0,0
180002,1,1,28,0,0,0,11,0,0,0,0,0
180002,2,1,0,0,0,0,0,0,0,0,0,0
180003,1,1,0,0,0,0,0,0,0,0,0,0
180004,1,1,0,0,0,0,0,0,0,0,0,0
180005,1,1,19,19,19,19,19,19,19,19,19,19
180006,1,1,0,0,0,0,0,0,0,0,0,0
180006,2,1,0,0,0,0,0,0,0,0,0,0
180007,1,1,7,0,0,19,0,0,14,0,0,14
180007,2,1,0,0,0,0,0,0,0,0,0,0
180008,1,1,0,0,0,0,0,0,0,0,0,0
180008,2,1,0,0,0,0,0,0,0,0,0,0
180009,1,1,7,7,7,7,7,7,7,7,7,7
180009,2,1,0,0,0,0,0,0,0,0,0,0
180009,3,1,0,0,0,0,0,0,0,0,0,0
180010,1,1,13,13,13,13,13,13,13,13,13,13
180011,1,1,0,0,0,0,0,0,0,0,0,0
180011,2,1,0,0,0,0,0,0,0,0,0,0
180011,3,1,0,0,0,0,0,0,0,0,0,0
180012,1,1,29,29,29,29,29,29,29,29,29,29
180012,2,1,4,4,4,4,4,4,4,4,4,4
180013,1,1,0,0,0,0,0,0,0,0,0,0
180013,2,1,0,0,0,0,0,0,0,0,0,0
180014,1,1,0,0,0,0,0,0,0,0,0,0
180015,0,1,0,0,19,0,0,0,0,0,0,0
180015,1,1,0,0,0,0,0,0,0,0,0,0
180016,1,1,16,16,16,16,16,16,16,16,16,16
180016,2,1,0,0,0,0,0,0,0,0,0,0
180017,1,1,0,0,0,0,0,0,0,0,4,0
180018,1,1,0,0,0,0,0,0,0,0,0,0
180018,2,1,0,0,0,0,0,0,0,0,0,0
180019,1,1,0,0,0,0,0,0,0,0,0,0
180019,2,1,0,0,0,0,0,0,0,0,0,0
180020,1,1,0,0,0,0,0,0,0,0,0,0
180020,2,1,0,0,0,0,0,0,0,0,0,0
180021,1,1,0,0,0,0,0,0,0,0,0,0
180021,2,1,0,0,0,0,0,0,0,0,0,0
180022,1,1,0,0,0,0,0,0,0,0,0,0
180022,2,1,0,0,0,0,0,0,0,0,0,0
180023,1,1,34,0,10,0,0,0,0,0,0,0
180023,2,1,0,0,0,0,0,0,0,0,0,0
180024,1,1,0,0,0,0,0,0,0,0,0,0
180026,1,1,0,0,0,0,0,0,0,0,0,0
180026,2,1,0,0,0,0,0,0,0,0,0,0
180026,3,1,0,0,0,0,0,0,0,0,0,0
180027,1,1,0,0,0,0,0,0,0,0,0,0
180028,1,1,0,0,0,0,0,0,0,0,0,0
180028,2,1,0,0,0,0,0,0,0,0,0,0
180029,1,1,0,0,0,0,0,0,0,0,0,0
180029,3,1,7,0,18,0,16,0,0,0,0,14
180030,1,1,0,0,0,0,0,0,0,0,0,0
180031,1,1,0,0,0,14,0,0,0,0,0,0
180032,1,1,0,0,0,0,0,44,0,0,12,0
180032,2,1,0,0,0,0,0,0,0,0,0,0
180033,1,1,0,4,0,0,5,0,0,0,0,0
180033,3,1,0,0,28,0,0,0,0,0,0,0
180034,1,1,0,0,0,0,0,0,0,0,0,0
180035,1,1,0,0,0,0,0,0,0,0,0,0
180036,0,1,0,0,0,0,0,0,0,0,0,0
180036,1,1,0,0,0,0,0,0,0,0,0,0
180037,1,1,17,17,17,17,17,17,17,17,17,17
180037,2,1,0,0,0,0,0,0,0,0,0,0
180038,1,1,0,0,0,0,0,0,0,0,0,0
180038,2,1,0,0,0,0,0,0,0,0,0,0
180039,1,1,0,0,0,0,0,0,0,0,0,0
180039,2,1,0,0,0,0,0,0,0,0,0,0
180040,1,1,0,0,0,0,0,0,0,0,0,0
180041,1,1,0,0,0,0,0,0,0,0,0,0
180041,2,1,0,0,0,0,0,0,0,0,0,0
180042,1,1,0,0,0,0,0,0,0,0,0,0
180042,2,1,0,0,0,0,0,0,0,0,0,0
180044,1,1,0,0,0,0,8,21,0,0,0,0
180045,0,1,0,0,0,0,0,0,0,0,0,0
180045,1,1,0,0,0,0,0,0,0,0,0,0
180046,1,1,0,0,0,0,0,0,0,0,0,0
180047,1,1,0,0,0,0,0,0,0,0,0,0
180048,0,1,26,26,26,26,26,26,26,26,26,26
180048,1,1,0,0,0,0,0,0,0,0,0,0
180049,1,1,0,0,0,0,0,0,0,0,0,0
180049,2,1,0,0,0,0,0,0,0,0,0,0
180051,1,1,32,32,32,32,32,32,32,32,32,32
180051,2,1,0,0,0,0,0,0,0,0,0,0
180052,1,1,58,58,58,58,58,58,58,58,58,58
180053,1,1,0,0,0,0,0,0,0,0,0,0
180053,2,1,0,0,0,0,0,0,0,0,0,0
180054,1,1,35,35,35,35,35,35,35,35,35,35
180055,1,1,0,0,0,0,0,0,0,0,0,0
180055,2,1,0,0,0,0,0,0,0,0,0,0
180056,1,1,22,22,22,22,22,22,22,22,22,22
180056,2,1,0,0,0,0,0,0,0,0,0,0
180057,1,1,0,0,0,0,0,0,0,0,0,0
180057,2,1,10,0,0,0,0,0,13,0,0,0
180058,1,1,0,0,20,13,13,0,0,0,0,20
180058,2,1,0,0,0,0,0,0,0,0,0,0
180058,3,1,0,0,0,0,0,0,0,0,0,0
180059,1,1,0,0,0,0,0,0,0,0,0,0
180059,2,1,0,0,0,0,0,0,0,0,0,0
180061,1,1,0,0,0,0,0,0,0,0,0,0
180061,2,1,0,0,0,0,0,0,19,0,0,0
180062,1,1,0,0,0,0,0,0,0,0,0,0
180063,1,1,13,13,13,13,13,13,13,13,13,13
180064,1,1,0,0,0,0,0,0,0,0,0,0
180064,2,1,0,0,0,0,0,0,0,0,0,0
180064,3,1,0,0,0,0,0,0,0,0,0,0
180065,1,1,18,18,18,18,18,18,18,18,18,18
180066,1,1,15,15,15,15,15,15,15,15,15,15
180066,2,1,0,0,0,0,0,0,0,0,0,0
180068,1,1,0,0,0,0,0,0,0,17,39,0
180068,2,1,12,0,0,0,0,0,0,0,0,0
180069,1,1,0,0,0,0,0,0,0,0,0,0
180069,2,1,0,0,0,0,0,0,0,0,0,0
180070,1,1,22,22,22,22,22,22,22,22,22,22
180070,2,1,0,0,0,0,0,0,0,0,0,0
180071,0,1,0,0,0,0,0,0,0,0,0,0
180071,1,1,0,0,4,9,0,0,0,0,0,0
180072,1,1,0,0,0,0,16,0,0,0,0,23
180072,2,1,0,0,0,0,0,0,0,0,0,0
180073,0,1,0,0,0,0,0,0,0,0,0,0
180073,0,2,0,0,0,0,0,0,0,0,0,0
180073,1,1,0,0,0,0,0,0,0,0,0,0
180074,1,1,0,0,0,0,0,0,0,0,0,0
180075,1,1,0,0,0,0,0,0,0,0,0,0
180075,2,1,0,0,0,0,17,0,0,0,13,0
180076,0,1,3,3,3,3,3,3,3,3,3,3
180076,1,1,0,0,0,0,0,0,0,0,0,0
180077,1,1,0,0,0,0,0,7,0,0,0,0
180078,1,1,0,0,0,0,0,0,0,0,0,0
180079,0,1,10,10,10,10,10,10,10,10,10,10
180079,1,1,0,0,0,0,0,0,0,0,0,0
180080,1,1,17,17,17,17,17,17,17,17,17,17
180081,1,1,0,0,0,0,0,0,0,0,0,0
180081,2,1,0,0,0,0,0,0,0,0,0,0
180082,1,1,0,0,0,0,0,0,0,0,0,0
180082,2,1,0,0,0,20,0,8,28,26,0,0
180083,1,1,0,0,0,0,0,0,0,0,0,0
180084,0,1,21,29,44,22,8,8,29,21,21,16
180084,1,1,0,0,0,0,0,0,0,0,0,0
180085,0,1,0,0,0,0,0,0,0,0,0,0
180085,1,1,0,0,0,0,0,0,0,0,0,0
180085,2,1,0,0,0,0,0,0,0,0,0,0
180086,0,1,23,23,23,23,23,23,23,23,23,23
180086,1,1,0,0,0,0,0,0,0,0,0,0
180087,1,1,0,0,0,0,0,0,0,0,0,0
180087,2,1,0,0,0,0,0,0,0,0,0,0
180088,0,1,0,0,0,0,0,0,0,0,0,0
180088,1,1,0,0,0,0,0,0,0,0,0,0
180089,1,1,32,32,32,32,32,32,32,32,32,32
180090,1,1,19,19,19,19,19,19,19,19,19,19
180091,1,1,0,0,0,0,0,0,0,0,0,0
180092,1,1,0,0,0,0,0,0,0,0,0,0
180092,2,1,0,0,0,0,0,0,0,0,0,0