ST_CASE,VEH_NO,PER_NO,P1,P2,P3,P4,P5,P6,P7,P8,P9,P10
180093,0,1,13,0,0,0,0,26,0,31,0,31
180093,0,2,0,0,0,17,8,18,0,0,0,0
180093,1,1,0,0,0,0,0,0,0,0,0,0
180094,1,1,2,2,2,2,2,2,2,2,2,2
180095,1,1,0,0,0,8,0,0,0,0,0,0
180095,2,1,0,0,0,0,0,0,0,0,0,0
180096,1,1,37,0,0,0,0,0,8,0,23,0
180098,1,1,0,0,0,0,0,0,0,0,0,0
180099,1,1,0,0,0,0,0,0,0,0,0,0
180100,1,1,22,22,22,22,22,22,22,22,22,22
180103,1,1,0,0,0,0,0,0,0,0,0,0
180104,1,1,0,0,0,0,0,0,0,0,0,0
180104,2,1,0,0,0,0,0,0,0,0,0,0
180105,1,1,22,0,27,20,3,22,0,15,22,0
180106,1,1,0,0,0,0,0,0,0,0,0,0
180107,1,1,17,17,17,17,17,17,17,17,17,17
180108,0,1,0,0,0,0,0,0,0,0,0,0
180108,0,2,16,26,0,10,0,0,0,0,0,0
180108,0,3,0,3,0,0,0,0,0,0,0,16
180108,0,4,0,0,0,0,0,0,0,0,0,0
180108,1,1,16,0,13,0,6,0,15,20,11,0
180109,1,1,19,0,0,0,0,0,0,0,0,0
180109,2,1,0,0,0,0,0,0,0,0,0,0
180110,1,1,0,0,0,0,0,0,0,0,0,0
180110,2,1,10,10,10,10,10,10,10,10,10,10
180111,1,1,0,0,0,21,5,0,0,13,14,19
180112,1,1,0,0,0,0,0,0,0,0,0,0
180112,2,1,0,0,0,0,0,0,0,0,0,0
180113,1,1,21,21,21,21,21,21,21,21,21,21
180113,2,1,0,0,0,0,0,0,0,0,0,0
180114,1,1,26,26,26,26,26,26,26,26,26,26
180115,1,1,16,16,16,16,16,16,16,16,16,16
180116,1,1,26,26,26,26,26,26,26,26,26,26
180117,1,1,0,0,0,0,0,0,0,0,0,0
180117,2,1,0,0,0,0,0,0,0,0,0,0
180118,1,1,14,14,14,14,14,14,14,14,14,14
180118,2,1,0,0,11,0,0,0,2,0,0,0
180119,1,1,0,0,0,0,0,0,0,0,0,0
180120,1,1,22,22,22,22,22,22,22,22,22,22
180121,1,1,0,0,0,0,0,0,0,0,0,0
180121,2,1,0,0,0,0,0,0,0,0,0,0
180121,3,1,0,0,0,0,0,0,0,0,0,12
180122,1,1,17,17,17,17,17,17,17,17,17,17
180123,1,1,0,0,0,0,0,0,0,0,0,0
180123,2,1,0,0,0,0,0,0,0,10,0,0
180124,1,1,21,21,21,21,21,21,21,21,21,21
180125,1,1,0,0,0,0,0,0,0,0,0,0
180126,1,1,0,0,0,0,0,0,0,0,0,0
180127,1,1,0,0,0,0,0,0,0,0,0,0
180127,2,1,16,16,16,16,16,16,16,16,16,16
180128,1,1,0,0,0,0,0,0,0,0,0,0
180131,1,1,0,0,0,0,0,0,0,0,0,0
180131,2,1,0,0,0,0,0,0,0,0,0,0
180132,1,1,0,0,0,0,0,0,0,0,0,0
180133,1,1,0,0,0,0,0,2,0,0,0,0
180134,1,1,0,0,0,0,0,0,0,0,0,0
180135,1,1,0,0,0,0,0,0,0,0,0,0
180135,2,1,0,0,0,0,0,0,0,0,0,0
180136,1,1,0,0,0,0,0,0,0,0,0,13
180137,1,1,41,0,0,0,0,0,0,0,0,0
180138,1,1,0,0,0,0,0,0,0,0,0,0
180138,2,1,0,0,0,0,0,0,0,0,0,0
180139,1,1,0,0,0,0,0,0,0,0,0,0
180139,2,1,0,0,0,0,0,0,0,0,0,0
180140,1,1,0,0,0,0,0,0,0,0,0,0
180140,2,1,0,0,0,0,2,0,0,0,0,0
180142,1,1,0,0,0,0,0,0,0,0,0,0
180142,2,1,0,0,0,0,0,0,0,0,0,0
180143,1,1,0,0,0,0,0,0,0,0,0,0
180144,1,1,16,16,16,16,16,16,16,16,16,16
180145,1,1,11,11,11,11,11,11,11,11,11,11
180146,1,1,25,25,25,25,25,25,25,25,25,25
180146,2,1,11,11,11,11,11,11,11,11,11,11
180147,1,1,0,0,0,0,0,0,0,0,0,0
180147,2,1,0,0,0,0,0,0,0,0,0,0
180147,3,1,0,0,0,0,0,0,0,0,0,0
180148,1,1,0,0,0,0,0,0,0,0,0,0
180148,2,1,0,0,0,0,0,0,0,0,0,0
180149,1,1,0,0,15,0,0,0,0,20,0,20
180150,1,1,0,8,0,0,0,0,0,24,0,0
180150,2,1,0,0,0,0,0,0,0,0,0,0
180151,1,1,20,20,20,20,20,20,20,20,20,20
180151,2,1,0,0,0,0,0,0,0,0,0,0
180152,1,1,0,0,0,0,0,0,0,0,0,0
180153,1,1,35,35,35,35,35,35,35,35,35,35
180154,1,1,0,16,0,23,0,0,0,0,0,0
180154,2,1,0,0,0,0,0,0,0,0,0,0
180155,1,1,0,0,0,0,0,0,0,0,0,0
180156,0,1,3,3,3,3,3,3,3,3,3,3
180156,1,1,0,0,0,0,0,0,0,0,0,0
180157,0,1,0,0,0,0,0,0,0,0,0,0
180157,1,1,0,0,0,0,0,0,0,0,0,0
180158,1,1,0,0,0,0,0,0,0,0,0,0
180159,1,1,0,0,0,0,0,0,0,0,0,0
180159,2,1,0,0,0,0,0,0,0,0,0,0
180160,1,1,0,0,0,0,0,0,0,0,0,0
180161,1,1,0,0,0,0,0,0,0,0,0,0
180162,1,1,26,26,26,26,26,26,26,26,26,26
180163,1,1,4,7,14,13,0,18,13,16,25,28
180164,1,1,28,0,29,0,0,24,11,16,27,0
180165,1,1,12,24,0,29,22,16,0,0,16,0
180165,2,1,15,0,0,0,16,0,22,15,31,0
180166,1,1,0,0,0,0,0,0,0,0,0,14
180168,1,1,11,13,23,0,17,20,15,18,14,0
180169,0,1,31,31,31,31,31,31,31,31,31,31
180169,1,1,22,22,22,22,22,22,22,22,22,22
180170,1,1,11,11,11,11,11,11,11,11,11,11
180171,1,1,8,8,8,8,8,8,8,8,8,8
180172,1,1,0,0,0,0,0,0,0,0,0,0
180172,2,1,0,0,0,0,0,0,0,0,0,0
180173,1,1,0,0,25,0,0,11,0,0,0,12
180174,1,1,0,0,0,0,0,0,0,0,0,0
180174,2,1,0,0,0,0,0,0,0,0,0,0
180174,3,1,0,0,0,0,0,0,0,0,0,0
180175,1,1,0,0,0,0,0,0,0,0,0,0
180176,0,1,0,0,0,0,0,0,0,0,0,0
180176,1,1,6,6,6,6,6,6,6,6,6,6
180177,1,1,0,0,0,0,0,0,0,0,0,0
180178,1,1,14,14,14,14,14,14,14,14,14,14
180179,1,1,0,0,0,0,0,0,0,0,0,0
180179,2,1,0,13,0,0,0,0,0,0,0,4
180180,1,1,0,0,0,0,0,0,0,0,0,0
180180,2,1,0,0,0,0,0,0,0,0,0,0
180181,1,1,16,16,16,16,16,16,16,16,16,16
180182,0,1,0,0,0,0,0,0,0,0,0,0
180182,1,1,0,0,0,0,0,0,0,0,0,0
180183,1,3,0,5,21,0,0,21,13,15,14,0
180184,1,1,0,0,14,23,0,0,19,0,0,50
180185,1,1,0,0,0,0,0,0,0,0,0,0
180185,2,1,0,0,0,0,0,0,0,0,0,0
180186,1,1,0,0,0,0,0,0,0,0,0,0
180186,2,1,0,0,0,0,0,0,0,0,0,0
180186,3,1,8,8,8,8,8,8,8,8,8,8
180187,1,1,13,13,27,19,8,8,15,22,11,10
180187,2,1,0,0,0,0,0,0,0,0,0,0
180188,1,1,24,24,24,24,24,24,24,24,24,24
180189,1,1,0,0,0,0,0,0,0,0,0,0
180189,2,1,0,0,0,0,0,0,0,0,0,0
180190,1,1,0,0,0,0,0,0,0,0,0,0
180190,2,1,0,22,0,0,0,0,0,0,0,0
180190,3,1,15,0,0,0,22,16,0,0,25,0
180190,4,1,0,0,8,0,0,0,0,0,0,0
180191,1,1,17,17,17,17,17,17,17,17,17,17
180192,1,1,0,0,0,11,0,15,0,0,0,0
180193,1,1,23,23,23,23,23,23,23,23,23,23
180194,1,1,0,0,0,0,0,0,0,0,0,0
180194,2,1,0,0,0,0,0,0,0,0,0,0
180196,0,1,0,0,0,0,0,0,0,0,0,0
180196,1,1,0,0,0,0,0,0,0,0,0,0
180197,1,1,0,0,0,0,0,0,0,0,0,0
180198,1,1,0,0,0,0,0,0,0,0,0,0
180199,1,1,18,5,5,23,4,16,0,20,8,4
180200,1,1,10,10,10,10,10,10,10,10,10,10
180200,2,1,0,0,0,0,0,0,0,0,0,0
180201,1,1,0,0,0,0,0,0,0,0,0,0
180202,1,1,4,4,4,4,4,4,4,4,4,4
180202,2,1,0,0,0,0,0,0,0,0,0,0
180203,1,1,32,32,32,32,32,32,32,32,32,32
180204,1,1,0,0,0,0,0,0,0,0,0,0
180205,0,1,0,0,0,0,0,0,0,0,0,0
180205,1,1,0,0,0,0,0,0,0,0,0,0
180206,1,1,0,0,0,0,0,0,0,0,0,0
180206,2,1,0,0,0,0,0,0,0,0,0,0
180206,3,1,0,0,0,0,0,0,0,0,0,0
180207,1,1,0,0,0,0,0,0,0,0,0,0
180207,2,1,0,0,0,0,0,0,0,0,0,0
180208,0,1,6,6,6,6,6,6,6,6,6,6
180208,1,1,0,0,0,0,0,0,0,0,0,0
180209,1,1,0,0,0,0,0,0,0,0,0,0
180209,2,1,0,0,0,0,0,0,0,0,0,0
180210,1,1,0,0,0,0,0,0,0,0,0,0
180211,1,1,21,21,21,21,21,21,21,21,21,21
180212,1,1,17,17,17,17,17,17,17,17,17,17
180212,2,1,0,0,0,0,0,0,0,0,0,0
180213,1,1,0,0,0,0,0,0,0,0,0,0
180213,2,1,15,15,15,15,15,15,15,15,15,15
180214,0,1,0,12,23,17,0,0,0,8,0,0
180214,1,1,0,0,0,0,0,0,0,0,0,0
180215,1,1,2,30,16,14,18,0,10,14,21,19
180215,2,1,0,0,0,0,0,0,0,0,0,0
180216,1,1,0,0,0,0,0,0,0,0,0,0
180217,1,1,21,21,21,21,21,21,21,21,21,21
180218,1,1,22,22,22,22,22,22,22,22,22,22
180219,0,1,0,0,0,0,0,0,0,0,0,0
180219,1,1,0,0,0,0,0,0,0,0,0,0
180220,1,1,20,20,20,20,20,20,20,20,20,20
180221,1,1,12,12,12,12,12,12,12,12,12,12
180221,2,1,0,0,0,0,0,0,0,0,0,0
180222,1,1,13,13,13,13,13,13,13,13,13,13
180223,1,1,0,0,0,0,0,0,0,0,0,0
180223,2,1,0,0,0,0,0,0,0,0,0,0
180224,1,1,0,0,0,0,0,0,0,0,0,0
180225,1,1,17,17,17,17,17,17,17,17,17,17
180226,1,1,0,0,0,0,0,0,0,0,0,0
180226,2,1,0,0,0,0,0,0,0,0,0,0
180227,1,1,0,0,0,0,0,4,0,0,0,16
180227,2,1,0,0,0,0,0,0,0,0,0,0
180228,1,1,27,27,27,27,27,27,27,27,27,27
180229,0,1,0,0,0,0,0,0,0,0,0,0
180229,1,1,0,0,0,0,0,0,0,0,0,0
180230,1,1,23,23,23,23,23,23,23,23,23,23
180230,2,1,0,0,0,0,0,0,0,0,0,0
180231,1,1,5,5,5,5,5,5,5,5,5,5
180231,2,1,0,0,0,0,0,0,0,0,0,0
180232,1,1,0,0,0,0,0,0,0,0,0,0
180232,2,1,0,0,0,0,0,0,0,0,0,0
180232,3,1,0,0,0,0,0,0,0,0,0,0
180232,4,1,0,0,0,0,0,0,0,0,0,0
180232,5,1,0,0,0,0,0,0,0,0,0,0
180233,1,1,0,0,0,0,0,0,0,0,0,0
180233,2,1,0,0,0,0,0,0,0,0,0,0
180233,3,1,0,0,0,0,0,0,0,0,0,0
180234,1,1,0,0,0,0,0,0,0,0,0,0
180234,2,1,0,0,0,0,4,0,0,0,0,0
180235,1,1,19,19,19,19,19,19,19,19,19,19
180236,1,1,21,21,21,21,21,21,21,21,21,21
180237,1,1,0,0,0,0,0,0,0,22,0,0
180238,1,1,0,0,0,0,0,0,0,0,0,0
180239,1,1,0,0,0,21,0,0,0,0,0,0
180239,2,1,0,0,0,0,0,0,0,0,0,0
180240,1,1,23,23,23,23,23,23,23,23,23,23
180241,1,1,6,6,6,6,6,6,6,6,6,6
180242,1,1,0,0,0,0,0,0,0,0,0,0
180242,2,1,0,0,0,0,0,0,0,0,0,0
180243,1,1,0,0,0,0,0,0,0,0,0,0
180243,2,1,0,0,0,0,0,0,0,0,15,10
180244,1,1,14,14,14,14,14,14,14,14,14,14
180244,2,1,21,21,21,21,21,21,21,21,21,21
180245,1,1,14,14,14,14,14,14,14,14,14,14
180246,1,1,31,31,31,31,31,31,31,31,31,31
180247,1,1,0,0,0,0,0,0,0,0,0,0
180248,1,1,17,17,17,17,17,17,17,17,17,17
180249,1,1,0,0,0,0,0,0,0,0,0,0
180250,1,1,0,0,0,0,3,0,0,0,0,0
180251,1,1,4,4,4,4,4,4,4,4,4,4
180251,2,1,0,0,0,0,0,0,0,0,0,0
180252,1,1,29,29,29,29,29,29,29,29,29,29
180253,1,1,0,0,0,0,0,0,0,0,0,0
180254,1,1,0,0,0,0,0,0,0,0,0,0
180255,1,1,0,0,0,0,0,0,0,0,0,0
180255,2,1,0,0,0,0,0,0,0,17,0,0
180256,0,1,0,0,0,0,0,0,0,0,0,0
180256,1,1,0,0,0,0,0,0,0,0,0,0
180257,1,1,14,0,0,0,0,0,0,16,0,0
180257,2,1,11,11,11,11,11,11,11,11,11,11
180258,0,1,30,30,30,30,30,30,30,30,30,30
180258,1,1,0,0,0,0,0,0,0,0,0,0
180258,2,1,0,0,0,0,0,0,0,0,0,0
180259,1,1,0,0,0,0,0,0,0,0,0,0
180259,2,1,0,0,0,0,0,0,0,0,0,0
180260,1,1,0,0,0,0,0,0,0,0,0,0
180260,2,1,0,0,0,0,0,0,0,0,0,0
180261,1,1,0,0,0,0,0,0,0,0,0,0
180261,2,1,0,0,0,0,0,0,0,0,0,0
180262,1,1,21,21,21,21,21,21,21,21,21,21
180262,2,1,0,0,0,0,0,0,0,0,0,0
180263,1,1,0,0,0,0,0,0,0,0,0,0
180263,2,1,0,0,0,0,0,0,0,0,0,0
180264,1,1,0,0,0,0,0,0,0,0,0,0
180264,2,1,0,0,0,0,0,0,0,0,0,0
180265,1,1,0,0,0,0,0,0,0,0,0,0
180266,1,1,20,20,20,20,20,20,20,20,20,20
180266,2,1,0,0,0,0,0,0,0,0,0,0
180267,1,1,19,19,19,19,19,19,19,19,19,19
180268,1,1,10,11,16,14,34,17,13,21,11,24
180269,1,1,11,11,11,11,11,11,11,11,11,11
180270,1,1,19,19,19,19,19,19,19,19,19,19
180271,0,1,0,0,0,0,0,0,0,0,0,0
180271,0,2,0,0,0,0,0,0,0,0,0,0
180271,1,1,0,0,0,0,0,0,0,0,0,0
180272,1,1,0,0,0,0,0,0,0,0,0,0
180272,2,1,0,0,0,0,0,0,0,0,0,0
180273,1,1,16,16,16,16,16,16,16,16,16,16
180274,1,1,0,0,0,31,0,0,15,12,0,16
180275,1,1,0,0,0,0,0,0,0,0,0,0
180275,2,1,0,0,0,0,0,0,0,0,0,0
180276,1,1,0,0,0,0,0,0,13,0,0,0
180277,1,1,0,0,0,0,0,0,0,0,0,0
180277,2,1,0,0,0,0,0,0,0,0,0,0
180278,1,1,0,0,0,0,0,0,0,0,0,0
180279,1,1,16,16,16,16,16,16,16,16,16,16
180280,1,1,0,0,0,0,0,0,0,0,0,0
180280,2,1,0,0,0,0,0,0,0,0,0,0
180281,1,1,0,0,0,0,0,0,0,0,0,0
180281,2,1,17,17,17,17,17,17,17,17,17,17
180282,1,1,8,8,8,8,8,8,8,8,8,8
180283,1,1,0,0,0,0,0,0,0,0,0,0
180284,1,1,0,0,21,0,26,11,0,0,0,0
180285,1,1,0,0,0,0,0,0,0,0,0,0
180285,2,1,0,0,0,0,0,0,0,0,0,0
180286,0,1,0,0,0,0,0,24,0,0,27,0
180286,1,1,0,0,0,0,0,0,0,0,0,0
180287,1,1,0,0,0,0,0,0,0,0,0,0
180287,2,1,0,0,0,0,0,0,0,0,0,0
180288,0,1,0,0,0,0,0,0,0,0,0,0
180288,1,1,0,0,0,0,0,0,0,0,0,0
180289,0,1,0,0,0,0,0,0,0,0,0,0
180289,1,1,0,0,0,0,0,0,0,0,0,0
180290,1,1,0,0,0,0,0,0,0,0,0,0
180291,1,1,0,0,0,0,0,0,0,0,0,0
180291,2,1,0,0,0,0,0,0,0,0,0,0
180292,1,1,37,0,0,0,0,0,0,0,0,0
180292,2,1,0,0,0,0,0,0,0,0,0,0
180293,1,1,25,20,15,17,17,13,10,13,24,52
180294,1,1,0,0,0,0,0,0,0,0,0,0
180295,1,1,0,0,0,0,0,0,0,0,0,0
180296,1,1,0,0,0,0,0,0,0,0,0,0
180296,2,1,10,10,10,10,10,10,10,10,10,10
180297,1,1,0,0,0,0,0,0,0,0,0,0
180298,1,1,0,0,0,0,0,0,0,0,0,0
180298,2,1,0,0,0,0,0,0,0,0,0,0
180299,1,1,0,0,0,0,0,0,0,0,0,0
180299,2,1,0,0,0,0,0,0,0,0,0,0
180299,3,1,0,0,0,0,0,0,0,0,0,0
180301,1,1,0,0,0,0,0,0,0,0,0,0
180301,2,1,0,0,0,0,0,0,0,0,0,0
180302,1,1,0,0,13,0,0,0,16,11,0,0
180303,1,1,0,0,0,0,0,0,0,0,0,0
180303,2,1,0,0,0,0,0,0,0,0,0,0
180304,1,1,11,11,11,11,11,11,11,11,11,11
180304,2,1,0,0,0,0,0,0,0,0,0,0
180305,1,1,0,0,0,0,0,0,0,0,0,0
180306,1,1,0,0,0,0,0,0,0,0,0,0
180307,1,1,0,0,0,0,0,0,0,0,0,0
180308,1,1,0,0,0,0,0,0,0,0,0,0
180308,2,1,0,0,0,0,0,0,0,0,0,0
180309,1,1,11,11,11,11,11,11,11,11,11,11
180310,1,1,0,0,0,0,0,0,0,0,0,0
180310,2,1,0,0,0,0,0,0,0,0,0,0
180312,0,1,0,0,0,0,0,0,0,0,0,0
180312,1,1,0,0,0,0,0,0,0,0,0,0
180313,1,1,0,0,0,0,0,0,0,0,0,0
180313,2,1,0,0,0,0,0,0,0,0,0,0
180315,1,1,21,21,21,21,21,21,21,21,21,21
180315,2,1,0,0,0,0,0,0,0,0,0,0
180316,1,1,0,0,0,0,0,0,0,0,0,0
180316,2,1,0,0,0,0,0,0,0,0,0,0
180317,1,1,0,0,0,0,0,0,0,0,0,0
180317,2,1,0,0,0,0,0,0,13,0,0,0
180317,3,1,8,8,8,8,8,8,8,8,8,8
180318,1,1,13,13,13,13,13,13,13,13,13,13
180318,2,1,0,0,0,0,0,0,0,0,0,0
180318,3,1,0,0,0,0,0,0,0,0,0,0
180319,1,1,0,0,0,0,0,0,0,0,0,0
180320,1,1,0,0,0,0,0,0,0,0,0,0
180321,1,1,0,0,0,0,0,0,0,0,0,0
180322,1,1,0,0,0,0,0,0,0,0,0,0
180322,2,1,5,0,6,0,0,0,0,0,0,0
180323,1,1,26,26,26,26,26,26,26,26,26,26
180323,2,1,0,0,0,0,18,0,0,0,13,0
180324,1,1,0,0,0,0,0,0,0,0,0,0
180324,2,1,0,0,28,17,0,0,0,0,0,0
180325,1,1,0,0,0,0,0,0,0,0,0,0
180326,1,1,0,0,0,0,0,0,0,0,0,0
180326,2,1,0,0,0,0,0,0,0,0,0,0
180327,0,1,0,0,0,0,0,0,0,0,0,0
180327,1,1,4,4,4,4,4,4,4,4,4,4
180328,0,1,0,0,0,0,0,0,0,0,0,0
180328,1,1,27,0,0,0,0,0,20,0,25,10
180329,1,1,0,0,0,0,0,0,0,0,0,0
180329,2,1,0,0,0,0,0,0,18,25,0,0
180330,1,1,0,0,0,0,0,0,0,0,0,0
180331,1,1,0,0,0,0,0,0,0,0,0,0
180331,2,1,0,0,0,0,0,0,0,0,0,0
180332,1,1,24,24,24,24,24,24,24,24,24,24
180333,1,1,0,0,0,0,0,13,0,0,0,11
180333,2,1,0,0,0,0,0,0,0,0,0,0
180334,1,1,0,0,0,0,0,0,0,0,0,0
180334,2,1,0,0,0,0,0,0,0,0,0,0
180334,3,1,0,0,0,0,0,0,0,0,0,0
180335,1,1,21,21,21,21,21,21,21,21,21,21
180336,1,1,5,5,5,5,5,5,5,5,5,5
180337,1,1,0,0,0,0,0,0,0,0,0,0
180337,2,1,0,0,0,0,0,0,0,0,0,0
180338,0,1,0,0,0,0,0,0,37,0,0,0
180338,1,1,0,0,0,0,0,0,0,0,0,0
180339,1,1,24,15,0,0,0,0,0,25,0,0
180340,1,1,0,0,0,0,0,0,0,0,0,0
180341,1,1,0,0,0,0,0,0,0,0,0,0
180341,2,1,0,0,0,0,0,0,0,0,0,0
180342,1,1,0,0,0,0,0,0,0,0,0,0
180342,2,1,0,0,0,0,0,0,0,0,0,0
180343,1,1,0,0,0,0,0,0,0,0,0,0
180343,2,1,3,0,0,7,0,0,0,0,0,0
180344,1,1,0,0,0,0,0,0,0,0,0,0
180344,2,1,0,0,0,0,0,0,0,0,0,0
180345,1,1,1,1,1,1,1,1,1,1,1,1
180346,1,1,0,0,0,9,0,0,0,0,0,0
180347,1,1,0,0,0,0,0,0,0,7,0,0
180347,2,1,0,0,0,0,0,0,0,0,0,0
180348,1,1,0,0,0,0,0,0,0,0,0,0
180348,2,1,0,0,0,0,0,0,0,0,0,0
180349,1,1,0,0,0,0,0,0,0,0,0,0
180351,1,1,0,0,0,0,0,0,0,0,0,0
180351,2,1,0,0,0,0,0,0,0,0,0,0
180352,1,1,0,0,0,0,0,0,0,0,0,0
180353,1,1,16,16,16,16,16,16,16,16,16,16
180354,1,1,0,0,0,0,0,0,0,0,0,0
180354,2,1,0,0,0,0,0,0,0,0,0,0
180355,1,1,0,0,0,0,0,0,0,0,0,0
180356,1,1,0,0,0,0,20,2,13,6,0,26
180357,1,1,17,17,17,17,17,17,17,17,17,17
180358,1,1,0,0,0,0,0,0,0,0,0,0
180359,1,1,0,0,0,0,0,0,0,0,0,0
180359,2,1,0,0,0,0,0,0,0,0,0,0
180360,1,1,0,0,0,0,0,0,0,0,0,0
180360,2,1,0,0,0,0,0,0,0,0,18,14
180360,3,1,0,0,0,0,0,0,0,0,0,0
180360,4,1,0,0,0,21,0,11,0,0,0,0
180361,1,1,21,21,21,21,21,21,21,21,21,21
180362,1,1,20,20,20,20,20,20,20,20,20,20
180363,1,1,0,0,0,0,0,0,0,0,0,0
180363,2,1,0,0,0,0,0,0,0,0,0,0
180364,1,1,0,0,0,0,0,0,0,0,0,0
180364,2,1,0,0,0,0,0,0,0,0,0,0
180365,1,1,0,0,0,0,0,0,0,0,0,0
180365,2,1,0,0,0,0,0,0,0,0,0,0
180366,1,1,0,0,0,0,0,0,0,0,0,0
180366,2,1,0,0,0,0,0,0,0,0,0,0
180367,1,1,0,0,0,0,0,0,0,0,0,0
180368,1,1,19,19,19,19,19,19,19,19,19,19
180369,1,1,0,0,0,0,0,0,0,0,0,0
180369,2,1,0,0,2,0,0,0,0,0,0,0
180370,1,1,0,0,0,11,0,0,13,0,0,0
180371,2,1,16,16,16,16,16,16,16,16,16,16
180372,1,1,0,0,0,0,0,0,0,0,0,0
180372,2,1,0,0,0,0,0,0,0,0,0,0
180373,1,1,0,0,0,0,0,0,0,0,0,0
180374,1,1,19,24,54,19,13,0,9,15,22,9
180375,1,1,0,0,0,0,0,0,0,0,0,0
180376,1,1,0,0,0,0,0,0,0,0,0,0
180377,1,1,0,0,0,0,0,0,0,0,0,0
180377,2,1,0,0,13,0,0,10,12,0,0,16
180378,1,1,0,0,9,0,0,7,0,0,0,21
180379,1,1,0,0,0,0,0,0,0,0,0,0
180380,1,1,9,0,0,0,0,12,0,0,32,15
180381,1,1,23,23,23,23,23,23,23,23,23,23
180382,1,1,0,0,0,0,0,0,0,0,0,0
180382,2,1,0,29,0,0,0,0,0,0,0,26
180383,1,1,3,3,3,3,3,3,3,3,3,3
180383,2,1,0,0,0,0,0,0,0,0,0,0
180384,1,1,14,14,14,14,14,14,14,14,14,14
180384,2,1,0,0,0,0,0,0,0,0,0,0
180385,0,1,0,0,0,0,0,0,0,0,0,0
180385,1,1,0,0,0,0,0,0,0,0,0,0
180386,1,1,0,10,0,0,11,6,9,0,10,14
180387,1,1,13,39,38,26,10,13,30,16,15,14
180388,1,1,0,0,0,0,0,0,28,9,18,0
180388,2,1,0,0,0,0,0,0,0,0,0,0
180389,1,1,0,0,0,0,0,0,0,0,0,0
180389,2,1,0,0,0,0,0,0,0,0,0,0
180390,1,1,0,0,0,0,0,0,0,0,0,0
180390,2,1,0,0,0,0,0,0,0,0,0,0
180391,1,1,0,0,0,0,0,0,0,0,0,0
180392,1,1,22,22,22,22,22,22,22,22,22,22
180393,1,1,10,10,10,10,10,10,10,10,10,10
180394,1,1,0,0,0,0,0,0,0,0,0,0
180394,2,1,1,1,1,1,1,1,1,1,1,1
180395,1,1,0,0,0,0,0,0,0,0,0,0
180395,2,1,0,0,0,22,0,0,0,0,0,9
180395,3,1,0,0,0,0,0,0,0,0,0,0
180396,1,1,28,0,20,11,20,0,9,0,20,0
180397,1,1,0,0,0,0,0,0,0,0,0,0
180397,2,1,0,0,0,0,0,0,0,0,0,0
180398,1,1,0,0,0,0,0,0,0,0,0,0
180399,1,1,19,15,0,20,14,0,0,0,10,27
180400,1,1,12,22,4,0,23,0,27,0,10,0
180400,2,1,0,0,0,0,0,0,0,0,0,0
180400,3,1,0,0,6,0,0,0,0,0,0,0
180401,1,1,21,21,21,21,21,21,21,21,21,21
180402,1,1,11,11,11,11,11,11,11,11,11,11
180403,1,1,20,20,20,20,20,20,20,20,20,20
180404,1,1,0,0,0,0,0,0,0,0,0,0
180404,2,1,0,0,0,0,0,0,0,0,0,0
180405,1,1,0,0,0,0,0,0,0,0,0,0
180405,2,1,0,0,0,0,0,0,0,0,0,0
180406,1,1,21,21,21,21,21,21,21,21,21,21
180407,1,1,10,0,0,0,0,0,5,33,0,0
180407,2,1,0,0,0,0,0,0,0,0,0,0
180408,1,1,0,0,0,5,23,0,0,0,0,16
180409,1,1,27,27,27,27,27,27,27,27,27,27
180410,1,1,0,0,0,0,0,0,19,0,21,0
180411,0,1,0,0,0,0,0,0,0,0,0,0
180411,1,1,0,0,0,0,0,0,0,0,0,0
180412,1,1,25,25,25,25,25,25,25,25,25,25
180412,2,1,0,0,0,0,0,0,0,0,0,0
180413,1,1,0,0,0,10,9,0,0,0,7,12
180414,1,1,0,0,0,0,0,0,0,0,0,0
180414,2,1,0,18,5,0,0,0,0,0,0,0
180415,1,1,0,0,0,0,0,0,0,0,0,0
180415,2,1,0,0,0,0,0,0,0,0,0,0
180416,1,1,0,0,0,0,0,0,0,0,0,0
180416,2,1,0,0,0,0,16,0,0,0,0,0
180418,1,1,0,0,0,0,0,0,0,0,0,0
180419,1,1,0,0,0,0,0,0,0,0,0,0
180420,1,1,0,0,0,0,0,0,0,0,0,0
180421,0,1,0,0,0,0,0,0,0,0,0,0
180421,1,1,0,0,0,0,0,0,0,0,0,0
180422,1,1,0,0,0,0,0,0,0,0,0,0
180423,1,1,18,18,18,18,18,18,18,18,18,18
180424,1,1,0,0,23,0,0,0,17,0,25,0
180425,1,1,10,0,24,0,0,0,0,15,0,0
180425,2,1,0,0,0,0,0,0,0,0,0,0
180426,1,1,0,0,0,0,0,0,0,0,22,0
180427,1,1,0,0,0,0,0,0,0,0,0,0
180428,1,1,0,0,0,0,0,0,0,0,0,0
180428,2,1,0,0,0,0,0,0,0,0,0,0
180428,3,1,0,0,0,0,0,0,0,0,0,0
180428,4,1,0,0,0,0,0,0,0,0,0,0