ST_CASE,VEH_NO,PER_NO,P1,P2,P3,P4,P5,P6,P7,P8,P9,P10
180428,5,1,0,0,0,0,0,0,0,0,0,0
180429,1,1,0,0,0,0,0,0,0,0,0,0
180429,2,1,0,0,0,0,0,0,0,0,0,0
180429,3,1,0,0,0,0,0,0,0,0,0,0
180430,1,1,0,0,0,7,0,0,0,0,11,0
180432,1,1,0,13,0,0,0,0,0,0,0,0
180432,2,1,0,0,0,0,0,0,0,0,0,0
180433,1,1,31,31,31,31,31,31,31,31,31,31
180434,1,1,26,26,26,26,26,26,26,26,26,26
180435,1,1,0,0,0,0,0,0,0,0,0,0
180436,1,1,21,21,21,21,21,21,21,21,21,21
180436,2,1,8,0,12,24,4,0,22,0,12,0
180437,1,1,0,0,0,0,0,0,0,0,0,0
180437,2,1,0,0,0,0,0,0,0,0,0,0
180438,1,1,0,0,0,0,0,0,0,0,0,0
180438,2,1,0,0,0,0,0,0,0,0,0,0
180439,1,1,0,0,0,0,0,0,0,0,0,0
180439,2,1,0,0,0,0,0,0,0,0,0,0
180440,1,1,0,0,0,0,0,0,0,0,0,0
180441,1,1,0,0,0,0,0,0,0,0,0,0
180441,2,1,0,0,0,0,0,0,0,0,0,0
180441,3,1,0,0,0,0,0,0,0,0,0,0
180442,1,1,0,0,0,0,0,0,0,0,0,0
180442,2,1,0,0,0,0,0,0,0,0,0,0
180443,1,1,0,0,0,0,0,0,0,0,0,0
180443,2,1,0,0,0,0,0,0,0,0,0,0
180444,1,1,0,0,0,0,17,0,0,0,0,0
180445,1,1,19,19,19,19,19,19,19,19,19,19
180445,2,1,0,0,0,0,0,0,0,6,0,0
180446,1,1,0,0,0,0,0,0,0,0,0,0
180446,2,1,0,0,0,0,0,0,0,0,0,0
180446,3,1,0,0,0,0,0,0,0,0,0,0
180446,4,1,0,0,0,0,0,0,0,0,0,0
180447,1,1,0,0,0,0,0,0,0,0,0,0
180448,1,1,0,0,0,0,0,0,0,0,0,0
180448,2,1,0,0,0,0,0,0,0,0,0,0
180448,3,1,0,0,0,0,0,0,0,0,0,0
180449,1,1,0,0,28,0,0,16,15,0,0,14
180450,1,1,3,3,3,3,3,3,3,3,3,3
180451,1,1,12,12,12,12,12,12,12,12,12,12
180451,2,1,0,0,0,0,0,0,0,0,0,0
180452,0,1,0,0,0,0,0,0,4,0,0,0
180452,1,1,0,0,0,0,0,0,0,0,0,0
180453,1,1,0,0,0,0,0,0,0,0,0,0
180453,2,1,0,0,0,0,0,0,0,0,0,0
180454,1,1,0,0,0,0,0,0,0,0,0,0
180454,2,1,0,0,0,0,36,0,0,0,0,0
180454,3,1,0,0,13,30,0,0,0,0,0,0
180455,1,1,0,0,0,0,0,0,0,0,0,0
180456,1,1,0,0,0,0,0,0,0,0,0,0
180456,2,1,0,0,43,0,0,0,0,0,0,0
180457,1,1,27,27,27,27,27,27,27,27,27,27
180458,1,1,0,0,0,0,0,0,0,0,0,0
180459,1,1,0,0,0,0,0,0,0,0,0,0
180460,1,1,15,15,15,15,15,15,15,15,15,15
180461,1,1,0,0,0,0,0,0,0,0,0,0
180462,1,1,0,0,0,0,0,0,0,0,0,0
180463,0,1,0,0,0,0,0,0,0,0,0,0
180463,1,1,0,0,0,0,0,0,0,0,0,0
180464,1,1,2,2,2,2,2,2,2,2,2,2
180465,1,1,14,14,14,14,14,14,14,14,14,14
180465,2,1,0,0,0,0,0,0,0,0,0,0
180466,1,1,0,0,0,0,0,0,0,0,0,0
180466,2,1,0,0,0,0,0,0,0,0,0,0
180467,1,1,0,0,0,0,0,0,0,0,0,0
180467,2,1,0,0,0,0,0,0,0,0,0,0
180468,1,1,16,16,16,16,16,16,16,16,16,16
180469,1,1,0,0,0,0,0,0,0,0,0,0
180469,2,1,0,6,0,0,0,0,9,0,0,0
180470,1,1,16,16,16,16,16,16,16,16,16,16
180471,1,1,14,14,14,14,14,14,14,14,14,14
180472,0,1,0,0,0,0,0,0,0,0,0,0
180472,1,1,0,0,0,0,0,0,0,0,0,0
180473,1,1,0,0,0,0,0,0,0,0,0,0
180473,2,1,0,0,0,0,0,0,0,0,0,0
180474,1,1,0,0,0,0,0,0,0,0,0,0
180475,1,1,0,0,0,0,0,0,0,0,0,0
180475,2,1,0,0,0,0,0,0,0,0,0,0
180475,3,1,0,0,0,0,0,0,0,0,0,0
180475,4,1,0,0,0,0,0,0,0,0,0,0
180475,5,1,0,0,0,0,0,0,0,0,0,0
180475,6,1,0,0,0,0,0,0,0,0,0,0
180475,7,1,0,0,0,0,0,0,0,0,0,0
180475,8,1,0,0,0,0,0,0,0,0,0,0
180475,9,1,0,0,0,0,0,0,0,0,0,0
180475,10,1,0,0,0,0,0,0,0,0,0,0
180475,11,1,0,0,0,0,0,0,0,0,0,0
180475,12,1,0,0,0,0,0,0,0,0,0,0
180475,13,1,0,0,0,0,0,0,0,0,0,0
180476,1,1,0,0,0,0,0,0,0,0,0,0
180476,2,1,0,0,0,0,0,0,0,0,0,0
180477,1,1,40,40,40,40,40,40,40,40,40,40
180477,2,1,0,0,0,0,0,0,0,0,0,0
180478,1,1,0,0,0,0,0,0,0,0,0,0
180479,1,1,9,9,9,9,9,9,9,9,9,9
180480,1,1,0,10,0,0,15,0,0,4,0,10
180481,1,1,10,10,10,10,10,10,10,10,10,10
180482,1,1,0,0,0,0,0,0,0,0,0,0
180482,2,1,0,0,0,0,0,0,0,0,0,0
180483,1,1,0,0,0,0,0,0,0,0,0,0
180483,2,1,0,0,0,0,0,0,0,0,0,0
180484,1,1,0,0,0,0,0,0,0,0,0,17
180485,0,1,0,0,37,12,0,18,28,14,0,22
180485,1,1,0,0,0,0,0,0,0,29,0,0
180486,0,1,38,38,38,38,38,38,38,38,38,38
180486,1,1,0,0,0,0,0,0,0,0,0,0
180487,1,1,0,0,0,0,0,0,0,0,0,0
180487,2,1,0,0,0,0,0,0,0,0,0,0
180488,0,1,0,0,0,0,0,0,0,0,0,0
180488,1,1,0,0,0,0,0,0,0,0,0,0
180489,0,1,9,9,9,9,9,9,9,9,9,9
180489,1,1,10,10,10,10,10,10,10,10,10,10
180490,1,1,0,0,0,0,0,0,0,0,0,0
180491,1,1,0,0,0,0,0,0,0,0,0,0
180491,2,1,22,7,8,12,11,0,0,12,13,5
180492,1,1,18,18,18,18,18,18,18,18,18,18
180492,2,1,0,0,0,0,0,0,0,0,0,0
180493,1,1,23,23,23,23,23,23,23,23,23,23
180494,1,1,0,0,0,0,0,0,0,0,0,0
180494,2,1,0,0,0,0,0,0,0,0,0,0
180495,1,1,0,0,0,0,0,0,0,0,0,0
180496,0,1,0,0,0,0,0,0,0,0,0,0
180496,1,1,0,0,0,0,0,0,0,0,0,0
180497,1,1,0,0,0,0,0,0,0,0,0,0
180497,2,1,0,0,0,0,0,0,0,0,0,0
180498,1,1,0,0,0,0,0,0,0,0,0,0
180499,0,1,31,31,31,31,31,31,31,31,31,31
180499,1,1,0,0,0,0,0,0,0,0,0,0
180500,1,1,16,16,16,16,16,16,16,16,16,16
180501,1,1,0,0,0,0,0,0,0,0,0,0
180501,2,1,0,0,0,0,0,0,0,0,0,0
180502,1,1,0,0,0,0,0,0,0,0,0,0
180503,1,1,0,0,0,0,0,0,0,0,0,0
180503,2,1,0,0,0,0,0,0,0,0,0,0
180504,1,1,0,0,0,0,0,0,0,0,0,0
180505,1,1,0,0,0,0,0,0,0,0,0,0
180506,1,1,17,17,17,17,17,17,17,17,17,17
180506,2,1,0,0,0,0,0,0,0,0,0,0
180508,1,1,11,11,11,11,11,11,11,11,11,11
180508,2,1,0,0,0,0,0,0,0,0,0,0
180509,0,1,0,0,0,0,0,0,0,0,0,0
180509,1,1,0,0,0,0,0,0,0,0,0,0
180510,1,1,0,0,0,0,0,0,0,0,0,0
180510,2,1,0,0,0,0,0,0,0,0,0,0
180511,1,1,21,21,21,21,21,21,21,21,21,21
180511,2,1,0,18,0,0,0,0,0,0,0,0
180511,3,1,0,0,0,0,0,0,0,0,22,0
180512,1,1,27,27,27,27,27,27,27,27,27,27
180513,1,1,0,0,0,0,0,0,0,0,0,0
180513,2,1,0,0,0,0,0,0,0,0,0,0
180513,3,1,0,0,0,0,0,0,0,0,0,0
180514,1,1,0,0,0,0,0,0,0,0,0,0
180514,2,1,0,0,0,0,0,0,0,0,0,0
180515,1,1,18,18,18,18,18,18,18,18,18,18
180516,1,1,18,18,18,18,18,18,18,18,18,18
180516,2,1,0,0,0,0,0,0,0,0,0,0
180517,0,1,14,14,14,14,14,14,14,14,14,14
180517,1,1,0,0,0,0,0,0,0,0,0,0
180518,1,1,17,17,17,17,17,17,17,17,17,17
180519,1,1,0,0,0,0,0,0,0,0,0,0
180519,2,1,0,0,0,0,0,0,0,0,0,0
180521,1,1,0,0,0,0,0,24,0,0,26,0
180522,1,1,0,0,0,0,0,0,0,0,0,0
180522,2,1,0,0,15,0,22,5,0,0,4,0
180522,3,1,0,16,0,31,0,0,0,0,13,0
180523,1,1,0,0,0,0,0,0,0,0,0,0
180523,2,1,0,0,0,0,0,0,0,0,0,0
180523,3,1,24,0,0,0,0,0,0,0,0,0
180523,4,1,0,0,0,0,0,0,0,0,0,0
180524,0,1,0,0,0,0,0,0,0,0,0,0
180524,1,1,0,0,0,0,0,0,0,0,0,0
180525,1,1,0,0,0,0,0,0,0,0,0,0
180525,2,1,0,0,0,0,0,0,0,0,0,0
180526,1,1,8,0,0,0,11,11,20,7,0,14
180527,1,1,29,0,3,0,0,0,0,22,0,0
180527,2,1,0,0,0,0,0,0,0,0,0,0
180528,1,1,31,31,31,31,31,31,31,31,31,31
180529,1,1,2,2,2,2,2,2,2,2,2,2
180530,0,1,0,0,27,36,26,32,21,21,21,19
180530,1,1,0,0,0,0,0,0,0,0,0,0
180531,1,1,0,0,0,0,0,0,0,0,0,0
180531,2,1,0,0,0,0,0,0,0,0,0,0
180532,1,1,20,20,20,20,20,20,20,20,20,20
180532,2,1,0,0,0,0,0,0,0,0,0,0
180533,1,1,0,13,12,8,4,10,11,16,12,35
180533,2,1,0,0,0,0,0,9,0,0,0,18
180534,1,1,20,15,27,8,3,37,21,9,19,7
180535,1,1,20,20,20,20,20,20,20,20,20,20
180536,1,1,9,0,0,0,0,0,0,0,0,0
180537,1,1,0,0,0,0,0,0,0,0,0,0
180537,2,1,0,0,0,0,0,0,0,0,0,0
180538,1,1,0,0,0,0,0,0,0,0,0,0
180538,2,1,29,9,0,0,0,0,0,0,0,0
180539,1,1,0,0,0,0,0,0,0,0,0,0
180539,2,1,0,0,0,0,0,0,0,0,0,0
180539,3,1,0,0,0,0,0,0,0,0,0,0
180539,4,1,0,0,0,0,0,0,0,0,0,0
180540,1,1,0,11,24,16,38,18,10,25,0,21
180541,1,1,17,17,17,17,17,17,17,17,17,17
180541,2,1,0,0,0,0,0,0,0,0,0,0
180542,1,1,28,28,28,28,28,28,28,28,28,28
180543,1,1,20,0,0,0,0,5,14,12,0,3
180544,1,1,12,12,12,12,12,12,12,12,12,12
180545,1,1,0,0,0,0,0,0,0,0,0,0
180546,1,1,16,16,16,16,16,16,16,16,16,16
180547,0,1,17,15,11,0,27,0,11,0,15,22
180547,1,1,8,0,9,0,0,0,0,0,0,0
180548,1,1,0,0,0,0,0,0,0,0,0,0
180548,2,1,0,0,0,0,0,0,0,0,0,0
180549,1,1,0,0,0,0,0,0,0,0,0,0
180549,2,1,0,0,0,0,0,0,0,0,0,0
180550,1,1,5,5,5,5,5,5,5,5,5,5
180550,2,1,0,0,0,0,0,0,0,0,0,0
180551,1,1,24,21,14,16,9,13,9,0,0,0
180552,1,1,0,0,0,0,0,0,0,0,0,0
180552,2,1,0,0,0,0,0,0,0,0,0,0
180553,1,1,25,25,25,25,25,25,25,25,25,25
180554,1,1,0,0,0,0,0,0,0,0,0,0
180554,2,1,0,0,0,0,0,0,0,0,0,0
180555,0,1,17,17,17,17,17,17,17,17,17,17
180555,1,1,0,0,0,0,0,0,30,0,0,0
180555,2,1,0,21,0,0,26,0,0,0,0,0
180555,3,1,0,0,0,0,0,0,0,0,0,0
180555,4,1,0,0,0,0,0,0,0,0,0,0
180556,1,1,17,17,17,17,17,17,17,17,17,17
180557,1,1,2,2,2,2,2,2,2,2,2,2
180558,0,1,0,0,0,0,0,0,0,0,0,0
180558,1,1,0,0,0,0,0,0,0,0,0,0
180559,0,1,0,0,0,0,0,0,0,0,0,0
180559,1,1,0,0,0,0,0,0,0,0,0,0
180560,1,1,0,0,0,0,0,0,0,0,0,0
180561,1,1,21,21,21,21,21,21,21,21,21,21
180561,2,1,0,0,0,0,0,0,0,0,0,0
180562,1,1,0,0,0,9,0,0,0,0,0,0
180562,2,1,0,2,0,0,0,0,0,0,0,0
180562,3,1,0,0,0,0,0,0,0,0,0,0
180562,4,1,0,0,0,0,0,0,0,0,0,0
180563,1,1,0,0,0,0,0,0,0,0,0,0
180563,2,1,0,0,0,0,0,0,0,0,0,0
180564,1,1,18,18,18,18,18,18,18,18,18,18
180565,1,1,0,0,0,0,0,0,0,0,0,0
180566,1,1,7,7,7,7,7,7,7,7,7,7
180566,2,1,0,0,0,0,0,0,0,0,0,0
180566,3,1,0,0,0,0,0,0,0,0,0,0
180567,1,1,18,18,18,18,18,18,18,18,18,18
180567,2,1,0,0,0,0,0,0,0,0,0,0
180568,1,1,19,15,0,0,3,0,0,0,0,20
180569,1,1,0,0,0,0,0,0,0,0,0,0
180570,1,1,0,0,0,0,0,0,0,0,0,0
180570,2,1,0,0,0,0,0,0,0,0,0,0
180571,1,1,0,0,0,0,0,0,0,0,0,0
180571,2,1,0,0,0,0,0,0,0,0,0,0
180572,1,1,19,0,0,0,5,15,0,0,0,14
180573,1,1,0,0,0,0,0,0,0,0,0,0
180573,2,1,0,0,0,0,0,0,0,0,0,0
180574,0,1,10,14,0,0,25,0,0,0,6,0
180574,1,1,0,0,0,0,0,0,0,0,0,0
180575,1,1,19,19,19,19,19,19,19,19,19,19
180577,0,1,0,0,0,0,0,0,0,0,0,0
180577,0,2,19,19,0,19,12,12,16,0,11,0
180577,1,1,0,0,0,0,0,0,0,0,0,0
180578,1,1,0,0,0,0,0,0,0,0,0,0
180578,2,1,0,0,14,0,0,0,0,0,0,0
180578,3,1,0,0,0,0,0,0,0,0,0,0
180579,1,1,0,0,0,0,0,0,0,0,0,0
180579,2,1,0,0,0,34,0,0,0,0,0,16
180580,1,1,0,0,0,0,0,0,0,0,0,0
180580,2,1,0,0,0,0,0,0,0,0,0,0
180581,1,1,20,20,20,20,20,20,20,20,20,20
180582,1,1,18,18,18,18,18,18,18,18,18,18
180583,0,1,2,2,2,2,2,2,2,2,2,2
180583,1,1,0,0,0,0,0,0,0,0,0,0
180584,1,1,0,0,0,0,0,0,0,0,0,16
180586,1,1,29,29,29,29,29,29,29,29,29,29
180587,1,1,0,0,0,0,0,0,0,0,0,0
180587,2,1,0,0,0,0,0,0,0,0,0,0
180588,1,1,0,0,0,0,0,0,0,0,0,0
180588,2,1,0,0,0,0,0,0,0,0,0,0
180589,0,1,0,19,11,0,0,0,0,18,0,0
180589,1,1,0,0,0,0,0,0,0,0,0,0
180590,1,1,0,0,0,0,0,0,36,0,0,0
180590,2,1,0,0,0,0,0,0,0,0,0,0
180592,1,1,0,0,0,0,0,0,0,0,0,0
180592,2,1,0,0,0,0,0,0,0,0,0,0
180593,1,1,0,0,0,0,0,0,0,0,0,0
180593,2,1,0,0,0,0,0,0,0,0,0,0
180594,1,1,0,0,0,0,0,0,0,0,0,0
180594,2,1,0,0,0,0,0,0,0,0,0,0
180595,1,1,17,17,17,17,17,17,17,17,17,17
180595,2,1,0,0,0,0,0,0,0,0,0,0
180596,1,1,0,0,0,0,0,0,0,0,0,0
180597,1,1,0,0,0,0,0,0,0,0,0,0
180597,2,1,0,0,0,0,0,0,0,0,0,0
180598,1,1,21,21,21,21,21,21,21,21,21,21
180599,1,1,0,0,0,0,0,0,0,0,0,0
180600,1,1,0,0,0,0,0,0,0,0,0,0
180600,2,1,0,0,0,0,0,0,0,0,0,0
180601,1,1,0,0,0,0,0,0,0,0,0,0
180601,2,1,0,0,0,0,0,0,0,0,0,0
180602,1,1,26,26,26,26,26,26,26,26,26,26
180603,1,1,0,0,0,0,0,0,0,0,0,0
180603,2,1,0,0,0,0,0,0,0,0,0,0
180604,1,1,0,0,0,0,0,0,0,0,0,0
180604,2,1,0,0,0,0,0,0,0,0,0,0
180605,0,1,0,0,0,0,0,0,0,0,0,0
180605,1,1,0,0,0,0,0,0,0,0,0,0
180606,1,1,0,0,0,0,0,0,0,0,0,0
180607,1,1,0,0,0,0,0,0,0,0,0,0
180608,1,1,25,25,25,25,25,25,25,25,25,25
180609,1,1,5,5,5,5,5,5,5,5,5,5
180610,1,1,0,0,0,0,0,0,0,0,0,0
180610,2,1,0,0,0,0,0,0,15,0,0,0
180610,3,1,0,0,0,0,0,0,0,0,0,0
180611,1,1,0,0,0,0,0,0,0,0,0,0
180611,2,1,0,0,0,0,0,0,0,0,0,0
180612,1,1,0,0,0,0,0,0,0,0,0,0
180612,2,1,0,0,0,0,0,0,0,0,0,0
180613,1,1,0,0,0,0,0,0,0,0,0,0
180614,1,1,26,26,26,26,26,26,26,26,26,26
180615,1,1,17,17,17,17,17,17,17,17,17,17
180615,2,1,16,0,6,0,18,0,24,0,5,10
180616,1,1,0,0,0,0,0,0,0,0,0,0
180617,0,1,23,23,23,23,23,23,23,23,23,23
180617,1,1,0,0,0,0,0,0,0,0,0,0
180618,1,1,0,0,0,12,4,0,0,22,0,0
180619,1,1,0,0,0,0,0,0,0,0,0,0
180619,2,1,0,0,0,0,0,0,0,0,0,0
180620,1,1,0,0,0,0,0,0,0,0,0,0
180621,1,1,0,0,0,0,0,0,0,0,0,0
180622,1,1,5,5,5,5,5,5,5,5,5,5
180622,2,1,0,0,0,0,0,0,0,0,0,0
180623,1,1,0,5,0,0,0,0,0,0,0,0
180623,2,1,0,0,0,0,0,0,0,0,0,0
180623,3,1,0,0,0,0,0,0,0,0,13,0
180624,1,1,0,0,0,0,0,0,0,0,0,0
180624,2,1,0,0,0,0,0,0,0,0,0,0
180625,1,1,0,0,0,0,0,0,0,0,0,0
180626,1,1,0,0,0,0,0,0,0,0,0,0
180626,2,1,0,0,0,0,0,0,0,0,0,0
180627,1,1,9,9,9,9,9,9,9,9,9,9
180628,1,1,0,0,0,0,0,0,0,0,0,0
180628,2,1,0,0,0,0,0,0,0,0,0,0
180629,1,1,0,0,0,0,0,0,0,0,0,0
180629,2,1,0,0,0,0,0,0,0,0,0,0
180629,3,1,0,0,0,0,0,0,0,0,0,0
180630,1,1,30,30,30,30,30,30,30,30,30,30
180631,1,1,0,0,0,0,0,0,0,0,0,0
180631,2,1,9,0,0,0,0,0,0,5,0,0
180632,1,1,4,4,4,4,4,4,4,4,4,4
180632,2,1,5,11,0,0,11,12,0,0,16,11
180633,1,1,0,0,0,0,0,0,0,0,0,0
180634,1,1,21,21,21,21,21,21,21,21,21,21
180634,2,1,0,0,0,0,0,0,0,0,0,0
180634,3,1,0,0,0,0,0,0,0,0,0,0
180635,1,1,27,27,27,27,27,27,27,27,27,27
180636,1,1,19,19,19,19,19,19,19,19,19,19
180637,1,1,16,16,16,16,16,16,16,16,16,16
180638,1,1,0,0,0,0,0,0,0,0,0,0
180638,2,1,0,0,0,0,0,0,0,0,0,0
180641,0,1,0,0,0,0,0,0,0,0,0,0
180641,1,1,0,0,0,0,0,0,0,0,0,0
180642,1,1,0,0,0,0,0,0,0,0,0,0
180643,1,1,13,13,13,13,13,13,13,13,13,13
180644,1,1,14,14,14,14,14,14,14,14,14,14
180645,1,1,0,0,0,0,0,0,0,0,0,0
180645,2,1,0,0,0,0,0,0,0,0,0,0
180646,1,1,21,21,21,21,21,21,21,21,21,21
180647,1,1,18,18,18,18,18,18,18,18,18,18
180648,1,1,22,25,42,0,0,18,0,0,19,0
180649,1,1,0,0,0,0,0,0,0,0,0,0
180650,1,1,0,0,0,0,0,0,0,0,0,0
180651,1,1,0,0,0,0,0,0,0,0,0,0
180651,2,1,0,0,0,0,0,0,0,0,0,0
180652,1,1,0,0,0,0,0,0,0,0,0,0
180652,2,1,0,0,0,0,0,0,0,0,0,0
180654,0,1,0,0,23,0,19,12,21,22,0,0
180654,1,1,10,10,10,10,10,10,10,10,10,10
180655,1,1,0,0,0,0,0,0,0,0,0,0
180655,2,1,0,0,0,0,0,0,0,0,0,0
180657,0,1,0,0,0,0,0,0,0,0,0,0
180657,1,1,0,0,0,0,0,0,0,0,0,0
180658,0,1,41,0,24,25,24,0,0,11,20,13
180658,1,1,0,0,0,0,0,0,0,0,0,0
180659,1,1,23,23,23,23,23,23,23,23,23,23
180660,1,1,18,18,18,18,18,18,18,18,18,18
180661,0,1,0,0,0,0,0,0,0,0,10,6
180661,1,1,13,0,0,0,15,0,0,0,0,0
180662,1,1,0,0,0,0,0,0,0,0,0,0
180662,2,1,0,7,0,0,0,0,0,24,0,0
180663,1,1,0,0,0,0,0,0,0,0,0,0
180663,2,1,0,0,0,0,0,0,0,0,0,0
180664,1,1,0,0,0,0,0,0,0,0,0,0
180664,2,1,0,0,0,0,0,0,0,0,0,0
180665,1,1,0,0,0,0,0,0,0,0,0,0
180665,2,1,0,0,0,0,0,0,0,0,0,0
180666,1,1,0,0,0,0,0,0,0,0,0,0
180666,2,1,0,0,0,0,0,0,0,0,0,28
180666,3,1,0,0,0,0,0,0,0,0,0,0
180667,1,1,0,0,0,0,0,0,0,0,0,0
180667,2,1,8,8,8,8,8,8,8,8,8,8
180668,1,1,0,0,0,0,0,0,0,0,0,0
180669,1,1,0,0,0,0,0,0,0,0,0,0
180669,2,1,0,0,0,0,0,0,0,0,0,0
180670,1,1,0,0,0,0,0,0,0,0,0,0
180670,2,1,0,0,0,0,0,0,0,0,0,0
180671,1,1,0,0,3,0,0,0,22,0,0,0
180671,2,1,0,0,0,0,0,0,0,0,0,0
180672,1,1,0,0,0,0,0,0,0,0,0,0
180673,0,1,0,0,0,15,0,0,10,0,0,0
180673,1,1,0,0,0,0,0,0,0,0,0,0
180673,2,1,0,0,0,0,0,0,0,0,0,0
180674,1,1,0,0,0,0,0,0,0,0,0,0
180675,1,1,0,0,0,0,0,29,0,0,0,0
180676,0,1,0,0,0,0,0,0,0,0,0,0
180676,1,1,0,0,0,0,0,0,0,0,0,0
180677,0,1,25,0,0,0,0,0,0,19,0,0
180677,0,2,0,0,0,0,0,34,0,0,0,0
180677,1,1,0,0,0,0,0,0,0,0,0,0
180678,1,1,0,0,0,0,0,0,0,0,0,0
180679,1,1,0,0,0,0,0,0,0,0,0,0
180680,1,1,0,0,0,0,0,0,0,0,0,0
180680,2,1,0,0,0,0,0,0,0,0,0,0
180681,1,1,10,10,10,10,10,10,10,10,10,10
180682,1,1,0,17,0,19,0,0,13,19,27,11
180683,1,1,0,0,0,0,0,0,0,0,0,0
180683,2,1,0,0,0,0,0,0,0,0,0,0
180683,3,1,0,0,0,0,0,0,0,0,0,0
180683,4,1,0,0,0,0,0,0,0,0,0,0
180683,5,1,0,0,0,0,0,0,0,0,0,0
180683,6,1,0,0,0,0,0,0,0,0,0,0
180684,1,1,34,34,34,34,34,34,34,34,34,34
180685,0,1,0,0,0,0,0,5,6,0,0,0
180685,1,1,0,0,0,0,0,0,0,0,0,0
180686,1,1,17,17,17,17,17,17,17,17,17,17
180687,1,1,8,8,8,8,8,8,8,8,8,8
180688,1,1,0,0,11,0,0,0,0,0,0,0
180689,1,1,19,0,4,0,4,0,25,9,0,0
180690,1,1,0,0,0,0,0,0,0,0,0,0
180690,2,1,0,0,0,0,0,0,0,0,0,0
180691,1,1,0,0,0,0,0,0,0,0,0,0
180691,2,1,0,0,0,0,0,0,0,0,0,0
180692,1,1,0,0,0,0,0,0,0,0,0,0
180692,2,1,0,0,0,0,0,0,0,0,0,0
180693,1,1,0,0,0,0,0,0,0,0,0,0
180694,1,1,18,18,18,18,18,18,18,18,18,18
180695,1,1,0,0,0,0,0,0,0,0,0,0
180695,2,1,0,0,0,0,0,0,0,0,0,0
180696,0,1,18,17,0,0,0,0,2,0,0,0
180696,0,2,0,6,0,6,0,0,0,0,0,0
180696,1,1,0,0,0,0,0,0,0,0,0,0
180698,1,1,0,0,0,0,0,0,0,0,0,0
180698,2,1,0,0,0,0,0,0,0,0,0,0
180699,1,1,0,0,0,0,0,0,0,0,0,0
180700,1,1,0,0,0,0,0,0,0,0,0,0
180700,2,1,0,0,0,0,0,0,0,0,0,0
180701,1,1,14,14,14,14,14,14,14,14,14,14
180702,1,1,0,0,0,0,0,0,0,0,0,0
180702,2,1,23,23,23,23,23,23,23,23,23,23
180703,1,1,0,0,0,0,0,0,0,0,0,0
180704,1,1,0,0,0,0,0,0,0,0,0,0
180704,2,1,0,0,0,0,0,0,0,0,0,0
180705,1,1,19,19,19,19,19,19,19,19,19,19
180706,1,1,0,0,0,0,0,0,0,0,0,0
180706,2,1,4,4,4,4,4,4,4,4,4,4
180707,1,1,0,0,0,0,0,0,0,0,0,0
180708,0,1,0,0,0,0,0,0,0,0,0,0
180708,1,1,0,0,0,0,0,0,0,0,0,0
180709,1,1,0,0,0,0,0,0,0,0,0,0
180710,1,1,0,0,0,0,0,0,0,0,0,0
180710,2,1,0,0,0,0,0,0,0,0,0,0
180711,1,1,35,35,35,35,35,35,35,35,35,35
180711,2,1,0,0,0,0,0,0,0,0,0,0
180712,1,1,0,0,0,0,0,0,0,0,0,0
180713,1,1,0,0,0,0,0,0,0,0,0,0
180714,0,1,0,0,0,0,0,0,0,0,0,0
180714,1,1,17,17,17,17,17,17,17,17,17,17
180715,1,1,18,18,18,18,18,18,18,18,18,18
180716,1,1,24,24,24,24,24,24,24,24,24,24
180717,1,1,0,0,0,0,0,0,0,0,0,0
180717,2,1,0,0,0,0,0,0,0,0,0,0
180717,3,1,0,0,0,0,0,0,0,0,0,0
180718,0,1,0,0,0,0,0,0,0,0,0,0
180718,1,1,0,0,0,0,0,0,0,0,0,0
180719,1,1,0,0,0,0,0,0,0,0,0,0
180719,2,1,0,0,0,0,0,0,0,0,0,0
180720,1,1,2,2,2,2,2,2,2,2,2,2
180721,0,1,0,0,0,0,0,0,0,0,0,0
180721,1,1,0,0,0,0,0,0,0,0,0,0
180722,1,1,0,0,0,0,0,0,0,0,0,0
180723,1,1,0,0,0,0,0,0,0,0,0,0
180724,0,1,19,0,12,0,0,0,0,0,7,0
180724,0,2,0,0,0,0,0,0,0,0,0,0
180724,1,1,19,19,19,19,19,19,19,19,19,19
180725,1,1,0,0,0,0,0,0,0,0,0,0
180725,2,1,0,0,0,0,0,0,0,0,0,0
180726,1,1,0,0,0,0,0,0,0,0,0,0
180726,2,1,0,0,0,0,0,0,0,0,0,0
180727,1,1,0,0,0,0,0,0,0,0,0,0
180728,1,1,0,0,0,0,0,0,0,0,0,0
180728,2,1,0,0,0,0,0,0,0,0,0,0
180729,1,1,0,0,0,0,0,0,0,0,0,0
180729,2,1,0,0,0,6,0,0,0,0,0,0
180730,1,1,0,0,0,0,0,0,0,0,0,0
180730,2,1,0,0,0,0,0,0,0,0,0,0
180730,3,1,0,0,0,0,0,0,0,0,0,0
180731,1,1,0,0,20,26,4,15,13,0,0,0
180732,1,1,0,0,0,0,0,0,0,0,0,0
180733,1,1,0,0,24,0,0,0,0,0,14,0
180733,2,1,0,0,8,0,0,0,0,0,0,0
180733,3,1,0,0,0,0,0,0,0,0,0,0
180733,4,1,0,0,0,0,0,0,0,0,0,0
180734,1,1,0,0,0,0,0,0,0,0,0,0
180734,2,1,0,0,0,0,0,0,0,0,0,0
180735,1,1,0,0,0,0,0,0,0,0,0,0