ST_CASE,VEH_NO,PER_NO,P1,P2,P3,P4,P5,P6,P7,P8,P9,P10
180735,2,1,0,0,0,0,0,0,0,0,0,0
180736,1,1,0,11,0,0,0,0,0,0,20,0
180737,1,1,0,0,0,0,0,0,0,0,0,0
180737,2,1,0,0,0,0,0,0,0,0,0,0
180738,1,1,0,0,0,0,0,0,0,0,0,0
180738,2,1,0,0,0,0,0,0,0,0,0,0
180739,1,1,0,0,0,0,0,17,0,0,0,0
180740,1,1,0,0,0,0,0,0,0,0,0,0
180740,2,1,0,0,0,0,0,0,0,0,0,0
180740,3,1,0,0,0,0,0,0,0,0,0,0
180741,0,1,0,0,11,0,0,0,0,0,0,0
180741,1,1,0,0,0,0,0,0,0,0,0,0
180742,1,1,0,0,0,0,0,0,0,0,0,0
180742,2,1,0,0,0,0,0,0,0,0,0,0
180743,1,1,15,0,0,0,0,0,0,24,0,0
180743,2,1,0,0,0,0,0,0,0,8,0,0
180744,1,1,0,0,0,0,0,0,0,0,0,0
180744,2,1,0,0,0,15,0,0,0,0,0,0
180745,1,1,14,15,11,5,13,13,15,17,11,15
180746,1,1,12,12,12,12,12,12,12,12,12,12
180747,1,1,0,0,0,0,0,0,0,0,0,0
180748,1,1,33,0,0,0,0,0,0,11,0,0
180749,1,1,0,0,0,0,0,0,0,0,0,0
190001,1,1,0,0,0,0,0,0,0,0,0,0
190001,2,1,0,0,0,0,0,0,0,0,0,0
190002,1,1,0,0,0,0,0,0,0,0,0,0
190002,2,1,24,24,24,24,24,24,24,24,24,24
190003,1,1,0,0,0,0,0,0,0,0,0,0
190003,2,1,0,0,0,0,0,0,0,0,0,0
190004,1,1,0,0,0,0,0,0,0,0,0,0
190005,1,1,7,10,0,12,13,0,22,0,0,0
190006,1,1,0,0,0,0,0,0,0,0,0,0
190007,1,1,0,12,0,16,0,0,18,19,26,0
190008,1,1,0,0,0,0,0,0,0,0,0,0
190008,2,1,0,0,0,0,0,0,0,0,0,0
190009,1,1,24,24,24,24,24,24,24,24,24,24
190010,1,1,0,0,0,0,0,0,0,0,0,0
190010,2,1,0,0,0,0,0,0,0,0,0,0
190011,1,1,0,0,0,0,0,0,0,0,0,0
190011,2,1,0,0,0,0,0,0,0,0,0,0
190012,1,1,0,0,17,17,0,0,0,0,0,0
190013,1,1,0,0,19,0,0,0,0,0,0,0
190015,1,1,0,0,0,0,0,0,0,0,0,0
190016,1,1,0,0,0,0,0,0,0,0,0,0
190016,2,1,0,0,0,0,0,0,0,0,0,0
190017,1,1,0,0,0,0,0,0,0,0,0,0
190017,2,1,0,0,0,0,0,0,0,0,0,0
190018,1,1,0,0,0,0,0,0,0,0,0,0
190018,2,1,0,0,0,0,0,0,0,0,0,0
190019,1,1,0,0,0,0,0,0,0,0,0,0
190020,1,1,38,38,38,38,38,38,38,38,38,38
190022,1,1,0,0,0,0,0,0,0,0,0,0
190023,1,1,0,0,0,0,23,24,0,0,0,0
190024,1,1,0,0,10,0,0,0,0,0,0,0
190024,2,1,0,0,0,0,0,0,0,0,0,0
190025,1,1,13,13,13,13,13,13,13,13,13,13
190026,1,1,0,0,0,0,0,0,0,0,0,0
190026,2,1,0,0,0,0,0,0,0,0,0,0
190027,1,1,16,16,16,16,16,16,16,16,16,16
190027,2,1,10,10,10,10,10,10,10,10,10,10
190028,1,1,0,0,0,0,0,0,0,0,0,0
190028,2,1,0,0,0,0,0,0,0,0,0,0
190029,1,1,0,0,0,18,0,0,0,0,0,0
190029,2,1,0,0,0,0,0,0,0,0,0,0
190030,1,1,15,15,15,15,15,15,15,15,15,15
190030,2,1,0,0,0,0,0,0,0,0,0,0
190030,3,1,0,0,0,0,0,0,0,0,0,0
190031,1,1,26,26,26,26,26,26,26,26,26,26
190032,1,1,0,0,0,0,0,0,0,0,0,0
190032,2,1,0,0,0,0,0,0,0,0,0,0
190033,1,1,0,0,0,0,0,0,0,0,0,0
190034,0,1,0,0,0,0,0,0,0,0,0,0
190034,1,1,0,0,0,0,0,0,0,0,0,0
190035,1,1,13,13,13,13,13,13,13,13,13,13
190036,1,1,0,0,0,0,0,0,0,0,0,0
190036,2,1,0,0,0,0,0,0,0,0,0,0
190036,3,1,0,0,0,0,0,0,0,0,0,0
190037,1,1,27,27,27,27,27,27,27,27,27,27
190038,1,1,0,0,0,0,0,0,0,0,0,0
190038,2,1,0,0,0,0,0,0,0,0,0,0
190039,1,1,0,0,15,0,0,0,0,0,0,0
190040,1,1,0,0,0,0,0,0,0,0,0,0
190041,1,1,0,0,0,0,0,0,0,0,0,18
190042,1,1,0,0,0,0,0,0,8,0,0,0
190042,2,1,0,0,0,0,0,0,0,0,0,0
190043,1,1,0,0,0,0,0,0,0,0,0,0
190043,2,1,0,0,0,0,0,0,0,0,0,0
190044,0,1,0,0,0,0,0,0,11,0,0,0
190044,1,1,0,0,0,0,0,0,0,0,0,0
190045,1,1,0,0,0,0,0,0,0,0,0,0
190045,2,1,16,16,16,16,16,16,16,16,16,16
190046,1,1,0,0,0,0,0,0,4,0,0,0
190046,2,1,0,0,0,0,0,0,0,0,0,0
190047,1,1,0,21,0,0,0,0,14,0,0,30
190047,2,1,0,0,0,0,0,0,0,0,0,0
190048,1,1,0,0,0,0,0,0,0,0,0,0
190049,1,1,37,37,37,37,37,37,37,37,37,37
190050,1,1,12,12,12,12,12,12,12,12,12,12
190051,0,1,0,0,0,0,0,0,0,0,0,24
190051,1,1,0,0,0,0,0,0,0,0,0,0
190052,1,1,0,0,0,0,0,0,0,0,0,0
190052,2,1,0,0,0,0,0,0,0,0,0,0
190053,1,1,0,0,0,0,0,0,0,0,0,0
190053,2,1,0,0,0,0,0,0,0,0,0,0
190053,3,1,0,0,0,0,0,0,0,0,0,0
190054,1,1,0,0,0,0,0,0,0,0,0,0
190054,2,1,0,0,0,0,0,0,0,0,0,0
190055,1,1,0,0,0,0,0,0,0,0,0,0
190055,2,1,0,0,0,0,0,0,0,0,0,0
190056,1,1,0,0,5,0,0,24,0,0,0,0
190056,2,1,0,0,0,0,0,2,0,0,0,0
190057,0,1,0,0,0,0,0,0,0,0,0,0
190057,1,1,0,0,0,0,0,0,0,0,18,0
190058,1,1,0,0,0,0,0,0,0,0,0,0
190058,2,1,0,0,0,0,0,0,0,0,0,10
190058,3,1,0,0,0,0,0,0,0,0,0,0
190059,1,1,0,0,0,0,0,0,0,0,0,0
190059,2,1,0,0,0,0,0,0,0,0,0,0
190060,1,1,0,0,0,0,0,0,0,0,0,0
190060,2,1,0,0,0,0,0,0,0,0,0,0
190061,1,1,0,0,0,0,0,0,20,7,2,9
190063,1,1,0,0,0,0,0,0,0,0,0,0
190063,2,1,0,0,0,0,0,0,0,0,0,0
190064,1,1,0,17,24,0,0,0,5,0,0,0
190065,1,1,11,11,11,11,11,11,11,11,11,11
190066,1,1,0,0,0,17,9,0,11,22,8,11
190067,1,1,0,0,0,0,0,0,0,0,0,0
190068,1,1,0,0,0,0,0,0,0,0,0,0
190069,1,1,0,0,0,0,0,0,0,0,0,0
190070,1,1,0,0,0,0,0,0,0,0,0,0
190070,2,1,0,0,0,0,0,0,0,25,0,0
190071,1,1,0,0,0,0,0,0,0,0,0,0
190071,2,1,0,0,0,0,0,0,0,0,0,0
190072,1,1,0,11,0,0,0,0,0,0,0,0
190073,1,1,12,12,12,12,12,12,12,12,12,12
190073,2,1,0,0,0,0,0,0,0,0,0,0
190074,1,1,0,0,0,0,0,0,0,0,0,0
190074,2,1,14,0,0,14,7,0,13,16,11,4
190075,1,1,0,0,0,0,0,0,0,0,0,0
190076,1,1,0,0,0,0,0,20,0,0,0,0
190077,1,1,0,11,0,0,0,0,0,0,0,0
190078,1,1,0,0,0,0,0,0,0,0,0,0
190078,2,1,0,0,0,0,0,0,0,0,0,0
190079,1,1,0,0,0,0,0,0,0,0,0,0
190080,1,1,0,0,0,0,0,0,0,0,0,0
190081,1,1,0,0,0,0,0,0,0,0,0,0
190082,1,1,14,14,14,14,14,14,14,14,14,14
190083,1,1,17,18,0,0,36,22,0,20,12,0
190084,0,1,0,0,0,0,0,0,0,0,0,0
190084,1,1,0,0,0,0,0,0,0,0,0,0
190085,1,1,0,0,0,0,0,0,0,0,0,0
190086,1,1,0,0,0,0,0,0,0,0,0,0
190086,2,1,0,0,0,0,0,0,0,0,0,0
190087,1,1,20,20,20,20,20,20,20,20,20,20
190088,0,1,0,0,0,19,20,0,0,0,11,13
190088,1,1,0,0,29,0,0,0,0,0,0,0
190089,1,1,0,0,0,0,0,0,24,0,0,0
190090,1,1,7,7,7,7,7,7,7,7,7,7
190091,1,1,19,19,19,19,19,19,19,19,19,19
190091,2,1,0,0,0,0,0,0,0,0,2,0
190092,1,1,0,0,0,0,0,0,0,0,0,0
190092,2,1,0,0,0,0,0,0,0,0,0,0
190093,1,1,0,12,0,0,0,0,0,0,5,17
190094,1,1,0,0,0,0,0,0,0,0,0,0
190095,0,1,0,0,0,0,0,0,0,17,0,0
190095,1,1,0,0,0,0,0,0,0,0,12,0
190096,1,1,0,0,0,0,0,0,0,0,0,0
190096,2,1,0,0,0,0,0,0,0,0,0,0
190097,1,1,9,0,0,0,0,0,12,0,0,0
190098,1,1,0,0,0,0,0,0,0,0,0,0
190098,2,1,0,0,0,0,0,0,0,0,0,0
190099,1,1,0,0,0,0,0,0,0,0,0,0
190099,2,1,0,0,0,0,0,0,0,0,0,0
190100,1,1,0,0,0,0,0,0,0,0,0,0
190101,1,1,0,0,0,0,0,0,0,0,0,0
190101,2,1,0,0,0,0,0,0,0,0,0,0
190102,1,1,0,0,0,37,13,0,0,0,0,0
190103,1,1,9,24,9,0,8,31,9,27,35,11
190104,1,1,20,20,20,20,20,20,20,20,20,20
190105,1,1,0,24,0,11,21,0,13,10,20,22
190106,1,1,0,0,0,0,0,0,0,0,0,0
190106,2,1,0,0,0,0,0,0,0,0,0,0
190107,1,1,27,27,27,27,27,27,27,27,27,27
190108,1,1,0,0,0,0,0,0,0,0,0,0
190109,1,1,0,0,0,0,0,0,0,0,0,0
190109,2,1,0,0,0,0,0,0,0,0,0,0
190110,1,1,0,0,0,0,0,0,0,0,0,0
190110,2,1,0,0,0,0,0,0,0,0,0,0
190111,1,1,0,0,0,0,0,0,0,0,0,0
190111,2,1,0,0,0,0,0,0,0,0,0,0
190112,1,1,4,4,4,4,4,4,4,4,4,4
190113,1,1,25,3,0,9,20,0,10,9,13,7
190114,1,1,0,0,0,0,0,0,0,0,0,0
190114,2,1,0,0,0,0,0,0,0,0,0,0
190115,1,1,0,0,0,14,0,0,0,0,0,0
190116,1,1,0,0,0,0,0,0,0,0,0,0
190116,2,1,0,0,0,0,0,0,0,0,0,0
190117,1,1,0,0,0,0,0,0,0,0,0,0
190117,2,1,0,0,0,0,0,0,0,0,0,0
190118,1,1,0,0,0,0,0,0,0,0,0,0
190118,2,1,0,0,0,0,0,0,0,0,0,0
190119,1,1,12,12,12,12,12,12,12,12,12,12
190120,1,1,0,0,0,0,0,0,0,0,0,0
190121,0,1,24,9,34,20,30,0,0,0,15,19
190121,1,1,0,0,0,0,0,0,0,0,0,0
190122,0,1,9,7,0,16,0,0,18,22,0,16
190122,1,1,0,0,0,0,0,0,0,0,0,0
190123,1,1,0,0,0,0,0,0,0,22,0,0
190123,2,1,0,0,0,0,0,0,0,0,0,0
190123,3,1,0,0,0,0,0,0,0,0,0,0
190124,1,1,0,0,0,0,0,0,0,0,0,0
190125,1,1,0,0,0,0,0,0,0,0,0,0
190125,2,1,0,0,0,0,0,0,0,0,0,0
190126,1,1,0,0,0,0,0,0,0,0,0,0
190126,2,1,0,0,0,0,0,0,0,0,0,0
190127,1,1,21,21,21,21,21,21,21,21,21,21
190128,1,1,0,0,0,0,0,0,0,0,0,0
190129,1,1,12,0,0,0,0,0,0,0,0,0
190129,2,1,0,0,0,0,0,0,0,0,0,0
190130,1,1,0,0,0,0,15,14,0,0,0,0
190131,1,1,28,28,28,28,28,28,28,28,28,28
190132,1,1,6,6,6,6,6,6,6,6,6,6
190133,1,1,13,0,23,0,0,0,0,0,0,19
190134,1,1,25,25,25,25,25,25,25,25,25,25
190135,1,1,0,6,0,0,0,24,0,32,0,0
190135,2,1,0,0,0,0,0,0,0,0,0,0
190136,1,1,0,0,0,0,0,0,0,0,0,0
190137,1,1,15,15,15,15,15,15,15,15,15,15
190137,2,1,0,0,4,0,0,0,0,7,0,10
190138,1,1,0,0,0,0,0,0,0,0,0,0
190139,1,1,12,12,12,12,12,12,12,12,12,12
190140,1,1,0,5,0,0,0,0,0,0,0,0
190141,1,1,22,22,22,22,22,22,22,22,22,22
190142,1,1,0,0,0,0,0,25,0,0,0,0
190142,2,1,23,23,23,23,23,23,23,23,23,23
190143,1,1,0,0,0,0,0,0,10,0,0,0
190143,2,1,0,0,0,0,0,0,0,0,0,0
190144,1,1,17,17,17,17,17,17,17,17,17,17
190144,2,1,11,11,11,11,11,11,11,11,11,11
190145,1,1,27,27,27,27,27,27,27,27,27,27
190146,1,1,0,0,0,0,0,0,0,0,0,0
190146,2,1,0,0,0,0,0,0,0,0,0,0
190147,1,1,0,0,0,0,0,0,0,0,0,0
190147,2,1,0,0,0,0,0,0,0,0,0,0
190148,1,1,17,0,26,12,15,0,0,24,14,0
190149,1,1,0,0,0,0,0,0,0,0,0,0
190149,2,1,0,0,0,0,0,0,0,0,0,0
190150,1,1,35,35,35,35,35,35,35,35,35,35
190151,1,1,0,0,0,0,0,0,0,0,0,0
190152,1,1,0,0,0,0,0,0,0,0,0,0
190152,2,1,0,0,0,0,0,0,0,0,0,0
190152,3,1,0,0,0,0,0,0,0,0,0,0
190153,1,1,0,0,0,0,0,0,38,10,0,0
190154,1,1,0,0,0,0,0,0,0,0,0,0
190154,2,1,0,0,0,0,0,0,0,0,0,0
190155,1,1,19,19,19,19,19,19,19,19,19,19
190156,1,1,0,0,0,0,0,0,0,0,0,0
190156,2,1,0,0,0,0,54,15,26,14,0,0
190157,1,1,0,0,0,0,0,0,0,0,0,0
190157,2,1,0,0,0,0,0,0,0,0,0,0
190157,3,1,0,0,0,0,0,0,0,0,0,0
190158,1,1,0,0,0,0,0,0,0,0,0,0
190158,2,1,14,14,14,14,14,14,14,14,14,14
190159,1,1,0,0,0,0,0,0,0,0,27,0
190159,2,1,0,0,0,0,0,0,0,0,0,0
190160,1,1,0,0,0,0,0,0,0,0,0,0
190160,2,1,20,0,0,0,0,0,0,22,10,0
190161,1,1,20,20,20,20,20,20,20,20,20,20
190161,2,1,0,0,0,0,0,0,0,0,0,0
190162,1,1,0,0,0,0,0,0,0,0,0,0
190163,1,1,0,0,0,0,0,0,0,0,0,0
190164,1,1,0,0,0,0,0,0,0,0,0,0
190164,2,1,0,0,0,0,0,0,14,0,0,30
190165,1,1,0,0,0,0,0,0,0,0,0,0
190166,2,1,0,0,0,0,0,0,0,0,0,0
190167,1,1,0,0,0,0,0,0,0,0,0,0
190168,1,1,0,0,8,0,0,0,6,16,10,0
190169,1,1,18,18,18,18,18,18,18,18,18,18
190170,1,1,0,0,0,0,0,0,0,0,0,0
190170,2,1,0,0,0,0,0,0,0,0,0,0
190171,1,1,0,0,0,0,0,0,0,0,0,0
190171,2,1,0,0,0,0,0,0,0,0,0,0
190172,1,1,0,0,0,0,0,0,0,0,0,0
190173,1,1,0,0,0,0,0,0,0,0,0,0
190173,2,1,0,0,0,0,0,0,0,0,0,0
190174,1,1,0,0,0,0,0,0,0,0,0,0
190175,1,1,13,13,13,13,13,13,13,13,13,13
190176,1,1,0,0,0,0,0,0,0,0,0,0
190176,2,1,0,0,0,0,0,0,0,0,0,0
190177,1,1,13,13,13,13,13,13,13,13,13,13
190178,1,1,0,6,0,9,0,0,0,0,0,0
190179,1,1,0,0,0,0,0,0,0,18,0,0
190180,1,1,0,0,0,0,0,0,0,12,0,0
190180,2,1,0,0,0,0,0,0,0,0,0,0
190180,3,1,0,0,0,0,0,0,0,0,0,0
190180,4,1,0,0,0,0,0,0,0,0,0,0
190180,5,1,0,0,0,0,0,0,0,0,0,0
190180,6,1,0,0,0,0,0,0,0,22,0,0
190181,1,1,16,0,0,0,0,0,0,0,0,0
190182,1,1,0,0,0,0,0,0,18,0,25,0
190183,1,1,0,0,0,0,0,0,0,0,0,0
190183,2,1,0,0,7,0,0,0,0,8,8,16
190184,1,1,0,0,0,0,0,0,0,0,0,0
190185,1,1,7,7,7,7,7,7,7,7,7,7
190186,1,1,8,8,8,8,8,8,8,8,8,8
190187,0,1,19,0,0,0,39,0,0,0,0,27
190187,1,1,30,0,0,0,0,0,0,0,0,0
190188,0,1,21,0,7,0,0,13,0,15,17,0
190188,1,1,0,0,0,0,0,0,0,0,2,0
190189,1,1,0,0,0,0,0,0,0,0,0,0
190189,2,1,0,0,0,0,0,0,0,0,0,0
190190,1,1,0,0,0,0,0,0,0,0,0,0
190190,2,1,0,0,0,0,0,0,0,0,0,0
190191,1,1,19,19,19,19,19,19,19,19,19,19
190192,1,1,21,21,21,21,21,21,21,21,21,21
190193,1,1,0,0,0,0,0,0,0,0,0,0
190193,2,1,0,0,0,0,0,0,0,0,0,0
190194,1,1,0,0,0,0,0,0,0,0,0,0
190194,2,1,0,0,0,0,0,0,0,0,0,0
190195,1,1,22,0,0,13,0,0,0,0,0,0
190196,1,1,0,0,0,0,0,0,0,0,7,16
190196,2,1,0,0,0,0,0,0,0,0,0,0
190197,1,1,0,0,0,0,0,0,0,11,0,0
190198,1,1,18,18,18,18,18,18,18,18,18,18
190199,1,1,0,0,0,0,0,0,0,0,0,0
190199,2,1,0,0,0,0,0,0,0,0,0,0
190200,1,1,0,0,0,0,0,0,0,0,0,0
190200,2,1,0,16,0,0,0,0,0,16,0,0
190201,1,1,7,7,7,7,7,7,7,7,7,7
190202,1,1,0,0,0,0,0,0,0,0,0,0
190203,1,1,0,0,0,0,0,0,4,7,22,0
190204,0,1,0,0,0,0,15,0,0,0,0,0
190204,1,1,0,0,0,29,0,0,0,0,0,0
190204,2,1,0,0,0,0,0,0,0,0,0,0
190205,1,1,0,0,0,0,0,0,0,0,0,0
190205,2,1,0,0,0,0,0,0,0,0,0,0
190205,3,1,4,0,0,0,0,0,0,0,0,0
190206,0,1,0,0,0,0,0,0,0,0,0,0
190206,1,1,0,0,0,0,0,0,0,0,0,0
190207,1,1,0,4,0,0,0,0,0,0,0,0
190207,2,1,0,0,0,0,0,0,0,0,0,0
190208,0,1,0,0,0,0,0,0,0,0,10,0
190208,0,2,0,0,0,0,0,0,0,0,0,0
190208,0,3,0,0,0,0,0,0,0,0,0,0
190208,1,1,5,0,0,0,0,0,0,0,0,0
190209,1,1,0,0,0,0,0,0,0,0,0,0
190209,2,1,0,0,0,0,0,0,0,0,0,0
190210,1,1,0,18,12,0,0,13,0,29,3,0
190211,0,1,13,0,0,0,0,0,0,0,30,27
190211,1,1,8,8,8,8,8,8,8,8,8,8
190212,1,1,0,0,0,0,0,0,0,0,0,0
190213,1,1,0,0,0,0,0,0,0,0,0,0
190213,2,1,0,0,0,0,0,0,0,0,0,0
190214,1,1,0,0,0,23,0,0,0,22,0,0
190215,1,1,0,0,0,0,0,0,0,0,21,14
190216,1,1,0,0,0,0,0,0,0,0,0,0
190216,2,1,0,0,0,0,0,0,0,0,0,0
190217,1,1,0,0,0,0,0,0,0,0,0,0
190217,2,1,0,0,0,0,0,0,0,0,0,0
190218,1,1,22,22,22,22,22,22,22,22,22,22
190219,0,1,0,0,0,0,0,0,0,0,0,0
190219,1,1,0,0,0,0,0,0,0,0,0,0
190220,1,1,0,0,0,0,0,0,0,0,0,0
190220,2,1,0,0,0,0,0,0,0,0,0,0
190221,1,1,0,0,0,0,0,0,0,0,0,0
190222,1,1,0,0,0,0,0,0,0,0,0,0
190222,2,1,0,0,0,0,0,0,0,0,0,0
190223,1,1,5,5,5,5,5,5,5,5,5,5
190224,1,1,0,0,0,11,11,0,0,0,0,0
190225,1,1,0,0,0,0,0,0,0,0,0,0
190226,1,1,0,0,0,0,0,0,0,9,24,0
190227,1,1,2,2,2,2,2,2,2,2,2,2
190228,1,1,10,10,10,10,10,10,10,10,10,10
190229,1,1,18,18,18,18,18,18,18,18,18,18
190230,1,1,0,0,0,0,10,0,0,0,0,0
190230,2,1,0,0,0,0,0,0,0,0,0,0
190231,1,1,0,0,0,0,0,0,0,0,0,0
190231,2,1,0,0,0,0,20,0,0,0,0,0
190232,1,1,0,0,0,0,0,14,0,15,0,0
190233,1,1,0,0,0,0,0,0,0,0,0,0
190233,2,1,0,0,0,0,0,0,0,0,0,0
190234,1,1,0,0,0,0,0,0,0,0,0,0
190234,2,1,0,0,0,0,0,0,0,0,0,0
190235,0,1,0,0,0,0,0,0,0,0,14,0
190235,1,1,0,0,0,0,0,0,0,0,0,0
190236,1,1,0,0,0,0,0,0,0,13,0,0
190236,2,1,0,0,0,0,0,0,0,0,0,0
190237,1,1,0,0,0,0,0,0,0,0,0,0
190238,1,1,0,24,6,0,0,0,0,23,10,26
190239,1,1,0,0,0,11,0,0,16,0,0,0
190240,1,1,18,18,18,18,18,18,18,18,18,18
190241,1,1,0,0,0,0,0,0,0,0,0,0
190241,2,1,0,0,0,0,0,0,0,0,0,0
190242,1,1,0,0,16,0,0,15,0,0,16,22
190243,1,1,0,0,0,0,0,0,16,0,0,0
190244,1,1,16,16,16,16,16,16,16,16,16,16
190245,1,1,0,0,0,0,0,0,0,0,0,0
190245,2,1,0,0,0,0,0,0,0,0,0,0
190246,1,1,0,0,13,0,0,26,0,0,0,0
190247,1,1,0,0,0,0,0,0,0,0,0,0
190248,1,1,0,0,0,0,28,0,14,0,0,11
190249,1,1,0,0,0,0,0,0,0,0,0,0
190249,2,1,0,0,0,0,0,0,0,0,0,0
190250,1,1,0,0,0,0,0,0,0,0,0,0
190250,2,1,0,0,0,0,0,0,0,0,0,0
190251,1,1,1,1,1,1,1,1,1,1,1,1
190252,1,1,0,0,0,0,0,0,0,0,0,0
190252,2,1,0,0,0,0,0,0,0,0,0,0
190253,0,1,0,0,0,0,0,0,0,0,0,0
190253,1,1,0,0,0,0,0,0,0,0,0,0
190254,1,1,30,30,30,30,30,30,30,30,30,30
190254,2,1,0,0,0,0,0,0,0,0,0,0
190255,1,1,11,0,18,0,0,0,0,0,0,0
190256,1,1,16,16,16,16,16,16,16,16,16,16
190257,1,1,0,0,0,0,0,0,0,0,0,0
190258,1,1,0,0,0,0,0,0,0,0,0,0
190259,0,1,0,0,0,0,0,0,0,0,0,0
190259,1,1,0,0,0,0,0,0,0,0,0,0
190260,1,1,10,0,0,0,0,0,0,0,0,0
190261,1,1,0,0,0,0,0,0,0,0,0,0
190261,2,1,0,0,0,0,0,0,0,0,0,0
190262,1,1,8,8,8,8,8,8,8,8,8,8
190263,1,1,0,10,0,0,0,0,0,0,0,0
190263,2,1,0,0,16,0,0,0,0,0,0,0
190264,1,1,0,0,0,0,0,0,0,0,0,0
190264,2,1,0,0,0,0,0,0,0,0,0,0
190265,1,1,22,22,22,22,22,22,22,22,22,22
190266,0,1,26,26,26,26,26,26,26,26,26,26
190266,1,1,0,0,0,0,0,0,0,0,0,0
190267,1,2,25,18,21,20,12,11,10,0,0,6
190268,1,1,0,0,0,0,0,0,0,0,0,0
190269,1,1,0,0,0,0,0,0,0,0,0,0
190269,2,1,0,0,0,0,0,0,0,0,0,0
190270,1,1,0,0,0,0,0,0,0,0,0,0
190270,2,1,0,0,0,0,0,0,0,0,0,0
190271,1,1,0,0,0,0,19,0,0,0,18,0
190271,2,1,0,0,0,0,0,0,0,0,0,0
190272,1,1,20,20,20,20,20,20,20,20,20,20
190273,1,1,0,0,0,0,0,0,0,0,0,0
190274,1,1,0,0,0,0,0,0,0,0,0,0
190274,2,1,0,0,0,0,0,0,0,0,0,0
190275,0,1,0,0,0,0,0,0,0,0,0,0
190275,1,1,0,0,0,0,0,0,0,0,0,0
190276,1,1,0,0,0,0,19,0,0,0,0,0
190277,1,1,20,20,20,20,20,20,20,20,20,20
190278,1,1,20,20,20,20,20,20,20,20,20,20
190279,1,1,0,26,14,9,0,0,0,0,0,21
190280,1,1,0,0,0,0,0,0,0,0,0,0
190280,2,1,0,0,0,0,0,0,0,0,0,0
190281,1,1,0,0,0,0,0,0,0,0,0,0
190281,2,1,0,21,0,0,0,0,0,0,0,0
190282,1,1,0,0,0,0,0,0,0,0,0,0
190282,2,1,0,0,0,0,0,0,0,0,0,0
190283,1,1,0,0,0,0,15,0,0,0,8,0
190284,1,1,0,0,0,0,0,0,0,0,0,0
190284,2,1,0,0,0,11,0,0,0,11,0,0
190284,3,1,0,0,0,0,0,0,0,0,0,0
190285,1,1,27,27,27,27,27,27,27,27,27,27
190286,1,1,0,0,0,0,0,0,0,0,0,0
190286,2,1,0,0,0,0,0,0,0,0,0,0
190287,1,1,0,0,0,0,0,0,0,0,0,0
190288,1,1,0,0,0,0,0,0,0,0,0,0
190289,1,1,0,0,0,0,0,0,0,0,0,0
190289,2,1,0,0,0,0,0,0,0,0,0,0
190290,1,1,0,0,0,0,0,0,0,0,0,0
190291,1,1,14,0,0,0,0,26,23,0,14,0
190292,1,1,0,0,0,20,0,0,0,0,0,0
190292,2,1,0,0,0,0,5,0,0,0,0,0
190293,1,1,15,15,15,15,15,15,15,15,15,15
190293,2,1,28,0,0,0,0,0,0,13,0,0
190293,3,1,0,0,0,0,0,0,0,0,0,0
190294,1,1,0,0,16,0,14,10,0,0,0,0
190295,1,1,0,0,0,0,0,0,0,0,0,0
190295,2,1,0,0,0,0,0,0,0,0,46,0
190296,1,1,0,0,0,0,16,0,0,22,0,0
190296,2,1,0,0,0,0,0,0,0,0,0,0
190297,1,1,0,0,0,0,0,0,0,0,0,0
190298,1,1,22,22,22,22,22,22,22,22,22,22
190299,1,1,0,0,0,0,0,0,0,0,0,0
190300,1,1,0,0,0,0,0,0,0,0,16,0
190301,1,1,21,21,21,21,21,21,21,21,21,21
190302,1,1,0,0,2,0,0,0,0,0,0,0
190302,2,1,0,0,0,0,0,0,0,0,0,0
190303,1,1,0,0,0,0,0,0,0,0,0,0
190304,1,1,0,0,0,0,0,0,0,0,0,0
190304,2,1,0,0,0,3,0,0,0,0,0,0
190305,1,1,0,0,0,0,0,0,0,0,0,0
190305,2,1,0,0,0,0,0,0,0,0,0,0
190306,1,1,0,20,0,0,0,0,0,0,0,0
190307,1,1,27,27,27,27,27,27,27,27,27,27
190307,2,1,0,0,0,0,0,0,0,0,0,0
190308,1,1,0,0,0,0,0,0,0,19,0,0
190309,1,1,0,0,0,0,0,0,0,0,0,0
190309,2,1,0,0,0,0,0,0,0,12,0,0
190310,1,1,1,1,1,1,1,1,1,1,1,1
190310,2,1,0,0,0,0,0,0,0,0,0,0
190311,1,1,18,18,18,18,18,18,18,18,18,18
190312,1,1,0,0,0,0,0,0,0,0,0,0
190313,1,1,19,19,19,19,19,19,19,19,19,19
190314,1,1,0,0,0,0,0,18,0,0,0,0
190315,1,1,0,0,0,0,0,0,0,0,0,0
190316,1,1,26,26,26,26,26,26,26,26,26,26
190317,1,1,0,0,0,15,0,0,0,8,13,17
190318,1,1,15,12,0,0,7,0,0,17,13,0
190319,1,1,0,0,0,0,0,0,0,0,0,0
190319,2,1,0,0,0,0,0,0,0,0,0,0
190320,0,1,0,0,0,0,5,0,0,0,0,0
190320,1,1,0,0,0,0,18,0,0,0,0,0
190321,1,1,19,19,19,19,19,19,19,19,19,19
190322,1,1,0,0,0,0,0,0,0,0,0,0
190322,2,1,0,0,0,0,0,0,0,0,0,0
190323,1,1,21,21,21,21,21,21,21,21,21,21
190324,1,1,0,0,0,0,0,0,0,0,0,0
190325,1,1,0,0,0,0,0,0,0,0,0,0
190325,2,1,0,0,0,0,0,0,0,0,0,0
190325,3,1,0,0,0,0,0,0,0,0,0,0