ST_CASE,VEH_NO,PER_NO,P1,P2,P3,P4,P5,P6,P7,P8,P9,P10
190325,4,1,0,0,0,0,0,0,0,0,0,0
190325,5,1,0,0,0,0,0,0,0,0,0,0
190325,6,1,0,0,0,0,0,0,0,0,0,0
190325,7,1,0,0,0,0,0,0,0,0,0,0
190325,8,1,0,0,0,0,0,0,0,0,0,0
190325,9,1,0,0,0,0,0,0,0,0,0,0
190325,10,1,0,0,0,0,0,0,22,0,0,0
190325,11,1,0,0,0,0,0,0,0,0,0,0
190325,12,1,0,0,0,0,0,0,0,0,0,0
190325,13,1,0,0,0,0,0,0,0,0,0,0
190325,14,1,0,0,0,0,0,0,0,0,0,0
190325,15,1,0,0,0,0,0,0,0,0,0,0
190326,1,1,0,16,0,27,17,0,0,32,0,0
190327,1,1,0,0,0,0,0,0,0,0,0,0
190327,2,1,0,0,0,0,0,0,0,0,0,0
190328,1,1,0,0,0,0,0,0,0,0,0,0
190329,1,1,0,0,0,0,0,0,0,0,0,0
190329,2,1,0,0,0,0,0,0,0,0,0,0
190330,1,1,0,0,0,0,0,0,0,0,0,0
190331,0,1,0,0,0,0,0,0,0,0,0,0
190331,1,1,0,0,0,0,0,0,0,0,0,0
190332,1,1,0,0,0,0,0,0,0,0,0,0
190333,1,1,0,0,0,0,0,0,0,0,0,0
200001,0,1,0,0,0,0,0,0,0,0,0,0
200001,1,1,0,0,0,0,0,0,0,0,0,0
200002,0,1,0,0,0,0,0,0,0,0,0,0
200002,0,2,0,0,0,0,0,0,0,0,0,0
200002,1,1,0,0,0,0,0,0,0,0,0,0
200003,1,1,0,0,0,0,0,0,0,0,0,0
200003,2,1,0,0,0,0,0,0,0,0,0,0
200004,1,1,0,0,0,0,0,0,0,0,0,0
200004,2,1,0,0,0,0,0,0,0,0,0,0
200005,1,1,8,8,8,8,8,8,8,8,8,8
200006,1,1,0,0,0,0,0,0,0,0,0,0
200006,2,1,0,0,0,0,0,0,0,0,0,0
200006,3,1,0,0,0,0,0,0,0,0,0,0
200007,1,1,0,0,0,0,0,0,0,0,0,0
200007,2,1,0,0,0,0,0,0,0,0,0,0
200008,1,1,21,0,0,0,0,0,0,0,0,0
200008,2,1,0,0,13,0,0,0,0,0,0,0
200009,1,1,11,11,11,11,11,11,11,11,11,11
200010,1,1,0,0,0,0,0,0,0,0,0,0
200011,1,1,18,18,18,18,18,18,18,18,18,18
200012,1,1,0,0,0,0,0,0,0,0,0,0
200013,1,1,0,0,0,0,0,0,0,0,0,0
200013,2,1,0,0,0,0,0,0,19,18,0,0
200013,3,1,0,10,12,0,0,0,0,0,0,0
200014,1,1,21,21,21,21,21,21,21,21,21,21
200015,1,1,0,44,0,0,27,0,0,0,0,0
200016,1,1,0,0,0,0,0,0,16,0,0,0
200017,1,1,0,0,0,0,0,0,0,0,0,0
200018,1,1,0,0,0,9,0,0,0,0,18,0
200018,2,1,0,0,0,0,0,0,0,0,0,0
200018,3,1,0,0,0,0,0,0,0,0,0,11
200019,1,1,0,0,0,0,0,0,0,0,0,0
200020,1,1,16,16,16,16,16,16,16,16,16,16
200020,2,1,0,0,0,0,0,0,0,0,0,0
200021,1,1,0,0,0,0,0,0,0,0,0,0
200021,2,1,0,0,0,0,0,0,0,0,0,0
200022,1,1,4,4,4,4,4,4,4,4,4,4
200022,2,1,0,0,0,0,0,0,0,0,0,0
200023,1,1,0,0,0,0,0,0,0,0,0,0
200024,1,1,22,22,22,22,22,22,22,22,22,22
200025,1,1,0,11,0,15,0,0,0,0,22,0
200026,0,1,0,0,0,0,0,0,0,0,0,0
200027,1,1,0,0,0,0,0,0,0,0,0,0
200027,2,1,0,0,0,0,0,0,0,0,0,0
200028,1,1,0,0,0,0,0,0,0,0,0,0
200028,2,1,0,0,0,0,0,0,0,0,0,0
200029,0,1,0,0,0,0,0,0,0,0,0,0
200029,1,1,7,7,7,7,7,7,7,7,7,7
200029,2,1,0,0,0,0,0,0,0,0,0,5
200029,3,1,0,0,0,0,0,0,0,0,0,0
200030,0,1,0,0,0,0,0,0,0,0,0,0
200030,1,1,0,0,0,0,0,0,0,0,0,0
200031,0,1,18,0,23,0,26,0,0,22,0,0
200031,1,1,0,0,0,0,0,0,0,0,0,0
200032,1,1,0,0,0,0,0,0,0,0,0,0
200032,2,1,0,0,0,0,0,0,0,0,0,0
200033,1,1,25,0,0,19,29,0,13,0,0,0
200034,1,1,4,4,4,4,4,4,4,4,4,4
200034,2,1,0,0,0,0,0,0,0,0,0,0
200035,1,1,0,0,0,0,0,0,0,0,0,0
200035,2,1,4,0,0,0,6,0,0,0,0,0
200036,1,1,18,20,0,0,0,29,28,0,0,0
200037,1,1,0,0,0,0,0,0,0,0,0,0
200037,2,1,0,0,0,0,0,0,0,0,0,0
200039,1,1,0,0,0,0,0,0,0,0,0,0
200040,1,1,0,0,0,0,0,0,10,0,0,0
200041,1,1,0,0,0,0,0,0,0,0,0,0
200041,2,1,0,0,0,0,0,0,0,0,0,0
200042,1,1,8,0,19,19,0,0,0,0,0,0
200043,1,1,20,20,20,20,20,20,20,20,20,20
200044,1,1,0,0,0,0,0,0,0,0,0,0
200045,0,1,0,0,0,0,0,0,0,0,0,0
200045,1,1,0,0,0,0,0,0,0,0,0,0
200046,0,1,0,0,0,0,0,0,0,0,0,0
200046,1,1,0,0,0,0,0,0,0,0,0,0
200047,0,1,22,7,13,20,22,27,17,14,28,20
200047,0,2,8,8,8,8,8,8,8,8,8,8
200047,1,1,0,0,0,0,0,0,0,0,0,0
200048,1,1,0,0,0,0,0,0,0,0,0,0
200048,2,1,0,0,0,0,0,0,0,0,0,0
200049,1,1,0,0,0,0,0,0,0,0,0,0
200049,2,1,0,0,0,0,0,0,0,0,0,0
200050,1,1,0,0,0,0,0,0,0,0,0,0
200050,2,1,0,0,0,10,0,0,0,0,0,0
200050,3,1,0,25,0,25,0,18,14,0,0,0
200051,1,1,0,0,0,0,0,0,0,0,0,0
200051,2,1,0,0,0,0,0,0,0,0,0,0
200052,1,1,18,18,18,18,18,18,18,18,18,18
200053,1,1,0,0,0,0,0,0,0,0,0,0
200053,2,1,0,0,0,0,0,0,0,0,0,0
200054,1,1,0,0,0,0,0,0,0,0,0,0
200055,1,1,0,0,0,0,0,0,0,0,0,0
200055,2,1,0,0,0,0,0,0,0,0,0,0
200056,1,1,0,0,0,0,0,0,0,0,0,0
200056,2,1,0,0,0,0,0,0,0,0,0,0
200057,1,1,22,22,22,22,22,22,22,22,22,22
200058,1,1,0,0,0,0,0,0,0,0,0,0
200058,2,1,0,0,0,0,0,0,0,0,0,0
200059,1,1,0,0,0,0,0,0,0,0,0,0
200059,2,1,0,0,0,0,0,0,0,0,0,0
200060,1,1,15,0,0,0,0,0,0,0,0,0
200062,1,1,0,0,0,0,0,0,0,0,0,14
200063,1,1,0,0,0,0,0,0,0,0,0,0
200063,2,1,0,0,0,0,0,0,0,0,0,0
200064,1,1,0,0,0,0,0,0,0,0,0,0
200064,2,1,0,0,0,0,0,8,0,0,0,0
200065,1,1,0,0,0,0,0,0,0,0,0,0
200065,2,1,0,0,0,0,0,0,0,0,0,0
200066,1,1,0,0,0,0,0,0,0,0,0,0
200068,1,1,0,0,0,0,0,0,0,0,0,0
200068,2,1,0,0,0,0,0,0,0,0,0,0
200069,1,1,0,0,0,0,0,0,0,0,0,0
200070,1,1,0,0,0,0,0,0,0,0,0,0
200070,2,1,0,0,0,0,0,0,0,0,0,0
200071,1,1,0,0,0,0,0,0,0,0,0,0
200071,2,1,0,0,0,0,0,0,0,0,0,0
200072,1,1,0,0,0,0,0,0,0,0,0,0
200072,2,1,0,0,0,0,0,0,0,0,0,0
200073,1,1,16,13,5,30,13,7,31,16,26,16
200074,1,1,0,0,0,0,0,0,0,0,0,0
200074,2,1,0,0,0,0,0,0,0,0,0,0
200075,1,1,0,0,0,0,0,0,0,0,0,0
200075,2,1,0,0,0,0,0,0,0,0,0,0
200076,1,1,0,0,0,0,0,0,0,0,0,0
200076,2,1,0,0,0,0,0,0,0,0,0,0
200077,1,1,0,0,0,0,0,0,0,0,0,0
200078,1,1,0,0,0,0,0,0,0,0,0,0
200078,2,1,0,0,0,0,0,0,0,0,0,0
200079,0,1,7,16,9,32,10,21,18,36,25,0
200079,1,1,0,0,0,0,16,0,14,0,23,0
200080,1,1,0,0,0,0,0,0,0,0,0,0
200080,2,1,0,0,0,0,0,0,0,0,0,0
200081,0,1,5,0,0,0,0,0,0,0,0,0
200081,1,1,0,0,0,0,0,0,0,0,0,0
200082,1,1,0,0,0,0,0,0,0,0,0,0
200082,2,1,0,0,0,0,0,0,0,0,0,0
200083,1,1,0,0,0,0,0,0,0,0,0,0
200084,1,1,0,0,0,0,0,0,0,0,0,0
200086,0,1,24,0,0,0,0,0,0,0,0,0
200086,1,1,15,23,0,13,13,3,48,0,7,17
200087,1,1,0,0,0,0,0,0,0,0,0,0
200088,1,1,19,19,19,19,19,19,19,19,19,19
200089,1,1,0,0,0,0,0,0,0,11,0,0
200089,2,1,0,0,0,0,0,0,0,0,0,0
200090,1,1,15,15,15,15,15,15,15,15,15,15
200090,2,1,0,0,0,0,0,0,0,0,0,0
200091,1,1,0,0,0,0,0,30,0,10,0,0
200092,1,1,0,0,0,0,0,0,0,0,0,0
200093,1,1,0,0,0,0,0,0,0,0,0,0
200093,2,1,0,0,0,0,0,0,0,0,0,0
200094,1,1,0,0,0,0,0,9,0,0,0,0
200095,1,1,0,0,0,0,0,0,0,0,0,0
200096,1,1,0,0,0,0,0,0,0,0,0,0
200097,1,1,0,0,0,0,0,0,0,0,0,0
200098,0,1,24,24,24,24,24,24,24,24,24,24
200098,1,1,0,0,0,0,0,0,0,0,0,0
200099,1,1,0,0,0,0,27,0,16,0,0,0
200100,1,1,0,0,0,0,0,0,0,0,0,0
200101,1,1,0,0,0,0,0,0,0,0,0,0
200101,2,1,0,0,0,0,0,0,0,0,0,0
200101,3,1,0,0,0,0,0,0,0,0,0,0
200102,1,1,0,0,0,0,0,0,0,0,0,0
200102,2,1,0,0,0,0,0,0,0,0,0,0
200103,1,1,0,0,0,0,0,0,0,0,0,0
200103,2,1,0,0,0,0,0,0,0,0,0,0
200104,1,1,9,9,9,9,9,9,9,9,9,9
200105,1,1,0,0,18,0,0,0,0,0,0,0
200106,1,1,0,0,0,0,0,0,0,0,0,0
200107,1,1,2,2,2,2,2,2,2,2,2,2
200108,1,1,22,22,22,22,22,22,22,22,22,22
200109,1,1,20,0,0,0,0,0,0,0,0,0
200110,1,1,32,9,15,10,27,28,22,10,38,14
200111,1,1,19,19,19,19,19,19,19,19,19,19
200111,2,1,0,0,0,0,0,0,0,0,0,0
200112,1,1,22,22,22,22,22,22,22,22,22,22
200112,2,1,20,20,20,20,20,20,20,20,20,20
200113,1,1,0,0,0,0,0,0,0,0,0,0
200114,1,1,0,0,0,0,0,0,0,0,0,0
200114,2,1,0,0,0,0,0,0,0,0,0,2
200115,1,1,0,0,0,0,0,0,0,0,0,0
200115,2,1,16,16,16,16,16,16,16,16,16,16
200116,1,1,5,5,5,5,5,5,5,5,5,5
200117,1,1,0,0,0,0,0,0,0,0,0,0
200117,2,1,0,0,0,0,0,0,0,0,0,0
200118,1,1,22,22,22,22,22,22,22,22,22,22
200119,1,1,21,21,21,21,21,21,21,21,21,21
200120,1,1,11,14,22,8,16,10,31,16,23,12
200121,0,1,0,0,0,0,14,13,19,0,12,15
200121,1,1,0,0,0,7,0,14,0,0,0,0
200122,1,1,0,0,0,0,0,0,0,0,0,0
200123,1,1,0,0,0,0,0,0,0,0,0,0
200123,2,1,0,0,0,0,0,0,0,0,0,0
200124,1,1,0,0,0,0,0,0,0,0,0,0
200124,2,1,0,0,0,0,0,0,0,0,0,0
200125,1,1,6,26,11,4,16,6,4,9,16,19
200126,1,1,0,23,0,8,0,0,0,0,0,0
200127,1,1,0,0,0,19,0,0,0,0,0,0
200127,2,1,0,0,0,0,0,0,0,0,0,0
200128,1,1,20,20,20,20,20,20,20,20,20,20
200128,2,1,0,0,0,0,0,0,0,0,0,0
200128,3,1,0,0,0,0,0,0,0,0,0,0
200129,1,1,0,0,0,0,0,0,0,0,0,0
200130,1,1,0,0,0,0,0,0,0,0,0,0
200131,1,1,0,0,0,0,0,0,0,0,0,0
200131,2,1,0,0,0,0,4,6,0,0,0,0
200131,3,1,0,0,0,0,0,0,0,0,0,0
200131,4,1,0,0,0,0,0,0,0,0,0,0
200132,1,1,0,0,0,0,0,0,0,0,0,0
200132,2,1,0,0,0,0,0,0,0,0,0,0
200133,1,1,0,0,0,0,0,0,0,0,0,0
200133,2,1,0,0,0,0,0,0,0,0,0,0
200134,1,1,0,0,0,0,0,0,0,0,0,0
200134,2,1,31,0,0,0,0,0,0,0,0,0
200135,1,1,0,0,0,0,0,0,0,0,0,0
200135,2,1,0,0,0,0,0,0,0,0,0,0
200136,1,1,0,0,0,0,0,0,0,0,0,0
200136,2,1,0,0,0,0,0,0,0,0,0,0
200137,0,1,0,0,0,0,0,0,0,0,0,0
200137,1,1,0,0,0,0,0,0,0,0,0,0
200138,0,1,0,0,0,0,0,0,0,0,0,0
200138,1,1,0,0,0,0,0,0,0,0,0,0
200139,1,1,0,0,0,0,0,0,0,0,5,0
200140,1,1,0,0,0,0,0,0,0,0,0,0
200140,2,1,0,0,0,0,0,0,0,0,0,0
200141,1,1,26,0,20,0,0,0,0,0,18,0
200142,1,1,24,7,7,15,17,15,13,24,24,0
200143,1,1,16,16,16,16,16,16,16,16,16,16
200144,1,1,0,0,0,0,0,15,0,0,0,0
200144,2,1,0,0,0,0,0,0,0,0,0,0
200145,1,1,22,22,22,22,22,22,22,22,22,22
200146,1,1,0,0,0,0,0,0,0,0,0,0
200147,1,1,0,0,0,0,0,0,0,0,0,0
200147,2,1,0,2,0,0,0,0,0,0,0,0
200148,1,1,0,0,0,0,0,0,0,0,0,0
200148,2,1,0,0,0,0,0,0,0,10,0,0
200148,3,1,0,6,0,0,0,0,0,0,0,0
200149,1,1,0,0,0,0,0,0,0,0,0,0
200150,1,1,0,0,0,0,0,0,0,0,0,0
200151,1,1,0,0,0,0,0,0,0,0,0,0
200152,1,1,0,0,0,0,0,0,0,0,0,0
200152,2,1,0,0,0,0,0,0,0,0,0,0
200153,1,1,18,18,18,18,18,18,18,18,18,18
200154,1,1,0,0,0,0,0,0,0,0,0,0
200155,1,1,0,0,0,0,0,0,0,0,0,0
200155,2,1,0,0,0,0,0,0,0,0,0,0
200156,0,1,0,0,0,0,0,0,0,0,0,0
200157,1,1,0,0,0,0,0,11,11,9,11,0
200158,1,1,32,20,14,33,15,33,21,9,18,26
200159,1,1,0,0,0,0,0,0,0,0,0,0
200160,1,1,0,0,0,0,0,0,0,0,0,0
200160,2,1,21,0,0,0,0,0,0,0,0,0
200160,3,1,0,0,0,0,0,0,0,0,0,0
200161,1,1,0,0,0,0,0,0,0,0,0,0
200162,1,1,0,0,0,0,0,0,0,0,0,0
200162,2,1,27,27,27,27,27,27,27,27,27,27
200163,0,1,0,0,0,0,0,0,0,12,0,0
200163,1,1,0,0,0,0,0,0,0,0,0,0
200164,1,1,0,0,0,0,0,0,0,0,0,0
200164,2,1,0,0,0,0,0,0,0,0,0,0
200165,1,1,0,0,0,0,0,0,0,0,0,0
200165,2,1,0,0,0,0,0,0,0,0,0,0
200166,1,1,28,28,28,28,28,28,28,28,28,28
200167,1,1,0,0,0,0,0,0,0,0,0,0
200167,2,1,0,0,0,0,0,0,0,0,0,0
200168,1,1,17,17,17,17,17,17,17,17,17,17
200169,1,1,0,0,0,0,0,0,0,0,0,0
200170,1,1,19,19,19,19,19,19,19,19,19,19
200170,2,1,0,6,0,15,5,5,0,16,5,11
200171,1,1,0,0,0,0,0,0,0,0,0,0
200171,2,1,0,0,0,0,0,0,0,0,0,0
200172,1,1,23,23,23,23,23,23,23,23,23,23
200173,1,1,0,0,0,0,0,0,0,20,0,7
200173,2,1,0,0,0,0,0,0,0,0,0,0
200174,1,1,30,30,30,30,30,30,30,30,30,30
200176,1,1,0,0,0,0,0,0,0,0,0,0
200177,1,1,0,12,0,33,0,0,0,13,22,0
200178,1,1,0,0,0,0,0,0,0,0,0,0
200179,1,1,0,0,0,0,0,0,0,0,10,0
200179,2,1,0,0,0,0,0,0,0,0,0,0
200180,1,1,0,0,0,0,0,0,0,0,0,0
200180,2,1,0,0,0,0,0,0,0,0,0,0
200181,1,1,0,0,0,0,0,0,0,0,0,0
200181,2,1,0,0,0,0,0,0,0,0,0,0
200182,1,1,0,0,0,0,0,0,0,0,0,0
200183,1,1,15,15,15,15,15,15,15,15,15,15
200184,1,1,14,14,14,14,14,14,14,14,14,14
200185,1,1,20,20,20,20,20,20,20,20,20,20
200186,0,1,5,5,5,5,5,5,5,5,5,5
200186,1,1,17,17,17,17,17,17,17,17,17,17
200186,2,1,0,0,0,0,0,0,0,0,0,0
200187,1,1,0,0,0,0,0,0,0,0,0,0
200188,1,1,0,0,0,0,0,0,0,0,0,0
200189,1,1,0,0,0,0,0,0,0,0,0,0
200190,1,1,0,0,0,0,0,0,0,0,0,0
200190,2,1,0,0,0,0,0,0,0,0,0,0
200190,3,1,0,0,0,0,0,0,0,0,0,0
200191,1,1,0,0,0,0,0,0,0,0,0,0
200192,1,1,21,21,21,21,21,21,21,21,21,21
200193,1,1,11,0,0,0,14,6,0,0,0,0
200194,1,1,21,0,21,0,0,18,0,0,0,0
200195,1,1,0,0,0,0,0,0,0,0,0,0
200196,1,1,19,19,19,19,19,19,19,19,19,19
200197,1,1,0,0,0,0,0,0,0,0,0,0
200197,2,1,0,0,0,0,0,0,0,0,0,18
200198,1,1,16,16,16,16,16,16,16,16,16,16
200199,1,1,0,0,0,0,0,0,0,0,0,0
200199,2,1,0,0,0,0,17,0,0,0,0,0
200200,1,1,12,12,12,12,12,12,12,12,12,12
200201,0,1,0,0,0,0,0,0,0,0,0,0
200201,1,1,0,0,0,0,0,0,0,0,0,0
200202,1,1,0,0,0,0,0,0,0,0,0,0
200203,1,1,0,0,0,0,0,0,0,0,0,0
200204,1,1,13,13,13,13,13,13,13,13,13,13
200205,1,1,0,0,0,0,0,0,0,0,0,0
200205,2,1,14,14,14,14,14,14,14,14,14,14
200206,1,1,0,0,0,0,0,0,0,0,0,0
200207,1,1,8,34,9,5,6,11,4,6,13,14
200208,1,1,0,0,0,0,0,0,0,0,0,0
200209,1,1,17,23,17,37,8,10,8,8,5,14
200210,1,1,0,0,0,0,0,0,0,0,14,0
200210,2,1,0,0,0,0,0,0,0,0,0,0
200211,1,1,27,27,27,27,27,27,27,27,27,27
200211,2,1,0,0,0,0,0,0,0,0,0,0
200212,1,1,0,0,0,0,0,0,0,0,0,0
200213,1,1,0,0,0,0,0,0,0,0,0,0
200214,1,1,0,0,0,0,0,0,0,0,0,0
200214,2,1,0,0,0,0,0,0,0,0,9,0
200215,1,1,9,9,9,9,9,9,9,9,9,9
200216,1,1,0,0,0,0,0,0,0,0,0,0
200216,2,1,0,0,0,0,0,0,0,0,0,0
200217,1,1,0,0,0,0,0,0,0,0,0,0
200217,2,1,0,0,0,0,0,0,0,0,0,0
200218,0,1,0,0,0,0,0,0,0,0,0,0
200218,1,1,7,7,7,7,7,7,7,7,7,7
200219,1,1,0,0,0,0,0,0,0,0,0,0
200219,2,1,4,0,0,0,0,0,0,0,0,0
200220,1,1,0,0,0,0,0,0,0,0,6,0
200220,2,1,0,0,0,0,0,0,0,0,0,0
200221,1,1,0,0,0,0,0,0,0,0,0,0
200221,2,1,0,0,0,0,0,0,0,0,7,0
200222,1,1,19,19,19,19,19,19,19,19,19,19
200223,1,1,6,13,12,16,4,22,28,47,8,20
200224,1,1,27,27,27,27,27,27,27,27,27,27
200224,2,1,0,0,0,0,0,0,0,0,0,0
200225,1,1,0,0,0,0,0,0,0,0,0,0
200226,1,1,0,0,0,0,0,0,0,0,0,0
200227,1,1,0,34,21,17,34,15,16,0,0,28
200228,1,1,15,16,6,15,21,19,18,14,18,32
200229,1,1,7,19,28,12,11,0,26,0,14,0
200230,1,1,29,29,29,29,29,29,29,29,29,29
200231,1,1,0,0,0,0,0,0,0,0,0,0
200232,1,1,0,0,0,0,0,0,0,0,0,0
200232,2,1,0,0,0,0,0,0,0,0,0,0
200233,1,1,0,0,0,0,0,0,0,0,0,0
200233,2,1,0,0,0,0,0,0,0,0,0,0
200234,1,1,0,0,0,0,0,0,0,0,0,0
200235,1,1,3,3,3,3,3,3,3,3,3,3
200236,1,1,0,0,0,0,0,0,0,0,0,0
200236,2,1,0,0,15,0,0,0,14,0,0,0
200237,1,1,0,0,0,0,0,0,0,0,0,0
200238,1,1,16,0,0,0,0,30,0,0,0,0
200239,1,1,0,0,7,0,0,0,0,0,0,0
200240,1,1,0,0,0,0,0,0,3,21,0,0
200240,2,1,0,0,0,0,8,0,0,0,0,0
200241,1,1,9,9,9,9,9,9,9,9,9,9
200242,1,1,30,34,14,10,18,15,23,0,20,37
200243,1,1,15,15,15,15,15,15,15,15,15,15
200243,2,1,0,0,0,0,0,0,0,0,0,6
200244,1,1,27,0,25,0,5,27,23,17,0,0
200245,1,1,0,0,0,0,0,0,0,0,0,0
200245,2,1,0,0,0,0,0,0,0,0,0,0
200246,1,1,0,0,0,0,0,0,0,0,0,18
200246,2,1,16,16,16,16,16,16,16,16,16,16
200247,1,1,0,0,0,0,0,0,0,0,0,0
200248,1,1,0,0,0,0,0,0,0,0,0,0
200248,2,1,0,0,0,0,0,0,0,0,0,0
200249,1,1,0,0,0,0,0,0,0,0,0,0
200249,2,1,0,0,0,0,0,0,0,0,0,0
200250,1,1,0,0,0,0,0,0,0,0,0,0
200251,1,1,0,0,0,0,0,0,0,0,0,0
200251,2,1,0,0,0,0,0,0,0,0,0,0
200253,1,1,0,0,0,0,0,0,0,0,0,0
200254,1,1,15,15,15,15,15,15,15,15,15,15
200255,1,1,0,0,0,0,0,0,0,0,0,5
200256,1,1,0,0,0,0,0,0,0,0,0,0
200256,2,1,0,0,0,0,0,0,0,0,0,0
200258,1,1,6,6,6,6,6,6,6,6,6,6
200259,1,1,0,0,0,5,0,0,0,0,0,0
200260,1,1,0,0,0,0,0,0,0,0,0,0
200260,2,1,0,0,0,0,0,0,0,0,0,0
200261,1,1,0,0,0,0,0,0,0,0,0,0
200262,1,1,0,0,0,0,0,0,0,0,0,0
200263,1,1,0,0,0,0,0,0,0,0,0,0
200263,2,1,0,0,0,0,0,0,0,0,0,0
200264,1,1,0,0,0,0,0,0,0,0,0,0
200264,2,1,0,0,0,0,0,0,0,0,0,0
200265,1,1,0,0,0,0,0,0,0,0,0,0
200266,1,1,39,39,39,39,39,39,39,39,39,39
200267,1,1,0,0,0,0,0,0,0,0,0,0
200268,1,1,0,0,0,0,0,0,0,0,0,0
200268,2,1,0,0,0,0,0,0,0,0,0,0
200269,1,1,25,25,25,25,25,25,25,25,25,25
200270,1,1,15,15,15,15,15,15,15,15,15,15
200271,0,1,0,0,0,0,0,0,0,0,0,0
200271,0,2,0,0,0,0,0,0,0,0,0,0
200271,1,1,0,0,0,0,0,0,0,0,0,0
200272,1,1,0,6,0,0,0,4,0,0,0,0
200273,1,1,3,3,3,3,3,3,3,3,3,3
200273,2,1,0,0,0,0,0,0,0,0,0,0
200274,1,1,0,0,0,0,0,0,7,3,0,3
200275,1,1,0,0,0,0,0,0,0,0,0,0
200276,0,1,0,12,0,0,9,0,0,8,29,0
200276,1,1,0,0,0,0,0,0,0,0,0,0
200277,1,1,0,0,0,0,0,0,0,0,0,0
200277,2,1,0,0,0,0,0,0,0,0,0,0
200278,1,1,0,0,0,0,0,0,0,0,0,0
200278,2,1,0,0,0,0,0,0,0,0,0,0
200279,1,1,0,0,0,0,14,13,0,0,0,0
200279,2,1,0,0,0,0,0,0,0,0,0,0
200280,1,1,0,0,0,0,0,0,0,0,0,0
200281,1,1,0,0,0,0,0,0,0,0,0,0
200282,1,1,0,0,0,0,0,0,0,0,0,0
200282,2,1,0,0,0,0,0,0,0,0,0,0
200282,3,1,0,0,0,0,0,0,0,0,10,0
200283,1,1,0,0,0,0,0,0,0,0,0,0
200283,2,1,0,0,0,0,0,0,0,0,0,0
200284,1,1,0,0,0,0,0,0,0,0,0,0
200285,0,1,34,36,17,0,0,31,0,28,0,3
200285,0,2,0,38,0,11,4,27,0,15,4,0
200285,1,1,0,0,0,0,0,0,0,0,0,0
200286,1,1,0,0,0,0,0,0,0,0,0,0
200287,1,1,0,0,0,0,0,0,0,0,0,0
200287,2,1,0,0,0,0,0,0,0,0,0,0
200288,1,1,0,0,0,0,0,0,0,0,0,0
200289,1,1,0,0,0,0,0,0,0,0,0,0
200289,2,1,0,0,0,7,0,0,0,22,15,0
200290,1,1,7,0,13,0,0,0,0,0,0,0
200291,1,1,0,0,0,0,0,0,0,0,0,0
200292,0,1,2,2,2,2,2,2,2,2,2,2
200292,1,1,1,1,1,1,1,1,1,1,1,1
200293,1,1,0,0,0,0,0,0,0,0,0,0
200294,1,1,0,0,0,24,17,13,28,20,35,0
200294,2,1,0,0,0,0,0,11,0,0,24,0
200295,1,1,0,0,0,0,0,0,0,0,0,0
200296,1,1,19,19,19,19,19,19,19,19,19,19
200297,1,1,0,0,0,0,0,0,0,0,0,0
200297,2,1,0,0,0,0,0,0,0,0,0,0
200298,0,1,0,0,0,0,0,0,0,0,0,0
200298,1,1,0,0,0,0,0,0,0,0,0,0
200299,1,1,0,0,0,0,0,13,0,0,0,0
200300,1,1,9,9,9,9,9,9,9,9,9,9
200300,2,1,0,0,0,0,0,0,0,0,0,0
200300,3,1,0,0,0,0,0,0,0,0,0,0
200301,1,1,18,18,18,18,18,18,18,18,18,18
200302,1,1,0,0,0,2,0,0,0,0,0,23
200303,1,1,0,0,0,0,0,0,0,0,0,0
200303,2,1,0,0,0,0,0,0,0,0,0,0
200304,1,1,0,0,0,0,0,0,0,0,0,0
200304,2,1,0,0,0,0,0,0,0,0,0,0
200305,1,1,0,0,0,0,0,0,0,0,0,0
200305,2,1,0,0,0,0,0,0,0,0,0,0
200305,3,1,0,0,0,0,0,0,0,0,0,0
200306,1,1,17,0,0,0,0,0,6,0,0,0
200306,2,1,0,0,0,18,0,0,0,0,0,0
200307,1,1,0,0,0,0,6,0,0,0,0,0
200307,2,1,0,0,0,0,0,0,0,0,0,0
200308,1,1,5,5,5,5,5,5,5,5,5,5
200308,2,1,0,0,0,0,0,0,0,0,0,0
200309,1,1,0,0,0,0,0,0,12,0,0,0
200309,2,1,0,0,0,0,0,0,0,0,0,0
200310,0,1,17,17,17,17,17,17,17,17,17,17
200310,1,1,0,0,0,0,0,0,0,0,0,0
200311,0,1,0,0,0,0,6,0,0,0,0,0
200311,1,1,0,0,14,0,0,0,28,26,0,0
200312,1,1,25,25,25,25,25,25,25,25,25,25
200313,1,1,9,39,0,27,18,0,6,6,0,30
200314,1,1,18,18,18,18,18,18,18,18,18,18
200315,1,1,23,23,23,23,23,23,23,23,23,23
200315,2,1,0,0,0,0,0,0,0,0,0,0
200316,1,1,16,0,21,0,0,0,0,0,0,0
200317,1,3,14,0,13,23,0,0,0,15,10,18
200318,1,1,0,0,0,0,0,0,0,0,0,0
200318,2,1,0,0,31,0,0,0,0,0,0,12
200319,1,1,0,0,0,0,0,0,0,0,0,0
200319,2,1,0,0,0,0,0,0,0,0,0,0
200319,3,1,0,0,0,0,0,0,0,0,0,0
200320,0,1,25,14,16,12,36,14,12,29,35,23
200321,1,1,0,0,0,0,0,0,0,0,0,0
200322,1,1,0,0,0,0,0,0,0,0,0,0
200323,1,1,0,0,0,0,0,0,0,0,0,0
200324,1,1,2,2,2,2,2,2,2,2,2,2
200325,0,1,0,0,0,0,17,0,0,0,0,0
200325,1,1,0,0,0,0,0,0,0,0,0,0
200326,0,1,0,0,0,0,0,0,0,0,0,0
200326,1,1,0,0,0,0,0,0,0,0,0,0