ST_CASE,VEH_NO,PER_NO,P1,P2,P3,P4,P5,P6,P7,P8,P9,P10
200327,1,1,0,0,0,0,0,0,0,0,0,0
200327,2,1,0,0,0,0,23,0,0,0,0,0
200328,1,1,0,0,0,0,0,0,0,0,0,0
200328,2,1,0,0,0,0,0,0,0,0,0,0
200330,0,1,12,12,12,12,12,12,12,12,12,12
200330,1,1,27,27,27,27,27,27,27,27,27,27
200331,0,1,0,0,0,0,0,0,0,0,0,0
200331,1,1,0,0,0,0,0,0,0,0,0,0
200332,1,1,0,0,0,0,16,0,0,0,0,0
200333,1,1,19,19,19,19,19,19,19,19,19,19
200334,1,1,19,19,19,19,19,19,19,19,19,19
200335,1,1,23,23,23,23,23,23,23,23,23,23
200336,0,1,0,0,0,0,0,0,0,0,0,0
200336,1,1,0,0,0,0,0,0,0,0,0,0
200337,1,1,0,0,0,0,0,0,0,0,0,0
200339,1,1,0,0,0,0,0,0,0,0,0,0
200339,2,1,0,0,0,3,0,0,0,0,0,0
200340,1,1,0,0,0,0,0,0,0,0,0,0
200341,1,1,0,0,0,0,0,0,0,0,0,0
200341,2,1,0,0,0,0,0,3,0,8,0,0
200342,1,1,15,9,15,13,18,0,0,32,10,0
200343,1,1,0,0,0,0,0,0,0,0,0,0
200344,0,1,34,34,34,34,34,34,34,34,34,34
200344,1,1,0,0,0,0,0,0,0,0,0,0
200344,2,1,0,0,0,0,0,0,0,0,0,0
200345,1,1,30,0,0,0,26,0,0,0,0,0
200346,1,1,23,10,0,22,0,0,16,23,20,23
200347,1,1,16,14,27,21,10,16,18,8,16,26
200348,1,1,0,0,0,0,0,0,0,0,0,0
200348,2,1,0,0,0,0,0,0,0,0,0,0
200349,1,1,0,0,0,0,0,0,0,0,0,0
200349,2,1,24,24,24,24,24,24,24,24,24,24
200350,1,1,0,0,0,0,0,0,0,0,0,0
200350,2,1,0,0,0,0,0,0,0,0,0,0
200351,1,1,0,0,0,0,0,0,0,0,0,0
200351,2,1,0,0,0,0,0,0,0,0,0,0
200352,1,1,0,0,0,0,0,0,0,0,0,0
200353,1,1,19,19,19,19,19,19,19,19,19,19
200354,1,1,0,0,0,0,0,0,0,0,0,0
200354,2,1,0,0,0,0,0,0,0,0,0,0
200355,1,1,13,13,13,13,13,13,13,13,13,13
200356,1,1,0,0,0,0,0,0,0,0,0,0
200357,1,1,0,0,0,0,0,0,0,0,0,19
200358,1,1,0,0,0,0,0,0,0,0,0,0
200358,2,1,0,0,0,0,0,0,0,0,0,0
200359,1,1,10,9,22,24,8,10,3,22,9,28
200360,1,1,33,0,0,11,0,4,7,0,0,27
200361,1,1,27,27,27,27,27,27,27,27,27,27
200362,1,1,0,0,0,0,0,0,8,0,0,0
200363,1,1,0,0,0,0,33,0,0,0,0,0
200363,2,1,0,0,0,0,0,0,0,0,0,0
200364,1,1,0,0,0,0,0,0,0,0,0,0
200364,2,1,0,0,0,0,0,0,0,0,0,0
200364,3,1,0,0,0,0,0,0,0,0,0,0
200365,1,1,0,0,0,0,0,0,0,0,0,0
200366,1,1,0,0,0,0,0,0,0,0,0,0
200366,2,1,0,0,0,0,0,0,0,0,0,0
200367,1,1,0,0,0,0,0,0,0,0,0,0
200367,2,1,0,0,0,0,0,0,0,0,0,0
200367,3,1,0,0,0,0,0,0,0,0,0,0
200368,1,1,0,0,0,0,0,0,0,0,0,14
200369,1,1,0,0,0,0,0,0,0,0,0,0
200370,1,1,15,15,15,15,15,15,15,15,15,15
200371,1,1,0,36,0,0,0,0,0,24,9,0
200372,1,1,17,22,0,28,0,0,0,0,0,21
200373,1,1,0,0,0,0,0,0,0,0,0,0
200373,2,1,0,8,12,0,0,13,0,0,0,0
200374,1,1,16,16,16,16,16,16,16,16,16,16
200375,1,1,0,0,0,0,0,0,0,0,0,0
200376,1,1,0,16,0,24,0,0,0,0,0,0
200376,2,1,25,0,0,28,24,0,16,0,0,4
200377,1,1,0,0,0,0,19,31,0,0,0,0
210001,1,1,0,0,0,0,0,0,0,0,0,0
210001,2,1,0,0,0,0,0,0,0,0,0,0
210002,1,1,0,0,0,0,0,0,0,0,0,0
210002,2,1,0,0,0,0,0,0,0,0,0,0
210003,1,1,0,0,0,0,0,0,0,0,0,0
210004,0,1,27,27,27,27,27,27,27,27,27,27
210004,1,1,0,0,0,0,0,0,0,0,0,0
210005,1,1,0,0,0,0,0,0,0,0,0,0
210005,2,1,0,0,0,0,0,0,0,0,0,0
210006,1,1,0,0,0,0,0,0,0,0,0,0
210007,1,1,0,0,0,0,0,0,0,0,0,0
210007,2,1,0,0,0,0,0,0,0,0,0,0
210008,1,1,0,0,0,0,13,0,0,0,0,0
210008,2,1,0,0,0,0,0,0,0,0,0,8
210009,1,1,0,0,0,0,0,0,0,0,0,0
210010,1,1,0,0,0,0,0,0,0,0,0,0
210010,2,1,0,0,0,0,0,0,0,0,0,0
210011,1,1,0,0,0,0,0,0,0,0,0,0
210011,2,1,0,0,0,0,0,0,0,0,0,0
210012,1,1,0,0,0,0,0,0,0,0,0,0
210012,2,1,0,0,0,0,0,0,0,0,0,0
210013,0,1,0,0,0,0,0,0,0,0,0,0
210013,1,1,0,0,0,0,0,0,0,0,0,0
210014,1,1,12,12,12,12,12,12,12,12,12,12
210015,1,1,0,0,0,0,0,0,0,0,0,0
210015,2,1,0,0,0,0,0,0,0,0,0,0
210016,1,1,24,24,24,24,24,24,24,24,24,24
210017,1,1,0,0,0,0,0,0,0,0,0,0
210017,2,1,0,0,0,0,0,0,0,0,0,0
210017,3,1,0,0,0,0,0,0,0,0,0,0
210017,4,1,0,0,0,0,0,0,0,0,0,0
210018,1,1,0,0,0,0,0,0,0,0,0,0
210019,1,1,0,0,0,0,0,0,0,0,0,0
210020,0,1,0,0,0,0,0,0,0,0,0,0
210020,1,1,0,0,0,0,0,0,0,0,0,0
210021,1,1,0,0,0,0,0,0,0,0,0,0
210022,1,1,0,0,0,0,0,0,0,0,0,0
210023,0,1,0,0,0,0,0,0,0,0,0,0
210023,1,1,0,0,0,0,0,0,0,0,0,0
210024,1,1,0,0,0,0,0,0,0,0,0,0
210025,1,1,0,0,0,0,0,0,0,0,0,0
210026,1,1,0,0,0,0,0,0,0,0,0,0
210027,1,1,0,0,0,0,0,0,0,0,0,0
210027,2,1,0,0,0,0,0,0,0,0,0,0
210028,1,1,0,0,0,0,0,0,0,0,0,0
210028,2,1,0,0,0,0,0,0,0,0,0,0
210028,3,1,0,0,7,0,0,0,0,0,0,0
210029,1,1,0,0,17,14,0,6,0,0,0,0
210030,1,1,22,22,22,22,22,22,22,22,22,22
210030,2,1,0,0,0,0,0,0,0,0,0,0
210031,0,1,0,0,0,0,0,0,0,0,0,0
210031,1,1,0,0,0,0,0,0,0,0,0,0
210031,2,1,0,0,0,0,0,7,0,0,0,0
210032,1,1,0,0,0,0,0,0,0,0,0,0
210033,1,1,24,24,24,24,24,24,24,24,24,24
210033,2,1,7,7,7,7,7,7,7,7,7,7
210034,1,1,0,0,0,0,0,0,0,0,0,0
210035,1,1,0,0,0,0,0,0,0,0,0,0
210035,2,1,0,0,0,0,0,0,0,0,0,0
210036,1,1,0,0,0,0,0,0,0,0,0,0
210037,1,1,0,0,0,0,0,0,0,0,0,0
210038,1,1,0,0,12,0,12,0,0,15,18,0
210039,1,1,10,10,10,10,10,10,10,10,10,10
210040,1,1,6,6,6,6,6,6,6,6,6,6
210040,2,1,0,0,0,0,0,0,0,15,0,0
210041,1,1,0,0,0,0,0,0,0,0,0,0
210041,2,1,0,0,0,0,0,0,0,0,0,0
210042,1,1,0,0,0,0,0,0,0,0,0,0
210042,2,1,0,0,0,0,0,0,0,0,0,0
210043,1,1,0,0,20,0,0,0,16,0,0,0
210044,1,1,0,0,0,0,0,0,0,0,0,0
210044,2,1,0,0,0,0,0,0,0,0,0,0
210045,1,1,0,0,0,0,0,0,0,0,0,0
210045,2,1,0,0,0,0,0,0,0,0,0,0
210046,1,1,0,0,0,0,0,0,0,0,0,0
210047,1,1,0,0,0,0,0,0,0,0,0,0
210048,1,1,0,0,0,0,0,0,0,0,0,0
210049,1,1,0,0,0,0,0,0,0,0,0,0
210049,2,1,0,0,0,0,0,0,0,0,0,0
210050,1,1,0,0,0,0,0,0,0,0,0,0
210050,2,1,0,0,0,0,0,0,0,0,0,0
210051,1,1,19,19,19,19,19,19,19,19,19,19
210052,1,1,0,0,0,0,0,0,0,0,0,0
210053,1,1,0,0,0,0,0,0,0,0,0,0
210053,2,1,0,0,0,0,0,0,0,0,0,0
210054,1,1,9,9,9,9,9,9,9,9,9,9
210055,1,1,0,0,0,0,0,0,0,0,0,0
210055,2,1,0,0,0,0,0,0,0,0,0,0
210056,1,1,18,18,18,18,18,18,18,18,18,18
210057,1,1,0,0,0,0,0,0,0,0,0,0
210058,1,1,19,19,19,19,19,19,19,19,19,19
210058,2,1,0,0,0,0,0,0,0,0,0,0
210059,1,1,6,6,6,6,6,6,6,6,6,6
210060,1,1,14,0,0,0,0,0,0,0,0,0
210060,2,1,0,0,0,0,0,0,0,0,0,0
210061,1,1,0,0,14,17,15,5,10,12,0,22
210061,2,1,0,0,0,0,0,0,0,0,0,0
210062,1,1,18,18,18,18,18,18,18,18,18,18
210063,1,1,0,0,0,0,0,0,0,0,0,0
210063,2,1,0,0,0,0,0,0,0,0,0,0
210064,1,1,0,0,0,0,0,0,0,0,0,0
210065,1,1,0,0,0,0,0,0,0,0,0,0
210066,1,1,0,0,0,0,0,0,0,0,0,0
210067,1,1,0,0,0,0,0,0,0,0,0,0
210067,2,1,0,0,0,0,0,0,0,0,0,0
210067,3,1,0,0,0,0,0,0,0,0,0,0
210068,1,1,0,0,0,0,0,0,0,0,0,0
210068,2,1,2,2,2,2,2,2,2,2,2,2
210069,1,1,0,0,0,0,0,0,0,0,0,0
210069,2,1,0,0,0,0,0,0,0,0,0,0
210070,1,1,0,0,0,0,0,0,0,0,0,0
210070,2,1,0,0,0,0,0,0,0,0,0,0
210071,0,1,0,0,0,0,0,0,0,0,0,0
210071,1,1,0,0,0,0,0,0,0,0,0,0
210072,1,1,0,0,0,0,0,0,0,0,0,0
210072,2,1,0,0,0,0,0,0,0,13,0,0
210073,1,1,0,0,0,0,0,0,0,0,0,0
210074,1,1,0,0,0,0,0,0,0,0,0,0
210075,0,1,0,0,0,0,0,0,0,0,0,0
210075,0,2,0,0,0,0,0,0,0,0,0,0
210075,1,1,0,0,0,0,0,0,0,0,0,0
210076,1,1,0,0,32,0,0,0,0,0,0,0
210077,1,1,0,0,0,0,0,0,0,0,0,0
210077,2,1,0,0,0,0,0,0,0,0,0,0
210078,1,1,0,0,0,0,0,0,0,0,0,0
210078,2,1,0,0,0,0,0,0,0,0,0,0
210079,0,1,0,0,0,0,0,0,0,0,4,0
210079,1,1,0,0,0,0,0,0,0,0,0,0
210080,1,1,0,0,0,0,0,0,0,0,0,0
210081,1,1,0,0,0,0,0,0,0,0,0,0
210082,1,1,0,0,0,0,0,0,0,0,0,0
210082,2,1,0,0,0,0,0,0,0,0,0,0
210082,3,1,0,0,0,0,0,0,0,0,0,0
210083,1,1,18,18,18,18,18,18,18,18,18,18
210084,1,1,0,0,0,0,0,0,0,0,0,0
210084,2,1,0,0,0,0,0,0,0,0,0,0
210085,1,1,0,0,0,0,0,0,0,0,0,0
210086,1,1,0,0,0,0,0,0,0,0,0,0
210086,2,1,0,0,0,0,0,0,0,0,0,0
210087,1,1,0,22,22,0,26,4,0,11,10,0
210088,0,1,0,0,0,0,15,0,0,0,0,0
210088,1,1,0,0,0,0,0,0,0,0,0,0
210089,1,1,0,0,0,0,0,0,0,0,0,0
210090,1,1,0,0,0,0,0,0,0,0,0,0
210091,1,1,22,22,22,22,22,22,22,22,22,22
210092,1,1,0,0,0,0,0,0,0,0,0,0
210092,2,1,0,10,0,0,0,0,8,0,0,0
210093,1,1,0,0,0,0,0,0,0,0,0,0
210093,2,1,0,0,0,0,0,0,0,0,0,0
210094,1,1,19,19,8,16,5,22,19,12,4,35
210095,1,1,0,0,0,0,0,0,0,0,0,0
210096,1,1,0,0,0,0,0,0,0,0,0,0
210097,1,1,0,0,0,0,0,0,0,0,0,0
210097,2,1,0,0,0,0,0,0,0,0,0,0
210098,1,1,0,0,0,0,0,0,0,0,0,0
210098,2,1,0,0,0,0,0,0,0,0,0,0
210099,1,1,0,0,0,0,0,0,0,0,0,0
210100,1,1,0,0,0,0,0,0,0,0,0,0
210100,2,1,0,0,0,0,0,0,0,0,0,0
210101,1,1,17,17,17,17,17,17,17,17,17,17
210102,1,1,0,0,0,0,0,0,0,0,0,0
210103,1,1,0,0,0,0,0,0,0,0,0,0
210103,2,1,0,0,0,0,0,0,0,0,0,0
210103,3,1,0,0,0,0,0,0,0,0,0,0
210104,1,1,0,0,0,0,0,0,0,0,0,0
210104,2,1,0,0,0,0,0,0,0,0,0,0
210105,1,1,29,29,29,29,29,29,29,29,29,29
210106,1,1,18,18,18,18,18,18,18,18,18,18
210107,1,1,0,0,0,0,0,0,0,0,0,0
210108,1,1,18,18,18,18,18,18,18,18,18,18
210109,1,1,0,0,0,0,0,0,0,0,0,0
210109,2,1,27,27,27,27,27,27,27,27,27,27
210110,1,1,0,0,0,0,0,0,0,0,0,0
210111,1,1,0,0,0,0,0,0,0,0,0,0
210111,2,1,0,0,0,0,0,0,0,0,0,0
210111,3,1,0,0,0,0,0,0,0,0,0,0
210112,1,1,15,15,15,15,15,15,15,15,15,15
210113,0,1,0,0,0,0,0,0,0,0,0,0
210113,1,1,0,0,0,0,0,0,0,0,0,0
210114,1,1,0,0,0,0,0,0,0,0,0,0
210115,1,1,0,0,0,0,0,0,0,0,0,0
210116,1,1,24,24,24,24,24,24,24,24,24,24
210117,1,1,0,0,0,0,0,0,0,0,0,0
210117,2,1,0,0,0,0,0,0,0,0,0,0
210118,1,1,0,0,0,0,0,0,0,0,0,0
210118,2,1,0,0,0,0,0,0,0,0,0,0
210119,0,1,0,0,0,0,0,0,0,0,0,0
210119,1,1,0,0,0,0,0,10,0,0,0,0
210120,1,1,0,0,0,0,0,0,0,0,0,0
210120,2,1,0,0,0,0,0,0,0,0,0,0
210121,1,1,24,24,24,24,24,24,24,24,24,24
210122,1,1,0,0,0,0,0,0,0,0,0,0
210122,2,1,0,0,0,0,0,0,0,0,0,0
210123,1,1,0,0,0,0,0,0,0,0,0,0
210124,1,1,0,0,0,0,0,0,0,0,0,0
210125,1,1,0,0,0,0,0,0,0,0,0,0
210125,2,1,4,0,0,0,0,0,15,0,0,0
210125,3,1,0,0,0,0,0,0,0,0,0,0
210126,0,1,0,0,0,0,0,0,0,0,0,0
210126,1,1,24,0,12,0,0,0,0,18,14,0
210127,1,1,0,0,0,0,0,0,0,0,0,0
210128,1,1,0,0,0,0,0,0,0,0,0,0
210129,1,1,0,0,0,0,0,0,0,0,0,0
210130,1,1,0,0,0,0,0,0,0,0,0,0
210131,1,1,0,0,0,0,0,0,0,0,0,0
210131,2,1,0,0,0,0,0,0,0,0,0,0
210132,1,1,17,17,17,17,17,17,17,17,17,17
210133,1,1,0,0,0,0,0,0,0,0,0,0
210133,2,1,0,0,0,0,0,0,0,0,0,0
210134,1,1,0,0,0,0,0,0,0,0,0,0
210135,1,1,0,0,0,0,0,0,0,0,0,0
210135,2,1,0,0,0,0,0,0,0,0,0,0
210136,1,1,0,0,0,0,0,0,0,0,0,0
210137,1,1,0,0,0,0,0,0,0,0,0,0
210137,2,1,0,0,0,0,0,0,0,0,0,0
210138,1,1,0,0,0,0,0,0,0,0,0,0
210139,1,1,0,0,0,0,0,0,0,0,0,0
210140,1,1,15,15,15,15,15,15,15,15,15,15
210141,1,1,0,0,0,0,0,0,0,0,0,0
210142,1,1,0,0,0,0,0,0,0,0,0,0
210143,1,1,0,0,0,0,16,0,0,0,0,0
210144,1,1,0,0,0,0,0,0,0,0,0,8
210144,2,1,0,0,0,21,0,0,0,14,0,0
210145,1,1,0,0,0,0,0,0,0,0,0,0
210145,2,1,0,0,0,0,0,0,0,0,0,0
210145,3,1,0,0,0,0,0,0,0,0,0,0
210145,4,1,0,0,0,0,0,0,0,0,0,0
210145,5,1,0,0,0,0,0,0,0,0,0,0
210145,6,1,0,0,0,0,0,0,0,0,0,0
210145,7,1,0,0,0,0,0,0,0,0,0,0
210146,1,1,0,0,0,0,0,0,0,0,0,0
210147,1,1,29,29,29,29,29,29,29,29,29,29
210147,2,1,0,0,0,0,0,0,0,0,0,0
210148,1,1,20,20,20,20,20,20,20,20,20,20
210148,2,1,0,0,0,0,0,0,0,0,0,0
210148,3,1,0,0,0,0,0,0,0,0,0,0
210149,0,1,41,41,41,41,41,41,41,41,41,41
210149,1,1,10,10,10,10,10,10,10,10,10,10
210150,1,1,0,0,0,0,0,0,0,0,0,0
210151,1,1,9,9,9,9,9,9,9,9,9,9
210152,1,1,0,0,0,0,0,0,0,0,0,0
210153,1,1,0,0,0,0,0,0,0,0,0,0
210154,1,1,0,0,0,0,0,0,0,0,0,0
210154,2,1,0,0,0,0,0,0,0,0,0,0
210155,1,1,0,0,0,0,0,0,0,0,0,0
210156,1,1,8,0,0,0,6,0,0,0,0,0
210157,1,1,0,0,0,0,0,0,0,0,0,0
210158,1,1,0,0,0,0,0,0,0,0,0,0
210158,2,1,0,0,0,0,0,0,0,0,0,0
210159,0,1,0,0,0,0,0,0,0,0,0,0
210159,1,1,0,0,0,0,0,0,0,0,0,0
210160,1,1,0,0,0,0,0,0,0,0,0,0
210160,2,1,0,0,0,0,0,0,0,0,0,0
210161,0,1,0,0,0,0,0,0,0,0,0,0
210161,1,1,0,0,0,0,0,0,0,0,0,11
210161,2,1,0,0,0,0,0,0,0,0,0,0
210162,1,1,13,13,13,13,13,13,13,13,13,13
210163,1,1,12,12,12,12,12,12,12,12,12,12
210164,1,1,0,0,0,0,0,0,0,0,0,0
210165,1,1,0,0,0,0,0,0,0,0,0,0
210166,1,1,0,0,0,0,0,0,0,0,0,0
210167,0,1,0,0,0,0,0,0,0,0,0,0
210167,1,1,0,0,0,0,0,0,0,0,0,0
210168,1,1,7,7,7,7,7,7,7,7,7,7
210169,1,1,0,13,0,0,0,0,0,0,18,0
210170,0,1,0,0,0,0,0,0,0,0,0,0
210170,0,2,0,0,0,0,0,0,0,0,0,0
210170,0,3,0,0,0,0,0,0,0,0,0,0
210170,1,1,0,0,0,0,0,0,0,0,0,0
210171,1,1,0,0,0,0,0,0,0,0,0,0
210172,1,1,14,14,14,14,14,14,14,14,14,14
210173,1,1,0,0,0,0,0,0,0,0,0,0
210173,2,1,10,10,10,10,10,10,10,10,10,10
210174,1,1,0,0,0,0,0,10,0,0,0,0
210174,2,1,0,0,0,0,0,0,0,0,0,0
210175,1,1,0,0,0,0,0,0,0,0,0,0
210176,1,1,0,0,0,0,0,0,0,0,0,0
210176,2,1,0,0,0,0,0,0,0,0,0,0
210177,1,1,9,9,9,9,9,9,9,9,9,9
210178,1,1,0,0,0,0,0,0,0,0,0,0
210179,1,1,0,0,0,0,0,0,0,0,0,0
210180,1,1,0,0,0,0,0,0,0,0,0,0
210180,2,1,0,0,0,0,0,0,0,0,0,0
210181,0,1,0,0,0,0,0,0,0,0,0,0
210181,1,1,13,0,0,0,0,0,0,6,0,0
210182,1,1,0,0,0,0,0,0,18,0,13,0
210183,1,1,0,0,0,0,0,0,0,0,0,0
210184,1,1,0,0,0,0,0,0,0,0,0,0
210185,1,1,0,0,0,0,0,0,0,0,0,0
210185,2,1,0,0,0,0,0,0,0,0,0,0
210185,3,1,0,0,0,0,0,0,0,0,0,0
210186,1,1,18,18,18,18,18,18,18,18,18,18
210186,2,1,0,0,0,0,0,0,0,0,0,0
210187,1,1,0,0,0,0,0,0,0,0,0,0
210188,1,1,0,0,0,0,0,0,0,0,0,0
210189,1,1,26,26,26,26,26,26,26,26,26,26
210190,1,1,0,0,0,0,0,0,0,0,0,0
210191,1,1,0,0,0,0,0,0,0,0,0,0
210192,1,1,0,13,0,0,0,0,0,0,0,22
210193,1,1,0,0,0,0,0,0,0,0,0,0
210193,2,1,0,0,0,0,0,0,0,0,0,0
210194,1,1,24,24,24,24,24,24,24,24,24,24
210195,1,1,0,0,0,0,0,0,0,0,0,0
210195,2,1,0,0,0,0,0,0,0,0,0,0
210196,1,1,0,0,0,0,0,0,0,0,0,0
210197,1,1,0,0,0,0,10,0,0,0,0,0
210197,2,1,0,0,0,0,0,0,0,0,0,0
210198,1,1,0,0,0,0,0,0,0,0,0,0
210198,2,1,0,0,0,0,0,0,0,0,0,0
210199,1,1,0,0,0,0,0,0,0,0,0,0
210199,2,1,0,0,0,0,0,0,0,0,0,0
210200,1,1,0,0,0,0,0,0,0,0,0,0
210200,2,1,0,0,0,0,0,0,0,0,0,0
210201,1,1,0,0,0,0,0,0,0,0,0,6
210201,2,1,0,0,0,0,0,0,0,0,0,0
210201,3,1,0,0,0,0,0,0,0,0,0,0
210202,1,1,0,0,0,0,0,0,0,0,0,0
210202,2,1,0,0,0,0,0,0,0,0,0,0
210203,1,1,0,0,0,0,0,0,0,0,0,0
210203,2,1,0,0,0,0,0,0,0,0,0,0
210204,1,1,0,0,0,0,0,0,0,0,0,0
210205,1,3,0,0,0,0,7,15,4,21,15,17
210206,1,1,13,13,13,13,13,13,13,13,13,13
210207,1,1,0,0,0,0,0,0,0,0,0,0
210208,1,1,0,0,0,0,0,0,0,0,0,0
210209,1,1,0,0,0,0,0,0,0,0,0,0
210209,2,1,0,0,0,0,0,0,0,0,0,0
210210,1,1,0,0,0,0,0,0,0,0,0,0
210211,1,1,0,0,0,0,0,0,0,0,0,0
210211,2,1,0,0,0,0,0,0,0,0,0,0
210212,1,1,0,0,0,0,0,0,0,0,0,0
210213,1,1,0,0,0,0,0,0,0,0,0,0
210213,2,1,0,0,0,0,0,0,0,0,0,0
210214,1,1,11,11,11,11,11,11,11,11,11,11
210215,1,1,0,0,0,0,0,0,0,0,0,0
210215,2,1,0,0,0,0,0,0,0,0,0,0
210216,1,1,0,0,0,0,0,0,0,0,0,0
210216,2,1,0,0,0,0,0,0,0,0,0,0
210216,3,1,3,3,3,3,3,3,3,3,3,3
210217,1,1,0,0,0,0,0,0,0,0,0,0
210217,2,1,0,0,0,0,0,0,0,0,0,0
210218,1,1,16,16,16,16,16,16,16,16,16,16
210219,1,1,0,0,0,0,0,0,0,0,0,0
210220,1,1,0,0,0,0,0,0,0,0,0,0
210220,2,1,0,0,0,0,0,0,0,0,0,0
210221,1,1,0,0,0,0,0,0,0,0,0,0
210222,1,1,0,0,0,0,0,0,0,0,0,0
210222,2,1,0,0,0,0,0,0,0,0,0,0
210223,1,1,19,19,19,19,19,19,19,19,19,19
210224,1,1,20,20,20,20,20,20,20,20,20,20
210225,1,1,0,0,0,0,0,0,0,0,0,0
210225,2,1,0,0,0,0,0,0,0,0,0,0
210226,1,1,0,0,0,0,0,0,0,0,0,0
210226,2,1,0,0,0,0,0,0,0,0,0,0
210226,3,1,0,0,0,6,0,0,0,0,0,0
210226,4,1,0,0,0,0,0,0,0,0,0,0
210227,1,1,0,0,0,0,0,0,0,0,0,0
210227,2,1,0,0,0,0,0,0,0,0,0,0
210228,0,1,23,23,23,23,23,23,23,23,23,23
210228,1,1,0,0,0,0,0,0,0,0,3,0
210229,1,1,0,0,0,0,0,0,0,0,0,0
210230,1,1,0,0,0,0,0,0,0,0,0,0
210231,1,1,0,0,0,0,0,0,0,0,0,0
210232,0,1,28,28,28,28,28,28,28,28,28,28
210232,1,1,0,0,0,0,0,0,0,0,0,0
210233,1,1,0,0,9,26,9,14,22,19,13,13
210233,2,1,0,0,0,0,0,0,0,0,0,0
210234,1,1,0,0,0,0,0,0,0,0,0,0
210234,2,1,0,0,0,10,0,0,0,0,0,0
210235,1,1,11,11,11,11,11,11,11,11,11,11
210236,1,1,0,0,0,0,0,0,0,0,0,0
210236,2,1,0,0,0,0,0,0,0,0,0,0
210236,3,1,0,0,0,0,0,0,0,0,0,0
210236,4,1,0,0,0,0,0,0,0,0,0,0
210236,5,1,0,0,0,0,0,0,0,0,0,0
210237,1,1,0,0,0,0,0,0,0,0,0,0
210238,1,1,0,0,0,0,0,0,0,0,6,0
210238,2,1,0,0,0,0,0,0,0,0,0,0
210239,1,1,0,0,0,0,0,0,0,0,0,0
210239,2,1,0,0,0,0,0,0,0,0,0,0
210240,1,1,0,0,0,0,0,0,0,0,0,0
210241,1,1,9,9,9,9,9,9,9,9,9,9
210242,1,1,0,0,0,0,0,0,0,0,0,0
210243,0,1,0,0,0,0,0,14,0,20,16,12
210243,1,1,0,0,0,0,0,0,0,0,0,0
210244,1,1,16,16,16,16,16,16,16,16,16,16
210245,1,1,12,12,12,12,12,12,12,12,12,12
210246,1,1,0,0,0,0,0,0,0,0,0,0
210246,2,1,0,0,15,0,0,0,0,0,0,0
210247,1,1,0,0,0,0,0,0,0,0,0,0
210248,1,1,0,0,0,0,0,0,0,0,0,0
210249,1,1,0,0,0,0,0,0,0,0,0,19
210250,1,1,0,0,0,0,0,0,0,0,0,0
210251,1,1,0,0,0,0,0,0,0,0,0,0
210252,1,1,0,0,0,0,0,0,0,0,0,0
210252,2,1,0,0,0,0,0,0,0,0,0,0
210252,3,1,0,0,0,0,0,0,0,0,0,0
210252,4,1,0,0,0,0,0,0,0,0,0,0
210253,1,1,0,0,0,0,0,0,0,0,0,0
210253,2,1,0,0,0,0,0,0,0,0,0,0
210254,1,1,0,0,0,0,0,0,0,0,0,0
210255,1,1,23,23,23,23,23,23,23,23,23,23
210256,1,1,18,18,18,18,18,18,18,18,18,18
210257,1,1,0,7,0,0,25,0,0,0,0,0
210257,2,1,0,0,0,0,0,0,0,0,0,0
210258,1,1,0,0,0,0,0,0,0,0,0,0
210258,2,1,0,0,0,0,0,0,0,12,0,0
210259,1,1,0,0,0,0,0,0,0,0,0,0
210259,2,1,0,0,0,0,0,0,0,0,0,0
210259,3,1,0,0,0,0,0,0,0,0,0,0
210259,4,1,0,0,0,0,0,0,0,0,0,0
210259,5,1,0,0,0,0,0,0,0,0,0,0
210260,1,1,0,0,0,0,0,0,0,0,0,0
210261,1,1,14,14,14,14,14,14,14,14,14,14
210262,1,1,20,20,20,20,20,20,20,20,20,20
210263,1,1,0,0,0,0,0,0,0,0,0,0
210263,2,1,0,0,0,0,0,0,0,0,0,0
210263,3,1,0,0,0,0,0,0,0,0,0,0
210264,1,1,0,0,0,0,0,0,0,0,0,0
210265,1,1,6,6,6,6,6,6,6,6,6,6
210267,1,1,0,0,0,0,0,0,0,0,0,0
210268,1,1,0,0,0,0,0,0,0,0,0,0
210269,1,1,0,0,0,0,0,0,0,0,0,0
210269,2,1,0,0,0,0,0,0,0,0,0,0
210270,1,1,0,0,0,0,0,0,0,0,0,0
210270,2,1,0,0,0,0,0,0,0,0,0,0
210270,3,1,0,0,0,0,0,0,0,0,0,0
210271,0,1,0,0,0,0,0,0,0,0,0,0
210271,1,1,0,0,0,0,0,0,0,0,0,0
210272,1,1,25,25,25,25,25,25,25,25,25,25
210273,1,1,0,0,0,0,0,0,0,0,0,0
210273,2,1,0,0,0,0,0,0,0,0,0,0
210274,0,1,0,0,0,0,0,0,0,0,0,0
210274,1,1,0,0,0,0,0,0,0,0,0,0
210275,1,1,0,0,0,0,0,0,0,0,0,0
210275,2,1,0,0,0,0,0,0,0,0,0,0
210276,1,1,4,28,0,0,8,0,15,0,0,0
210277,1,1,0,25,0,0,0,0,0,0,0,0
210278,1,1,0,0,0,0,0,0,0,0,0,0
210279,1,1,0,0,0,0,0,0,0,0,0,0
210280,1,1,0,0,0,0,0,0,0,0,0,0
210281,1,1,0,0,0,0,0,0,0,0,0,0
210281,2,1,0,0,0,0,0,0,0,0,0,0
210282,1,1,0,0,0,0,0,0,0,0,0,0
210283,0,1,9,9,9,9,9,9,9,9,9,9
210283,1,1,0,0,0,0,0,0,0,0,0,0
210284,1,1,24,24,24,24,24,24,24,24,24,24
210285,0,1,8,8,8,8,8,8,8,8,8,8