ST_CASE,VEH_NO,PER_NO,P1,P2,P3,P4,P5,P6,P7,P8,P9,P10
210285,1,1,20,20,20,20,20,20,20,20,20,20
210286,1,1,13,13,13,13,13,13,13,13,13,13
210287,1,1,0,0,0,0,0,0,0,0,0,0
210287,2,1,0,0,0,0,0,0,0,0,0,0
210288,1,1,0,0,0,0,0,0,0,0,0,0
210289,1,1,0,0,0,0,0,0,0,0,0,0
210290,1,1,13,17,0,0,0,0,0,0,0,0
210291,1,1,0,0,0,0,0,0,0,0,0,0
210292,1,1,0,0,0,0,0,0,0,0,0,0
210293,1,1,0,0,0,0,0,0,0,0,0,0
210293,2,1,0,0,0,0,0,0,0,0,0,0
210294,1,1,0,0,0,0,0,0,0,0,0,0
210294,2,1,0,0,0,0,0,0,0,0,0,0
210295,1,1,0,0,0,0,0,0,0,0,0,0
210296,0,1,11,11,11,11,11,11,11,11,11,11
210296,1,1,0,7,0,0,0,0,0,0,0,0
210297,1,1,0,0,0,0,0,0,0,0,0,0
210297,2,1,0,0,0,0,0,0,0,0,0,0
210298,1,1,0,13,0,0,0,10,0,0,0,15
210299,1,1,0,0,0,0,0,0,0,0,0,0
210299,2,1,0,0,0,0,0,0,0,0,0,0
210299,3,1,0,0,0,0,0,0,0,0,0,0
210299,4,1,14,0,0,0,0,0,0,0,0,0
210300,1,1,0,0,0,0,0,0,0,0,0,0
210301,1,1,0,0,0,0,0,0,0,0,0,0
210301,2,1,0,0,0,0,9,0,9,10,0,15
210302,1,1,0,0,0,0,0,0,0,0,0,0
210303,1,1,24,24,24,24,24,24,24,24,24,24
210304,1,1,0,0,0,0,0,0,0,0,0,0
210305,1,1,0,0,0,0,0,0,0,0,0,0
210305,2,1,0,0,0,0,0,0,0,0,0,0
210306,1,1,0,0,0,0,0,0,0,0,0,0
210307,1,1,0,0,0,0,0,0,0,0,0,0
210307,2,1,0,0,0,0,0,0,0,0,0,0
210307,3,1,0,0,24,0,0,0,0,0,0,0
210308,1,1,9,9,9,9,9,9,9,9,9,9
210308,2,1,0,0,0,0,0,0,0,0,0,0
210309,1,1,13,13,13,13,13,13,13,13,13,13
210310,1,1,0,0,0,0,0,0,0,0,0,0
210311,1,1,0,0,0,0,0,0,0,0,0,0
210311,2,1,0,0,0,0,0,0,0,0,0,0
210312,1,1,0,0,0,0,0,0,0,0,0,0
210312,2,1,15,0,0,0,0,0,0,0,0,0
210313,1,1,0,0,0,0,0,0,0,0,0,0
210313,2,1,0,0,0,0,0,0,0,0,0,0
210314,1,1,0,0,0,0,0,0,0,0,0,0
210315,1,1,0,0,0,0,0,0,0,0,0,0
210315,2,1,0,0,0,0,0,0,0,0,0,0
210316,1,1,0,0,0,0,0,0,0,0,0,0
210317,1,1,0,0,0,0,0,0,0,0,0,0
210317,2,1,0,0,0,0,0,0,0,0,0,0
210318,1,1,0,0,0,0,0,0,0,0,0,0
210318,2,1,0,0,0,0,0,0,0,0,0,0
210319,1,1,16,16,16,16,16,16,16,16,16,16
210320,1,1,0,0,0,0,0,0,0,0,0,0
210320,2,1,0,0,0,0,0,0,0,0,0,0
210321,1,1,0,0,0,0,0,0,0,0,0,0
210322,1,1,0,0,0,0,0,0,0,0,0,0
210322,2,1,0,0,0,0,0,0,0,0,0,0
210323,1,1,0,0,0,0,0,0,0,0,0,0
210323,2,1,0,0,0,0,0,0,0,0,0,0
210324,0,1,14,14,14,14,14,14,14,14,14,14
210324,0,2,22,4,0,25,22,0,0,18,0,19
210324,0,3,15,14,0,0,18,10,8,0,12,0
210324,1,1,0,0,0,0,0,0,0,0,0,0
210325,1,1,19,19,19,19,19,19,19,19,19,19
210326,1,1,0,0,0,0,0,0,0,0,0,0
210326,2,1,0,0,0,0,0,0,0,0,0,0
210326,3,1,0,0,0,0,0,0,0,0,0,0
210327,1,1,0,0,0,0,0,0,0,0,0,0
210327,2,1,0,0,0,0,0,0,0,0,0,0
210328,1,1,17,17,17,17,17,17,17,17,17,17
210328,2,1,0,0,0,0,0,0,0,0,0,0
210329,1,1,0,0,0,0,0,0,0,0,0,0
210329,2,1,0,0,0,0,0,0,0,0,0,0
210330,1,1,0,0,0,0,0,0,0,0,0,0
210331,1,1,0,0,0,0,0,0,0,0,0,0
210332,1,1,10,10,10,10,10,10,10,10,10,10
210332,2,1,0,0,0,0,0,0,0,0,0,0
210333,1,1,17,17,17,17,17,17,17,17,17,17
210334,1,1,24,24,24,24,24,24,24,24,24,24
210335,0,1,0,17,0,10,0,0,0,0,0,0
210335,1,1,0,0,0,0,0,0,0,0,0,0
210336,0,1,0,0,0,0,0,0,0,0,0,0
210336,1,1,0,0,0,0,0,0,0,0,0,0
210337,1,1,0,0,0,0,0,0,0,0,0,0
210337,2,1,0,0,0,0,0,0,0,0,0,0
210338,1,1,17,17,17,17,17,17,17,17,17,17
210339,1,1,21,21,21,21,21,21,21,21,21,21
210340,1,1,18,18,18,18,18,18,18,18,18,18
210341,1,1,0,0,0,0,7,0,0,0,0,0
210341,2,1,0,0,0,0,0,0,0,0,0,0
210341,3,1,0,0,0,0,0,0,0,0,0,0
210342,1,1,0,0,0,0,0,0,0,0,0,9
210343,1,1,0,5,0,5,15,0,0,0,0,0
210344,0,1,0,0,0,23,12,0,0,18,0,0
210344,1,1,0,0,0,0,0,0,0,0,0,0
210345,0,1,0,0,0,0,0,0,0,0,0,0
210345,1,1,7,7,7,7,7,7,7,7,7,7
210346,1,1,0,0,0,0,0,0,0,0,17,0
210347,1,1,0,0,0,0,0,0,0,29,0,0
210348,1,1,0,0,0,0,0,0,0,0,0,0
210349,1,1,0,0,0,0,0,0,0,0,0,0
210350,1,1,0,0,0,0,0,0,0,0,0,0
210351,1,1,0,0,0,0,0,0,0,0,0,0
210352,1,1,27,20,11,0,18,28,17,8,15,37
210353,1,1,0,0,0,0,0,0,0,0,0,0
210353,2,1,0,0,0,0,0,0,0,0,0,0
210354,1,1,0,0,0,0,0,0,0,0,0,0
210355,1,1,0,0,0,0,0,0,0,0,0,0
210356,1,1,8,8,8,8,8,8,8,8,8,8
210357,1,1,0,0,0,0,0,0,0,0,0,0
210358,1,1,0,0,0,0,0,0,0,0,0,0
210358,2,1,0,0,0,0,0,0,0,0,0,0
210359,0,1,0,0,0,0,0,0,10,0,9,0
210359,1,1,13,13,13,13,13,13,13,13,13,13
210360,1,1,0,0,0,0,0,0,0,0,0,0
210360,2,1,0,0,0,0,0,0,0,0,0,0
210361,1,1,0,0,0,0,14,0,0,0,0,0
210362,1,1,0,0,0,0,0,0,0,0,0,0
210362,2,1,0,0,0,0,0,0,0,0,0,0
210363,1,1,0,0,0,0,0,0,0,0,0,0
210363,2,1,0,0,0,0,0,0,0,0,0,0
210364,1,1,21,21,21,21,21,21,21,21,21,21
210365,1,1,0,0,0,0,16,0,0,0,0,0
210365,2,1,0,0,0,0,0,0,0,0,0,0
210365,3,1,0,0,0,0,0,0,0,0,0,0
210366,1,1,0,0,0,2,0,0,0,0,0,0
210367,1,1,0,0,0,0,0,0,0,0,0,0
210367,2,1,0,0,0,0,0,0,0,0,0,0
210368,1,1,0,2,0,0,0,0,0,0,0,0
210368,2,1,0,0,0,0,0,0,0,0,0,0
210368,3,1,0,0,0,0,0,0,0,0,0,0
210369,1,1,18,0,0,26,21,0,5,0,19,19
210370,1,1,0,0,0,0,0,0,0,0,0,0
210371,1,1,0,0,0,0,0,0,0,0,0,0
210372,1,1,4,4,4,4,4,4,4,4,4,4
210372,2,1,0,0,0,0,0,0,0,0,0,0
210373,1,1,10,10,10,10,10,10,10,10,10,10
210374,1,1,18,0,8,3,0,10,0,7,0,0
210375,1,1,0,0,0,0,0,0,0,0,0,0
210375,2,1,0,0,0,0,22,0,0,0,0,0
210376,1,1,13,13,13,13,13,13,13,13,13,13
210377,1,1,0,0,0,0,0,0,0,0,0,0
210377,2,1,0,0,0,0,0,0,0,0,0,0
210378,1,1,0,0,0,0,0,0,0,0,0,0
210379,0,1,0,0,0,0,0,0,0,0,0,0
210380,0,1,0,0,0,0,0,0,0,0,0,0
210380,1,1,0,0,0,0,0,0,0,0,0,0
210381,1,1,0,0,0,0,0,0,0,0,0,0
210381,2,1,0,0,0,0,0,0,0,0,0,0
210382,1,1,0,0,7,9,20,8,0,0,4,0
210383,1,1,19,19,19,19,19,19,19,19,19,19
210383,2,1,0,0,0,0,0,0,0,0,0,0
210383,3,1,4,0,12,0,0,0,37,19,0,0
210383,4,1,0,15,16,0,0,0,0,22,35,13
210384,1,1,0,0,0,0,0,0,0,0,0,0
210385,1,1,23,23,23,23,23,23,23,23,23,23
210385,2,1,0,0,0,0,0,0,0,0,0,0
210386,0,1,0,7,0,16,3,0,29,15,0,0
210386,1,1,0,0,0,0,0,0,0,0,0,0
210387,1,1,0,0,0,0,0,0,0,0,0,0
210388,1,1,8,8,8,8,8,8,8,8,8,8
210388,2,1,0,0,0,0,0,0,0,0,0,0
210389,1,1,0,0,0,0,0,0,0,0,0,0
210389,2,1,0,0,0,0,0,0,0,0,0,0
210390,1,1,0,0,0,0,0,0,0,0,0,0
210390,2,1,0,0,0,0,0,0,0,0,0,0
210391,1,1,0,0,0,16,0,0,18,0,0,0
210392,1,1,0,0,0,0,0,0,0,0,0,0
210393,1,1,16,0,17,0,7,0,0,0,0,0
210394,1,1,0,0,0,0,0,0,0,0,0,0
210395,1,1,0,0,0,0,0,0,0,0,0,0
210396,1,1,0,0,0,0,0,0,0,0,0,0
210397,1,1,0,0,0,0,0,0,0,7,0,0
210398,1,1,0,0,0,0,0,0,0,0,0,0
210398,2,1,0,0,0,0,0,0,0,0,0,0
210399,1,1,0,0,0,0,0,0,0,0,0,0
210400,1,1,0,0,0,0,0,0,0,0,0,0
210400,2,1,0,0,0,0,0,0,0,0,0,0
210401,0,1,0,0,0,0,0,0,0,0,0,0
210401,1,1,0,0,0,0,0,0,0,0,0,0
210402,1,1,0,0,0,0,0,0,0,0,0,0
210403,1,1,21,21,21,21,21,21,21,21,21,21
210404,1,1,25,25,25,25,25,25,25,25,25,25
210405,1,1,25,25,25,25,25,25,25,25,25,25
210406,1,1,9,9,9,13,24,16,0,7,23,24
210407,1,1,0,0,0,0,0,0,0,0,0,0
210407,2,1,0,0,0,0,0,0,0,0,0,0
210408,1,1,0,0,0,0,0,0,0,0,0,0
210408,2,1,0,0,0,0,0,0,0,0,0,0
210409,1,1,0,0,0,0,9,0,0,0,0,0
210410,1,1,0,0,0,0,0,0,0,0,0,0
210411,1,1,15,15,15,15,15,15,15,15,15,15
210412,1,1,16,16,16,16,16,16,16,16,16,16
210412,2,1,0,0,0,0,0,0,0,0,0,0
210413,1,1,0,0,0,0,0,0,0,25,0,0
210413,2,1,0,0,0,0,0,0,0,0,0,0
210414,1,1,26,26,26,26,26,26,26,26,26,26
210415,1,1,0,23,0,0,20,0,0,19,9,0
210416,1,1,23,23,23,23,23,23,23,23,23,23
210417,1,1,0,0,0,0,0,0,0,0,0,0
210417,2,1,0,0,0,0,0,0,0,0,0,0
210418,1,1,2,2,2,2,2,2,2,2,2,2
210419,1,1,10,10,10,10,10,10,10,10,10,10
210419,2,1,0,0,0,0,0,0,0,0,0,0
210420,1,1,0,0,0,0,0,0,0,0,0,0
210420,2,1,0,0,0,0,0,0,0,0,0,0
210421,1,1,0,0,0,0,20,0,0,0,0,0
210422,1,1,0,0,0,0,0,0,0,0,0,0
210422,2,1,0,0,0,0,0,0,0,0,0,0
210423,1,1,0,0,0,0,0,0,0,0,0,0
210424,1,1,0,0,0,0,0,0,0,0,0,0
210425,0,1,0,0,0,0,0,0,0,0,0,0
210425,1,1,0,0,0,0,0,0,0,0,0,0
210425,3,1,0,0,0,0,0,0,0,0,0,0
210426,1,1,0,0,0,0,0,0,0,0,0,0
210427,1,1,0,0,0,0,0,0,0,0,0,0
210427,2,1,0,0,0,0,0,0,0,0,0,0
210428,0,1,0,0,0,0,0,0,0,0,0,0
210428,1,1,0,0,0,0,0,0,0,0,0,0
210429,1,1,0,0,0,0,0,0,0,0,0,0
210430,1,1,0,0,0,0,0,0,0,0,0,0
210430,2,1,0,0,0,0,0,0,0,0,0,0
210431,1,1,0,0,0,0,0,0,0,0,0,0
210431,2,1,0,0,0,0,0,0,0,0,0,0
210431,3,1,0,0,0,0,0,0,0,0,0,0
210432,1,1,17,17,17,17,17,17,17,17,17,17
210433,1,1,0,0,0,0,0,0,0,0,0,0
210434,1,1,0,0,0,0,0,0,0,0,0,0
210435,1,1,0,0,0,0,0,0,0,0,0,0
210435,2,1,0,0,0,0,0,13,0,10,0,28
210436,1,1,0,0,0,0,0,0,0,0,0,0
210436,2,1,0,0,0,0,0,0,0,0,0,0
210436,3,1,0,0,0,0,0,0,0,0,0,0
210437,1,1,0,0,0,0,0,0,0,0,0,0
210437,2,1,0,0,0,0,0,0,0,0,0,0
210438,0,1,23,23,23,23,23,23,23,23,23,23
210438,1,1,0,0,0,0,0,0,0,0,0,0
210439,1,1,0,0,0,0,0,0,0,9,0,0
210439,2,1,0,0,0,0,0,0,0,0,0,0
210440,1,1,0,0,0,0,0,0,0,0,0,0
210440,2,1,0,0,0,0,0,0,0,0,0,0
210441,1,1,0,0,0,0,0,0,0,0,0,0
210442,1,1,7,7,7,7,7,7,7,7,7,7
210443,0,1,0,0,0,0,0,0,0,0,0,0
210443,1,1,0,0,0,0,0,0,0,0,0,0
210444,1,1,13,13,13,13,13,13,13,13,13,13
210445,1,1,10,34,13,22,10,10,0,0,10,10
210446,1,1,0,0,0,0,0,0,0,0,0,0
210447,1,1,0,0,0,0,0,0,0,0,0,0
210448,0,1,0,0,0,0,0,0,0,0,0,0
210448,1,1,0,0,0,0,0,0,0,0,0,0
210449,1,1,0,0,0,0,0,0,0,0,0,0
210450,1,1,0,0,0,21,0,0,0,0,4,0
210451,1,1,0,0,0,0,0,0,0,0,0,0
210451,2,1,10,10,10,10,10,10,10,10,10,10
210452,1,1,13,13,13,13,13,13,13,13,13,13
210452,2,1,0,0,0,0,0,0,0,0,0,0
210453,0,1,0,0,0,27,17,16,0,0,0,0
210453,1,1,0,0,0,0,0,0,0,0,0,0
210454,1,1,0,0,0,0,0,0,0,0,0,0
210455,1,1,0,0,0,0,0,0,0,0,0,0
210456,1,1,16,16,16,16,16,16,16,16,16,16
210457,0,1,32,0,0,0,0,0,0,0,0,0
210457,1,1,0,0,0,0,10,0,0,0,0,0
210458,1,1,0,0,0,0,0,0,0,0,0,0
210458,2,1,0,0,0,0,0,0,0,0,0,0
210459,1,1,0,0,0,0,0,0,0,0,0,0
210459,2,1,0,0,0,0,0,0,0,0,0,0
210460,1,1,16,16,16,16,16,16,16,16,16,16
210461,1,1,0,0,0,0,0,0,0,0,0,0
210462,1,1,15,15,15,15,15,15,15,15,15,15
210463,1,1,5,5,5,5,5,5,5,5,5,5
210464,1,1,15,15,15,15,15,15,15,15,15,15
210465,1,1,0,0,0,0,0,0,0,0,0,0
210466,1,1,0,0,0,0,0,0,0,0,0,0
210466,2,1,0,0,0,0,0,0,0,0,0,0
210467,1,1,0,0,0,0,0,0,0,6,5,9
210468,1,1,37,37,37,37,37,37,37,37,37,37
210469,1,1,23,23,23,23,23,23,23,23,23,23
210470,1,1,0,0,0,0,0,0,0,0,0,0
210471,1,1,0,0,0,0,0,0,0,0,0,0
210472,1,1,19,19,19,19,19,19,19,19,19,19
210473,1,1,0,0,0,0,0,0,0,0,0,0
210474,1,1,0,0,0,0,0,0,0,0,0,0
210474,2,1,0,0,0,0,0,0,0,0,0,0
210475,1,1,0,0,0,0,0,0,0,0,0,0
210476,1,1,0,0,0,0,0,0,0,0,0,0
210477,0,1,3,3,3,3,3,3,3,3,3,3
210477,1,1,0,0,0,0,0,0,0,0,0,0
210477,2,1,0,0,0,0,0,0,0,0,0,15
210478,1,1,0,0,0,0,0,0,0,0,0,0
210478,2,1,0,0,12,0,0,0,0,0,0,0
210479,1,1,0,0,0,0,0,0,0,0,0,0
210480,1,1,0,0,0,0,0,0,0,0,0,0
210480,2,1,0,0,0,0,0,0,0,0,0,0
210480,3,1,0,0,0,0,0,0,0,0,0,0
210481,1,1,0,0,0,0,0,0,0,0,0,0
210481,2,1,0,0,0,0,0,0,0,0,0,0
210482,0,1,0,0,0,14,0,0,0,0,0,0
210482,1,1,0,0,0,0,0,0,0,0,0,0
210483,1,1,0,0,0,0,0,0,0,0,0,0
210483,2,1,0,0,0,0,17,0,0,0,0,0
210484,1,1,24,24,24,24,24,24,24,24,24,24
210485,1,1,0,0,0,0,0,0,0,0,0,0
210485,2,1,20,20,20,20,20,20,20,20,20,20
210485,3,1,0,0,0,0,0,0,0,0,0,0
210486,1,1,0,0,0,0,0,0,0,0,0,0
210487,1,1,0,0,0,0,0,0,0,0,0,0
210488,1,1,0,0,0,0,0,0,0,0,0,0
210488,2,1,0,0,0,0,0,0,0,0,0,0
210488,3,1,0,0,0,0,0,0,0,0,0,0
210488,4,1,0,0,0,0,0,0,0,0,0,0
210488,5,1,0,0,0,0,0,0,0,0,0,0
210489,0,1,0,0,0,0,0,0,0,0,0,0
210489,1,1,0,0,0,0,0,0,0,0,0,0
210490,1,1,22,22,22,22,22,22,22,22,22,22
210491,1,1,0,0,0,0,0,0,0,0,0,0
210491,2,1,0,0,0,0,0,0,0,0,0,0
210492,1,1,0,0,0,0,0,0,0,0,0,0
210492,2,1,0,0,0,0,0,0,0,0,0,0
210493,0,1,4,10,25,11,0,12,26,16,34,17
210493,1,1,0,0,0,0,0,0,0,0,0,0
210494,1,1,0,0,0,0,0,0,0,0,0,0
210495,1,1,0,0,0,0,0,0,0,10,0,0
210496,1,1,0,4,0,10,4,0,0,0,0,0
210496,2,1,0,0,0,0,0,0,0,0,0,0
210497,1,1,23,23,23,23,23,23,23,23,23,23
210498,1,1,0,0,0,0,0,0,0,0,0,0
210499,1,1,0,0,0,0,0,0,0,0,0,0
210500,1,1,0,0,0,0,0,0,0,0,0,0
210500,2,1,0,0,0,0,0,0,0,0,0,0
210501,1,1,0,0,0,0,0,0,0,0,0,0
210501,2,1,0,0,0,0,0,0,0,0,0,0
210502,1,1,0,0,0,0,0,0,0,0,0,0
210502,2,1,0,0,0,0,0,0,0,0,0,0
210503,1,1,0,0,0,0,0,0,0,0,0,0
210503,2,1,0,0,0,0,0,0,0,0,0,0
210504,1,1,0,0,0,0,0,0,0,0,0,0
210505,1,1,0,0,0,0,0,0,0,0,0,0
210505,2,1,0,0,0,0,0,0,0,0,0,0
210506,1,1,0,0,0,0,0,0,0,0,0,0
210507,1,1,21,21,21,21,21,21,21,21,21,21
210508,1,1,0,0,0,0,0,0,0,0,0,0
210508,2,1,0,0,0,0,0,0,0,0,0,0
210509,1,1,0,15,0,0,0,0,0,0,0,0
210510,1,1,0,0,0,0,0,0,0,0,0,0
210511,1,1,0,0,0,0,0,0,0,0,0,0
210512,1,1,0,0,0,0,0,0,0,0,0,0
210513,1,1,0,0,0,0,0,0,0,0,0,9
210514,1,1,0,0,0,0,0,0,0,18,0,0
210514,2,1,0,0,0,0,0,0,0,0,0,0
210515,1,1,7,7,7,7,7,7,7,7,7,7
210516,1,1,0,0,0,0,0,0,13,0,0,0
210517,1,1,0,0,0,0,0,0,0,0,0,0
210518,1,1,0,0,0,0,0,0,0,0,0,0
210518,2,1,0,0,0,0,0,0,0,0,0,0
210519,1,1,0,0,0,0,0,0,0,0,0,0
210520,1,1,13,0,0,0,0,23,0,0,0,0
210521,1,1,0,0,0,0,0,0,0,0,0,0
210521,2,1,0,0,0,0,0,0,0,0,0,0
210522,1,1,20,20,20,20,20,20,20,20,20,20
210523,1,1,0,0,0,0,0,0,0,0,0,0
210524,1,1,16,0,23,0,0,0,0,13,0,16
210525,1,1,0,0,0,0,0,0,0,0,0,0
210526,0,1,0,0,0,0,0,23,0,0,0,0
210526,0,2,0,0,21,0,0,0,0,36,14,9
210526,1,1,0,0,0,0,0,0,0,8,0,0
210527,1,1,14,31,30,34,18,18,10,24,13,18
210528,1,1,0,0,0,0,0,0,0,0,0,0
210528,2,1,0,0,0,0,0,0,0,0,0,0
210529,1,1,0,0,0,0,0,0,0,0,0,0
210529,2,1,0,0,0,0,0,0,0,0,0,0
210530,1,1,0,0,0,0,0,0,0,0,0,0
210531,1,1,0,0,0,0,0,0,0,0,0,0
210531,2,1,0,0,0,0,0,0,0,0,0,0
210532,1,1,0,0,0,0,0,0,0,0,0,0
210532,2,1,0,0,0,0,0,0,0,0,0,0
210533,1,1,0,0,0,0,0,0,0,0,0,0
210534,1,1,0,0,0,0,0,0,0,0,0,0
210534,2,1,0,0,0,0,0,0,0,23,0,0
210535,1,1,0,0,0,0,0,0,0,0,0,0
210535,2,1,0,0,0,0,0,0,0,0,0,0
210536,1,1,0,0,0,0,0,0,0,0,0,0
210537,1,1,0,0,0,0,0,0,0,0,0,0
210537,2,1,0,0,0,0,0,0,0,0,0,0
210538,1,1,0,0,0,0,0,0,0,0,0,0
210539,1,1,18,18,18,18,18,18,18,18,18,18
210540,1,1,6,15,11,12,14,13,0,16,0,13
210540,2,1,0,0,0,0,0,0,0,0,0,0
210541,1,1,15,15,15,15,15,15,15,15,15,15
210541,2,1,0,0,0,0,0,0,0,0,0,0
210542,0,1,0,10,0,0,0,0,0,26,0,0
210542,1,1,0,0,0,0,0,0,0,0,0,0
210543,1,1,0,0,0,0,0,0,0,0,0,0
210544,1,1,0,0,0,0,0,0,0,0,0,0
210544,2,1,0,0,0,0,0,0,0,0,0,0
210545,1,1,0,0,0,0,0,0,0,0,0,0
210545,2,1,0,0,0,0,0,0,0,0,0,0
210546,0,1,0,0,0,0,0,0,0,0,0,0
210546,1,1,0,0,0,0,0,0,0,0,0,0
210546,2,1,0,0,0,0,0,0,0,0,0,0
210547,0,1,10,10,10,10,10,10,10,10,10,10
210547,1,1,6,6,6,6,6,6,6,6,6,6
210548,1,1,0,0,0,0,0,0,0,0,0,0
210549,1,1,15,15,15,15,15,15,15,15,15,15
210550,1,1,15,15,15,15,15,15,15,15,15,15
210551,1,1,0,0,0,0,0,0,0,0,0,0
210552,1,1,0,0,0,0,0,0,0,0,0,0
210553,1,1,0,0,0,0,0,0,0,0,0,0
210554,1,1,7,7,7,7,7,7,7,7,7,7
210555,1,1,0,0,0,0,0,0,0,0,0,0
210555,2,1,0,0,0,0,0,0,0,0,0,0
210555,3,1,0,0,0,0,0,0,0,0,0,0
210556,1,1,0,0,0,0,0,0,0,0,0,0
210557,1,1,0,0,0,0,0,0,0,0,0,0
210558,0,1,0,0,0,0,0,0,0,0,0,0
210558,1,1,0,9,0,0,0,30,27,7,0,0
210559,1,1,0,0,0,0,0,0,0,0,0,0
210560,1,1,0,0,0,0,0,0,0,0,0,0
210561,1,1,18,18,18,18,18,18,18,18,18,18
210562,1,1,0,0,0,0,0,0,0,0,0,0
210562,2,1,0,0,0,0,0,0,0,0,0,0
210563,1,1,9,9,9,9,9,9,9,9,9,9
210564,1,1,0,0,0,0,0,0,0,0,0,0
210564,2,1,0,0,0,0,0,0,0,0,0,0
210565,1,1,0,0,0,0,0,0,0,0,0,0
210565,2,1,0,0,0,0,0,0,0,0,0,0
210566,1,1,0,0,0,0,0,0,0,0,0,0
210567,1,1,11,0,36,0,0,0,0,0,0,0
210568,1,1,0,0,0,0,0,0,0,0,0,0
210568,2,1,0,0,0,0,0,0,0,0,0,0
210569,1,1,0,0,0,0,0,0,0,0,0,0
210569,2,1,0,0,0,0,0,0,0,0,0,0
210570,1,1,0,0,0,0,0,0,0,0,0,0
210571,1,1,0,0,0,0,0,0,0,0,0,0
210571,2,1,0,0,0,0,0,0,0,0,0,0
210572,1,1,8,13,20,6,17,23,34,34,18,14
210573,1,1,0,0,0,0,0,0,0,0,0,0
210574,1,1,21,21,21,21,21,21,21,21,21,21
210575,1,1,0,0,0,0,0,0,0,0,0,0
210575,2,1,0,0,0,0,0,4,0,0,0,0
210576,1,1,18,25,20,20,16,9,28,10,14,21
210577,1,1,0,0,0,0,0,0,0,0,0,0
210577,2,1,0,0,0,0,0,0,0,0,0,0
210578,1,1,0,0,0,0,0,0,0,0,0,0
210578,2,1,0,0,0,0,0,0,0,0,0,0
210579,1,1,0,0,0,0,0,0,0,0,0,0
210579,2,1,0,0,0,0,0,0,0,0,0,0
210579,3,1,0,0,0,0,0,0,0,0,0,0
210579,4,1,0,0,0,0,0,0,0,0,0,0
210579,5,1,0,0,0,0,0,0,0,0,0,0
210580,1,1,0,0,0,0,0,0,0,0,0,0
210580,2,1,0,0,0,0,0,0,0,0,0,0
210581,1,1,0,0,0,0,0,0,0,0,0,0
210582,1,1,29,29,29,29,29,29,29,29,29,29
210582,2,1,10,10,10,10,10,10,10,10,10,10
210582,3,1,0,0,0,0,0,0,0,0,0,0
210582,4,1,0,0,0,0,0,0,0,0,0,0
210583,1,1,0,0,0,0,0,0,0,0,0,0
210584,1,1,17,17,17,17,17,17,17,17,17,17
210585,1,1,26,21,13,20,7,23,0,21,24,25
210585,2,1,0,0,0,0,0,0,0,0,0,0
210586,1,1,0,0,0,0,0,0,0,0,0,0
210586,2,1,0,0,0,0,0,0,0,0,0,0
210587,1,1,0,0,0,0,0,0,0,0,0,0
210587,2,1,5,5,5,5,5,5,5,5,5,5
210588,1,1,0,0,0,0,0,0,0,0,0,0
210588,2,1,0,0,0,0,0,0,0,0,0,0
210589,1,1,16,16,16,16,16,16,16,16,16,16
210590,1,1,18,18,18,18,18,18,18,18,18,18
210591,1,1,24,24,24,24,24,24,24,24,24,24
210592,1,1,0,0,0,0,0,0,0,0,0,0
210593,1,1,0,0,0,0,0,0,0,0,0,0
210594,1,1,0,0,0,0,0,0,0,0,0,0
210594,2,1,0,0,0,0,0,0,0,0,0,0
210594,3,1,0,0,0,0,0,0,0,0,0,0
210595,1,1,4,4,4,4,4,4,4,4,4,4
210595,2,1,0,0,0,0,0,0,0,3,0,0
210596,1,1,17,17,17,17,17,17,17,17,17,17
210597,1,1,24,24,24,24,24,24,24,24,24,24
210598,1,1,0,0,0,0,0,0,0,0,0,0
210598,2,1,0,0,0,0,0,0,0,0,0,0
210599,1,1,19,19,19,19,19,19,19,19,19,19
210600,1,1,0,0,0,0,0,0,0,0,0,0
210600,2,1,0,0,0,0,0,0,0,0,0,0
210601,1,1,0,0,0,0,0,0,0,0,0,0
210601,2,1,0,0,0,0,0,0,0,0,0,0
210602,0,1,0,11,17,22,21,42,40,0,56,48
210602,1,1,0,0,0,0,0,0,12,0,0,0
210603,1,1,0,0,0,0,0,0,0,0,0,0
210603,2,1,0,0,0,0,0,0,0,0,0,0
210604,1,1,0,0,0,0,0,0,0,0,0,0
210604,2,1,0,0,0,0,0,0,0,0,0,0
210605,1,1,0,0,0,0,0,0,0,0,0,0
210605,2,1,0,0,0,0,0,0,0,0,0,14
210605,3,1,0,0,0,0,0,0,27,0,0,11
210606,1,1,18,18,18,18,18,18,18,18,18,18
210607,1,1,0,0,0,0,0,0,0,0,0,0
210607,2,1,0,0,0,0,0,0,0,0,0,0
210608,1,1,0,0,0,0,0,0,0,0,0,0
210609,1,1,0,0,0,0,0,0,0,0,0,0
210610,1,1,0,0,0,0,0,0,0,0,0,0
210611,1,1,0,0,7,0,0,0,0,0,25,0
210612,1,1,0,0,0,0,0,0,0,0,0,0
210612,2,1,0,0,0,0,0,0,0,0,0,0
210613,1,1,0,0,0,0,0,0,0,0,0,0
210614,1,1,0,0,0,0,0,0,0,0,0,0
210614,2,1,0,0,0,0,9,0,0,0,0,0
210615,1,1,22,22,22,22,22,22,22,22,22,22
210616,1,1,15,15,15,15,15,15,15,15,15,15
210616,2,1,0,0,0,0,0,0,0,0,0,0
210617,1,1,0,0,0,0,0,0,0,0,0,0
210617,2,1,0,0,0,0,0,0,0,0,0,0
210618,0,1,6,6,6,6,6,6,6,6,6,6
210618,1,1,44,0,0,0,0,0,0,0,0,0
210619,1,1,0,0,0,0,0,0,0,0,0,0