ST_CASE,VEH_NO,PER_NO,P1,P2,P3,P4,P5,P6,P7,P8,P9,P10
210620,1,1,0,0,0,0,0,0,0,0,0,0
210621,0,1,0,38,9,0,11,0,0,0,0,26
210621,1,1,0,0,0,0,0,0,0,0,0,0
210621,3,1,0,0,0,0,0,0,0,0,0,0
210622,1,1,21,21,21,21,21,21,21,21,21,21
210622,2,1,0,0,0,0,0,0,0,0,0,0
210623,1,1,0,0,0,0,0,0,0,0,0,0
210624,1,1,0,0,0,0,0,0,0,0,0,0
210624,2,1,0,0,0,0,0,0,0,0,0,0
210625,1,1,0,0,0,0,0,0,0,0,0,12
210625,2,1,0,0,0,0,0,0,0,0,0,0
210626,1,1,0,0,0,0,0,0,0,0,0,0
210627,1,1,0,0,0,0,0,0,0,0,0,0
210627,2,1,0,0,0,0,0,0,0,0,0,0
210628,1,1,19,19,19,19,19,19,19,19,19,19
210629,1,1,23,23,23,23,23,23,23,23,23,23
210630,1,1,11,11,11,11,11,11,11,11,11,11
210631,1,1,0,0,0,0,0,0,0,0,0,0
210632,1,1,0,0,0,0,0,0,0,0,0,0
210632,2,1,0,0,0,0,0,0,0,0,0,0
210633,1,1,0,0,0,0,0,0,0,0,0,0
210633,2,1,0,0,0,0,0,0,0,0,0,0
210634,1,1,29,29,29,29,29,29,29,29,29,29
210635,1,1,0,0,0,0,0,0,0,0,0,0
210635,2,1,0,0,0,0,0,0,0,0,0,0
210636,1,1,0,0,0,0,0,0,0,0,0,0
210636,2,1,0,0,0,0,0,0,0,0,0,0
210637,0,1,0,0,0,0,0,0,0,0,0,0
210637,1,1,0,0,0,0,0,0,0,0,0,0
210637,2,1,0,0,0,0,0,0,0,0,0,0
210637,3,1,0,0,0,0,0,0,0,0,0,0
210638,1,1,0,0,0,0,0,0,0,0,0,0
210638,2,1,0,0,0,0,0,0,0,0,0,0
210639,1,1,20,20,20,20,20,20,20,20,20,20
210640,1,1,0,0,0,0,0,0,0,0,0,0
210640,2,1,0,0,0,0,0,0,0,0,0,0
210641,1,1,0,0,0,0,0,25,0,0,0,0
210642,1,1,0,0,0,11,0,0,0,0,0,0
210642,2,1,0,0,0,0,0,0,0,0,0,0
210643,1,1,0,0,0,0,0,0,0,0,0,0
210643,2,1,0,0,0,0,0,0,0,0,0,0
210644,1,1,0,0,0,0,0,0,0,0,0,0
210645,0,1,0,0,0,0,13,0,0,16,0,0
210645,1,1,0,0,0,0,0,0,0,0,0,0
210645,2,1,0,0,0,0,0,0,0,0,0,0
210646,1,1,0,0,0,0,0,0,0,0,0,0
210647,1,1,0,0,0,0,0,0,0,0,0,0
210647,2,1,0,0,0,0,0,0,0,0,11,0
210648,0,1,0,23,0,0,27,9,0,0,0,0
210648,1,1,0,0,0,0,0,0,0,0,0,0
210649,1,1,8,8,8,8,8,8,8,8,8,8
210649,2,1,0,0,0,0,0,0,0,0,0,0
210650,1,1,0,17,0,0,0,0,0,0,0,0
210651,1,1,0,0,0,0,0,0,0,0,0,0
210652,1,1,0,0,25,0,0,0,30,0,0,0
210653,1,1,0,0,0,0,0,0,0,0,0,0
210653,2,1,0,0,0,0,0,0,0,0,0,0
210654,1,1,0,0,0,0,0,0,0,0,0,0
210654,2,1,0,0,0,0,0,0,0,0,0,0
210655,0,1,4,4,4,4,4,4,4,4,4,4
210655,1,1,0,0,0,0,0,0,0,0,0,0
210656,1,1,0,0,0,0,17,0,0,0,0,0
210656,2,1,0,0,0,0,0,0,0,0,0,0
210657,1,1,0,0,0,0,0,0,0,0,0,0
210657,2,1,0,0,0,0,0,0,0,0,0,0
210657,3,1,0,0,0,0,0,0,0,0,0,0
210658,1,1,19,19,19,19,19,19,19,19,19,19
210659,1,1,0,0,0,0,0,0,0,0,13,0
210660,0,1,0,0,0,0,0,0,0,0,0,0
210660,1,1,0,0,0,0,0,17,0,0,0,0
210661,1,1,14,14,14,14,14,14,14,14,14,14
210662,1,1,0,0,0,0,0,0,0,0,0,0
210662,2,1,0,0,0,0,0,0,0,0,0,0
210663,1,1,0,0,0,0,0,0,0,0,0,0
210664,0,1,15,15,15,15,15,15,15,15,15,15
210664,1,1,0,0,0,0,0,0,0,0,0,0
210665,1,1,20,20,20,20,20,20,20,20,20,20
210666,1,1,0,0,0,0,0,0,0,0,0,0
210666,2,1,0,0,0,0,0,0,0,0,0,0
210667,1,1,26,15,0,0,0,23,0,8,0,0
210668,1,1,22,22,22,22,22,22,22,22,22,22
210669,1,1,0,0,0,0,0,0,0,0,0,0
210670,1,1,24,24,24,24,24,24,24,24,24,24
210671,1,1,15,15,15,15,15,15,15,15,15,15
210672,1,1,0,0,0,0,0,0,0,0,0,0
210672,2,1,0,0,0,0,0,0,0,0,0,0
210673,1,1,0,0,0,0,0,0,0,0,0,0
210673,2,1,0,0,0,0,0,0,0,0,0,0
210674,1,1,0,0,0,0,0,0,0,0,0,0
210675,1,1,0,0,0,0,0,0,0,0,0,0
210675,2,1,0,0,0,0,0,0,0,0,0,0
210676,1,1,0,0,0,0,0,0,0,0,0,0
210676,2,1,0,0,0,0,0,0,0,0,0,0
210677,1,1,19,19,19,19,19,19,19,19,19,19
210678,1,1,0,0,0,0,0,0,0,0,0,0
210678,2,1,0,0,0,0,0,0,0,0,0,0
210678,3,1,0,0,0,0,0,0,0,0,0,0
210679,1,1,0,0,0,0,0,0,0,0,0,0
210680,1,1,0,0,0,0,0,0,0,0,0,0
210680,2,1,0,0,0,0,0,0,0,0,0,0
210681,1,1,0,0,0,0,0,0,0,0,0,0
210682,1,1,0,0,0,0,0,9,0,0,0,0
210682,2,1,0,0,0,0,0,0,0,0,0,0
210682,3,1,0,0,0,0,0,0,0,0,0,0
210682,4,1,0,0,0,0,0,0,0,0,0,0
210682,5,1,0,0,0,0,0,0,0,0,0,0
210683,1,1,37,10,23,21,33,54,17,11,11,22
210684,1,1,5,5,5,5,5,5,5,5,5,5
210685,1,1,0,0,0,0,0,0,0,0,0,0
210685,2,1,0,0,0,0,0,0,0,0,0,0
210686,1,1,0,0,0,0,0,0,0,0,0,0
210686,2,1,0,0,0,0,0,0,0,0,0,0
210687,1,1,0,0,0,0,0,0,0,0,0,0
210687,2,1,0,0,0,0,0,0,0,0,0,0
210687,3,1,0,0,0,0,0,0,0,0,0,0
210688,1,1,34,34,34,34,34,34,34,34,34,34
210688,2,1,0,0,0,0,0,0,0,0,0,0
210689,1,1,0,0,0,0,0,4,0,0,0,0
210690,1,1,0,0,0,0,0,0,0,0,0,0
210690,2,1,0,0,0,0,0,0,0,0,0,0
210691,1,1,12,12,12,12,12,12,12,12,12,12
210692,1,1,0,0,0,0,0,0,0,0,0,25
210693,1,1,0,0,0,0,0,12,0,0,0,0
210694,1,1,0,6,0,0,0,0,0,0,19,14
210695,1,1,0,0,0,0,0,0,0,0,0,0
220001,1,1,12,12,12,12,12,12,12,12,12,12
220002,1,1,19,19,19,19,19,19,19,19,19,19
220003,1,1,0,0,0,0,0,0,0,0,0,0
220004,1,1,0,0,0,0,0,0,0,0,0,0
220005,1,1,0,0,0,0,0,0,0,0,0,0
220006,1,1,0,0,0,0,0,0,0,0,0,0
220006,2,1,0,0,0,0,0,0,0,0,0,0
220007,1,1,0,0,0,0,0,0,0,0,0,0
220007,2,1,0,0,0,0,0,0,0,0,0,0
220007,3,1,0,0,0,0,0,0,0,0,0,0
220008,1,1,0,0,0,0,0,0,0,0,0,0
220008,2,1,0,0,18,0,6,0,12,13,0,0
220009,0,1,0,0,0,0,19,0,0,0,0,0
220009,1,1,0,0,0,0,0,0,0,0,0,0
220010,1,1,0,0,0,0,0,0,0,0,0,0
220010,2,1,0,0,0,0,0,0,0,0,0,0
220011,1,1,0,0,0,0,0,0,0,0,0,0
220011,2,1,0,0,0,0,0,0,0,0,0,0
220012,1,1,26,26,26,26,26,26,26,26,26,26
220013,1,1,0,0,0,0,0,0,0,0,0,0
220013,2,1,0,0,0,0,0,0,0,0,0,0
220014,1,1,22,22,22,22,22,22,22,22,22,22
220015,0,1,0,0,0,0,0,0,0,0,0,0
220015,1,1,0,0,0,0,0,0,0,0,0,0
220016,1,1,0,0,0,0,0,0,0,0,0,0
220016,2,1,0,0,0,5,0,0,0,0,0,0
220017,1,1,6,11,14,9,31,21,18,7,10,0
220018,1,1,0,0,0,0,0,0,0,0,0,0
220018,2,1,0,0,0,0,0,0,0,0,0,0
220019,0,1,15,15,15,15,15,15,15,15,15,15
220019,1,1,0,0,0,0,0,0,0,0,0,0
220020,1,1,29,29,29,29,29,29,29,29,29,29
220020,2,1,1,1,1,1,1,1,1,1,1,1
220021,1,1,0,0,0,0,0,0,0,0,0,0
220021,2,1,0,0,0,0,0,0,0,0,0,0
220022,1,1,9,9,9,9,9,9,9,9,9,9
220022,2,1,0,0,0,0,0,0,0,0,0,0
220023,1,1,18,18,18,18,18,18,18,18,18,18
220023,2,1,0,0,0,0,0,0,0,0,0,0
220024,1,1,23,23,23,23,23,23,23,23,23,23
220025,1,1,10,10,10,10,10,10,10,10,10,10
220025,2,1,0,0,0,0,0,0,0,0,0,0
220026,1,1,15,15,15,15,15,15,15,15,15,15
220027,1,1,34,34,34,34,34,34,34,34,34,34
220028,1,1,0,10,0,17,17,0,0,9,0,0
220029,1,1,0,0,0,0,0,0,0,0,0,0
220029,2,1,0,0,0,0,0,0,0,0,0,0
220029,3,1,0,0,0,0,0,0,0,0,0,0
220029,4,1,0,0,0,0,0,0,0,0,0,0
220030,1,1,18,0,0,0,0,0,0,0,14,0
220030,2,1,0,0,0,0,0,0,0,0,0,0
220030,3,1,0,0,0,0,0,0,0,0,0,0
220031,1,1,14,14,14,14,14,14,14,14,14,14
220032,0,1,9,14,0,0,0,0,0,18,24,0
220032,1,1,0,0,0,0,0,0,0,0,0,0
220033,1,1,7,7,7,7,7,7,7,7,7,7
220034,1,1,0,0,0,0,0,0,0,0,0,0
220035,1,1,0,0,0,0,0,0,0,0,0,0
220036,1,1,20,20,20,20,20,20,20,20,20,20
220037,1,1,0,0,0,0,0,0,0,0,0,0
220037,2,1,0,0,0,0,0,0,0,0,0,0
220038,1,1,0,0,0,0,0,0,0,0,0,0
220038,2,1,0,0,0,0,0,0,0,0,0,0
220039,1,1,0,0,0,0,0,0,0,0,0,0
220039,2,1,0,0,0,0,0,0,0,0,0,0
220040,1,1,25,25,25,25,25,25,25,25,25,25
220041,1,1,0,0,0,0,0,0,0,0,0,0
220042,1,1,0,0,0,0,0,0,0,0,0,0
220042,2,1,0,0,0,0,0,0,0,0,0,0
220043,0,1,14,16,15,0,0,0,0,0,0,0
220043,1,1,0,0,0,0,0,0,0,0,0,0
220044,1,1,0,0,0,0,0,0,0,0,0,0
220044,2,1,0,0,0,0,0,0,0,0,0,0
220045,1,1,16,16,16,16,16,16,16,16,16,16
220045,2,1,0,0,0,0,0,0,0,0,0,0
220046,1,1,0,0,0,0,0,0,0,0,0,0
220047,1,1,0,0,0,0,0,0,0,0,0,0
220047,2,1,0,0,0,0,0,13,0,0,2,0
220048,1,1,0,0,0,0,0,0,0,14,0,0
220048,2,1,0,0,0,0,22,15,0,0,0,0
220049,0,1,32,0,22,39,0,45,0,0,12,22
220049,1,1,0,0,0,0,0,0,0,0,0,0
220050,1,1,0,0,0,0,0,0,0,0,0,0
220050,2,1,0,0,0,0,0,0,0,0,0,0
220051,1,1,0,0,0,0,0,0,0,0,0,0
220051,2,1,0,3,0,0,0,0,0,0,0,0
220052,1,1,5,0,0,0,5,8,23,13,0,4
220053,1,1,22,22,22,22,22,22,22,22,22,22
220054,0,1,0,0,0,0,0,0,0,0,20,0
220054,1,1,0,0,0,0,0,0,0,0,0,0
220054,2,1,0,0,0,0,0,0,0,0,0,0
220055,1,1,0,0,0,0,0,0,0,0,0,0
220055,2,1,0,0,0,0,0,0,0,0,0,0
220056,0,1,0,21,0,5,15,0,0,0,0,0
220056,1,1,0,0,0,0,0,0,0,0,0,0
220057,1,1,0,0,0,0,0,0,0,0,0,0
220057,2,1,0,0,0,0,0,0,0,0,0,0
220058,1,1,22,13,52,37,22,22,27,0,24,29
220059,1,1,13,0,0,0,0,0,0,0,5,0
220059,2,1,0,0,0,0,0,0,0,0,0,0
220060,0,1,0,0,0,0,0,0,0,0,0,0
220060,1,1,0,0,0,0,0,0,0,0,0,0
220061,0,1,0,26,16,23,0,19,21,12,0,19
220061,0,2,9,20,0,21,18,32,0,0,27,25
220061,1,1,30,30,30,30,30,30,30,30,30,30
220062,1,1,0,0,0,0,0,0,0,0,0,0
220063,0,1,19,19,19,19,19,19,19,19,19,19
220063,1,1,4,4,4,4,4,4,4,4,4,4
220064,0,1,21,21,21,21,21,21,21,21,21,21
220064,1,1,0,0,0,0,0,0,0,0,0,11
220065,1,1,0,0,0,0,0,0,0,0,0,0
220066,1,1,0,0,0,0,0,0,0,0,0,0
220067,1,1,0,0,0,0,0,0,0,0,0,0
220068,0,1,0,0,0,0,0,0,0,0,0,0
220068,1,1,0,0,0,0,0,0,0,35,0,0
220068,2,1,0,0,0,0,0,0,0,0,0,0
220069,0,1,1,1,1,1,1,1,1,1,1,1
220069,1,1,0,0,0,0,0,0,0,0,0,0
220070,1,1,19,19,19,19,19,19,19,19,19,19
220070,2,1,0,0,0,0,0,0,0,0,0,0
220070,3,1,0,0,0,0,34,0,0,0,0,0
220070,4,1,0,0,0,0,0,0,0,0,0,0
220071,0,1,27,27,27,27,27,27,27,27,27,27
220071,1,1,0,0,0,0,0,0,0,0,0,0
220072,1,1,2,2,2,2,2,2,2,2,2,2
220073,0,1,0,0,10,0,0,0,0,22,0,0
220073,1,1,0,0,0,0,0,0,0,0,0,0
220074,1,1,15,15,15,15,15,15,15,15,15,15
220075,1,1,0,0,0,0,0,0,0,0,0,0
220076,1,1,0,0,0,0,0,0,0,0,0,0
220076,2,1,0,0,0,0,0,0,0,0,0,0
220077,1,1,0,0,0,0,0,0,0,0,0,0
220078,1,1,0,0,0,0,0,0,0,0,0,0
220078,2,1,0,0,0,0,0,0,0,0,0,0
220079,1,1,0,0,0,0,0,0,0,0,0,0
220079,2,1,0,0,0,0,0,0,0,0,0,0
220080,1,1,0,0,0,0,0,0,0,0,0,0
220081,0,1,17,17,17,17,17,17,17,17,17,17
220081,1,1,0,0,0,0,0,0,0,0,0,0
220082,1,1,0,0,0,0,0,0,0,0,0,0
220082,2,1,0,0,0,0,0,0,0,0,0,0
220083,1,1,0,20,0,0,0,0,0,0,0,0
220083,2,1,0,0,0,0,0,0,0,0,0,0
220084,1,1,0,0,0,0,0,0,0,0,0,0
220084,2,1,0,0,0,0,0,0,0,0,0,0
220085,1,1,0,0,0,0,0,0,0,0,0,0
220085,2,1,0,0,0,0,0,0,0,0,0,0
220086,1,1,0,0,0,0,0,0,0,0,0,0
220086,2,1,0,0,0,0,0,0,0,0,0,0
220087,1,1,8,8,8,8,8,8,8,8,8,8
220087,2,1,0,0,0,0,0,0,0,0,0,0
220088,1,1,0,0,0,0,0,0,0,0,0,0
220089,1,1,0,0,0,0,0,0,0,0,0,0
220089,2,1,0,0,0,0,0,0,0,0,0,0
220089,3,1,0,0,0,0,0,0,0,0,0,0
220089,4,1,0,0,0,0,0,0,0,0,0,0
220090,0,1,12,9,0,0,0,13,0,0,17,0
220090,1,1,0,0,0,0,0,0,0,0,0,0
220091,0,1,0,0,0,0,0,0,0,0,0,0
220091,1,1,0,0,0,0,0,0,0,0,0,0
220092,1,1,26,26,26,26,26,26,26,26,26,26
220092,2,1,0,0,0,0,0,0,0,0,0,0
220093,1,1,8,8,8,8,8,8,8,8,8,8
220094,1,1,18,18,18,18,18,18,18,18,18,18
220094,2,1,0,0,0,0,0,0,0,0,0,0
220095,1,1,3,3,3,3,3,3,3,3,3,3
220096,0,1,0,0,0,0,0,0,0,0,0,0
220096,1,1,0,0,0,0,0,0,0,0,0,0
220097,1,1,0,0,0,0,0,0,0,0,0,0
220097,2,1,0,0,0,0,0,0,0,0,0,0
220097,3,1,0,0,0,0,0,0,0,0,0,0
220097,4,1,0,0,0,0,0,0,0,0,0,0
220097,5,1,0,0,0,0,0,0,0,0,0,0
220097,6,1,0,0,0,0,0,0,0,0,0,0
220098,1,1,0,0,0,0,0,0,0,0,0,0
220099,1,1,0,0,0,0,0,0,0,0,0,0
220100,1,1,17,17,17,17,17,17,17,17,17,17
220101,1,1,0,0,0,0,0,0,0,0,0,0
220101,2,1,0,0,0,0,0,0,0,0,0,0
220102,1,1,15,15,15,15,15,15,15,15,15,15
220103,1,1,0,0,0,0,0,0,0,0,0,0
220104,1,1,0,0,0,0,0,0,0,0,0,0
220105,1,1,0,0,0,0,0,0,0,0,0,0
220106,1,1,5,5,5,5,5,5,5,5,5,5
220107,0,1,0,0,0,0,0,0,0,0,0,0
220107,1,1,11,11,11,11,11,11,11,11,11,11
220108,1,1,32,32,32,32,32,32,32,32,32,32
220109,1,1,12,12,12,12,12,12,12,12,12,12
220110,1,1,0,0,0,0,0,0,0,0,0,0
220111,1,1,0,0,0,0,0,0,0,0,0,0
220111,2,1,0,0,0,0,0,0,0,0,0,0
220112,1,1,0,0,0,0,0,0,0,0,0,0
220113,0,1,0,0,0,0,0,0,0,0,0,7
220113,1,1,0,0,0,0,0,0,0,0,0,0
220114,1,1,16,16,16,16,16,16,16,16,16,16
220115,1,1,0,0,0,0,0,0,0,0,0,0
220116,1,1,18,0,16,0,0,14,15,0,5,25
220117,0,1,0,0,0,0,0,0,0,0,0,0
220117,1,1,0,0,0,0,0,0,0,0,0,0
220118,1,1,20,20,20,20,20,20,20,20,20,20
220118,2,1,0,0,0,0,0,0,0,0,0,0
220118,3,1,0,0,0,0,0,0,0,0,0,0
220119,1,1,15,15,15,15,15,15,15,15,15,15
220120,1,1,0,0,0,0,0,0,0,0,0,0
220120,2,1,0,0,0,0,0,0,0,0,0,0
220121,1,1,0,0,0,0,0,0,0,0,0,0
220122,1,1,0,0,0,0,0,0,0,0,0,0
220123,1,1,19,19,19,19,19,19,19,19,19,19
220124,1,1,0,0,0,0,0,0,0,0,0,0
220125,0,1,33,0,0,26,36,16,22,19,8,0
220125,1,1,0,0,0,0,0,0,0,0,0,0
220126,1,1,0,0,0,0,0,0,0,0,0,0
220126,2,1,0,0,0,0,0,0,0,0,0,0
220127,1,1,17,17,17,17,17,17,17,17,17,17
220128,1,1,0,0,0,0,0,0,0,0,0,0
220128,2,1,0,0,0,0,0,0,0,0,0,0
220129,1,1,23,23,23,23,23,23,23,23,23,23
220130,0,1,0,0,0,0,0,0,0,0,0,0
220130,1,1,0,0,0,0,0,0,0,0,0,21
220130,2,1,0,0,0,0,0,0,0,0,0,0
220131,1,1,0,0,0,0,0,0,0,0,0,0
220131,2,1,0,0,0,0,0,0,0,0,0,0
220131,3,1,0,0,0,0,0,0,0,0,0,0
220132,1,1,16,27,18,23,33,14,22,0,0,6
220133,1,1,0,0,0,0,0,0,0,0,0,0
220134,1,1,0,0,0,0,0,0,0,0,6,0
220135,1,1,20,20,20,20,20,20,20,20,20,20
220136,1,1,0,0,0,0,0,0,0,0,0,0
220136,2,1,0,0,0,0,0,0,0,6,0,0
220137,0,1,12,12,12,12,12,12,12,12,12,12
220137,1,1,0,0,0,0,0,0,0,0,0,0
220138,1,1,0,0,0,0,0,0,0,0,0,0
220138,2,1,0,0,0,0,0,0,0,0,0,0
220139,1,1,0,0,0,0,11,0,0,0,0,0
220139,2,1,0,0,0,0,0,0,0,0,0,0
220139,3,1,0,0,11,0,0,0,0,0,0,0
220140,1,1,22,22,22,22,22,22,22,22,22,22
220140,2,1,0,0,0,0,0,0,0,0,0,0
220141,1,1,22,22,22,22,22,22,22,22,22,22
220141,2,1,0,0,0,0,0,0,0,0,0,0
220142,1,1,14,14,14,14,14,14,14,14,14,14
220143,1,1,15,15,15,15,15,15,15,15,15,15
220144,1,1,0,0,0,0,0,0,0,0,0,0
220144,2,1,0,0,0,0,0,0,0,0,0,0
220145,1,1,23,23,23,23,23,23,23,23,23,23
220146,1,1,14,9,0,0,0,0,27,17,14,14
220147,1,1,0,0,0,0,0,0,0,0,0,0
220148,1,1,0,0,0,0,0,0,0,0,0,0
220149,1,1,0,0,0,0,0,0,0,0,0,0
220149,2,1,0,4,0,0,0,0,0,0,0,0
220150,1,1,10,10,10,10,10,10,10,10,10,10
220151,1,1,0,0,0,0,0,0,0,0,0,0
220152,1,1,0,0,0,0,0,0,0,0,0,0
220152,2,1,0,0,0,0,0,0,0,0,0,0
220153,0,1,0,0,0,0,0,0,0,0,0,0
220153,1,1,0,0,0,18,0,0,0,0,0,0
220154,0,1,0,0,0,0,0,0,0,0,0,0
220154,1,1,24,24,24,24,24,24,24,24,24,24
220155,1,1,20,20,20,20,20,20,20,20,20,20
220156,0,1,20,20,20,20,20,20,20,20,20,20
220156,1,1,0,0,0,0,0,0,0,0,0,0
220157,1,1,0,0,0,0,0,0,0,0,0,0
220157,2,1,12,0,0,0,16,0,0,0,31,26
220158,1,1,20,20,20,20,20,20,20,20,20,20
220159,1,1,0,0,0,0,0,0,0,0,0,0
220159,2,1,0,0,0,0,0,0,0,0,0,0
220159,3,1,0,0,0,0,0,0,0,0,0,0
220159,4,1,0,0,0,0,0,0,0,0,0,0
220160,1,1,0,0,0,0,0,0,0,0,0,0
220161,1,1,27,27,27,27,27,27,27,27,27,27
220161,2,1,0,0,0,0,0,0,0,0,0,0
220162,0,1,26,26,26,26,26,26,26,26,26,26
220162,1,1,16,0,18,0,0,0,29,0,0,5
220163,1,1,0,0,0,0,0,0,0,0,0,0
220164,1,1,1,1,1,1,1,1,1,1,1,1
220164,2,1,0,0,0,0,0,0,0,0,0,0
220164,3,1,0,0,0,0,0,0,0,0,0,0
220164,4,1,0,0,0,0,0,0,0,0,0,0
220165,1,1,0,0,21,0,0,0,0,0,0,0
220165,2,1,0,0,0,0,0,0,0,0,0,0
220165,3,1,0,0,0,0,0,0,0,0,0,0
220166,1,1,20,20,20,20,20,20,20,20,20,20
220166,2,1,0,0,0,0,0,0,0,0,0,0
220167,0,1,0,13,0,0,19,0,0,0,0,12
220167,1,1,0,0,0,0,0,0,0,0,0,0
220167,2,1,0,0,0,0,0,0,0,0,0,0
220168,1,1,0,0,0,0,0,0,0,0,0,0
220169,1,1,0,0,12,16,0,0,0,0,24,17
220170,1,1,0,0,0,0,0,0,0,0,0,0
220171,0,1,25,0,0,0,19,23,0,0,0,0
220171,1,1,0,0,0,0,0,0,0,0,0,0
220172,0,1,21,0,15,0,0,0,0,16,0,0
220172,1,1,0,0,0,0,0,0,0,0,0,0
220173,1,1,0,0,0,0,0,0,0,0,0,0
220173,2,1,0,0,0,0,0,0,0,0,0,0
220174,1,1,0,0,0,0,0,0,0,0,0,0
220174,2,1,0,0,0,0,0,0,0,0,0,0
220175,1,1,0,0,0,0,0,0,0,0,0,0
220175,2,1,0,0,0,0,0,0,0,0,0,0
220176,1,1,0,0,0,0,0,0,0,0,0,0
220176,2,1,0,0,0,0,0,0,0,0,0,0
220177,1,1,0,0,0,0,0,0,0,0,0,0
220177,2,1,0,0,0,0,0,0,0,0,0,14
220178,1,1,0,0,13,0,0,23,12,20,15,12
220179,1,1,23,23,23,23,23,23,23,23,23,23
220180,1,1,0,0,0,0,0,0,0,0,15,0
220181,1,1,0,0,18,0,0,0,0,0,0,0
220181,2,1,0,0,0,0,0,0,0,0,0,0
220182,1,1,0,0,0,0,0,0,0,0,0,0
220183,0,1,0,10,0,14,19,0,0,0,13,0
220183,1,1,0,0,0,0,0,0,0,0,14,13
220184,1,2,13,0,15,0,0,0,13,32,15,0
220185,0,1,0,0,23,0,0,0,0,0,0,0
220185,1,1,0,0,0,0,0,0,0,0,0,0
220186,1,1,11,11,11,11,11,11,11,11,11,11
220187,1,1,15,15,15,15,15,15,15,15,15,15
220187,2,1,0,0,0,0,0,0,0,0,0,0
220188,1,1,0,0,0,0,0,0,0,0,0,0
220188,2,1,0,0,0,0,0,0,0,0,0,0
220189,1,1,13,0,0,0,0,0,14,0,0,0
220190,1,1,32,32,32,32,32,32,32,32,32,32
220190,2,1,0,0,0,0,0,0,0,0,0,0
220191,1,1,19,19,19,19,19,19,19,19,19,19
220192,0,1,0,0,0,0,0,0,0,0,0,0
220192,1,1,0,0,0,0,0,0,0,0,0,0
220193,1,1,0,0,0,0,0,0,0,0,0,0
220193,2,1,0,0,0,0,0,0,0,0,0,0
220193,3,1,0,0,0,0,0,0,0,0,0,0
220194,1,1,0,0,0,0,0,0,0,0,0,0
220194,2,1,0,0,0,0,0,0,0,0,0,0
220195,1,1,0,0,0,0,0,0,0,0,0,0
220195,2,1,0,0,0,0,0,0,0,0,0,0
220196,0,1,0,0,0,0,0,0,0,0,0,0
220196,1,1,0,0,0,0,0,0,0,0,0,0
220197,0,1,21,21,21,21,21,21,21,21,21,21
220197,1,1,0,21,27,0,26,0,0,0,0,0
220198,1,1,18,18,18,18,18,18,18,18,18,18
220199,0,1,0,0,0,0,0,0,0,0,0,0
220199,1,1,0,0,0,0,0,0,0,0,0,0
220200,1,1,13,13,13,13,13,13,13,13,13,13
220200,2,1,0,0,0,0,0,0,0,0,0,0
220200,4,1,0,0,0,0,0,0,0,0,0,0
220201,1,1,0,0,0,0,0,0,0,0,0,0
220201,2,1,0,0,0,0,0,0,0,0,0,0
220202,1,1,0,0,0,0,27,0,0,14,0,0
220203,1,1,8,8,8,8,8,8,8,8,8,8
220203,2,1,8,8,8,8,8,8,8,8,8,8
220204,1,1,0,0,0,0,0,16,0,0,0,0
220204,2,1,0,0,0,0,0,0,0,0,0,0
220205,1,1,23,23,23,23,23,23,23,23,23,23
220206,1,1,2,2,2,2,2,2,2,2,2,2
220206,2,1,6,6,6,6,6,6,6,6,6,6
220207,1,1,20,20,20,20,20,20,20,20,20,20
220208,0,1,22,22,22,22,22,22,22,22,22,22
220208,1,1,0,0,0,0,0,0,0,0,0,0
220209,1,1,0,0,0,0,0,0,0,0,0,0
220209,2,1,0,0,0,0,0,0,0,0,0,0
220210,1,1,0,0,0,0,0,0,0,0,0,0
220211,1,1,0,0,0,0,0,0,0,0,0,0
220212,1,1,8,8,8,8,8,8,8,8,8,8
220213,1,1,8,8,8,8,8,8,8,8,8,8
220213,2,1,8,8,8,8,8,8,8,8,8,8
220214,1,1,0,0,0,0,0,0,0,0,0,0
220214,2,1,0,0,0,0,0,0,0,0,0,0
220214,3,1,0,0,0,0,0,0,0,0,0,0
220215,0,1,17,8,19,26,31,18,13,32,7,4
220215,1,1,0,0,0,14,0,0,22,0,0,11
220216,1,1,18,18,18,18,18,18,18,18,18,18
220217,1,1,0,0,0,0,0,0,0,0,0,0
220217,2,1,0,0,0,0,0,0,0,0,0,0
220218,1,1,0,0,0,0,0,0,0,0,14,0
220219,1,1,0,0,0,0,0,0,0,0,0,0
220220,1,1,0,0,0,0,0,0,0,0,0,0
220220,2,1,0,0,0,0,0,0,0,0,0,0
220221,1,1,0,0,0,0,0,0,0,0,0,0
220221,2,1,0,0,0,0,0,0,0,9,0,0
220222,1,1,0,0,0,0,0,0,0,0,0,0
220223,0,1,0,0,0,0,0,0,0,0,0,0
220223,1,1,0,0,0,0,0,0,0,0,0,0
220224,1,1,0,0,0,0,0,13,0,0,0,0
220224,2,1,0,0,0,0,0,0,0,0,0,0
220225,1,1,3,3,3,3,3,3,3,3,3,3
220226,0,1,22,18,21,0,0,31,0,17,29,0
220226,1,1,0,0,0,0,0,0,0,0,0,0
220227,0,1,6,0,32,19,0,11,0,36,0,0
220227,1,1,0,0,0,0,0,0,0,0,0,0
220228,1,1,15,15,15,15,15,15,15,15,15,15