ST_CASE,VEH_NO,PER_NO,P1,P2,P3,P4,P5,P6,P7,P8,P9,P10
220228,2,1,0,0,0,0,0,0,0,0,0,0
220229,1,1,0,0,0,0,0,0,0,0,0,0
220230,1,1,17,17,17,17,17,17,17,17,17,17
220231,1,1,0,0,0,0,0,0,9,25,0,0
220232,0,1,6,0,0,0,0,0,0,28,34,28
220232,1,1,0,0,0,0,0,0,0,0,0,0
220233,1,1,6,6,6,6,6,6,6,6,6,6
220234,1,1,27,27,27,27,27,27,27,27,27,27
220235,0,1,0,0,0,0,0,0,0,0,0,0
220235,1,1,0,34,37,0,0,0,25,11,0,0
220236,0,1,0,0,0,26,21,23,4,28,42,11
220236,1,1,0,0,0,0,0,13,0,0,0,0
220237,1,1,0,0,39,0,0,0,0,27,0,0
220237,2,1,0,0,0,0,17,0,0,0,0,0
220238,0,1,20,21,48,13,25,0,0,5,0,16
220238,1,1,0,0,8,4,0,0,0,0,0,0
220239,1,1,0,0,0,0,0,0,0,0,0,0
220239,2,1,0,0,0,0,0,0,0,24,0,0
220240,0,1,15,15,15,15,15,15,15,15,15,15
220240,1,1,0,0,0,0,0,0,0,0,0,0
220241,1,1,0,0,0,0,0,0,0,0,0,0
220241,2,1,0,0,0,0,0,0,0,0,0,0
220242,1,1,0,0,0,0,0,5,11,19,0,0
220243,1,1,0,0,0,0,0,0,0,0,0,0
220244,1,1,0,0,0,0,0,0,0,0,0,0
220244,2,1,0,0,0,0,0,0,0,0,0,0
220244,3,1,0,0,0,0,0,0,0,0,0,0
220245,1,1,0,0,0,0,0,0,0,0,0,0
220246,1,1,0,0,0,0,0,0,0,0,0,0
220246,2,1,0,0,0,0,0,0,0,0,0,0
220247,1,1,8,8,8,8,8,8,8,8,8,8
220247,2,1,0,0,0,0,0,0,0,0,0,0
220248,1,1,22,22,22,22,22,22,22,22,22,22
220249,0,1,0,0,0,0,0,0,0,0,0,0
220249,1,1,0,0,0,0,0,0,0,0,0,0
220250,1,1,0,0,0,0,0,0,0,0,0,0
220250,2,1,0,0,0,0,0,0,0,0,0,0
220251,1,1,0,0,20,22,30,0,9,0,0,23
220252,0,1,0,0,0,0,0,0,0,0,0,0
220252,1,1,0,0,0,0,0,0,0,0,0,0
220253,0,1,0,0,0,0,0,0,0,0,0,0
220253,1,1,0,0,0,0,0,0,0,0,0,0
220254,0,1,0,22,0,0,0,0,0,0,18,22
220254,1,1,0,0,0,0,0,0,0,0,0,0
220254,2,1,0,0,0,0,0,0,0,0,0,0
220255,1,1,14,16,0,12,26,10,39,12,17,10
220256,0,1,36,12,13,26,0,0,0,0,11,36
220256,1,1,0,0,0,0,0,0,0,0,0,0
220257,0,1,13,13,13,13,13,13,13,13,13,13
220257,1,1,0,0,0,0,0,0,0,0,0,0
220258,1,1,0,0,0,0,0,0,0,0,0,0
220258,2,1,0,0,0,0,0,0,0,0,14,0
220259,1,1,22,35,13,0,0,21,0,0,0,0
220260,1,1,13,13,13,13,13,13,13,13,13,13
220261,1,1,10,10,10,10,10,10,10,10,10,10
220262,1,1,13,13,13,13,13,13,13,13,13,13
220262,2,1,16,16,16,16,16,16,16,16,16,16
220263,1,1,0,0,0,0,0,0,0,0,0,0
220263,2,1,15,15,15,15,15,15,15,15,15,15
220263,3,1,0,0,0,0,0,0,0,0,0,0
220264,1,1,0,0,0,0,0,0,0,0,0,0
220264,2,1,0,0,0,0,0,0,0,0,0,0
220265,1,1,0,0,0,0,0,0,0,0,0,0
220266,1,1,0,0,0,0,0,0,0,0,0,0
220267,1,1,13,13,13,13,13,13,13,13,13,13
220267,2,1,0,0,0,0,0,0,0,0,0,0
220268,1,1,0,0,0,0,0,0,0,0,0,0
220269,1,1,0,17,18,0,6,17,0,0,0,15
220270,1,1,16,16,16,16,16,16,16,16,16,16
220271,1,1,7,7,7,7,7,7,7,7,7,7
220272,1,1,0,0,0,0,0,0,0,0,0,0
220272,2,1,0,0,0,0,0,0,0,0,0,0
220272,3,1,0,0,0,0,0,0,0,0,0,0
220273,1,1,0,8,0,0,3,0,0,0,0,0
220274,1,1,22,22,22,22,22,22,22,22,22,22
220275,1,1,32,35,14,44,21,18,21,26,17,33
220276,1,1,8,8,8,8,8,8,8,8,8,8
220276,2,1,0,0,0,0,0,0,0,0,0,0
220277,1,1,0,0,0,0,0,0,0,0,0,0
220277,2,1,0,0,0,0,0,0,0,0,0,0
220278,1,1,3,3,3,3,3,3,3,3,3,3
220278,2,1,0,0,0,0,0,0,0,0,0,0
220278,3,1,0,0,0,0,0,0,0,0,0,0
220279,0,1,13,22,17,24,16,10,16,18,12,35
220279,0,2,12,19,13,6,14,12,4,10,7,25
220279,1,1,0,0,0,0,0,0,0,0,0,0
220280,1,1,0,0,0,0,0,0,0,0,0,0
220281,1,1,0,0,0,0,0,0,0,0,0,0
220281,2,1,0,0,0,0,0,0,0,0,0,0
220281,3,1,0,0,0,0,0,0,0,0,0,0
220282,1,1,16,16,16,16,16,16,16,16,16,16
220282,2,1,0,0,0,0,0,0,0,0,0,0
220283,1,1,14,14,14,14,14,14,14,14,14,14
220284,1,1,0,0,0,0,0,0,0,0,0,0
220285,1,1,0,0,0,0,0,0,0,0,0,0
220286,1,1,0,0,0,0,0,0,0,0,0,0
220287,1,1,0,0,0,0,0,0,0,0,0,0
220287,2,1,0,0,0,0,0,0,0,0,0,0
220288,1,1,0,0,0,0,0,0,0,0,0,0
220288,2,1,0,0,0,0,0,0,0,0,0,0
220289,1,1,0,0,0,0,0,0,0,0,0,0
220289,2,1,0,0,0,0,0,0,0,0,0,0
220289,3,1,0,0,0,0,0,0,0,0,0,0
220290,0,1,0,0,0,0,0,0,0,0,0,0
220290,1,1,0,0,0,0,0,0,0,0,0,0
220291,1,1,23,23,23,23,23,23,23,23,23,23
220292,1,1,9,9,9,9,9,9,9,9,9,9
220293,0,1,7,7,7,7,7,7,7,7,7,7
220293,1,1,0,0,0,0,0,0,0,0,0,0
220294,1,1,0,0,0,0,0,0,0,0,0,0
220294,2,1,0,0,0,0,0,0,0,0,0,0
220295,0,1,28,0,0,0,17,22,4,14,26,17
220295,1,1,0,0,18,10,0,0,0,31,21,0
220296,0,1,0,0,0,23,0,12,0,18,0,24
220296,1,1,25,0,0,12,0,0,20,4,9,0
220297,1,1,3,3,3,3,3,3,3,3,3,3
220298,1,1,19,19,19,19,19,19,19,19,19,19
220298,2,1,3,3,3,3,3,3,3,3,3,3
220299,1,1,0,0,0,0,0,0,0,0,0,0
220299,2,1,0,0,0,0,0,0,0,0,0,0
220299,3,1,0,0,0,0,0,0,0,0,0,0
220300,2,1,0,0,0,0,0,0,0,0,0,0
220301,1,1,0,0,0,0,0,0,0,0,0,0
220302,1,1,10,10,10,10,10,10,10,10,10,10
220303,1,1,0,0,41,0,26,16,0,32,0,0
220304,0,1,0,26,31,7,9,0,0,0,0,16
220304,1,1,0,0,0,0,0,0,0,0,0,0
220305,1,1,0,0,0,0,0,0,0,0,0,0
220306,1,1,23,0,0,6,22,27,0,28,0,0
220306,2,1,0,0,0,0,0,0,0,0,4,0
220307,0,1,24,7,25,19,28,8,22,17,10,26
220307,1,1,0,0,21,0,0,0,0,0,14,0
220308,1,1,9,9,9,9,9,9,9,9,9,9
220309,1,1,14,14,14,14,14,14,14,14,14,14
220310,1,1,12,12,12,12,12,12,12,12,12,12
220311,1,1,10,10,10,10,10,10,10,10,10,10
220311,2,1,0,0,0,0,0,0,0,0,0,0
220312,1,1,15,15,15,15,15,15,15,15,15,15
220313,0,1,21,20,12,24,26,34,26,0,15,52
220313,1,1,9,25,25,0,0,10,0,37,13,0
220314,0,1,0,0,15,9,25,0,0,26,11,0
220314,1,1,13,0,0,0,33,11,0,0,15,0
220315,1,1,16,16,16,16,16,16,16,16,16,16
220316,1,1,16,16,16,16,16,16,16,16,16,16
220317,1,1,20,20,20,20,20,20,20,20,20,20
220318,1,1,1,1,1,1,1,1,1,1,1,1
220319,1,1,11,0,0,0,0,0,0,0,0,0
220320,1,1,0,0,0,0,0,0,0,0,0,0
220320,2,1,0,0,0,0,0,0,0,0,0,0
220320,3,1,0,0,0,0,0,0,0,0,0,0
220321,1,1,0,0,0,0,0,0,0,0,0,0
220322,1,1,0,0,0,0,0,0,0,0,0,0
220323,1,1,0,0,0,0,0,0,0,0,0,0
220323,2,1,0,0,0,0,0,0,0,0,0,0
220324,0,1,19,20,16,9,25,19,19,0,13,23
220324,1,1,0,0,0,0,0,0,6,0,0,0
220325,1,1,0,0,0,0,0,0,0,0,0,0
220325,2,1,0,0,0,0,0,0,0,0,0,0
220326,0,1,0,0,0,0,0,0,0,0,0,0
220326,1,1,19,19,19,19,19,19,19,19,19,19
220327,1,1,0,0,0,0,0,0,0,0,0,0
220327,2,1,0,0,0,0,0,0,0,0,0,0
220328,1,1,11,11,11,11,11,11,11,11,11,11
220328,2,1,0,0,0,0,0,0,0,0,0,0
220329,1,1,0,0,0,0,0,0,0,0,0,0
220330,1,1,11,11,11,11,11,11,11,11,11,11
220331,1,1,0,0,0,0,0,0,0,0,0,0
220331,2,1,20,20,20,20,20,20,20,20,20,20
220332,1,1,24,24,24,24,24,24,24,24,24,24
220333,1,1,0,0,0,0,0,0,0,0,0,0
220334,1,1,0,0,0,0,0,0,0,0,0,0
220334,2,1,0,0,0,0,0,0,0,0,0,0
220334,3,1,0,0,0,0,0,0,0,0,0,0
220335,0,1,8,26,19,34,13,23,17,5,26,27
220335,1,1,7,7,7,7,7,7,7,7,7,7
220336,1,1,18,18,18,18,18,18,18,18,18,18
220337,0,1,0,0,0,0,0,0,0,0,0,0
220337,1,1,0,0,0,0,0,0,0,0,0,0
220338,1,1,19,19,19,19,19,19,19,19,19,19
220339,1,1,2,2,2,2,2,2,2,2,2,2
220340,0,1,0,0,0,0,0,0,0,0,0,0
220340,1,1,22,22,22,22,22,22,22,22,22,22
220341,1,1,0,0,21,0,5,13,29,0,0,0
220341,2,1,0,12,0,18,0,0,0,0,0,0
220342,1,1,0,0,0,0,0,0,0,0,0,0
220342,2,1,0,0,0,0,0,0,0,0,0,0
220343,1,1,0,0,0,0,0,0,0,0,0,0
220344,1,1,0,0,0,0,0,0,0,0,0,0
220344,2,1,0,0,0,0,0,0,0,0,0,0
220345,0,1,0,0,0,0,0,0,0,0,0,0
220345,1,1,0,0,0,0,0,0,0,0,0,0
220346,0,1,18,18,18,18,18,18,18,18,18,18
220346,1,1,0,0,0,0,0,0,0,0,0,0
220346,2,1,0,0,0,0,0,0,0,0,0,0
220347,1,1,0,0,0,0,0,0,0,0,0,0
220348,1,1,0,0,0,0,0,0,0,0,0,0
220349,1,1,15,15,15,15,15,15,15,15,15,15
220349,2,1,0,0,0,0,0,0,0,0,0,0
220350,0,1,0,0,13,0,0,0,5,0,0,0
220350,1,1,0,0,0,18,0,0,0,0,0,0
220351,1,1,0,0,0,0,0,0,0,0,0,0
220352,0,1,41,24,22,22,34,20,24,17,29,12
220352,1,1,0,0,0,0,0,0,0,0,0,0
220353,1,1,16,16,16,16,16,16,16,16,16,16
220354,1,1,0,0,0,0,0,0,0,0,0,0
220355,1,1,0,0,0,0,0,0,0,0,0,0
220355,2,1,0,0,0,0,0,0,0,0,0,0
220356,1,1,0,0,0,0,0,0,0,0,0,0
220356,2,1,0,0,0,0,0,0,0,0,0,0
220357,1,1,0,0,0,0,0,0,0,0,0,0
220357,2,1,0,0,0,0,0,0,0,0,0,0
220358,1,1,9,9,9,9,9,9,9,9,9,9
220359,1,1,0,0,0,0,0,0,0,0,0,0
220359,2,1,0,0,0,0,25,0,0,0,0,0
220360,0,1,23,9,33,30,0,0,9,21,0,0
220360,1,1,2,2,2,2,2,2,2,2,2,2
220361,0,1,0,0,0,0,0,0,0,0,0,0
220361,1,1,0,0,0,0,0,0,0,0,0,0
220362,0,1,18,18,18,18,18,18,18,18,18,18
220362,1,1,0,0,0,0,0,0,0,0,0,0
220363,0,1,0,0,0,0,0,0,0,0,0,0
220363,1,1,16,16,16,16,16,16,16,16,16,16
220364,1,1,11,11,11,11,11,11,11,11,11,11
220365,1,1,0,0,0,0,0,0,0,0,0,0
220366,1,1,0,0,0,0,0,0,0,0,0,0
220367,1,1,7,17,0,0,0,0,26,31,0,0
220368,1,1,11,0,13,21,20,0,15,34,16,14
220369,0,1,22,22,22,22,22,22,22,22,22,22
220369,1,1,0,0,0,0,0,0,0,0,0,0
220370,1,1,23,23,23,23,23,23,23,23,23,23
220371,1,1,0,0,0,0,0,0,0,0,0,0
220371,2,1,0,0,0,0,0,0,0,0,0,0
220371,3,1,0,0,0,0,0,0,0,0,0,0
220372,1,1,18,18,18,18,18,18,18,18,18,18
220372,2,1,0,0,0,0,0,0,0,0,0,0
220372,3,1,2,2,2,2,2,2,2,2,2,2
220373,1,1,0,0,0,0,0,0,0,0,0,0
220373,2,1,0,0,0,0,0,0,0,0,0,0
220374,0,1,4,4,4,4,4,4,4,4,4,4
220374,1,1,0,0,0,0,0,0,0,0,0,0
220375,1,1,0,0,0,0,0,0,0,0,0,0
220376,1,1,18,18,18,18,18,18,18,18,18,18
220377,1,1,9,9,9,9,9,9,9,9,9,9
220378,1,1,5,5,5,5,5,5,5,5,5,5
220379,1,1,0,0,0,0,0,0,0,0,0,0
220380,0,1,0,0,0,0,0,0,0,0,0,0
220380,1,1,0,0,0,0,0,0,0,0,0,0
220380,2,1,0,0,0,0,0,0,0,0,0,0
220381,0,1,25,25,25,25,25,25,25,25,25,25
220381,1,1,0,0,0,0,0,0,0,0,0,0
220382,1,1,0,0,0,0,0,0,0,0,0,0
220383,1,1,17,12,0,18,0,9,0,7,0,0
220383,2,1,0,0,0,0,0,0,0,0,0,0
220384,1,1,16,16,16,16,16,16,16,16,16,16
220385,1,1,0,0,0,0,0,0,0,0,0,0
220385,2,1,0,0,0,0,0,0,0,0,0,0
220386,1,1,20,20,20,20,20,20,20,20,20,20
220387,1,1,0,0,0,0,0,0,0,0,0,0
220388,1,1,0,0,0,0,0,0,0,0,0,0
220389,0,1,0,0,0,0,0,0,0,0,0,0
220389,1,1,0,0,0,0,0,0,0,0,0,0
220390,0,1,0,0,0,16,0,0,0,17,0,0
220390,0,2,25,22,21,27,41,18,0,20,16,18
220390,1,1,0,0,0,0,9,0,0,0,0,0
220391,1,1,0,0,0,0,0,0,0,0,0,0
220391,2,1,0,0,0,0,0,0,0,0,0,7
220392,0,1,0,0,0,0,0,0,0,0,0,0
220392,1,1,0,21,0,13,0,0,0,32,0,13
220393,1,1,0,0,0,0,0,0,0,0,0,0
220393,2,1,0,0,0,0,0,0,0,0,0,0
220393,3,1,0,0,0,0,0,0,0,0,0,0
220394,1,1,0,0,0,0,0,0,0,0,0,0
220396,1,1,11,11,11,11,11,11,11,11,11,11
220397,1,1,14,14,0,5,7,0,6,7,17,19
220397,2,1,0,5,0,14,0,22,0,0,0,11
220398,1,1,0,0,0,0,0,0,0,0,0,0
220398,2,1,0,0,0,0,0,0,0,0,0,0
220399,1,1,33,33,33,33,33,33,33,33,33,33
220400,0,1,0,5,0,0,0,0,0,0,0,0
220400,1,1,0,8,0,0,0,0,0,0,0,0
220401,1,1,0,0,0,0,0,0,0,0,0,0
220401,2,1,2,0,0,0,0,0,0,0,0,0
220402,1,1,0,0,0,0,0,0,0,0,0,0
220403,0,1,15,15,15,15,15,15,15,15,15,15
220403,1,1,0,0,0,0,0,0,0,0,0,0
220404,1,1,0,0,0,0,0,0,0,0,0,0
220404,2,1,0,0,0,0,0,0,0,0,0,0
220405,0,1,0,0,0,0,0,0,0,0,0,0
220405,1,1,0,0,0,0,0,0,0,0,0,0
220406,1,1,16,16,16,16,16,16,16,16,16,16
220407,1,1,14,14,14,14,14,14,14,14,14,14
220408,1,1,0,0,0,0,0,0,0,0,0,0
220408,2,1,15,8,0,0,0,0,0,0,0,0
220409,1,1,0,0,0,0,0,0,0,0,0,0
220409,2,1,0,13,0,17,0,0,0,14,26,13
220410,1,1,11,11,11,11,11,11,11,11,11,11
220411,1,1,22,22,22,22,22,22,22,22,22,22
220411,2,1,0,0,0,0,0,0,0,0,0,0
220412,0,1,11,25,26,27,28,28,16,14,17,40
220412,1,1,0,18,0,0,6,0,20,0,9,8
220413,1,1,0,0,0,0,0,0,14,19,14,0
220413,2,1,0,0,0,0,0,0,0,0,0,0
220413,3,1,0,0,0,0,0,0,0,0,0,0
220414,1,1,13,13,13,13,13,13,13,13,13,13
220415,1,1,0,0,0,0,0,0,0,0,0,0
220415,2,1,0,0,0,0,0,0,0,0,0,0
220416,1,1,0,0,0,0,0,0,0,0,0,0
220416,2,1,0,0,0,0,0,0,0,0,0,0
220417,1,1,8,8,8,8,8,8,8,8,8,8
220418,1,1,0,0,0,0,0,0,0,0,0,0
220418,2,1,0,0,0,0,0,0,0,0,0,0
220419,1,1,0,0,0,0,0,0,0,0,0,0
220419,2,1,0,0,0,0,0,0,0,0,0,0
220420,0,1,0,0,0,0,0,0,0,0,0,0
220420,1,1,0,0,0,0,0,0,0,0,0,0
220420,2,1,0,0,0,0,0,0,0,0,0,0
220421,0,1,0,0,0,0,0,0,0,0,0,0
220421,1,1,9,9,9,9,9,9,9,9,9,9
220422,1,1,0,0,0,0,0,0,0,0,0,0
220422,2,1,0,0,0,0,0,0,0,0,0,0
220423,1,1,0,0,0,0,0,0,0,0,0,0
220423,2,1,14,0,0,17,0,0,0,0,0,0
220423,3,1,0,0,0,0,0,0,0,0,0,0
220424,0,1,0,0,0,0,0,0,0,0,0,0
220424,1,1,0,0,0,0,0,0,0,0,0,0
220424,2,1,0,0,0,0,0,0,0,0,0,0
220424,3,1,0,0,0,0,0,0,0,0,0,0
220425,1,1,0,0,0,0,0,0,0,0,0,0
220425,2,1,0,0,0,0,0,0,0,0,0,0
220425,3,1,0,0,0,0,0,0,0,0,0,0
220426,1,1,0,0,0,0,0,0,0,0,0,0
220426,2,1,0,0,0,0,0,0,0,0,0,0
220427,1,1,0,0,0,0,0,0,0,0,0,0
220428,1,1,0,0,0,0,0,0,0,0,0,0
220428,2,1,0,0,0,0,0,0,0,0,0,0
220429,0,1,0,0,0,0,0,0,0,0,0,0
220429,1,1,0,0,0,0,0,0,0,0,0,0
220430,1,1,0,0,0,0,0,0,0,0,0,0
220431,1,1,0,0,0,0,0,0,0,0,0,0
220431,2,1,0,0,0,0,0,0,0,0,0,0
220432,0,1,0,0,0,0,0,0,0,0,0,0
220432,0,2,13,21,0,0,0,0,0,29,0,21
220432,1,1,0,0,0,0,0,0,0,0,0,0
220433,1,1,0,0,0,0,0,0,0,0,0,0
220433,2,1,0,0,0,0,0,0,0,0,0,0
220434,1,1,0,0,0,0,0,0,0,0,0,0
220435,1,1,0,0,0,0,0,0,0,0,0,0
220436,1,1,0,0,0,0,0,0,0,0,0,0
220437,1,1,9,9,9,9,9,9,9,9,9,9
220437,2,1,0,0,0,0,0,0,0,0,0,0
220437,3,1,0,0,0,0,0,0,0,0,0,0
220438,1,1,0,0,0,0,0,0,0,0,0,0
220438,2,1,0,0,0,0,0,0,0,0,0,0
220439,1,1,28,28,28,28,28,28,28,28,28,28
220440,0,1,19,19,19,19,19,19,19,19,19,19
220440,1,1,0,0,0,0,0,0,0,0,0,0
220441,1,1,0,0,0,0,0,0,0,0,0,0
220442,1,1,25,25,25,25,25,25,25,25,25,25
220443,0,1,20,20,20,20,20,20,20,20,20,20
220443,1,1,0,0,0,0,0,0,0,0,0,0
220444,1,1,19,19,19,19,19,19,19,19,19,19
220445,1,1,0,0,0,0,0,0,0,0,0,0
220445,2,1,22,0,0,0,0,0,0,0,10,11
220445,3,1,0,0,0,0,0,0,0,0,0,0
220446,0,1,0,0,0,0,0,0,0,0,0,0
220446,1,1,0,0,0,0,0,0,0,0,0,0
220447,1,1,24,24,24,24,24,24,24,24,24,24
220448,0,1,0,0,18,0,0,0,0,0,0,0
220448,1,1,0,0,0,0,0,0,0,0,0,0
220449,1,1,0,0,0,0,0,0,0,0,0,0
220449,2,1,0,0,0,0,0,0,0,0,0,0
220450,1,1,0,4,16,7,12,24,20,15,18,8
220450,2,1,14,14,14,14,14,14,14,14,14,14
220451,1,1,2,2,2,2,2,2,2,2,2,2
220452,0,1,0,6,0,0,0,0,14,0,0,0
220452,1,1,0,0,0,0,0,0,0,0,0,0
220453,1,1,0,0,0,0,0,0,0,0,0,0
220454,1,1,0,0,0,0,0,0,0,0,0,0
220455,1,1,0,0,0,0,0,0,0,0,0,0
220455,2,1,0,0,0,0,0,0,0,0,0,0
220456,1,1,26,26,26,26,26,26,26,26,26,26
220457,1,1,0,0,0,0,0,0,0,0,0,0
220458,0,1,0,0,0,0,0,0,0,0,0,0
220458,1,1,0,0,0,0,0,0,0,0,0,0
220459,1,1,0,0,0,0,0,0,0,0,0,0
220459,2,1,0,0,0,0,0,0,0,0,0,0
220460,1,1,0,0,0,0,0,0,0,0,0,0
220461,1,1,23,23,23,23,23,23,23,23,23,23
220462,1,1,4,4,4,4,4,4,4,4,4,4
220462,2,1,0,0,0,0,0,0,0,0,0,0
220463,1,1,0,0,0,0,0,0,0,0,0,0
220463,2,1,0,0,0,0,0,0,0,0,0,0
220463,3,1,0,0,0,0,0,0,0,0,0,0
220464,1,1,12,12,12,12,12,12,12,12,12,12
220465,1,1,18,18,18,18,18,18,18,18,18,18
220466,1,1,0,0,0,0,0,0,0,0,0,0
220466,2,1,0,0,0,0,0,0,0,0,0,0
220467,1,1,20,20,20,20,20,20,20,20,20,20
220468,1,1,9,9,9,9,9,9,9,9,9,9
220469,0,1,13,0,0,19,14,13,12,17,0,0
220469,1,1,9,9,9,9,9,9,9,9,9,9
220470,1,1,0,0,0,0,0,0,0,0,0,0
220471,1,1,16,16,16,16,16,16,16,16,16,16
220471,2,1,0,0,0,0,0,0,0,0,0,0
220472,0,1,0,0,0,0,0,0,0,0,0,0
220472,1,1,0,0,0,0,0,0,0,0,0,0
220473,1,1,0,0,0,0,0,0,0,0,0,0
220474,0,1,0,0,9,25,0,18,41,12,18,0
220474,1,1,0,0,0,0,0,0,0,0,0,0
220475,1,1,0,0,0,0,0,0,0,0,0,0
220476,1,1,0,0,0,0,0,0,0,0,0,0
220476,2,1,0,0,0,0,0,0,0,0,0,0
220476,3,1,0,0,0,0,0,0,0,0,0,0
220477,1,1,12,12,12,12,12,12,12,12,12,12
220478,0,1,0,0,0,0,0,0,0,0,0,0
220478,1,1,0,0,0,0,0,0,0,0,0,0
220479,1,1,30,30,30,30,30,30,30,30,30,30
220480,0,1,2,30,0,21,29,21,10,37,0,0
220480,1,1,0,0,0,0,0,0,0,0,0,0
220481,0,1,13,13,13,13,13,13,13,13,13,13
220481,1,1,8,8,8,8,8,8,8,8,8,8
220481,2,1,0,0,0,0,0,0,0,0,0,0
220482,0,1,10,10,10,10,10,10,10,10,10,10
220482,1,1,21,21,21,21,21,21,21,21,21,21
220483,0,1,0,0,0,0,0,0,0,0,29,21
220483,1,1,0,0,0,0,0,0,0,0,0,0
220484,0,1,26,26,26,26,26,26,26,26,26,26
220484,1,1,0,0,0,0,0,25,0,0,0,0
220485,1,1,0,0,0,0,0,0,0,0,0,0
220486,1,1,0,0,0,0,0,0,0,0,0,0
220486,2,1,0,0,0,0,0,0,0,0,0,0
220487,0,1,45,2,32,18,32,33,26,29,21,19
220487,1,1,16,0,0,0,0,12,0,0,0,0
220488,1,1,8,8,8,8,8,8,8,8,8,8
220489,0,1,12,13,0,10,18,0,34,0,0,14
220489,1,1,8,0,0,0,3,0,0,0,0,0
220490,1,1,20,20,20,20,20,20,20,20,20,20
220490,2,1,0,0,0,0,0,0,0,0,0,0
220491,0,1,8,8,8,8,8,8,8,8,8,8
220491,1,1,19,19,19,19,19,19,19,19,19,19
220492,1,1,0,0,0,0,0,0,0,0,0,0
220493,1,1,0,0,0,0,0,0,0,0,0,0
220494,1,1,12,14,19,14,12,29,13,9,10,0
220495,0,1,6,8,8,0,4,0,28,0,0,0
220495,1,1,0,0,0,0,0,0,0,0,0,0
220496,1,1,0,0,0,0,0,0,0,0,0,0
220496,2,1,0,0,0,0,0,0,0,0,0,0
220497,0,1,14,14,14,14,14,14,14,14,14,14
220497,1,1,0,0,0,21,0,0,0,0,0,0
220498,1,1,0,0,0,0,0,0,0,0,0,0
220498,2,1,0,0,0,0,0,0,0,0,0,0
220498,3,1,0,0,0,0,0,0,0,0,0,0
220499,1,1,13,0,4,0,0,0,0,0,0,0
220499,2,1,0,0,0,0,0,0,0,0,0,0
220500,1,1,16,16,16,16,16,16,16,16,16,16
220501,1,1,0,0,0,0,0,0,0,0,0,0
220502,1,1,0,0,0,0,0,0,0,0,0,0
220503,1,1,0,0,0,0,0,0,0,0,0,0
220503,2,1,0,0,0,0,0,0,0,0,0,0
220504,1,1,8,8,8,8,8,8,8,8,8,8
220505,1,1,0,0,0,0,0,2,0,0,0,0
220506,1,1,10,10,10,10,10,10,10,10,10,10
220507,1,1,0,0,0,0,0,0,0,0,0,0
220507,2,1,0,0,0,0,0,0,0,0,0,0
220507,3,1,0,0,0,0,0,0,0,0,0,0
220508,1,1,15,15,15,15,15,15,15,15,15,15
220509,1,1,2,2,2,2,2,2,2,2,2,2
220510,1,1,0,13,0,0,0,8,0,0,16,12
220510,2,1,16,16,16,16,16,16,16,16,16,16
220510,3,1,0,0,0,0,0,0,0,0,0,0
220511,0,1,0,0,0,0,0,0,14,0,0,0
220511,1,1,0,0,0,0,0,0,0,0,0,0
220512,0,1,0,0,0,0,0,0,0,0,0,0
220512,1,1,0,0,0,0,0,0,0,0,0,0
220513,0,1,26,43,17,29,28,0,30,0,22,0
220513,1,1,0,0,13,0,0,15,0,0,0,0
220514,1,1,0,0,0,0,0,0,0,0,0,0
220515,0,1,26,26,26,26,26,26,26,26,26,26
220515,1,1,0,0,0,0,0,0,0,0,0,0
220516,1,1,0,0,0,0,0,0,0,0,0,0
220517,1,1,0,0,0,0,0,0,0,0,0,0
220517,2,1,0,0,0,0,0,0,0,0,4,0
220518,1,1,0,0,0,0,0,0,0,0,0,0
220519,1,1,16,16,16,16,16,16,16,16,16,16
220520,1,1,27,27,27,27,27,27,27,27,27,27
220520,2,1,0,0,0,0,0,0,0,0,0,0
220520,3,1,0,0,0,0,0,0,0,0,0,0
220520,4,1,0,0,0,0,0,0,0,0,0,0
220521,1,1,0,0,0,0,0,0,0,0,0,0
220522,1,1,0,0,0,0,0,0,0,0,0,0
220522,2,1,0,0,0,0,0,0,0,0,0,0
220523,0,1,0,0,8,0,17,0,0,0,0,0
220523,1,1,10,10,10,10,10,10,10,10,10,10
220524,1,1,11,11,11,11,11,11,11,11,11,11
220525,1,1,16,16,16,16,16,16,16,16,16,16
220525,2,1,9,9,9,9,9,9,9,9,9,9
220526,1,1,18,18,18,18,18,18,18,18,18,18
220526,2,1,6,6,6,6,6,6,6,6,6,6
220527,1,1,0,0,0,0,0,0,0,0,0,0
220527,2,1,0,0,0,0,0,0,0,0,0,0
220528,0,1,0,0,0,0,0,0,0,0,0,0
220528,1,1,0,0,0,0,0,0,0,0,0,0
220529,1,1,0,0,0,0,0,0,0,0,0,0
220529,2,1,0,0,0,0,0,0,0,0,0,0
220530,1,1,14,14,14,14,14,14,14,14,14,14