ST_CASE,VEH_NO,PER_NO,P1,P2,P3,P4,P5,P6,P7,P8,P9,P10
220531,0,1,14,25,9,31,48,36,14,11,12,8
220531,1,1,0,0,32,26,0,0,10,0,0,0
220532,1,1,0,0,0,0,0,0,0,5,0,0
220532,2,1,0,0,0,0,0,0,0,0,0,0
220533,1,1,26,26,26,26,26,26,26,26,26,26
220533,2,1,0,0,0,0,0,0,0,0,0,0
220534,1,1,0,0,0,0,0,0,0,0,0,0
220534,2,1,0,0,0,0,0,0,0,0,0,0
220535,0,1,0,0,0,0,0,0,0,0,0,0
220535,1,1,0,0,0,0,0,0,0,0,0,0
220536,1,1,26,26,26,26,26,26,26,26,26,26
220536,2,1,0,0,0,0,0,0,0,0,0,0
220537,1,1,0,0,0,0,2,8,0,0,23,13
220537,2,1,0,0,0,0,0,0,0,0,0,0
220538,1,1,17,15,11,7,7,0,0,29,21,2
220539,0,1,0,0,0,0,0,0,0,0,0,0
220539,1,1,0,0,0,0,0,0,0,0,0,0
220540,0,1,0,0,0,0,0,0,0,0,0,2
220540,1,1,0,0,0,0,0,0,0,0,0,0
220541,1,1,17,17,17,17,17,17,17,17,17,17
220542,0,1,23,9,18,16,23,29,11,24,24,24
220542,1,1,0,0,0,0,0,0,0,0,0,0
220543,1,1,0,0,0,0,0,0,17,14,21,0
220544,0,1,0,0,0,0,0,0,0,0,0,0
220544,1,1,0,0,0,0,0,0,0,0,0,0
220545,1,1,14,14,14,14,14,14,14,14,14,14
220545,2,1,9,9,9,9,9,9,9,9,9,9
220546,1,1,9,9,9,9,9,9,9,9,9,9
220547,0,1,2,2,2,2,2,2,2,2,2,2
220547,2,1,0,0,0,0,0,0,0,0,0,0
220548,1,1,0,0,0,0,0,0,0,0,0,0
220548,2,1,0,0,0,0,0,0,0,0,0,0
220549,1,1,0,0,0,0,0,0,0,0,0,0
220549,2,1,0,0,0,0,0,0,0,0,0,0
220550,1,1,0,24,20,10,12,32,0,0,8,0
220551,1,1,10,10,10,10,10,10,10,10,10,10
220551,2,1,0,0,0,0,0,0,0,0,0,0
220552,1,1,0,0,0,0,0,0,0,0,0,0
220553,0,1,26,11,0,0,0,0,0,23,15,0
220553,1,1,0,0,0,0,0,0,0,0,0,0
220554,1,1,9,9,9,9,9,9,9,9,9,9
220555,0,1,0,0,0,0,0,7,0,0,0,0
220555,1,1,0,0,0,0,0,0,0,0,0,0
220556,1,1,0,0,0,16,18,4,0,0,0,25
220557,0,1,0,0,0,0,10,32,0,25,21,0
220557,1,1,0,0,0,0,0,0,0,0,0,0
220558,1,1,0,0,0,0,0,0,0,0,0,0
220558,2,1,0,0,0,0,0,0,0,0,0,0
220559,1,1,0,0,0,0,0,0,0,0,0,0
220559,2,1,0,0,0,0,0,0,0,0,0,0
220560,1,1,0,0,0,0,0,0,0,0,0,0
220560,2,1,0,0,0,0,0,0,0,0,0,0
220561,1,1,25,12,11,12,5,22,23,22,24,8
220562,1,1,0,0,0,0,0,0,0,0,0,0
220563,1,1,0,0,0,0,0,0,0,0,0,0
220563,2,1,0,0,0,0,0,0,0,0,0,0
220564,1,1,25,9,23,17,0,0,0,28,0,3
220565,1,1,0,0,0,0,0,0,0,0,0,0
220566,1,1,0,14,0,20,0,0,17,20,0,0
220567,1,1,21,21,21,21,21,21,21,21,21,21
220568,1,1,0,0,0,0,11,0,0,0,0,0
220569,1,1,14,14,14,14,14,14,14,14,14,14
220570,0,1,0,0,0,0,0,0,0,0,0,0
220570,1,1,0,0,0,0,0,0,0,0,0,0
220570,2,1,0,14,0,0,0,0,0,0,0,0
220571,1,1,0,0,0,0,0,0,0,0,0,0
220572,1,1,0,0,0,0,0,0,0,0,0,0
220572,2,1,0,0,0,0,0,0,0,0,0,0
220573,1,1,0,0,0,0,0,0,0,0,0,0
220574,1,1,0,0,0,0,0,0,0,0,0,0
220575,0,1,0,0,0,0,0,0,0,0,0,0
220575,1,1,0,0,0,0,0,0,0,0,0,0
220576,1,1,0,0,0,0,0,0,0,0,0,0
220577,1,1,16,16,16,16,16,16,16,16,16,16
220577,2,1,0,0,0,0,0,0,0,0,0,0
220578,1,1,0,0,22,30,0,21,7,0,0,16
220579,1,1,0,0,0,0,0,0,0,0,0,0
220579,2,1,0,0,0,0,0,0,0,0,0,0
220580,1,1,0,0,0,0,0,0,0,0,0,0
220581,1,1,0,0,14,0,24,7,0,0,6,21
220582,1,1,0,0,0,0,0,0,0,0,0,0
220582,2,1,0,0,0,0,0,0,0,0,0,0
220583,1,1,0,0,0,0,0,0,0,0,0,0
220583,2,1,31,0,0,0,0,19,6,0,0,12
220584,1,1,0,0,0,0,0,0,0,0,0,0
220585,1,1,0,0,0,0,0,0,0,0,0,0
220586,0,1,21,21,21,21,21,21,21,21,21,21
220586,1,1,0,0,0,0,0,0,0,0,0,0
220587,0,1,28,22,36,26,47,15,14,14,25,32
220587,1,1,0,0,0,0,0,0,0,0,0,0
220588,1,1,15,15,15,15,15,15,15,15,15,15
220589,1,1,23,23,23,23,23,23,23,23,23,23
220589,2,1,0,0,0,0,0,0,0,0,0,0
220589,3,1,0,0,0,0,0,0,0,0,0,0
220590,0,1,20,20,20,20,20,20,20,20,20,20
220590,1,1,0,0,0,0,0,0,0,0,0,0
220591,1,1,0,0,0,0,4,0,0,0,0,0
220591,2,1,0,0,0,0,0,0,0,0,0,0
220592,1,1,0,0,0,0,0,0,0,0,0,0
220593,1,1,20,20,20,20,20,20,20,20,20,20
220594,0,1,27,16,27,0,21,12,26,26,0,17
220594,1,1,0,0,0,0,0,0,0,0,0,0
220595,1,1,12,12,12,12,12,12,12,12,12,12
220596,1,1,0,0,0,0,0,0,0,0,0,0
220596,2,1,0,0,0,0,0,0,0,0,0,0
220597,0,1,0,0,15,0,9,0,0,0,0,0
220597,1,1,9,9,9,9,9,9,9,9,9,9
220598,1,1,3,3,3,3,3,3,3,3,3,3
220599,1,1,0,0,0,0,0,0,0,0,0,0
220600,1,1,0,0,0,0,0,0,0,0,0,0
220600,2,1,0,0,0,0,0,0,0,0,0,0
220601,1,1,0,0,0,0,0,0,0,0,0,0
220602,1,1,0,0,0,14,0,0,0,0,22,0
220603,1,1,0,0,0,13,14,6,0,0,0,0
220603,2,1,0,0,0,0,0,0,0,0,0,0
220604,0,1,0,0,0,0,0,0,0,0,0,2
220604,1,1,0,0,0,0,0,0,0,0,0,0
220604,2,1,0,0,0,0,0,0,0,0,0,0
220604,4,1,0,0,0,0,0,0,0,0,0,0
220605,1,1,0,0,0,0,0,0,0,0,0,0
220605,2,1,0,0,0,0,0,0,0,0,0,0
220605,3,1,0,0,0,0,0,0,0,0,0,0
220605,4,1,0,0,0,0,0,0,0,0,0,0
220605,5,1,0,0,0,0,0,0,0,0,0,0
220606,0,1,0,0,0,0,0,0,0,0,0,0
220606,1,1,0,0,0,0,0,0,12,0,12,0
220607,1,1,5,5,5,5,5,5,5,5,5,5
220608,1,1,0,0,0,0,0,0,0,0,0,0
220609,1,1,0,0,0,0,0,0,0,0,0,0
220609,2,1,0,0,0,0,0,0,0,0,0,0
220610,0,1,0,0,24,11,0,0,11,0,32,0
220610,1,1,0,0,0,0,0,0,0,0,0,0
220611,1,1,0,0,0,0,0,0,0,0,0,0
220612,1,1,0,0,0,0,0,0,0,0,0,0
220612,2,1,6,15,0,10,10,0,0,0,0,0
220613,1,1,24,24,24,24,24,24,24,24,24,24
220614,1,1,0,0,0,0,0,0,0,0,0,0
220615,1,1,0,0,0,0,0,0,0,0,0,0
220615,2,1,0,0,0,0,0,0,0,0,0,0
220616,1,1,13,13,13,13,13,13,13,13,13,13
220616,3,1,0,0,0,0,0,0,0,0,0,0
220617,0,1,24,24,24,24,24,24,24,24,24,24
220617,1,1,0,0,0,0,0,0,0,0,0,0
220618,2,1,17,17,17,17,17,17,17,17,17,17
220619,1,1,0,0,0,0,0,0,0,0,0,0
220620,1,1,0,0,0,0,0,0,0,0,0,0
220620,2,1,0,0,0,0,0,0,0,0,0,0
220621,1,1,24,24,24,24,24,24,24,24,24,24
220622,1,1,15,15,15,15,15,15,15,15,15,15
220623,1,1,0,0,0,0,0,0,0,0,0,0
220624,1,1,20,20,20,20,20,20,20,20,20,20
220625,1,1,0,0,0,0,0,0,0,0,0,0
220626,1,1,7,7,7,7,7,7,7,7,7,7
220626,2,1,0,0,0,0,0,0,0,0,0,0
220627,0,1,0,0,0,0,0,0,0,0,0,0
220627,1,1,0,0,0,0,0,0,24,0,0,0
220627,2,1,9,0,0,0,0,5,0,20,0,0
220628,1,1,0,0,0,0,0,0,0,0,0,0
220628,2,1,0,0,0,0,0,0,0,0,6,0
220628,3,1,0,0,0,0,0,0,0,0,0,0
220629,1,1,0,0,0,0,0,0,0,0,0,0
220629,2,1,0,0,0,0,0,0,0,0,0,0
220630,1,1,0,0,21,0,0,0,0,13,0,0
220630,2,1,0,0,0,0,0,0,0,0,0,0
220631,1,1,0,0,0,0,21,0,0,0,0,0
220631,2,1,0,0,0,0,0,0,0,0,0,0
220632,1,1,0,0,0,0,0,0,0,0,0,0
220632,2,1,0,0,0,0,0,0,0,0,0,0
220633,1,1,0,0,0,0,16,0,0,0,0,0
220634,1,1,0,0,0,0,8,0,0,0,0,0
220635,1,1,0,0,0,0,0,0,0,0,0,0
220636,1,1,3,3,3,3,3,3,3,3,3,3
220636,2,1,0,0,0,0,0,0,0,0,0,0
220637,1,1,0,0,0,0,0,0,0,0,0,0
220637,2,1,0,0,0,0,0,0,0,0,0,0
220638,0,1,0,0,0,0,0,0,0,0,0,0
220638,1,1,10,0,0,0,16,0,0,0,0,0
220639,1,1,0,0,0,0,0,0,0,0,0,0
220639,2,1,0,0,0,0,0,0,0,0,0,0
220640,0,1,0,0,0,0,0,0,31,15,0,0
220640,1,1,0,0,0,0,0,0,0,0,0,0
220641,1,1,24,24,24,24,24,24,24,24,24,24
220642,0,1,0,0,0,0,0,11,0,22,0,0
220642,1,1,0,0,0,0,0,0,0,0,0,0
220643,1,1,0,0,0,0,0,0,0,0,0,0
220644,1,1,0,0,0,0,0,0,0,0,0,0
220645,1,1,23,23,23,23,23,23,23,23,23,23
220645,2,1,0,0,0,0,0,0,0,0,0,0
220647,1,1,0,0,0,0,0,0,0,0,0,0
220647,2,1,0,0,0,0,0,0,0,0,0,0
220647,3,1,0,0,0,0,0,0,0,0,0,0
220648,1,1,11,11,11,11,11,11,11,11,11,11
220649,1,1,7,0,0,0,0,0,0,0,15,0
220650,0,1,0,0,0,0,0,0,0,0,0,0
220650,1,1,0,0,0,0,0,13,0,0,0,0
220652,1,1,19,19,19,19,19,19,19,19,19,19
220652,2,1,0,0,0,0,0,0,0,0,0,0
220653,1,1,0,0,0,0,0,0,0,0,0,0
220654,1,1,0,0,0,0,0,0,0,0,0,0
220654,2,1,0,0,0,0,0,0,0,0,0,0
220655,1,1,15,0,0,5,0,0,0,0,0,0
220655,2,1,0,0,0,0,0,0,0,0,0,0
220656,0,1,0,0,0,0,0,0,0,0,0,0
220656,1,1,0,0,0,0,0,0,0,0,0,0
230001,1,1,0,0,0,0,0,0,0,0,0,0
230002,1,1,18,18,18,18,18,18,18,18,18,18
230003,1,1,7,7,7,7,7,7,7,7,7,7
230004,1,1,0,0,0,0,0,0,0,0,0,0
230005,1,1,10,10,10,10,10,10,10,10,10,10
230006,1,1,4,4,4,4,4,4,4,4,4,4
230007,1,1,0,0,0,0,0,0,0,0,0,0
230007,2,1,0,0,0,0,0,0,0,0,0,0
230008,1,1,0,0,0,0,0,0,0,0,0,0
230009,1,1,0,0,0,0,0,0,0,0,0,0
230009,2,1,0,0,0,0,0,0,0,0,0,0
230010,1,1,0,0,0,0,0,0,0,0,0,0
230010,2,1,0,0,0,0,0,0,0,0,0,0
230011,1,1,24,24,24,24,24,24,24,24,24,24
230012,1,1,6,6,6,6,6,6,6,6,6,6
230013,1,1,0,0,0,0,0,0,0,0,0,0
230014,1,1,0,0,0,0,0,0,0,0,0,0
230015,1,1,17,17,17,17,17,17,17,17,17,17
230015,2,1,0,0,0,0,0,0,0,0,0,0
230016,1,1,0,0,0,0,0,0,0,0,0,0
230016,2,1,0,0,0,0,0,0,0,0,0,0
230017,1,1,0,0,0,0,0,0,0,0,0,0
230018,1,1,15,15,15,15,15,15,15,15,15,15
230019,1,1,11,11,11,11,11,11,11,11,11,11
230019,2,1,0,0,0,0,0,0,0,0,0,0
230019,3,1,0,0,0,0,0,0,0,0,0,0
230020,1,1,16,16,16,16,16,16,16,16,16,16
230021,1,1,0,0,0,0,0,0,0,0,0,0
230022,1,1,0,0,0,0,0,0,0,0,0,0
230022,2,1,0,0,0,0,0,0,0,0,0,0
230023,1,1,0,0,0,0,0,0,0,0,0,0
230023,2,1,0,0,0,0,0,0,0,0,0,0
230024,1,1,0,0,0,0,0,0,0,0,0,0
230025,0,1,0,0,0,0,0,0,0,0,0,0
230025,1,1,0,0,0,0,0,0,0,0,0,0
230026,1,1,3,3,3,3,3,3,3,3,3,3
230027,1,1,4,4,4,4,4,4,4,4,4,4
230028,1,1,0,0,0,0,0,0,0,0,0,0
230029,1,1,5,5,5,5,5,5,5,5,5,5
230030,1,1,29,29,29,29,29,29,29,29,29,29
230032,1,1,16,16,16,16,16,16,16,16,16,16
230033,1,1,0,0,0,0,0,0,0,0,0,0
230034,1,1,0,0,0,0,0,0,0,0,0,0
230034,2,1,0,0,0,0,0,0,0,0,0,0
230035,1,1,0,0,0,0,0,0,0,0,0,0
230036,1,1,18,18,18,18,18,18,18,18,18,18
230037,1,1,23,23,23,23,23,23,23,23,23,23
230038,1,1,0,0,0,0,0,0,0,0,0,0
230039,1,1,0,0,0,0,0,0,0,0,0,0
230039,2,1,0,0,0,0,0,0,0,0,0,0
230040,1,1,12,12,12,12,12,12,12,12,12,12
230040,2,1,0,0,0,0,0,0,0,0,0,0
230041,1,1,10,10,10,10,10,10,10,10,10,10
230042,1,1,0,0,0,0,0,0,0,0,0,0
230043,1,1,0,0,0,0,0,0,0,0,0,0
230044,1,1,0,0,0,0,0,0,0,0,0,0
230044,2,1,0,0,0,0,0,0,0,0,0,0
230044,3,1,0,0,0,0,0,0,0,0,0,0
230045,1,1,24,24,24,24,24,24,24,24,24,24
230046,1,1,0,0,0,0,0,0,0,0,0,0
230046,2,1,0,0,0,0,0,0,0,0,0,0
230047,1,1,0,0,0,0,0,0,0,0,0,0
230047,2,1,0,0,0,0,0,0,0,0,0,0
230048,1,1,13,13,13,13,13,13,13,13,13,13
230049,1,1,0,0,0,0,0,0,0,0,0,0
230049,2,1,0,0,0,0,0,0,0,0,0,0
230049,3,1,0,0,0,0,0,0,0,0,0,0
230050,1,1,27,27,27,27,27,27,27,27,27,27
230051,1,1,0,0,0,0,0,0,0,0,0,0
230051,2,1,0,0,0,0,0,0,0,0,0,0
230052,1,1,0,0,0,0,0,0,0,0,0,0
230053,0,1,33,33,33,33,33,33,33,33,33,33
230053,1,1,0,0,0,0,0,0,0,0,0,0
230054,1,1,11,11,11,11,11,11,11,11,11,11
230055,1,1,0,0,0,0,0,0,0,0,0,0
230055,2,1,20,20,20,20,20,20,20,20,20,20
230056,1,1,27,27,27,27,27,27,27,27,27,27
230057,1,1,0,0,0,0,0,0,0,0,0,0
230058,1,1,9,9,9,9,9,9,9,9,9,9
230059,1,1,0,0,0,0,0,0,0,0,0,0
230059,2,1,0,0,0,0,0,0,0,0,0,0
230060,1,1,0,0,0,0,0,0,0,0,0,0
230061,1,1,0,0,0,0,0,0,0,0,0,0
230061,2,1,0,0,0,0,0,0,0,0,0,0
230062,1,1,0,0,0,0,0,0,0,0,0,0
230062,2,1,0,0,0,0,0,0,0,0,0,0
230063,1,1,0,0,0,0,0,0,0,0,0,0
230063,2,1,0,0,0,0,0,0,0,0,0,0
230064,1,1,0,0,0,0,0,0,0,0,0,0
230064,2,1,0,0,0,0,0,0,0,0,0,0
230065,1,1,0,0,0,0,0,0,0,0,0,0
230065,2,1,0,0,0,0,0,0,0,0,0,0
230066,1,1,5,5,5,5,5,5,5,5,5,5
230067,1,1,23,23,23,23,23,23,23,23,23,23
230068,1,1,16,16,16,16,16,16,16,16,16,16
230069,1,1,0,0,0,0,0,0,0,0,0,0
230069,2,1,7,7,7,7,7,7,7,7,7,7
230070,0,1,0,0,0,0,0,0,0,0,16,0
230070,1,1,0,0,0,0,0,0,0,0,0,0
230071,1,1,0,0,0,0,0,0,0,0,0,0
230072,1,1,0,0,0,0,0,0,0,0,0,0
230072,2,1,0,0,0,0,0,0,0,0,0,0
230073,1,1,0,0,0,0,0,0,0,0,0,0
230073,2,1,0,0,0,0,0,0,0,0,0,0
230074,1,1,19,19,19,19,19,19,19,19,19,19
230075,1,1,0,0,0,0,0,0,0,0,0,0
230076,1,1,0,0,0,0,0,0,0,0,0,0
230077,1,1,0,0,0,0,0,0,0,0,0,0
230077,2,1,0,0,0,0,0,0,0,0,0,0
230078,1,1,0,0,0,0,0,0,0,0,0,0
230078,2,1,0,0,0,0,0,0,0,0,0,0
230079,1,1,0,0,0,0,0,0,0,0,0,0
230079,2,1,0,0,0,0,0,0,0,0,0,0
230079,3,1,0,0,0,0,0,0,0,0,0,0
230079,4,1,0,0,0,0,0,0,0,0,8,0
230080,1,1,0,0,0,0,0,0,0,0,0,0
230080,2,1,0,0,0,0,0,0,0,0,0,0
230081,0,1,0,0,0,0,0,0,0,0,0,0
230081,1,1,0,0,0,0,0,0,0,0,0,0
230082,1,1,0,0,0,0,0,0,0,0,0,0
230083,1,1,0,0,0,0,0,0,0,0,0,0
230083,2,1,0,0,0,0,0,0,0,0,0,0
230084,1,1,15,15,15,15,15,15,15,15,15,15
230085,1,1,0,0,0,0,0,0,0,0,0,0
230086,1,1,0,0,0,0,0,0,0,0,0,0
230086,2,1,0,0,0,0,0,0,0,0,0,0
230087,1,1,0,0,0,0,0,0,0,0,0,0
230087,2,1,0,0,0,0,0,0,0,0,0,0
230087,3,1,0,0,0,0,0,0,0,0,0,0
230088,1,1,0,0,0,0,0,0,0,0,0,0
230089,0,1,23,23,23,23,23,23,23,23,23,23
230089,1,1,0,0,0,0,0,0,0,0,0,0
230090,1,1,0,0,0,0,0,0,0,0,0,0
230090,2,1,0,0,0,0,0,0,0,0,0,0
230091,1,1,0,0,0,0,0,0,0,0,0,0
230092,1,1,0,0,0,0,0,0,0,0,0,0
230092,2,1,0,0,0,0,0,0,0,0,0,0
230093,1,1,14,14,14,14,14,14,14,14,14,14
230094,1,1,21,21,21,21,21,21,21,21,21,21
230095,1,1,18,18,18,18,18,18,18,18,18,18
230096,1,1,19,19,19,19,19,19,19,19,19,19
230097,1,1,0,0,0,0,0,0,0,0,0,0
230097,2,1,0,0,0,0,0,0,0,0,0,0
230097,3,1,0,0,0,0,0,0,0,0,0,0
230098,1,1,0,0,0,0,0,0,0,0,0,0
230098,2,1,0,0,0,0,0,0,0,0,0,0
230099,1,1,0,0,0,0,0,0,0,0,0,0
230100,1,1,0,0,0,0,0,0,0,0,0,0
230101,1,1,18,18,18,18,18,18,18,18,18,18
230102,1,1,0,0,0,0,0,0,0,0,0,0
230103,1,1,33,33,33,33,33,33,33,33,33,33
230103,2,1,0,0,0,0,0,0,0,0,0,0
230104,1,1,0,0,13,0,0,0,0,0,0,0
230105,1,1,11,11,11,11,11,11,11,11,11,11
230106,1,1,11,11,11,11,11,11,11,11,11,11
230107,1,1,22,22,22,22,22,22,22,22,22,22
230108,1,1,0,0,0,0,0,0,0,0,0,0
230109,1,1,5,5,5,5,5,5,5,5,5,5
230109,2,1,0,0,0,0,0,0,0,0,0,0
230110,0,1,18,18,18,18,18,18,18,18,18,18
230110,1,1,15,15,15,15,15,15,15,15,15,15
230111,1,1,0,0,0,0,0,0,0,0,0,0
230112,0,1,0,0,0,0,0,0,0,0,0,0
230112,1,1,0,0,0,0,0,0,0,0,0,0
230113,1,1,0,0,0,0,0,0,0,0,0,0
230113,2,1,0,0,0,0,0,0,0,0,0,0
230114,1,1,13,13,13,13,13,13,13,13,13,13
230114,2,1,8,8,8,8,8,8,8,8,8,8
230115,1,1,0,0,0,0,0,0,0,0,0,0
230115,2,1,0,0,0,0,0,0,0,0,0,0
230116,1,1,5,5,5,5,5,5,5,5,5,5
230116,2,1,0,0,0,0,0,0,0,0,0,0
230117,1,1,0,0,0,0,0,0,0,0,0,0
230117,2,1,0,0,0,0,0,0,0,0,0,0
230118,1,1,0,0,0,0,0,0,0,0,0,0
230119,1,1,0,0,0,0,0,0,0,0,0,0
230120,1,1,0,0,0,0,0,0,0,0,0,0
230120,2,1,0,0,0,0,0,0,0,0,0,0
230121,1,1,0,0,0,0,0,0,0,0,0,0
230122,1,1,12,12,12,12,12,12,12,12,12,12
230123,1,1,0,0,0,0,0,0,0,0,0,0
230124,1,1,0,0,0,0,18,0,0,2,0,0
230125,1,1,0,0,0,0,0,0,0,0,0,0
230125,2,1,0,0,0,0,0,0,0,0,0,0
230126,1,1,0,0,0,0,0,0,0,0,0,0
230126,2,1,0,0,0,0,0,0,0,0,0,0
230127,1,1,3,0,0,0,0,0,0,0,14,0
230128,1,1,0,0,0,0,0,0,0,0,0,0
230128,2,1,0,0,0,0,0,0,0,0,0,0
230129,1,1,0,0,0,0,0,0,0,0,0,0
230129,2,1,0,0,0,0,0,0,12,0,0,2
230130,1,1,6,6,6,6,6,6,6,6,6,6
230131,1,1,0,0,0,0,0,0,0,0,0,0
230131,2,1,0,0,0,0,0,0,0,0,0,0
230132,1,1,25,25,25,25,25,25,25,25,25,25
230133,1,1,3,3,3,3,3,3,3,3,3,3
230134,0,1,8,8,8,8,8,8,8,8,8,8
230134,1,1,0,0,0,0,0,0,0,0,0,0
230135,1,1,0,0,0,0,0,0,0,0,0,0
230135,2,1,0,0,0,0,0,0,0,4,0,0
230136,1,1,21,21,21,21,21,21,21,21,21,21
230137,1,1,0,0,0,0,0,0,0,0,0,0
230138,1,1,33,33,33,33,33,33,33,33,33,33
230139,1,1,19,19,19,19,19,19,19,19,19,19
230140,1,1,18,18,18,18,18,18,18,18,18,18
230141,1,1,13,13,13,13,13,13,13,13,13,13
230142,1,1,0,0,0,0,0,0,0,0,0,0
230142,2,1,0,0,0,0,0,0,0,0,0,0
230143,1,1,0,0,0,0,0,0,0,0,0,0
230144,0,1,0,0,0,0,0,0,0,0,0,0
230144,1,1,0,0,0,0,0,0,0,0,0,0
230145,1,1,0,16,0,0,0,0,0,0,13,12
230145,2,1,0,0,0,0,0,0,0,0,0,0
230146,1,1,0,0,0,0,0,0,0,0,0,0
230147,1,1,0,0,0,0,0,0,0,0,0,0
230147,2,1,0,0,0,0,0,0,0,0,0,0
230147,3,1,0,0,0,0,0,0,0,0,0,0
230148,1,1,0,0,0,0,0,0,0,0,0,0
230148,2,1,0,0,0,0,0,0,0,0,0,0
230149,1,1,0,0,0,0,0,0,0,0,0,0
230150,1,1,0,0,0,0,0,0,0,0,0,0
230150,2,1,0,0,0,0,0,0,0,0,0,0
230151,0,1,0,0,0,0,0,0,0,0,0,0
230151,1,1,0,0,0,0,0,0,0,0,0,0
230153,1,1,8,0,0,0,0,0,0,0,15,0
240001,0,1,0,0,0,0,0,0,0,0,0,0
240001,1,1,0,0,0,0,0,0,0,0,0,0
240002,0,1,0,0,0,0,0,0,0,0,0,0
240002,1,1,0,0,0,0,0,0,0,5,0,0
240003,1,1,0,0,0,0,0,0,0,0,0,0
240004,1,1,0,0,0,0,0,0,0,0,0,0
240005,1,1,0,0,0,0,0,0,0,0,0,0
240005,2,1,0,0,0,0,0,0,0,0,0,0
240006,1,1,0,0,0,0,0,0,0,0,0,0
240007,1,1,0,0,0,0,0,0,0,0,0,0
240007,2,1,0,0,0,0,0,0,0,0,0,0
240008,1,1,40,40,40,40,40,40,40,40,40,40
240009,1,1,0,0,0,0,0,0,0,0,0,0
240009,2,1,0,0,0,0,0,0,0,0,0,0
240010,0,1,0,0,0,0,0,0,0,0,0,0
240010,0,2,0,0,0,0,0,0,0,0,0,0
240010,1,1,0,0,0,0,0,0,0,0,0,0
240011,0,1,0,0,0,0,0,0,0,0,0,0
240011,1,1,0,0,28,10,0,27,0,0,0,0
240012,0,1,9,9,9,9,9,9,9,9,9,9
240012,1,1,0,0,0,0,0,0,0,0,0,0
240013,0,1,23,23,23,23,23,23,23,23,23,23
240013,1,1,0,0,0,0,0,0,0,0,0,0
240014,1,1,0,0,0,0,0,7,0,0,0,19
240014,2,1,0,0,0,0,0,0,0,0,0,0
240015,1,1,24,24,24,24,24,24,24,24,24,24
240016,1,1,17,17,17,17,17,17,17,17,17,17
240017,1,1,0,0,0,0,0,0,0,0,0,0
240018,1,1,0,0,0,0,0,0,0,31,0,0
240019,1,1,0,7,0,0,0,0,14,0,14,0
240020,1,1,0,0,0,0,0,0,0,0,0,0
240021,1,1,17,17,17,17,17,17,17,17,17,17
240022,0,1,0,0,0,0,0,0,0,0,0,0
240022,0,2,0,0,0,0,0,0,0,0,0,0
240022,1,1,0,0,18,12,0,4,0,0,0,0
240023,1,1,0,0,0,0,0,0,0,0,0,0
240024,0,1,21,29,33,25,34,0,30,15,30,14
240024,1,1,0,0,0,0,13,0,0,0,0,0
240025,1,1,5,5,5,5,5,5,5,5,5,5
240025,2,1,0,0,0,27,0,0,0,0,0,0
240026,1,1,17,17,17,17,17,17,17,17,17,17
240026,2,1,18,18,18,18,18,18,18,18,18,18
240027,1,1,0,0,0,0,0,0,0,0,0,0
240027,2,1,0,0,0,0,0,0,0,0,0,0
240027,3,1,0,0,0,0,0,0,0,0,0,0
240028,1,1,0,0,0,14,0,0,10,0,0,0
240028,2,1,0,11,0,0,30,24,0,5,0,24
240029,1,1,0,0,0,0,0,0,0,0,0,0
240029,2,1,0,0,0,0,0,0,0,0,0,0
240030,1,1,0,0,0,0,0,0,0,0,0,0
240030,2,1,0,0,0,0,0,0,0,0,0,0
240030,3,1,0,0,0,0,0,0,0,0,0,0
240030,4,1,0,0,0,0,0,0,0,0,0,0
240031,1,1,11,11,11,11,11,11,11,11,11,11
240032,0,1,0,0,0,0,0,0,0,0,0,0
240032,1,1,0,0,0,0,0,0,0,0,7,0
240033,1,1,17,17,17,17,17,17,17,17,17,17
240034,1,1,19,19,19,19,19,19,19,19,19,19
240035,1,1,5,5,5,5,5,5,5,5,5,5
240036,1,1,0,0,0,0,0,0,0,0,0,0
240036,2,1,0,0,0,0,0,0,0,0,0,0
240037,0,1,0,0,0,0,0,0,0,0,0,0
240037,1,1,0,0,0,0,0,0,0,0,0,0
240038,1,1,24,24,24,24,24,24,24,24,24,24
240038,2,1,0,0,0,0,0,0,0,0,0,0
240039,1,1,9,9,9,9,9,9,9,9,9,9
240040,0,1,21,21,21,21,21,21,21,21,21,21
240040,1,1,0,0,0,0,0,0,0,0,0,0
240041,1,1,0,25,0,12,25,0,0,0,16,18
240042,0,1,0,0,0,0,0,0,0,0,0,0
240042,1,1,0,0,0,0,0,0,0,0,0,0
240043,1,1,0,0,0,0,0,6,0,0,0,0
240043,2,1,0,0,0,0,0,0,0,0,0,0
240044,1,1,0,0,0,0,0,0,0,0,0,0
240044,2,1,0,0,0,0,0,0,0,0,0,0
240045,0,1,0,0,0,0,0,0,0,0,0,0
240045,1,1,0,0,0,0,0,0,0,0,0,0
240046,0,1,0,0,0,0,0,0,0,0,0,0
240046,1,1,0,31,11,0,0,0,0,0,0,7
240047,1,1,26,26,26,26,26,26,26,26,26,26
240047,2,1,0,0,0,0,0,0,0,0,0,0
240047,3,1,0,0,0,0,0,0,0,0,0,0
240048,1,1,0,0,0,0,0,0,0,0,0,0
240048,2,1,0,0,0,0,0,0,4,0,0,0