ST_CASE,VEH_NO,PER_NO,P1,P2,P3,P4,P5,P6,P7,P8,P9,P10
240049,0,1,0,0,0,0,0,0,0,0,0,0
240049,1,1,0,0,0,0,0,0,0,0,0,0
240050,1,1,0,9,0,0,0,0,0,0,0,0
240050,2,1,0,0,0,0,0,5,0,0,0,0
240050,3,1,0,0,0,0,0,0,0,5,0,0
240051,1,1,0,0,0,0,0,0,0,0,0,0
240052,0,1,0,0,0,0,0,0,0,0,0,0
240052,1,1,0,0,0,0,0,0,0,0,0,0
240053,1,1,8,8,8,8,8,8,8,8,8,8
240053,2,1,0,0,0,0,0,0,0,21,0,0
240053,3,1,0,0,0,0,0,0,0,0,0,0
240054,1,1,0,0,0,0,0,0,0,0,0,0
240054,2,1,0,0,0,0,0,0,0,0,0,0
240054,3,1,0,0,0,0,0,0,0,0,0,0
240055,1,1,19,19,19,19,19,19,19,19,19,19
240055,2,1,0,0,0,0,0,0,0,0,0,0
240056,1,1,23,23,23,23,23,23,23,23,23,23
240057,1,1,0,0,0,0,0,0,0,0,0,0
240057,2,1,0,0,0,0,0,0,0,0,0,0
240057,3,1,0,0,4,0,4,0,0,0,0,0
240058,1,1,4,0,10,0,0,0,8,12,14,0
240059,1,1,10,10,10,10,10,10,10,10,10,10
240059,2,1,0,0,0,0,0,0,0,0,0,0
240059,3,1,0,0,0,0,0,0,0,0,0,0
240059,4,1,0,0,0,0,0,0,0,0,0,0
240059,5,1,0,0,0,0,0,0,0,0,0,0
240059,6,1,0,0,0,0,0,0,0,0,0,0
240060,1,1,0,0,0,0,0,0,0,0,0,0
240060,2,1,0,0,0,0,0,0,0,0,0,0
240061,1,1,21,9,10,30,10,25,35,21,11,6
240061,2,1,0,0,0,0,0,0,0,0,0,0
240061,3,1,0,0,0,0,0,0,0,0,0,0
240062,1,1,1,1,1,1,1,1,1,1,1,1
240062,2,1,0,0,0,0,0,0,0,0,0,0
240063,1,1,0,0,0,0,0,0,0,0,0,0
240064,1,1,29,29,29,29,29,29,29,29,29,29
240065,1,1,0,0,0,0,0,0,0,0,0,0
240065,2,1,0,0,0,0,0,0,0,0,0,0
240066,1,1,20,20,20,20,20,20,20,20,20,20
240067,1,1,0,0,0,0,0,0,0,0,0,0
240068,1,1,9,9,9,9,9,9,9,9,9,9
240069,1,1,0,0,0,0,0,0,0,0,0,0
240069,2,1,0,0,0,0,0,0,0,0,0,0
240069,3,1,0,0,0,0,0,0,0,0,0,0
240070,1,1,0,0,0,0,0,0,0,0,0,0
240070,2,1,0,0,0,0,0,0,0,0,0,0
240071,1,1,0,0,0,0,0,0,22,0,0,0
240071,2,1,0,0,0,0,0,0,0,0,0,0
240072,1,1,0,0,0,0,0,0,0,0,0,0
240072,2,1,0,0,0,0,0,0,0,0,0,0
240072,3,1,0,0,0,0,0,0,0,0,0,0
240073,1,1,0,0,0,0,0,0,0,0,0,0
240073,2,1,0,0,0,0,0,0,0,0,0,0
240074,1,1,0,0,10,0,0,0,0,0,18,0
240075,1,1,21,21,21,21,21,21,21,21,21,21
240076,1,1,1,1,1,1,1,1,1,1,1,1
240077,0,1,5,5,5,5,5,5,5,5,5,5
240077,1,1,0,0,0,0,0,0,0,0,0,0
240078,1,1,12,12,12,12,12,12,12,12,12,12
240079,1,1,0,0,0,0,0,0,0,0,0,0
240080,1,1,0,0,0,0,0,0,0,0,0,0
240081,1,1,0,0,0,0,0,0,0,0,0,0
240081,2,1,0,0,0,0,0,0,0,0,0,0
240082,1,1,31,31,31,31,31,31,31,31,31,31
240083,1,1,0,0,0,0,0,0,0,0,0,0
240083,2,1,0,0,0,0,0,0,0,0,0,0
240084,1,1,0,0,0,0,0,0,0,0,0,0
240084,2,1,16,0,0,0,0,0,0,0,0,0
240085,1,1,24,24,24,24,24,24,24,24,24,24
240086,0,1,26,26,26,26,26,26,26,26,26,26
240086,1,1,0,4,0,0,0,0,0,0,0,16
240087,1,1,0,0,0,0,0,0,0,0,0,0
240088,1,1,13,13,13,13,13,13,13,13,13,13
240089,1,1,0,0,0,0,0,0,0,0,0,0
240090,1,1,12,12,12,12,12,12,12,12,12,12
240090,2,1,0,0,0,0,0,0,0,0,0,0
240090,3,1,0,0,0,0,0,0,0,0,0,0
240090,4,1,0,0,0,0,0,0,0,0,0,0
240091,1,1,0,0,0,0,0,0,0,0,0,0
240091,2,1,0,0,0,14,0,0,0,0,0,0
240092,0,1,0,0,0,0,0,0,0,0,0,0
240092,1,1,0,0,0,0,0,0,0,0,0,0
240093,1,1,0,0,0,0,0,16,20,31,0,0
240094,0,1,21,21,21,21,21,21,21,21,21,21
240094,1,1,32,0,13,0,30,17,7,0,0,0
240095,1,1,0,0,0,0,0,0,0,0,0,0
240095,2,1,0,0,0,0,0,0,0,0,0,0
240096,1,1,0,0,0,0,0,0,0,0,0,0
240097,1,1,0,30,17,6,19,32,22,0,0,10
240098,1,1,0,0,0,0,0,0,0,0,0,0
240099,1,1,13,13,13,13,13,13,13,13,13,13
240099,2,1,0,0,0,0,0,0,0,0,0,0
240100,1,1,22,22,22,22,22,22,22,22,22,22
240101,1,1,13,13,13,13,13,13,13,13,13,13
240102,1,1,0,0,0,0,0,0,0,0,0,0
240103,1,1,0,0,0,0,0,0,0,0,0,0
240103,2,1,0,0,0,0,0,0,0,0,0,0
240104,1,1,35,35,35,35,35,35,35,35,35,35
240105,1,1,0,0,0,0,0,0,0,0,0,0
240106,1,1,18,18,18,18,18,18,18,18,18,18
240106,2,1,0,0,0,0,0,0,0,0,0,0
240107,1,1,0,0,0,0,0,43,0,0,0,11
240108,1,1,0,0,0,0,0,0,0,0,0,0
240109,1,1,20,20,20,20,20,20,20,20,20,20
240110,1,1,17,17,17,17,17,17,17,17,17,17
240111,1,1,0,0,0,0,0,0,0,0,0,0
240112,1,1,0,0,0,0,0,0,0,0,0,0
240112,2,1,0,0,0,0,0,0,0,0,0,0
240113,1,1,0,0,0,0,0,0,0,0,0,0
240113,2,1,0,0,0,0,0,0,0,0,0,0
240114,0,1,0,0,10,16,0,0,22,0,0,0
240114,1,1,0,0,0,0,0,0,0,0,0,0
240115,1,1,0,19,0,0,8,0,28,0,0,0
240115,2,1,0,18,0,0,0,0,0,0,23,0
240116,1,1,0,0,0,0,0,0,0,0,0,0
240117,1,1,0,0,0,0,0,0,0,0,0,0
240118,1,1,37,37,37,37,37,37,37,37,37,37
240118,2,1,0,0,0,0,0,0,0,0,0,9
240119,1,1,16,16,16,16,16,16,16,16,16,16
240120,1,1,0,0,0,0,0,0,0,0,0,0
240121,1,1,1,1,1,1,1,1,1,1,1,1
240122,0,1,34,34,34,34,34,34,34,34,34,34
240122,1,1,7,7,0,0,0,0,0,0,0,0
240123,1,1,20,20,20,20,20,20,20,20,20,20
240124,0,1,0,0,0,0,0,0,5,50,0,21
240124,1,1,0,0,0,0,0,0,0,0,0,0
240125,1,1,0,0,0,0,0,0,0,0,0,0
240125,2,1,0,0,0,0,0,0,0,0,0,0
240126,1,1,0,0,0,0,0,0,0,0,0,0
240126,2,1,0,0,0,0,0,0,0,0,0,0
240127,1,1,0,0,0,0,0,0,0,15,0,0
240127,2,1,0,0,0,0,0,0,0,0,0,0
240127,3,1,0,0,0,0,0,0,0,0,0,0
240128,0,1,16,16,16,16,16,16,16,16,16,16
240128,2,1,0,0,0,8,0,0,0,0,0,0
240128,3,1,0,0,0,0,0,0,0,0,0,0
240129,1,1,0,0,0,0,0,0,0,0,0,0
240130,1,1,0,0,0,0,0,0,0,0,0,0
240131,1,1,22,22,22,22,22,22,22,22,22,22
240131,2,1,17,17,17,17,17,17,17,17,17,17
240132,1,1,0,0,0,0,0,0,0,0,0,0
240132,2,1,0,0,0,0,0,0,0,0,0,0
240132,3,1,0,0,0,0,0,0,0,0,0,0
240133,1,1,0,0,0,0,0,0,0,0,0,0
240133,2,1,0,0,0,0,0,0,0,0,0,0
240134,1,1,23,23,23,23,23,23,23,23,23,23
240135,1,1,0,0,0,0,0,0,0,0,0,0
240136,1,1,0,0,0,0,0,0,0,0,0,0
240137,1,1,24,24,24,24,24,24,24,24,24,24
240138,0,1,8,8,8,8,8,8,8,8,8,8
240138,1,1,0,0,0,0,0,0,0,0,0,21
240139,0,1,0,0,0,0,0,0,0,0,0,0
240139,1,1,6,6,6,6,6,6,6,6,6,6
240140,1,1,0,0,0,0,0,0,0,0,0,0
240140,2,1,8,8,8,8,8,8,8,8,8,8
240141,1,1,0,0,0,0,0,0,0,0,0,0
240141,2,1,0,0,0,0,0,0,0,0,0,0
240142,1,1,20,20,20,20,20,20,20,20,20,20
240143,1,1,28,28,28,28,28,28,28,28,28,28
240144,0,1,0,0,0,0,0,0,0,0,0,0
240144,1,1,0,0,0,0,0,0,0,0,0,0
240145,1,1,23,23,23,23,23,23,23,23,23,23
240146,1,1,0,0,0,0,0,0,0,0,0,0
240146,2,1,0,0,0,0,0,0,0,0,0,0
240147,1,1,0,0,0,0,0,0,0,0,0,0
240147,2,1,0,0,0,13,0,0,0,3,0,0
240148,0,1,6,6,6,6,6,6,6,6,6,6
240148,1,1,27,27,27,27,27,27,27,27,27,27
240149,1,1,22,22,22,22,22,22,22,22,22,22
240149,2,1,0,0,0,0,0,0,0,0,21,0
240149,3,1,0,0,0,0,0,0,0,0,0,0
240150,1,1,16,16,16,16,16,16,16,16,16,16
240150,2,1,0,0,0,0,0,0,0,0,0,0
240151,1,1,0,0,0,0,0,0,0,0,0,0
240151,2,1,0,0,0,0,0,0,0,0,17,0
240152,0,1,18,0,5,23,0,30,36,20,0,9
240152,1,1,0,0,15,0,0,0,0,27,0,4
240153,1,1,0,0,0,0,0,0,0,0,0,0
240153,2,1,0,0,0,0,0,0,0,0,0,0
240154,0,1,0,0,0,0,0,0,0,0,0,0
240154,1,1,11,45,0,0,0,0,0,17,0,30
240155,1,1,18,18,18,18,18,18,18,18,18,18
240156,1,1,27,27,27,27,27,27,27,27,27,27
240156,2,1,0,0,0,0,0,0,0,0,0,0
240157,1,1,11,11,11,11,11,11,11,11,11,11
240158,1,1,30,30,30,30,30,30,30,30,30,30
240158,2,1,0,0,0,0,0,0,0,0,0,0
240159,1,1,0,0,0,0,0,0,0,0,0,0
240159,2,1,0,0,0,0,2,0,8,0,13,0
240160,1,1,0,0,0,0,0,0,0,0,0,0
240161,1,1,0,0,0,0,0,0,0,0,0,0
240162,1,1,14,14,14,14,14,14,14,14,14,14
240162,2,1,0,0,0,0,0,0,0,0,0,0
240162,3,1,11,11,11,11,11,11,11,11,11,11
240163,1,1,0,0,0,0,0,0,0,0,0,0
240163,2,1,0,0,0,0,0,0,0,0,0,0
240164,0,1,0,25,11,7,0,0,0,0,0,29
240164,1,1,0,0,0,0,0,0,0,0,0,0
240165,1,1,0,0,0,0,0,0,0,0,0,0
240166,1,1,22,22,22,22,22,22,22,22,22,22
240167,1,1,0,0,0,0,0,0,0,0,0,0
240168,1,1,18,18,18,18,18,18,18,18,18,18
240168,2,1,0,0,0,0,0,0,9,0,0,0
240168,3,1,0,0,0,0,0,0,0,0,0,0
240169,0,1,27,27,27,27,27,27,27,27,27,27
240169,1,1,0,0,0,0,0,0,0,0,0,0
240170,1,1,23,23,23,23,23,23,23,23,23,23
240170,2,1,0,0,0,0,0,0,0,0,0,0
240171,1,1,33,33,33,33,33,33,33,33,33,33
240171,2,1,0,0,0,0,0,0,0,0,0,0
240172,1,1,0,0,0,0,0,0,0,0,0,0
240172,2,1,0,0,0,0,0,0,0,0,0,0
240173,0,1,6,6,6,6,6,6,6,6,6,6
240173,1,1,0,0,0,0,0,0,0,0,0,0
240174,0,1,0,0,0,0,0,0,0,0,0,0
240174,1,1,0,0,0,0,0,0,0,0,0,0
240175,1,1,0,0,0,0,0,0,0,0,0,0
240176,0,1,0,10,24,0,0,0,12,0,0,0
240176,1,1,0,25,0,0,0,0,0,0,0,0
240177,1,1,0,0,0,0,0,0,5,0,7,0
240177,2,1,0,0,0,0,0,0,0,0,0,0
240177,3,1,0,0,0,0,0,0,0,0,0,0
240178,1,1,0,0,0,0,0,0,0,0,0,0
240179,0,1,0,0,0,0,0,0,0,0,0,0
240179,1,1,0,0,0,0,0,0,0,0,0,0
240180,0,1,0,0,0,0,0,0,0,0,0,0
240180,1,1,0,0,13,0,0,0,0,0,0,0
240181,0,1,34,34,34,34,34,34,34,34,34,34
240181,1,1,0,0,0,0,0,0,0,0,0,0
240182,0,1,0,0,0,0,0,0,0,0,0,0
240182,1,1,0,0,0,0,0,0,0,0,0,0
240183,1,1,0,0,0,0,0,0,0,0,0,0
240184,0,1,13,23,0,20,15,0,26,16,0,0
240184,1,1,0,0,0,0,0,0,0,0,0,0
240185,1,1,17,17,17,17,17,17,17,17,17,17
240186,1,1,8,8,8,8,8,8,8,8,8,8
240186,2,1,0,0,0,0,0,0,0,0,0,0
240187,1,1,0,0,0,0,0,0,0,0,0,0
240187,2,1,0,0,0,0,0,0,0,0,0,0
240188,1,1,14,14,14,14,14,14,14,14,14,14
240189,0,1,0,0,0,0,0,0,0,0,0,0
240189,1,1,0,0,0,0,0,0,0,0,0,0
240190,1,1,0,0,0,0,0,0,0,0,0,0
240190,2,1,0,0,0,0,0,0,0,0,0,0
240191,1,1,20,20,20,20,20,20,20,20,20,20
240192,1,1,15,15,15,15,15,15,15,15,15,15
240192,2,1,13,13,13,13,13,13,13,13,13,13
240193,1,1,0,0,0,0,0,0,0,0,0,0
240193,2,1,0,0,0,0,0,0,0,0,0,0
240194,1,1,14,14,14,14,14,14,14,14,14,14
240194,2,1,0,0,0,0,0,0,0,0,0,0
240195,0,1,14,14,14,14,14,14,14,14,14,14
240195,1,1,0,0,0,0,0,0,0,0,0,0
240196,1,1,0,0,0,0,0,0,0,0,0,0
240196,2,1,0,0,0,0,0,0,0,0,0,0
240197,1,1,0,0,7,0,13,0,8,0,5,26
240198,1,1,0,0,0,0,0,0,0,0,0,0
240198,2,1,0,0,0,0,0,0,0,0,0,0
240199,1,1,0,0,0,0,0,0,0,0,0,0
240199,2,1,0,0,0,0,0,0,0,0,0,0
240200,1,1,3,3,3,3,3,3,3,3,3,3
240201,1,1,0,0,0,0,0,0,0,0,0,0
240201,2,1,0,0,0,0,0,0,0,0,0,0
240202,1,1,0,0,0,0,0,0,0,0,0,0
240202,2,1,0,0,0,23,0,0,0,0,0,0
240203,0,1,0,0,0,0,0,0,0,0,12,0
240203,1,1,0,0,0,9,0,0,0,16,0,0
240204,1,1,2,2,2,2,2,2,2,2,2,2
240204,2,1,0,0,0,0,0,0,0,0,0,0
240205,0,1,2,2,2,2,2,2,2,2,2,2
240205,1,1,0,0,0,0,0,0,0,0,0,0
240206,0,1,0,0,0,0,0,0,0,6,0,0
240206,1,1,0,0,0,0,0,0,0,0,0,0
240207,1,1,0,0,15,0,0,0,0,0,0,0
240207,2,1,0,0,0,0,0,0,0,0,3,0
240208,1,1,0,27,20,8,25,0,22,12,0,18
240209,1,1,0,0,0,0,0,0,0,0,0,0
240210,1,1,3,3,3,3,3,3,3,3,3,3
240211,1,1,0,0,0,0,0,0,0,0,0,0
240211,2,1,0,0,0,0,0,0,0,0,0,0
240212,1,1,19,19,19,19,19,19,19,19,19,19
240213,1,1,0,0,0,0,0,0,0,0,0,0
240213,2,1,0,0,0,0,0,0,0,0,0,0
240214,0,1,0,0,0,0,0,0,0,0,0,0
240214,1,1,11,15,0,0,0,0,0,0,0,0
240215,1,1,21,21,21,21,21,21,21,21,21,21
240216,0,1,0,0,0,0,0,0,0,0,0,0
240216,1,1,15,0,0,0,0,0,0,0,0,0
240217,1,1,0,0,0,0,0,0,0,0,0,0
240217,2,1,0,0,0,0,0,0,0,0,0,0
240218,0,1,29,29,29,29,29,29,29,29,29,29
240218,1,1,0,0,0,0,0,0,0,0,0,0
240219,1,1,0,0,0,0,0,0,0,0,0,0
240220,0,1,0,0,0,0,0,0,0,0,0,0
240220,0,2,0,0,0,0,0,22,0,0,0,0
240220,0,3,0,0,0,0,0,0,0,0,0,0
240220,0,4,0,0,0,19,0,0,0,0,0,0
240220,1,1,17,17,17,17,17,17,17,17,17,17
240221,1,1,24,12,17,15,20,15,3,0,0,9
240222,1,1,0,0,0,0,0,0,0,0,0,0
240223,1,1,5,5,5,5,5,5,5,5,5,5
240223,2,1,0,0,18,0,0,0,0,0,0,0
240224,1,1,0,0,0,0,0,0,0,0,0,0
240225,1,1,21,21,21,21,21,21,21,21,21,21
240226,0,1,0,0,0,13,0,0,0,0,0,17
240226,1,1,0,0,0,0,0,0,0,0,15,0
240227,1,1,1,1,1,1,1,1,1,1,1,1
240228,1,1,0,0,0,0,0,0,0,0,0,0
240228,2,1,0,0,0,0,0,0,0,0,0,17
240229,1,1,16,16,16,16,16,16,16,16,16,16
240230,1,1,17,17,17,17,17,17,17,17,17,17
240230,2,1,0,0,0,0,0,0,0,0,0,0
240231,1,1,0,0,0,0,0,0,0,0,0,0
240232,1,1,11,11,11,11,11,11,11,11,11,11
240232,2,1,0,0,0,0,0,0,0,0,0,0
240232,3,1,0,0,0,0,0,0,0,0,0,0
240233,1,1,15,15,15,15,15,15,15,15,15,15
240234,0,1,0,0,0,0,0,0,0,0,0,0
240234,1,1,0,0,0,0,0,0,0,0,0,0
240235,1,1,8,8,8,8,8,8,8,8,8,8
240235,2,1,0,0,0,0,0,0,0,0,0,0
240236,1,1,0,0,0,0,0,0,0,0,0,0
240236,2,1,0,0,0,0,0,0,0,0,0,0
240236,3,1,0,0,0,0,0,0,0,0,0,0
240236,4,1,0,0,0,0,0,0,0,0,0,0
240237,1,1,0,0,0,0,0,0,0,0,0,0
240237,2,1,0,0,0,0,0,0,0,0,0,0
240238,1,1,0,0,0,0,0,0,0,0,0,0
240238,2,1,0,0,0,0,0,0,0,0,0,0
240239,1,1,0,0,0,0,0,0,0,0,0,0
240239,2,1,0,0,0,0,0,0,0,0,0,0
240240,1,1,0,0,0,0,0,0,0,0,0,0
240240,2,1,0,0,0,0,0,0,0,0,0,0
240241,0,1,0,33,0,14,0,0,4,0,0,0
240241,1,1,0,0,0,0,0,18,0,0,0,0
240241,2,1,0,0,0,0,0,0,0,0,0,0
240242,1,1,0,0,0,0,0,0,0,0,0,0
240243,1,1,4,4,4,4,4,4,4,4,4,4
240244,1,1,0,0,0,0,0,0,0,0,0,0
240244,2,1,0,0,0,0,0,0,0,0,0,0
240245,1,1,17,17,17,17,17,17,17,17,17,17
240246,1,1,0,0,0,0,0,0,0,0,0,0
240246,2,1,0,0,0,0,0,0,0,0,0,0
240247,1,1,0,0,0,0,0,0,0,0,0,0
240248,0,1,24,24,24,24,24,24,24,24,24,24
240248,1,1,0,0,0,0,0,0,0,0,0,0
240249,0,1,0,0,0,0,0,0,0,0,0,0
240249,1,1,0,0,0,0,0,0,0,0,0,0
240250,1,1,0,0,0,0,0,0,0,0,0,0
240250,2,1,5,5,5,5,5,5,5,5,5,5
240251,1,1,11,11,11,11,11,11,11,11,11,11
240252,0,1,32,32,32,32,32,32,32,32,32,32
240252,1,1,0,0,32,0,0,0,0,25,0,0
240253,1,1,0,0,0,0,0,27,0,0,0,21
240253,2,1,0,0,0,0,0,0,0,0,0,0
240254,1,1,0,0,0,0,0,0,0,0,0,0
240255,1,1,0,0,0,0,0,0,0,0,0,0
240255,2,1,0,11,0,0,0,0,0,0,0,0
240255,3,1,0,0,0,0,0,0,0,0,0,0
240256,1,1,0,0,0,0,0,0,0,0,0,0
240256,2,1,0,0,0,0,0,0,0,0,0,0
240257,1,1,0,0,0,0,0,0,0,0,0,0
240258,1,1,0,0,0,0,0,0,0,0,0,0
240259,0,1,17,17,17,17,17,17,17,17,17,17
240259,1,1,0,0,0,0,0,0,0,0,0,0
240260,0,1,0,0,0,0,0,0,0,0,0,0
240260,1,1,0,0,0,10,0,0,22,4,0,0
240261,1,1,0,0,0,0,0,0,0,0,0,0
240261,2,1,0,0,0,0,0,0,0,0,0,0
240262,1,1,0,0,0,0,0,0,0,0,0,0
240262,2,1,4,4,4,4,4,4,4,4,4,4
240263,1,1,0,0,0,0,0,0,0,0,0,0
240263,2,1,0,0,0,0,0,0,0,0,0,0
240264,1,1,8,8,8,8,8,8,8,8,8,8
240264,2,1,0,0,0,0,0,0,0,0,0,0
240264,3,1,0,0,0,0,0,19,0,0,0,0
240265,1,1,0,0,0,0,0,0,0,0,0,0
240266,0,1,0,0,0,0,0,0,0,0,0,0
240266,1,1,0,0,0,0,0,0,0,0,0,0
240267,1,1,5,5,5,5,5,5,5,5,5,5
240268,1,1,0,0,0,0,0,0,0,0,0,0
240268,2,1,0,0,0,0,0,0,0,0,0,0
240268,3,1,0,0,0,0,0,0,0,0,0,0
240269,0,1,0,0,0,0,0,0,0,0,0,0
240269,1,1,0,0,13,0,0,0,0,0,0,0
240270,1,1,0,0,0,0,0,0,0,0,0,0
240270,2,1,0,0,0,0,0,0,0,0,0,0
240271,1,1,0,0,0,0,0,0,0,0,0,0
240271,2,1,0,0,0,0,0,0,0,0,0,0
240272,1,1,0,0,0,0,0,0,0,0,0,0
240273,1,1,2,2,2,2,2,2,2,2,2,2
240274,1,1,0,0,0,0,0,0,0,0,0,0
240274,2,1,0,0,0,0,0,0,0,0,0,0
240275,1,1,0,0,0,0,0,0,0,0,0,0
240275,2,1,0,0,0,0,0,0,5,0,0,12
240276,1,1,0,0,0,0,0,0,0,0,0,0
240277,0,1,13,13,13,13,13,13,13,13,13,13
240277,1,1,39,0,0,0,0,0,0,0,0,0
240278,1,1,0,0,0,0,0,0,0,0,0,0
240278,2,1,0,0,0,0,0,0,0,0,0,0
240279,1,1,0,0,0,0,0,0,0,0,0,0
240279,2,1,15,15,15,15,15,15,15,15,15,15
240280,1,1,0,0,0,0,0,0,0,0,0,0
240280,2,1,0,0,0,0,0,0,0,0,0,0
240280,3,1,0,0,0,0,0,0,0,0,0,0
240281,1,1,0,0,0,0,0,0,0,0,0,0
240281,2,1,0,0,0,0,0,0,0,0,0,0
240282,1,1,31,31,31,31,31,31,31,31,31,31
240283,1,1,21,21,21,21,21,21,21,21,21,21
240283,2,1,0,0,15,0,0,0,0,0,0,0
240284,1,1,0,0,0,0,26,0,0,0,0,0
240285,1,1,0,0,0,0,0,0,0,0,0,0
240285,2,1,18,18,18,18,18,18,18,18,18,18
240286,1,1,0,0,0,0,0,15,0,0,0,0
240286,2,1,0,0,0,0,0,0,0,0,0,0
240287,1,1,14,14,14,14,14,14,14,14,14,14
240288,1,1,0,0,0,0,0,0,0,0,0,0
240288,2,1,7,13,0,0,0,0,0,23,0,0
240289,1,1,0,0,0,0,0,0,0,0,0,0
240290,1,1,0,0,0,0,0,0,0,0,0,0
240290,2,1,0,0,0,0,0,0,0,0,0,0
240290,3,1,0,0,0,0,0,7,0,0,0,0
240291,1,1,0,0,0,0,0,0,0,0,0,0
240291,2,1,0,0,0,0,0,0,0,0,0,0
240292,1,1,0,13,0,0,0,0,0,0,0,0
240292,2,1,0,0,0,0,0,0,11,0,0,0
240293,1,1,0,0,0,0,0,0,0,0,0,0
240293,2,1,0,0,0,0,0,0,0,0,0,0
240294,1,1,32,4,4,5,15,23,21,12,21,13
240295,0,1,0,0,0,0,0,0,0,0,0,0
240295,1,1,0,0,0,0,0,0,0,0,0,0
240296,0,1,12,0,0,0,12,0,0,0,0,0
240296,1,1,22,22,22,22,22,22,22,22,22,22
240296,2,1,0,0,0,0,0,0,0,0,0,0
240297,1,1,0,0,0,0,0,0,0,0,0,0
240298,1,1,1,1,1,1,1,1,1,1,1,1
240298,2,1,0,0,0,0,0,0,0,0,0,0
240299,1,1,0,0,0,0,0,0,0,0,0,0
240300,1,1,0,0,0,0,0,0,0,0,0,0
240300,2,1,0,0,0,0,0,0,0,0,0,0
240301,1,1,10,10,10,10,10,10,10,10,10,10
240302,1,1,18,18,18,18,18,18,18,18,18,18
240303,1,1,13,13,13,13,13,13,13,13,13,13
240304,1,1,17,17,17,17,17,17,17,17,17,17
240305,1,1,0,0,0,0,0,0,0,0,0,0
240305,2,1,0,0,0,0,0,0,0,0,0,0
240306,0,1,0,0,0,0,0,0,0,0,0,0
240306,1,1,19,0,0,0,0,0,0,0,0,0
240307,1,1,0,0,0,0,0,0,0,0,0,0
240308,1,1,0,0,0,0,0,0,0,0,0,0
240309,1,1,0,0,0,0,0,0,0,0,0,0
240310,1,1,4,4,4,4,4,4,4,4,4,4
240310,2,1,0,0,0,0,0,0,0,0,0,0
240311,0,1,23,23,23,23,23,23,23,23,23,23
240311,1,1,17,17,17,17,17,17,17,17,17,17
240312,1,1,0,0,0,0,0,0,0,0,0,0
240312,2,1,0,0,0,0,0,0,0,0,0,0
240313,1,1,18,18,18,18,18,18,18,18,18,18
240313,2,1,36,0,0,0,0,0,0,0,0,0
240314,1,1,0,0,0,0,0,0,0,0,0,0
240315,1,1,21,21,21,21,21,21,21,21,21,21
240316,1,1,0,0,0,0,0,0,0,0,0,0
240316,2,1,0,0,0,0,0,0,0,0,0,0
240317,1,1,8,8,8,8,8,8,8,8,8,8
240318,0,1,0,0,0,0,0,0,0,0,0,0
240318,1,1,0,0,0,0,0,0,0,0,0,0
240319,1,1,0,0,0,0,0,0,0,0,0,0
240319,2,1,0,0,0,0,0,0,0,0,0,0
240320,1,1,9,0,0,0,0,0,0,0,0,0
240320,2,1,0,0,0,0,0,0,0,0,0,0
240321,0,1,27,27,27,27,27,27,27,27,27,27
240321,1,1,0,0,0,0,0,0,0,0,0,0
240322,1,1,11,0,5,0,9,0,4,0,0,0
240323,1,1,0,0,0,0,0,0,0,0,0,0
240323,2,1,0,0,0,0,0,0,19,0,0,0
240324,1,1,0,0,0,0,0,0,0,0,0,0
240324,2,1,0,0,0,0,0,0,0,0,0,0
240325,1,1,0,0,0,0,0,0,0,0,0,0
240326,1,1,18,18,18,18,18,18,18,18,18,18
240327,1,1,0,0,0,0,0,0,0,0,0,0
240327,2,1,0,0,0,0,0,0,0,0,0,0
240328,1,1,5,5,5,5,5,5,5,5,5,5
240328,2,1,0,0,0,0,0,0,0,0,25,0
240329,1,1,12,12,12,12,12,12,12,12,12,12
240330,1,1,0,0,0,0,0,0,0,0,0,0
240331,0,1,4,4,4,4,4,4,4,4,4,4
240331,1,1,0,0,0,0,0,0,0,0,0,0
240332,1,1,0,0,0,0,0,0,0,0,0,0
240332,2,1,0,0,0,0,0,0,0,0,0,0
240333,1,1,0,0,0,0,0,0,0,0,0,0
240333,2,1,0,0,0,0,0,0,0,0,0,0
240334,1,1,0,0,0,0,0,0,0,0,0,0
240335,1,1,0,0,0,0,0,0,0,0,0,0
240336,1,1,25,25,25,25,25,25,25,25,25,25
240337,1,1,0,0,0,0,0,0,0,0,0,0
240337,2,1,0,0,0,0,0,0,0,0,0,0
240338,1,1,0,0,0,0,0,0,0,0,0,0
240338,2,1,0,0,0,0,0,2,0,0,0,0
240338,3,1,0,0,0,0,0,0,0,0,0,0
240339,1,1,0,0,0,0,0,0,0,0,0,0
240339,2,1,0,0,0,0,0,0,0,0,0,0
240340,1,1,0,0,0,0,0,0,0,0,0,0
240340,2,1,0,0,0,0,0,0,0,0,0,0
240341,1,1,0,0,0,0,0,0,0,0,0,0
240341,2,1,0,0,0,0,0,0,0,0,0,0
240342,0,1,0,0,0,0,0,0,0,0,0,0
240342,1,1,0,0,0,0,0,0,0,0,0,0
240343,1,1,25,0,0,22,0,0,0,0,0,0
240343,2,1,0,0,11,0,0,0,0,0,11,0
240344,1,1,0,0,0,0,0,0,0,0,0,0
240344,2,1,0,0,0,0,0,0,0,0,0,0
240344,3,1,0,0,0,0,0,0,0,0,0,0