ST_CASE,VEH_NO,PER_NO,P1,P2,P3,P4,P5,P6,P7,P8,P9,P10
250188,1,1,0,14,12,0,0,0,0,0,6,0
250189,0,1,33,33,33,33,33,33,33,33,33,33
250189,1,1,0,0,0,0,0,0,11,0,0,0
250190,0,1,0,0,0,0,0,0,0,0,0,0
250190,1,1,0,0,0,0,0,0,0,0,0,0
250191,1,1,23,23,23,23,23,23,23,23,23,23
250191,2,1,0,0,0,0,6,0,0,0,0,0
250192,1,1,0,0,0,0,0,0,0,0,0,0
250193,0,1,0,0,0,0,0,0,0,0,0,0
250193,1,1,0,0,0,16,0,13,9,0,0,0
250194,1,1,0,0,0,34,0,21,0,13,13,0
250194,2,1,0,0,0,0,0,0,0,0,0,0
250195,1,1,0,0,24,0,0,0,13,0,0,17
250195,2,1,6,12,0,0,40,0,0,0,0,0
250195,3,1,0,0,0,9,0,0,0,0,0,0
250196,1,1,0,18,0,0,0,0,0,0,0,0
250197,0,1,0,0,0,0,0,0,0,0,0,0
250197,1,1,8,0,0,0,0,32,0,0,0,9
250198,1,1,2,2,2,2,2,2,2,2,2,2
250198,2,1,0,0,0,0,0,0,0,0,0,0
250199,1,1,32,32,32,32,32,32,32,32,32,32
250199,2,1,0,0,0,0,0,0,0,0,0,0
250200,1,1,0,11,14,0,0,0,15,16,0,0
250201,1,1,0,32,0,0,0,0,0,0,0,22
250202,0,1,0,13,0,0,0,0,0,0,0,0
250202,1,1,0,12,0,0,0,0,0,0,0,0
250203,0,1,0,0,0,0,0,0,0,0,0,0
250203,1,1,3,0,0,8,0,0,20,0,0,0
250204,1,1,16,16,16,16,16,16,16,16,16,16
250205,1,1,28,28,28,28,28,28,28,28,28,28
250206,1,1,18,18,18,18,18,18,18,18,18,18
250207,1,1,0,0,0,0,0,0,0,0,0,0
250208,1,1,6,6,6,6,6,6,6,6,6,6
250208,2,1,0,0,0,0,0,9,0,0,0,19
250209,1,1,0,0,0,0,0,0,0,0,34,0
250209,2,1,0,0,0,0,0,0,0,0,0,0
250209,3,1,0,0,0,0,0,0,0,0,0,0
250209,4,1,0,19,0,0,0,0,0,0,0,3
250210,1,1,13,13,13,13,13,13,13,13,13,13
250211,0,1,3,3,3,3,3,3,3,3,3,3
250211,1,1,0,0,0,0,0,0,0,0,0,0
250212,1,1,18,18,18,18,18,18,18,18,18,18
250213,1,1,0,0,0,0,0,0,0,0,0,0
250214,1,1,0,0,0,0,0,0,0,0,17,0
250215,1,1,11,11,11,11,11,11,11,11,11,11
250216,1,1,8,8,8,8,8,8,8,8,8,8
250217,1,1,0,0,0,0,0,0,0,0,0,0
250218,1,1,0,0,0,0,0,0,0,0,0,0
250219,1,1,0,0,0,0,0,0,0,0,0,0
250220,0,1,0,0,0,0,0,0,0,0,0,0
250220,1,1,5,0,0,0,0,0,0,0,0,27
250221,1,1,17,17,17,17,17,17,17,17,17,17
250222,0,1,1,1,1,1,1,1,1,1,1,1
250222,1,1,0,0,0,0,0,0,0,0,0,0
250223,0,1,21,21,21,21,21,21,21,21,21,21
250223,1,1,8,0,5,0,0,0,0,0,5,19
250224,1,1,0,0,0,0,0,0,0,0,0,0
250224,2,1,0,0,0,0,0,0,0,0,0,0
250225,1,1,0,0,0,0,0,0,0,0,0,0
250225,2,1,0,0,0,0,0,0,0,0,0,0
250226,1,1,0,0,0,0,0,0,0,0,0,0
250226,2,1,36,6,0,0,17,0,0,0,0,0
250227,1,1,0,12,0,0,0,0,0,0,5,0
250227,2,1,10,13,17,0,11,11,0,0,0,0
250228,1,1,0,0,0,0,0,0,0,0,0,0
250228,2,1,0,0,0,0,0,0,0,0,0,11
250229,1,1,0,0,0,0,0,0,0,0,0,0
250229,2,1,0,0,0,0,0,0,0,0,0,0
250229,3,1,0,0,15,0,0,0,0,0,0,0
250229,4,1,0,16,0,19,0,3,0,0,0,0
250230,1,1,0,0,0,0,0,0,0,0,0,0
250230,2,1,0,0,0,0,0,0,0,0,0,0
250230,3,1,0,0,0,0,0,0,0,0,0,0
250230,4,1,0,0,0,0,0,0,0,0,0,8
250230,6,1,14,0,0,0,0,12,24,0,17,0
250230,7,1,0,0,0,0,20,0,0,0,0,0
250230,8,1,0,0,0,10,0,0,0,0,0,0
250231,1,1,17,4,9,13,13,13,10,8,9,25
250231,2,1,0,10,0,0,15,6,26,0,0,0
250232,0,1,32,32,32,32,32,32,32,32,32,32
250232,1,1,0,0,0,0,0,0,0,0,0,0
250232,2,1,0,0,0,0,0,0,0,0,13,0
250233,1,1,0,0,0,0,20,0,6,0,12,0
250233,2,1,0,0,0,0,0,0,0,0,0,0
250234,1,1,9,0,0,0,0,16,0,23,0,0
250234,2,1,0,6,0,0,0,0,8,0,0,0
250235,1,1,0,0,0,0,0,0,0,0,0,0
250235,2,1,0,0,0,9,0,0,0,0,0,8
250236,1,1,11,22,24,36,10,16,7,13,19,23
250236,2,1,14,0,0,0,11,11,0,0,0,0
250237,1,1,0,0,0,10,0,0,0,0,0,0
250237,2,1,0,0,0,0,0,0,0,0,0,0
250238,1,1,20,7,24,14,19,19,7,6,27,13
250240,1,1,0,0,0,12,17,0,0,0,0,8
250241,1,1,0,0,0,0,0,0,0,0,0,0
250241,2,1,0,0,0,23,0,17,0,0,0,0
250242,1,1,13,0,0,0,16,29,0,0,2,0
250243,1,1,0,0,0,0,0,0,0,0,0,0
250244,0,1,0,0,0,0,0,0,0,0,0,0
250244,1,1,0,0,0,0,0,0,0,0,0,13
250245,1,1,18,18,18,18,18,18,18,18,18,18
250246,1,1,1,1,1,1,1,1,1,1,1,1
250246,2,1,0,0,0,0,0,0,0,19,0,0
250246,3,1,7,5,0,0,0,9,0,11,0,0
250247,1,1,0,0,0,0,0,0,0,0,0,0
250247,2,1,0,0,0,0,0,0,0,0,0,0
250248,1,1,0,0,0,0,0,0,0,0,0,0
250248,2,1,12,8,17,19,20,8,0,0,22,8
250249,1,1,0,0,0,0,0,0,0,0,0,0
250249,2,1,0,0,21,0,0,0,0,0,0,17
250250,1,2,0,0,0,0,0,0,0,0,0,0
250251,1,1,0,0,0,0,0,0,0,0,0,16
250251,2,1,18,0,0,0,0,0,0,0,0,0
250252,0,1,0,0,0,0,0,0,0,0,0,0
250252,1,1,0,0,0,0,0,24,0,0,19,17
250253,0,1,0,0,0,0,0,0,0,0,0,0
250253,1,1,0,0,0,0,23,25,0,0,0,0
250254,1,1,0,7,0,0,4,0,6,0,0,0
250254,2,1,0,23,0,0,15,0,0,0,0,24
250255,1,1,33,11,32,17,0,0,17,0,27,16
250255,2,1,0,0,0,12,0,0,0,7,0,6
250256,1,1,14,14,14,14,14,14,14,14,14,14
250257,0,1,0,0,0,0,0,0,0,0,0,0
250257,1,1,0,0,0,0,0,0,0,0,0,0
250258,0,1,0,0,0,0,0,0,0,0,0,0
250258,1,1,14,0,0,0,0,0,0,0,0,0
250259,0,1,27,19,19,34,5,0,0,16,0,0
250259,1,1,0,0,0,0,0,0,0,0,0,0
250260,1,1,0,0,0,0,29,19,23,0,0,13
250261,0,1,27,27,27,27,27,27,27,27,27,27
250261,1,1,0,0,0,0,0,10,0,0,0,0
250262,0,1,0,0,0,0,0,0,0,0,0,0
250262,1,1,0,0,0,0,0,0,0,0,0,0
250263,1,1,3,3,3,3,3,3,3,3,3,3
250264,1,1,0,0,0,0,0,0,0,0,0,0
250265,0,1,14,27,19,0,25,0,0,8,0,0
250265,0,2,0,0,0,0,0,0,0,0,0,0
250265,1,1,0,0,0,0,0,0,0,0,0,12
250266,0,1,0,0,0,0,0,0,0,0,0,0
250266,1,1,0,0,0,0,0,0,0,0,0,0
250267,0,1,0,0,0,0,0,0,0,0,0,0
250267,1,1,0,28,0,0,0,23,0,25,0,0
250268,1,1,0,0,0,0,0,0,0,0,0,0
250269,1,1,0,0,0,10,0,0,0,0,13,0
250270,1,1,7,0,17,0,0,0,0,0,12,10
250271,0,1,0,0,0,0,0,0,0,0,0,0
250271,1,1,0,0,0,0,0,0,0,0,0,0
250272,1,1,0,0,0,0,0,0,0,0,0,0
250272,2,1,0,0,0,0,0,0,0,0,0,0
250273,1,1,0,0,0,31,0,0,0,0,0,6
250274,1,1,0,0,0,0,0,0,0,0,0,0
250275,1,1,0,10,0,0,0,13,0,10,0,0
250276,0,1,0,0,0,0,0,0,0,0,0,0
250276,1,1,0,0,0,8,0,0,0,0,0,0
250277,0,1,0,0,0,0,0,0,0,0,0,0
250277,1,1,0,0,0,0,0,0,0,0,0,7
250278,0,1,0,0,0,32,34,37,0,25,15,0
250278,1,1,0,0,0,0,0,0,21,0,15,0
250279,0,1,0,0,0,0,0,0,0,0,0,0
250279,1,1,0,0,0,0,0,0,0,0,0,0
250280,0,1,0,0,0,0,0,0,0,0,0,0
250280,1,1,0,0,0,0,0,0,0,0,0,0
250281,1,1,0,0,0,0,0,0,0,0,0,0
250282,1,1,22,22,25,5,13,7,20,16,15,20
250283,1,1,0,0,0,0,0,0,0,0,0,0
250284,0,1,0,0,0,0,0,0,0,0,0,0
250284,1,1,0,0,0,0,0,0,0,0,23,0
250285,0,1,0,0,0,0,0,0,0,0,0,0
250285,1,1,0,0,0,0,0,0,0,0,0,0
250286,1,1,19,17,40,10,36,14,46,19,0,22
250286,2,1,16,15,12,0,23,15,19,8,23,11
250287,0,1,0,0,0,0,0,0,0,0,0,0
250287,1,1,0,0,0,0,0,0,0,0,0,0
250288,1,1,25,25,25,25,25,25,25,25,25,25
250289,1,1,0,0,0,0,0,0,0,0,0,0
250289,2,1,0,0,0,0,0,0,0,0,0,0
250290,1,1,0,0,0,0,0,0,0,0,0,0
250290,2,1,0,0,0,0,0,0,0,0,0,0
250291,1,1,24,24,24,24,24,24,24,24,24,24
250291,2,1,0,0,0,0,0,0,0,0,0,0
250292,1,1,2,2,2,2,2,2,2,2,2,2
250292,2,1,0,0,0,0,0,0,0,0,0,0
250293,1,1,0,0,0,0,0,0,0,0,0,0
250293,2,1,6,6,6,6,6,6,6,6,6,6
250294,1,1,18,18,18,18,18,18,18,18,18,18
250294,2,1,0,0,0,0,0,0,0,18,0,0
250295,1,1,16,0,0,0,0,0,0,0,0,0
250295,2,1,0,0,0,0,0,0,0,0,0,0
250296,1,1,0,0,0,0,0,0,0,0,0,0
250297,1,1,26,26,26,26,26,26,26,26,26,26
250298,1,1,11,0,0,0,8,0,0,0,0,0
250298,2,1,0,9,0,0,0,0,0,0,0,18
250299,1,1,29,29,29,29,29,29,29,29,29,29
250300,0,1,13,0,10,0,0,0,0,0,0,0
250300,1,1,0,0,0,0,0,0,0,0,0,0
250302,1,1,0,0,0,0,0,0,0,0,0,0
250303,1,1,0,0,0,0,0,20,25,0,0,35
250304,1,1,21,21,21,21,21,21,21,21,21,21
250304,2,1,0,0,14,0,0,0,10,11,0,0
250304,3,1,0,10,6,16,7,0,25,38,17,8
250304,4,1,0,0,0,0,0,0,0,0,0,0
250304,5,1,0,0,0,14,16,0,4,0,11,0
250306,1,1,35,0,23,0,0,0,0,0,0,0
250307,0,1,0,0,0,13,0,0,0,0,0,0
250307,1,1,0,0,0,0,0,0,0,0,0,0
250308,1,1,0,0,0,13,0,20,0,19,10,12
250309,0,1,0,47,20,10,18,0,23,0,33,15
250309,1,1,26,0,6,0,15,19,0,0,0,17
250310,0,1,0,0,0,0,0,0,0,0,0,0
250310,1,1,0,0,0,17,0,9,0,5,22,7
250310,2,1,0,0,0,0,0,0,0,0,0,0
250311,1,1,12,6,11,10,33,19,13,13,32,11
250312,0,1,26,26,26,26,26,26,26,26,26,26
250312,1,1,0,0,0,0,8,0,0,0,0,0
250313,1,1,1,1,1,1,1,1,1,1,1,1
250313,2,1,0,0,0,0,0,0,0,0,0,0
250314,0,1,3,3,3,3,3,3,3,3,3,3
250314,1,1,0,0,0,0,0,0,0,0,0,0
250315,1,1,0,13,14,9,0,32,0,0,0,0
250316,0,1,0,0,0,0,0,0,0,0,0,0
250316,1,1,0,0,0,0,0,0,0,0,0,0
250317,1,1,0,0,0,0,0,0,0,0,0,0
250318,1,1,21,21,21,21,21,21,21,21,21,21
250319,1,1,0,0,0,0,0,0,0,0,0,0
250319,2,1,0,0,0,0,0,0,0,0,0,0
250320,1,1,13,13,13,13,13,13,13,13,13,13
250321,1,1,0,0,0,14,15,0,22,0,0,13
250321,2,1,0,0,0,0,0,0,0,0,0,0
250322,0,1,8,8,8,8,8,8,8,8,8,8
250322,1,1,0,0,0,0,0,0,0,0,0,0
250323,0,1,0,0,0,0,0,0,0,0,0,0
250323,1,1,0,0,8,0,7,0,5,18,14,13
250324,1,1,0,0,0,0,0,0,0,0,0,0
250325,0,1,0,0,0,0,0,0,0,0,0,0
250325,1,1,0,0,0,0,0,0,28,0,13,0
250326,0,1,0,0,0,0,0,0,0,0,0,0
250326,1,1,0,3,0,0,5,0,0,7,0,0
250327,1,1,10,10,10,10,10,10,10,10,10,10
250328,1,1,0,0,0,0,0,0,0,0,0,0
250328,2,1,0,6,0,0,0,0,0,21,0,0
250329,1,1,0,0,0,8,0,0,0,0,0,0
250329,2,1,0,0,0,0,0,0,0,0,0,0
250329,3,1,0,0,0,0,0,0,0,7,0,0
250329,4,1,0,0,0,0,0,0,0,0,0,25
250329,5,1,0,0,0,0,0,0,0,0,0,0
250330,0,1,10,10,10,10,10,10,10,10,10,10
250330,1,1,0,0,0,0,0,0,0,0,0,0
250331,0,1,1,1,1,1,1,1,1,1,1,1
250331,1,1,0,0,0,0,22,0,9,0,6,5
250332,0,1,0,12,0,0,0,0,0,15,0,0
250332,1,1,0,0,0,0,0,0,0,0,0,0
250333,1,1,30,15,18,21,17,31,38,21,16,12
250334,1,1,4,0,0,0,0,0,0,0,0,0
250334,2,1,0,0,0,0,0,0,0,0,0,0
250335,0,1,0,0,0,0,23,0,11,0,0,11
250335,0,2,0,0,0,0,0,2,4,0,3,0
250335,1,1,15,2,0,22,11,13,27,26,7,2
250337,1,1,12,12,12,12,12,12,12,12,12,12
250338,0,1,0,0,0,0,0,0,0,0,0,0
250338,1,1,0,0,0,0,0,0,0,0,0,0
250339,0,1,0,0,0,0,0,0,0,0,0,0
250339,1,1,0,5,0,0,0,12,0,0,14,0
250340,0,1,7,0,0,15,16,0,0,0,9,22
250340,1,1,0,0,0,0,0,0,0,13,0,10
250341,1,1,0,0,14,18,16,0,0,0,0,0
250341,2,1,2,2,2,2,2,2,2,2,2,2
250341,3,1,0,12,0,6,0,0,17,0,9,0
250342,1,1,0,0,0,0,0,0,0,0,12,0
250343,0,1,0,0,0,0,0,0,0,0,0,0
250343,0,2,0,0,0,0,0,0,0,0,0,0
250343,1,1,0,0,0,0,24,0,0,0,0,0
250343,2,1,0,19,0,0,0,0,0,0,0,0
250344,1,1,1,1,1,1,1,1,1,1,1,1
250345,1,1,0,0,0,0,0,0,0,0,0,0
250345,2,1,0,0,12,0,0,0,0,0,0,0
250346,1,1,0,0,0,0,0,0,0,0,0,0
250346,2,1,0,0,0,0,0,0,0,0,0,0
250347,1,1,0,0,0,0,0,0,0,0,0,0
250348,0,1,0,0,0,0,0,0,0,0,0,0
250348,1,1,0,0,23,0,0,0,0,0,0,8
250349,0,1,6,6,6,6,6,6,6,6,6,6
250349,1,1,0,5,0,0,0,8,0,0,20,0
250350,1,1,0,0,0,0,0,0,0,0,0,0
250351,1,1,0,0,0,0,0,0,0,0,0,0
250352,1,1,0,0,0,0,0,0,0,0,0,0
250352,2,1,18,0,13,0,0,0,0,0,0,0
250353,0,1,0,0,0,0,0,28,0,0,0,0
250353,1,1,0,0,0,0,25,0,0,0,0,0
250354,1,1,0,21,0,0,0,0,0,0,0,0
250354,2,1,0,0,0,0,0,0,14,21,17,8
250355,1,1,0,0,0,0,0,0,0,0,0,0
250356,0,1,28,15,28,19,19,21,19,36,15,34
250356,0,2,19,28,39,22,15,23,33,12,13,25
250356,1,1,0,0,0,33,0,2,0,0,0,0
250357,0,1,0,0,0,0,0,0,0,0,0,0
250357,1,1,0,0,33,9,0,22,0,0,0,0
250358,1,1,0,0,0,0,0,0,0,0,0,0
250358,2,1,0,0,0,0,0,18,0,0,0,15
250359,1,1,11,7,9,0,18,2,0,0,19,13
250360,1,1,16,6,21,9,17,11,24,0,32,0
250361,1,1,0,0,0,12,8,24,0,25,0,0
250362,1,1,23,0,0,11,0,0,0,11,0,0
250362,2,1,0,0,16,0,0,0,0,26,0,0
250363,1,1,39,0,5,16,0,0,14,0,0,0
250364,0,1,0,17,12,0,32,4,15,0,8,0
250364,1,1,0,0,0,0,15,0,5,0,0,0
250364,2,1,0,10,10,0,0,0,0,0,0,0
250365,1,1,0,0,0,0,0,0,13,25,30,0
250366,1,1,0,0,0,0,0,0,0,0,0,0
250367,0,1,0,0,4,13,20,0,0,0,0,0
250367,1,1,0,0,0,0,0,0,0,0,0,0
250368,0,1,0,24,0,14,0,0,0,0,0,0
250368,1,1,0,13,0,0,0,32,0,13,0,0
250369,0,1,0,0,0,0,0,12,0,0,0,0
250369,1,1,21,0,0,0,0,0,0,0,0,0
250370,1,1,94,94,94,94,94,94,94,94,94,94
250371,1,1,0,0,25,0,0,0,0,25,0,0
250373,0,1,0,0,0,0,0,3,0,0,29,6
250373,1,1,0,22,0,0,0,4,0,0,0,0
250374,1,1,7,7,7,7,7,7,7,7,7,7
250374,2,1,0,0,0,19,0,0,0,0,30,0
260001,1,1,20,20,20,20,20,20,20,20,20,20
260002,1,1,0,0,0,0,0,0,0,0,0,0
260003,1,1,0,0,0,0,0,0,0,0,0,0
260004,0,1,0,0,0,0,0,0,11,0,4,0
260004,1,1,0,0,0,0,0,0,0,0,0,0
260005,1,1,13,13,13,13,13,13,13,13,13,13
260006,1,1,2,2,2,2,2,2,2,2,2,2
260007,1,1,0,0,0,0,0,0,0,0,0,0
260008,1,1,0,0,0,0,0,0,0,0,0,0
260008,2,1,0,0,0,0,0,0,0,0,0,0
260009,0,1,21,0,3,0,19,26,8,0,12,11
260009,1,1,0,0,0,0,0,0,0,0,0,0
260010,1,1,0,0,0,0,0,0,0,0,0,0
260010,2,1,0,0,0,0,0,0,0,0,0,0
260011,1,1,19,19,19,19,19,19,19,19,19,19
260012,1,1,8,8,8,8,8,8,8,8,8,8
260012,2,1,0,0,0,0,0,0,0,0,0,0
260014,1,1,0,0,0,0,25,0,0,0,0,0
260014,2,1,0,0,0,0,0,0,0,0,0,0
260015,1,1,0,0,0,0,0,0,0,0,0,0
260016,0,1,0,0,0,0,0,0,0,0,0,0
260016,1,1,0,0,0,0,0,0,0,0,0,0
260016,2,1,0,0,0,0,0,0,0,0,0,13
260017,0,1,0,0,0,0,0,0,0,0,0,0
260017,1,1,0,0,0,0,7,0,0,16,0,0
260018,1,1,0,0,0,0,0,0,0,0,0,0
260018,2,1,0,0,0,0,0,0,0,0,0,0
260019,1,1,0,0,0,0,0,0,0,0,0,0
260019,2,1,0,0,0,0,0,0,0,0,0,0
260020,1,1,0,0,0,0,0,0,0,0,0,0
260020,2,1,0,0,0,0,0,0,0,0,0,0
260021,1,1,26,26,26,26,26,26,26,26,26,26
260022,1,1,0,0,0,0,0,0,0,0,0,27
260022,2,1,0,0,0,0,0,0,0,0,0,0
260023,1,1,0,0,0,0,0,0,0,0,0,0
260024,1,1,0,0,0,0,0,0,0,0,0,0
260025,1,1,4,4,4,4,4,4,4,4,4,4
260026,1,1,0,0,0,0,0,0,0,0,0,0
260027,0,1,7,0,0,0,0,0,0,0,0,0
260027,1,1,0,0,0,0,0,0,25,0,31,0
260028,1,1,0,0,0,0,0,0,0,0,0,0
260029,1,1,1,1,1,1,1,1,1,1,1,1
260030,1,1,0,0,0,0,0,0,0,0,0,0
260030,2,1,0,0,0,0,0,0,0,0,0,0
260031,1,1,0,0,0,0,0,0,0,0,0,0
260031,2,1,0,0,0,0,0,0,0,0,0,0
260032,0,1,14,0,13,17,12,27,34,28,19,11
260032,1,1,40,30,8,0,0,0,0,15,48,0
260033,1,1,15,0,0,0,0,0,0,0,0,0
260034,1,1,0,0,0,0,0,0,0,0,0,0
260035,1,1,0,0,0,0,0,0,0,0,0,0
260036,1,1,0,0,0,0,0,0,0,0,0,0
260036,2,1,0,0,0,0,0,0,0,0,0,0
260037,1,1,0,0,0,0,0,0,0,0,0,0
260038,1,1,0,0,0,0,0,0,0,0,0,0
260039,0,1,0,0,0,0,0,0,0,0,0,0
260039,1,1,0,0,0,0,0,0,0,0,0,0
260040,0,1,0,0,0,0,0,0,0,0,0,0
260040,1,1,0,0,0,0,0,0,0,0,0,0
260041,1,1,14,14,14,14,14,14,14,14,14,14
260041,2,1,0,0,0,0,0,0,0,0,0,0
260042,1,1,18,5,10,24,45,14,17,9,7,12
260043,1,1,0,0,0,0,0,0,0,0,0,0
260044,1,1,0,0,0,0,0,0,0,0,0,0
260045,1,1,0,0,0,0,0,0,0,0,0,0
260045,2,1,3,3,3,3,3,3,3,3,3,3
260046,1,1,20,20,20,20,20,20,20,20,20,20
260047,0,1,0,0,0,0,0,0,0,0,0,14
260047,1,1,0,0,0,0,0,0,0,0,0,0
260048,1,1,23,23,23,23,23,23,23,23,23,23
260048,2,1,0,0,0,0,0,0,0,0,0,0
260049,1,1,0,0,0,0,0,0,0,0,0,0
260049,2,1,0,0,0,0,0,0,0,0,0,0
260050,1,1,0,0,0,0,0,11,0,0,0,0
260050,2,1,0,0,0,0,0,0,0,0,0,0
260051,1,1,0,0,0,0,0,0,0,0,0,0
260051,2,1,0,0,0,0,0,0,0,0,0,0
260052,1,1,0,0,0,0,0,0,0,0,0,0
260053,0,1,15,15,15,15,15,15,15,15,15,15
260053,0,2,0,0,0,0,0,0,0,0,0,0
260053,1,1,0,0,0,0,0,0,0,0,0,0
260054,0,1,0,0,0,0,0,0,0,0,0,0
260054,1,1,0,0,0,0,0,0,0,0,0,0
260055,0,1,21,21,21,21,21,21,21,21,21,21
260055,1,1,0,0,0,0,0,0,0,0,0,0
260056,1,1,0,0,0,0,0,0,0,0,0,0
260056,2,1,0,0,0,0,0,0,0,0,0,0
260057,0,1,0,0,0,0,0,30,0,0,0,0
260057,1,1,0,0,0,0,0,0,0,0,0,0
260058,1,1,15,15,15,15,15,15,15,15,15,15
260058,2,1,0,0,0,0,0,0,0,0,0,0
260059,1,1,17,17,17,17,17,17,17,17,17,17
260060,0,1,32,0,0,0,46,0,27,20,0,0
260060,0,2,0,0,0,0,15,0,0,0,0,14
260060,1,1,0,0,0,0,0,0,0,0,0,0
260061,0,1,0,16,0,0,0,0,22,0,0,0
260061,1,1,0,0,0,0,0,0,0,0,0,0
260062,0,1,0,0,0,0,0,11,9,0,0,0
260062,1,1,0,0,0,0,0,0,0,0,0,0
260063,1,1,14,14,14,14,14,14,14,14,14,14
260064,1,1,42,42,42,42,42,42,42,42,42,42
260064,2,1,0,0,0,0,0,0,0,0,0,0
260065,1,1,0,0,0,0,0,0,0,0,0,0
260065,2,1,0,0,0,0,0,0,0,0,0,0
260066,1,1,19,19,19,19,19,19,19,19,19,19
260067,1,1,0,0,0,0,0,0,0,0,0,0
260067,2,1,0,0,0,0,0,0,0,0,0,0
260068,1,1,0,0,0,0,0,0,0,0,0,0
260069,1,1,4,4,4,4,4,4,4,4,4,4
260070,1,1,0,0,0,0,0,0,0,0,0,0
260071,1,1,0,0,0,0,0,0,0,0,0,0
260071,2,1,0,0,0,0,0,0,0,0,0,0
260072,0,1,0,0,0,0,0,0,0,0,0,0
260072,1,1,0,0,0,0,0,0,0,0,0,0
260073,1,1,0,0,0,0,0,0,0,0,0,0
260074,1,1,0,0,0,0,0,0,0,0,0,0
260074,2,1,0,0,0,0,0,0,0,0,0,0
260075,1,1,0,0,0,0,0,0,0,0,0,0
260076,1,1,18,18,18,18,18,18,18,18,18,18
260077,1,1,28,28,28,28,28,28,28,28,28,28
260078,1,1,0,0,0,0,0,0,0,0,0,0
260078,2,1,0,0,0,0,0,0,0,0,0,0
260079,1,1,23,23,23,23,23,23,23,23,23,23
260079,2,1,0,0,0,0,0,0,0,0,0,0
260080,1,1,0,0,0,0,0,0,0,0,0,0
260080,2,1,0,0,0,0,0,0,0,0,0,0
260081,0,1,0,0,0,0,0,0,0,0,0,0
260081,1,1,0,0,0,0,33,0,0,0,15,0
260082,1,1,0,0,0,0,0,0,0,0,0,0
260082,2,1,0,0,0,0,0,0,0,0,0,0
260083,1,1,0,0,0,0,0,0,0,0,0,0
260083,2,1,20,20,20,20,20,20,20,20,20,20
260084,0,1,0,0,0,0,0,0,0,0,0,0
260084,1,1,0,0,0,0,0,0,0,0,0,0
260085,1,1,0,0,0,0,0,0,0,0,0,0
260085,2,1,0,0,0,0,0,0,0,0,0,0
260086,1,1,16,16,16,16,16,16,16,16,16,16
260086,2,1,0,0,0,0,0,0,0,0,0,0
260087,1,1,23,23,23,23,23,23,23,23,23,23
260088,1,1,0,0,0,0,0,0,0,0,0,0
260088,2,1,0,0,0,0,0,0,0,0,0,0
260089,0,1,0,0,0,0,0,0,0,0,0,0
260089,1,1,0,0,0,0,0,17,0,0,0,0
260090,1,1,0,0,0,0,0,0,0,0,0,0
260091,1,1,0,0,0,0,0,0,0,0,0,0
260091,2,1,0,0,0,0,0,0,0,0,0,0
260092,0,1,0,0,0,0,0,0,0,0,0,0
260092,1,1,0,0,0,0,0,0,0,0,0,0
260092,2,1,0,0,0,0,0,0,0,0,0,0
260093,1,1,26,26,26,26,26,26,26,26,26,26
260094,1,1,0,0,0,0,0,0,0,0,0,0
260094,2,1,0,0,0,0,0,0,0,0,0,0
260095,1,1,0,0,0,0,0,0,0,0,0,0
260095,2,1,0,0,0,0,0,0,0,0,20,0
260096,1,1,0,0,0,17,0,0,0,0,0,0
260098,1,1,0,0,0,0,0,0,0,0,0,0
260098,2,1,0,0,0,0,0,0,0,0,0,0
260099,1,1,0,0,0,0,0,0,0,0,0,0
260099,2,1,0,0,0,0,0,0,0,0,0,0
260099,3,1,0,0,0,0,0,0,0,0,0,0
260100,0,1,0,10,0,0,0,0,0,0,0,0
260100,1,1,0,0,0,0,0,0,0,0,0,0
260100,2,1,0,0,0,0,0,0,0,0,0,0
260101,1,1,17,17,17,17,17,17,17,17,17,17
260101,2,1,0,0,0,0,0,0,0,14,0,0
260102,0,1,12,12,12,12,12,12,12,12,12,12
260102,0,2,0,0,12,23,0,0,0,0,0,0
260102,1,1,0,8,5,0,0,0,0,0,0,0
260103,1,1,0,0,0,0,0,0,0,0,0,0
260103,2,1,0,0,0,0,0,0,0,0,0,0
260104,1,1,0,0,0,0,0,0,0,0,0,0
260104,2,1,0,0,0,0,0,0,0,0,0,0
260104,3,1,0,0,0,0,0,16,0,0,0,0
260104,4,1,0,0,0,0,0,0,0,0,0,0
260105,1,1,0,0,0,0,0,0,0,0,0,0
260106,1,1,25,25,25,25,25,25,25,25,25,25
260107,1,1,0,0,0,0,0,0,0,0,0,0
260108,1,1,14,15,24,7,11,22,6,10,18,23
260109,1,1,0,6,0,0,0,0,0,0,0,0
260109,2,1,0,0,0,0,0,0,0,0,0,0
260110,1,1,0,0,0,0,0,0,0,0,0,0
260110,2,1,0,0,0,0,0,0,0,0,0,0
260111,0,1,0,0,0,0,0,0,0,0,0,0
260111,0,2,0,0,0,0,0,7,0,0,0,0
260111,1,1,0,0,0,0,0,0,0,0,0,0
260112,1,1,0,0,0,0,0,18,0,0,0,0
260113,0,1,0,0,0,0,0,0,0,0,0,0
260113,1,1,0,0,0,0,0,0,0,0,0,0
260114,1,1,0,0,17,0,0,14,0,0,0,0
260114,2,1,0,0,0,0,0,0,0,0,0,0
260115,1,1,0,0,0,0,0,0,0,0,0,0
260115,2,1,0,0,0,0,0,0,0,0,0,0
260116,1,1,0,0,0,0,0,0,0,0,0,0