ST_CASE,VEH_NO,PER_NO,P1,P2,P3,P4,P5,P6,P7,P8,P9,P10
260117,1,1,0,0,0,0,0,0,0,0,0,0
260117,2,1,0,0,0,0,0,0,0,0,0,0
260118,1,1,0,0,0,0,0,0,0,0,0,0
260118,2,1,20,20,20,20,20,20,20,20,20,20
260119,1,1,24,24,24,24,24,24,24,24,24,24
260120,1,1,0,0,0,0,0,0,0,0,0,0
260120,2,1,0,0,0,0,0,0,0,11,0,0
260120,3,1,0,0,0,0,0,0,0,0,0,0
260121,1,1,18,18,18,18,18,18,18,18,18,18
260122,1,1,0,6,0,0,0,0,0,0,0,0
260122,2,1,0,0,0,0,0,0,0,0,0,0
260123,1,1,0,0,0,0,0,0,0,0,0,0
260124,1,1,0,0,0,0,0,0,0,0,0,0
260125,1,1,24,24,24,24,24,24,24,24,24,24
260125,2,1,0,0,0,0,0,0,0,0,0,0
260126,1,1,0,3,0,0,0,5,0,4,8,0
260127,0,1,36,0,14,0,5,0,37,7,0,0
260127,1,1,0,0,0,0,0,0,0,0,0,0
260128,1,1,0,0,0,0,0,0,0,0,0,0
260129,1,1,15,15,15,15,15,15,15,15,15,15
260130,1,1,0,0,0,0,0,0,0,0,0,0
260130,2,1,0,0,0,0,0,0,0,0,0,0
260131,1,1,0,0,0,0,0,0,0,0,0,0
260132,1,1,21,21,21,21,21,21,21,21,21,21
260133,1,1,0,0,0,0,0,0,0,0,0,0
260133,2,1,0,0,0,0,0,0,0,0,0,0
260134,1,1,0,0,0,0,0,0,0,0,0,0
260135,0,1,21,21,21,21,21,21,21,21,21,21
260135,1,1,16,17,9,17,17,16,3,21,12,0
260136,1,1,0,0,0,0,0,0,0,0,0,0
260137,1,1,0,0,0,0,0,0,0,0,0,0
260137,2,1,32,0,0,0,0,18,0,0,0,0
260138,1,1,0,0,0,0,0,0,0,0,0,0
260138,2,1,0,0,0,0,0,0,0,0,0,0
260139,1,1,0,0,0,0,0,0,0,0,0,0
260139,2,1,0,0,0,0,0,0,0,0,0,0
260140,1,1,0,0,0,0,0,0,0,0,0,0
260140,2,1,0,0,0,0,0,0,0,0,0,0
260141,1,1,0,0,0,0,0,0,0,0,0,0
260142,1,1,15,15,15,15,15,15,15,15,15,15
260143,1,1,18,0,0,0,0,0,0,0,0,0
260144,1,1,13,13,13,13,13,13,13,13,13,13
260145,1,1,0,0,0,0,0,0,0,0,0,0
260145,2,1,0,0,0,0,0,0,0,0,0,0
260146,1,1,3,3,3,3,3,3,3,3,3,3
260147,1,1,13,13,13,13,13,13,13,13,13,13
260147,2,1,0,0,0,0,0,0,0,0,0,0
260148,1,1,11,11,11,11,11,11,11,11,11,11
260149,1,1,17,11,12,0,22,48,13,18,9,6
260150,1,1,7,7,7,7,7,7,7,7,7,7
260151,1,1,34,34,34,34,34,34,34,34,34,34
260152,1,1,0,0,0,0,0,0,12,0,0,0
260152,2,1,0,0,0,0,0,0,15,0,0,0
260153,1,1,0,0,0,0,0,0,0,0,0,0
260153,2,1,0,0,0,15,0,0,0,0,0,0
260154,1,1,0,0,0,0,0,0,0,0,0,0
260154,2,1,0,0,0,0,0,0,0,0,0,0
260155,1,1,0,0,0,0,0,0,0,0,0,0
260155,2,1,0,0,0,0,13,0,0,0,0,0
260156,1,1,0,0,0,0,0,0,0,0,0,0
260157,1,1,0,0,0,0,0,0,0,0,0,0
260158,1,1,0,0,0,0,0,0,0,0,0,0
260159,1,1,0,0,0,0,30,0,0,12,0,15
260160,1,1,0,0,0,0,0,0,0,0,0,0
260160,2,1,0,0,0,0,0,0,0,0,0,0
260161,1,1,0,0,0,0,0,0,0,0,0,0
260161,2,1,0,0,0,0,0,0,0,0,0,0
260162,1,1,0,0,0,0,0,0,0,0,0,0
260163,1,1,0,0,0,0,0,0,0,0,0,0
260164,1,1,0,0,0,0,0,0,0,0,0,0
260164,2,1,0,0,0,0,0,0,0,0,0,0
260165,1,1,23,23,23,23,23,23,23,23,23,23
260165,2,1,0,0,0,0,0,0,0,0,0,0
260166,1,1,0,0,0,0,0,0,15,0,29,0
260166,2,1,20,20,20,20,20,20,20,20,20,20
260167,1,1,0,0,0,0,0,0,0,0,0,0
260167,2,1,0,5,0,0,0,0,0,0,18,0
260168,1,1,16,16,16,16,16,16,16,16,16,16
260168,2,1,13,0,14,0,0,19,0,0,0,10
260169,1,1,0,0,0,0,0,0,0,0,0,0
260169,2,1,0,0,0,0,0,0,0,0,10,0
260170,1,1,0,0,0,0,0,0,0,0,0,11
260170,2,1,0,0,0,0,0,0,0,0,0,0
260171,1,1,15,15,15,15,15,15,15,15,15,15
260172,0,1,16,16,16,16,16,16,16,16,16,16
260172,1,1,0,0,0,0,0,0,0,0,0,0
260172,2,1,0,17,0,9,0,15,4,16,0,0
260173,1,1,29,23,10,5,17,24,19,20,22,14
260174,1,1,0,0,0,0,0,0,0,0,0,0
260175,1,1,0,0,0,0,0,0,0,0,0,0
260175,2,1,0,0,0,0,0,0,0,0,0,0
260176,1,1,0,0,0,0,0,0,0,0,0,0
260176,2,1,0,0,0,0,0,0,0,0,0,0
260177,1,1,35,35,35,35,35,35,35,35,35,35
260178,1,1,0,0,0,0,0,0,0,0,0,0
260178,2,1,0,0,0,0,0,0,0,0,0,0
260179,1,1,0,0,0,0,44,20,18,0,0,0
260180,1,1,15,15,15,15,15,15,15,15,15,15
260180,2,1,0,0,0,0,0,0,0,0,0,3
260180,3,1,0,25,0,0,0,0,0,27,0,0
260182,1,1,0,0,0,0,0,0,0,0,0,0
260183,1,1,0,0,0,0,0,0,0,0,0,0
260183,2,1,0,0,0,0,0,0,0,0,0,0
260183,3,1,0,0,0,0,0,0,0,0,0,0
260184,1,1,5,0,0,0,0,0,0,0,0,0
260185,0,1,0,0,0,0,0,0,0,0,0,0
260185,1,1,0,0,0,0,0,0,0,0,0,0
260185,2,1,0,0,0,0,0,0,0,0,0,0
260186,1,1,22,22,22,22,22,22,22,22,22,22
260187,1,1,0,0,0,0,0,0,0,0,0,0
260188,1,1,0,0,0,0,0,0,0,0,0,0
260188,2,1,0,0,0,0,0,0,0,0,0,0
260189,1,1,0,0,0,0,0,0,0,0,0,0
260189,2,1,0,0,0,0,0,0,0,0,0,0
260190,1,1,10,10,10,10,10,10,10,10,10,10
260190,2,1,0,0,0,0,0,0,0,0,0,0
260190,3,1,0,0,0,0,0,0,0,0,0,0
260191,1,1,11,11,11,11,11,11,11,11,11,11
260193,1,1,0,0,0,0,0,0,0,0,0,0
260194,1,1,29,29,29,29,29,29,29,29,29,29
260194,2,1,0,0,0,0,0,0,0,0,0,0
260195,0,1,0,0,0,0,0,0,0,0,0,0
260195,0,2,0,0,0,0,0,0,0,0,0,0
260195,1,1,0,0,0,0,0,0,0,0,0,0
260196,1,1,27,27,27,27,27,27,27,27,27,27
260197,1,1,0,0,0,0,0,0,0,0,0,0
260198,1,1,26,26,26,26,26,26,26,26,26,26
260199,1,1,0,0,0,0,0,0,0,0,0,0
260199,2,1,0,0,0,0,0,0,0,0,0,0
260200,1,1,0,0,0,0,0,0,0,0,0,0
260201,1,1,17,17,17,17,17,17,17,17,17,17
260202,0,1,0,0,0,0,0,0,0,0,0,0
260202,1,1,0,0,33,0,0,0,0,0,0,0
260203,1,1,0,0,0,0,0,0,0,0,0,0
260203,2,1,0,0,0,0,0,0,0,0,0,0
260204,1,1,0,0,0,0,0,0,0,12,0,0
260204,2,1,20,0,0,0,0,19,0,0,0,0
260204,3,1,0,0,0,0,0,0,0,0,0,0
260205,1,1,0,0,0,0,0,0,0,0,0,0
260206,1,1,0,0,0,0,0,0,0,0,0,0
260206,2,1,0,0,0,0,0,0,0,0,0,0
260207,1,1,0,0,0,0,0,0,18,0,0,0
260207,2,1,0,0,0,0,0,0,0,0,0,0
260208,1,1,19,19,19,19,19,19,19,19,19,19
260209,1,1,0,0,0,0,0,0,0,0,0,8
260210,0,1,0,0,0,0,0,0,0,0,0,0
260210,1,1,12,0,0,0,0,0,0,0,0,0
260211,1,1,0,0,0,0,0,0,0,0,0,0
260211,2,1,0,0,0,0,0,0,0,0,0,0
260212,1,1,0,0,0,0,0,0,0,0,0,0
260212,2,1,0,0,0,0,0,0,0,0,0,0
260213,1,1,0,0,0,0,0,0,0,0,0,0
260214,1,1,0,0,0,0,0,0,0,0,0,12
260214,2,1,0,0,0,0,0,0,0,0,0,0
260215,1,1,25,25,25,25,25,25,25,25,25,25
260217,1,1,0,0,0,0,0,0,0,0,0,0
260217,2,1,0,0,0,0,0,0,0,0,0,0
260218,1,1,0,0,0,0,0,0,0,0,0,0
260218,2,1,0,0,0,0,0,0,0,0,0,0
260219,1,1,0,0,0,0,0,0,0,0,0,0
260220,1,1,0,0,0,0,25,0,0,0,0,0
260220,2,1,0,0,0,0,0,0,0,0,0,0
260220,3,1,0,0,0,0,0,0,0,0,0,0
260221,1,1,0,15,0,0,10,14,28,0,7,0
260222,1,1,19,19,19,19,19,19,19,19,19,19
260223,1,1,10,0,0,0,0,0,0,0,0,0
260223,2,1,0,0,22,0,0,0,0,0,0,0
260224,1,1,0,0,0,0,0,0,0,0,0,0
260224,2,1,0,0,0,0,0,0,0,0,0,0
260225,1,1,0,0,0,0,0,0,0,0,0,0
260225,2,1,11,11,11,11,11,11,11,11,11,11
260226,1,1,0,0,0,0,0,0,0,0,0,0
260226,2,1,12,0,0,0,0,0,0,0,0,0
260227,1,1,0,0,0,0,0,0,0,0,0,0
260227,2,1,0,0,0,0,0,0,0,0,0,0
260227,3,1,0,0,0,0,0,0,0,0,0,0
260228,1,1,2,2,2,2,2,2,2,2,2,2
260229,0,1,35,35,31,32,30,30,23,19,38,4
260229,1,1,0,0,0,0,0,0,0,0,0,0
260230,0,1,11,21,17,27,0,28,22,0,3,19
260230,1,1,0,0,0,0,0,0,0,0,0,0
260231,1,1,18,18,18,18,18,18,18,18,18,18
260232,1,1,0,0,0,0,0,0,0,0,0,0
260233,1,1,0,19,0,0,0,0,0,0,0,0
260233,2,1,0,0,0,0,0,0,0,0,0,0
260234,1,1,16,16,16,16,16,16,16,16,16,16
260236,1,1,21,21,21,21,21,21,21,21,21,21
260237,1,1,0,0,0,0,0,0,0,0,0,0
260237,2,1,0,0,0,0,0,0,0,0,0,0
260237,3,1,0,0,0,0,0,0,0,0,0,0
260238,1,1,0,0,0,0,0,0,0,0,0,0
260238,2,1,0,0,0,0,0,0,0,0,0,0
260240,1,1,0,0,0,0,0,0,0,0,0,0
260240,2,1,0,0,0,0,0,0,0,0,0,0
260241,1,1,0,0,0,0,0,0,0,0,0,0
260241,2,1,0,0,0,0,0,0,0,0,0,0
260242,1,1,1,1,1,1,1,1,1,1,1,1
260243,0,1,0,14,0,0,0,0,0,0,0,0
260243,1,1,0,0,0,0,0,0,0,0,0,0
260244,1,1,0,0,0,0,0,0,0,0,0,0
260244,2,1,0,0,0,0,0,0,0,0,23,0
260245,1,1,0,0,0,0,0,0,0,0,0,0
260245,2,1,0,0,0,0,0,0,0,0,0,0
260246,1,1,0,0,0,0,0,0,0,0,0,0
260246,2,1,0,0,0,0,0,0,0,0,0,0
260246,3,1,0,0,0,0,0,0,0,0,0,0
260247,1,1,20,20,20,20,20,20,20,20,20,20
260248,1,1,0,0,0,0,0,0,0,0,0,0
260249,1,1,0,0,0,0,0,0,0,0,0,0
260249,2,1,0,0,0,0,0,0,0,0,0,0
260250,1,1,40,40,40,40,40,40,40,40,40,40
260251,1,1,0,0,0,0,0,0,0,0,0,0
260251,2,1,0,0,0,0,0,0,0,0,0,0
260251,3,1,0,0,0,0,0,0,0,0,0,0
260251,4,1,0,0,0,0,0,0,0,0,0,0
260251,5,1,0,0,0,0,0,0,0,0,0,0
260252,1,1,26,26,26,26,26,26,26,26,26,26
260253,1,1,0,0,0,0,0,0,0,0,0,0
260253,2,1,0,0,0,0,0,0,0,0,0,0
260254,1,1,0,0,0,0,0,0,0,0,0,0
260254,2,1,0,0,0,0,0,0,0,0,0,0
260255,1,1,0,0,0,0,0,0,0,0,0,0
260256,1,1,13,13,13,13,13,13,13,13,13,13
260257,1,1,0,0,0,0,0,0,0,0,0,0
260257,2,1,0,0,0,0,0,0,0,0,0,0
260258,1,1,5,5,5,5,5,5,5,5,5,5
260258,2,1,18,18,18,18,18,18,18,18,18,18
260259,0,1,0,6,0,7,0,0,0,0,0,0
260259,1,1,17,17,17,17,17,17,17,17,17,17
260260,1,1,15,15,15,15,15,15,15,15,15,15
260261,0,1,0,0,0,0,0,0,5,19,28,9
260261,0,2,0,40,8,0,23,0,0,0,0,0
260261,0,3,0,0,0,6,0,0,0,0,0,21
260261,0,4,24,0,0,29,20,0,0,0,11,0
260261,1,1,0,0,0,0,0,0,0,0,0,0
260262,1,1,0,0,0,0,0,0,0,0,0,0
260263,1,1,20,20,20,20,20,20,20,20,20,20
260264,1,1,0,0,0,0,0,0,0,0,0,0
260264,2,1,0,0,0,0,0,0,0,0,0,0
260264,3,1,3,0,0,0,0,0,0,0,0,0
260265,1,1,13,17,33,26,9,19,32,17,22,17
260266,1,1,12,12,12,12,12,12,12,12,12,12
260266,2,1,0,0,0,0,0,0,0,0,0,0
260267,1,1,0,0,0,0,0,0,0,0,0,0
260268,1,1,24,24,24,24,24,24,24,24,24,24
260268,2,1,0,12,0,0,0,0,0,6,0,0
260269,1,1,27,27,27,27,27,27,27,27,27,27
260270,1,1,21,21,21,21,21,21,21,21,21,21
260270,2,1,14,0,0,13,0,0,4,0,0,0
260271,1,1,0,0,0,0,0,0,0,0,0,0
260271,2,1,0,0,0,0,0,0,0,0,0,0
260272,1,1,0,0,0,0,0,0,0,0,0,0
260272,2,1,0,0,0,0,0,0,0,0,0,0
260273,1,1,0,0,0,0,0,0,0,0,0,0
260274,1,1,0,0,0,0,0,0,0,0,0,13
260275,0,1,0,0,0,0,0,0,0,0,0,0
260275,1,1,0,0,0,0,0,0,0,0,0,0
260275,2,1,0,0,0,0,0,0,0,0,0,0
260276,1,1,13,13,13,13,13,13,13,13,13,13
260277,1,1,14,14,14,14,14,14,14,14,14,14
260278,1,1,0,0,0,0,0,0,0,0,0,0
260279,1,1,21,21,21,21,21,21,21,21,21,21
260280,1,1,26,26,26,26,26,26,26,26,26,26
260281,1,1,16,16,16,16,16,16,16,16,16,16
260282,1,1,0,0,0,0,0,0,0,0,0,0
260283,1,1,0,0,0,0,0,0,0,0,0,0
260283,2,1,0,0,0,0,0,0,0,0,0,0
260284,1,1,0,0,0,0,0,0,0,0,0,0
260284,2,1,0,0,0,0,0,0,0,0,0,0
260285,1,1,0,0,0,0,0,0,0,0,0,0
260286,1,1,5,5,5,5,5,5,5,5,5,5
260287,1,1,0,0,0,0,0,0,0,0,0,0
260287,2,1,0,0,0,0,0,0,0,0,0,0
260288,0,1,0,0,0,0,0,0,0,0,0,0
260288,1,1,14,14,14,14,14,14,14,14,14,14
260289,1,1,0,0,0,0,0,0,0,0,0,0
260289,2,1,0,0,0,0,0,0,0,0,0,0
260290,1,1,0,0,0,0,0,0,0,0,0,0
260290,2,1,0,0,0,0,0,0,0,0,0,0
260290,3,1,0,0,0,0,0,0,0,0,0,0
260290,4,1,0,0,0,0,0,0,0,0,0,0
260291,1,1,0,0,0,25,0,0,19,0,0,0
260292,1,1,14,14,14,14,14,14,14,14,14,14
260293,1,1,38,38,38,38,38,38,38,38,38,38
260294,1,1,0,0,0,0,0,0,0,0,0,0
260294,2,1,0,0,9,0,0,0,0,0,0,0
260295,1,1,0,0,0,0,0,0,0,0,0,0
260295,2,1,0,0,0,0,0,0,0,0,0,0
260296,0,1,16,16,16,16,16,16,16,16,16,16
260296,1,1,0,0,0,0,0,0,0,0,0,0
260297,1,1,0,0,0,0,0,0,0,0,0,0
260297,2,1,0,0,0,0,0,0,0,0,0,0
260298,1,1,11,11,11,11,11,11,11,11,11,11
260299,0,1,0,0,0,0,0,16,0,0,9,0
260299,1,1,8,8,8,8,8,8,8,8,8,8
260300,1,1,0,0,0,0,0,0,0,0,0,0
260300,2,1,0,0,0,0,0,0,0,0,0,0
260301,1,1,0,8,0,0,0,0,0,0,0,0
260302,1,1,13,13,13,13,13,13,13,13,13,13
260303,0,1,0,0,0,0,0,0,0,0,0,0
260303,0,2,0,0,0,0,0,0,0,13,0,0
260303,0,3,0,0,0,0,0,0,0,0,0,0
260303,0,4,0,0,0,0,0,0,0,0,0,0
260303,1,1,0,0,0,0,0,0,0,0,0,0
260304,1,1,0,0,0,0,0,0,0,0,0,0
260304,2,1,0,0,0,0,0,0,0,0,0,0
260304,3,1,0,0,0,0,0,0,0,0,0,0
260306,0,1,11,11,11,11,11,11,11,11,11,11
260306,1,1,0,0,17,0,0,4,0,0,23,18
260307,1,1,16,16,16,16,16,16,16,16,16,16
260308,1,1,0,0,0,0,0,0,0,0,0,0
260308,2,1,0,0,0,0,0,0,0,0,0,0
260309,1,1,0,0,0,0,0,0,0,0,0,0
260309,2,1,0,0,0,0,0,0,0,0,0,0
260310,1,1,0,0,0,0,0,0,0,0,0,17
260310,2,1,0,0,10,0,0,0,0,0,0,0
260311,1,1,0,0,0,0,0,0,0,0,0,0
260312,1,1,0,0,0,0,0,0,0,0,0,0
260312,2,1,0,0,0,0,0,0,0,0,0,0
260313,1,1,25,19,20,21,32,23,10,6,9,33
260314,1,1,15,15,15,15,15,15,15,15,15,15
260315,1,1,0,0,0,0,0,0,0,0,9,0
260315,2,1,1,1,1,1,1,1,1,1,1,1
260316,1,1,15,15,15,15,15,15,15,15,15,15
260317,1,1,21,21,21,21,21,21,21,21,21,21
260318,0,1,32,4,39,16,34,16,16,27,18,0
260318,1,1,0,0,0,0,0,0,0,0,0,0
260319,1,1,0,0,0,0,0,0,0,0,0,0
260319,2,1,0,0,0,0,0,0,0,0,0,0
260320,1,1,23,23,23,23,23,23,23,23,23,23
260321,1,1,0,0,0,0,0,0,0,0,0,0
260321,2,1,0,0,0,0,0,0,0,0,0,0
260321,3,1,0,0,0,0,0,0,0,0,0,0
260321,4,1,0,0,0,0,0,0,0,0,0,0
260322,1,1,0,0,0,0,0,0,0,0,0,0
260323,1,1,0,0,0,0,0,0,0,0,0,0
260323,2,1,18,18,18,18,18,18,18,18,18,18
260324,1,1,0,0,0,0,0,0,0,15,0,0
260325,0,1,0,0,0,0,0,0,0,0,0,0
260325,1,1,0,0,0,0,0,0,0,0,25,0
260326,1,1,16,16,16,16,16,16,16,16,16,16
260327,1,1,0,0,0,0,0,0,0,0,0,0
260328,1,1,0,0,0,0,0,0,0,0,0,0
260329,1,1,0,0,0,0,0,0,0,0,0,0
260329,2,1,0,0,0,0,0,0,0,0,0,0
260330,1,1,0,0,0,0,0,0,0,0,0,0
260330,2,1,0,0,0,0,0,0,0,0,0,0
260331,1,1,0,0,0,0,0,0,0,0,0,0
260331,2,1,0,0,0,0,0,0,0,0,0,0
260331,3,1,0,0,0,0,0,0,0,0,0,0
260332,1,1,18,18,18,18,18,18,18,18,18,18
260333,1,1,0,0,0,0,0,0,0,0,0,0
260334,1,1,25,25,25,25,25,25,25,25,25,25
260335,1,1,16,0,0,0,0,17,0,0,0,9
260336,1,1,29,29,29,29,29,29,29,29,29,29
260337,1,1,0,0,0,0,0,0,0,0,0,0
260337,2,1,0,0,0,0,0,0,0,0,0,0
260338,1,1,0,0,0,0,0,0,0,0,0,0
260338,2,1,0,0,0,0,0,0,0,0,0,0
260339,1,1,12,12,12,12,12,12,12,12,12,12
260340,0,1,0,0,13,0,0,21,0,0,0,0
260340,1,1,0,0,0,0,0,0,0,0,0,0
260341,1,1,0,0,0,0,0,0,0,0,0,0
260342,0,1,50,24,17,35,38,15,16,0,70,13
260342,1,1,12,12,12,12,12,12,12,12,12,12
260343,1,1,0,0,0,0,0,0,0,0,0,0
260343,2,1,0,0,0,0,0,0,0,0,0,0
260344,1,1,0,0,0,0,0,0,0,0,0,0
260344,2,1,0,0,0,0,0,0,0,0,0,0
260345,1,1,0,0,0,0,0,0,0,0,0,0
260345,2,1,0,0,0,0,0,0,0,0,0,0
260346,1,1,0,0,0,0,0,0,0,0,0,0
260346,2,1,0,0,0,0,0,0,0,0,0,0
260347,1,1,0,0,0,0,0,0,0,0,0,0
260347,2,1,2,2,2,2,2,2,2,2,2,2
260348,1,1,25,25,25,25,25,25,25,25,25,25
260349,1,1,0,0,0,0,0,0,0,0,0,0
260350,1,1,0,0,0,0,0,0,0,0,0,0
260351,0,1,18,18,18,18,18,18,18,18,18,18
260351,1,1,0,0,0,0,0,0,0,0,0,0
260352,1,1,0,0,0,0,0,0,0,0,0,0
260352,2,1,0,0,0,0,0,0,0,0,0,0
260353,0,1,0,0,0,0,0,0,0,0,0,0
260353,1,1,0,0,24,0,0,0,0,0,0,0
260354,1,1,0,0,0,0,0,0,0,0,0,0
260354,2,1,0,0,0,0,0,0,0,0,0,0
260355,1,1,0,0,0,0,0,0,0,0,0,0
260356,1,1,23,23,23,23,23,23,23,23,23,23
260357,1,1,7,7,7,7,7,7,7,7,7,7
260358,1,1,0,0,0,0,0,0,0,0,0,0
260359,1,1,15,0,0,0,18,14,17,0,17,0
260360,1,1,16,16,16,16,16,16,16,16,16,16
260361,1,1,0,0,0,0,0,0,0,0,0,0
260362,1,1,0,0,0,0,0,16,0,0,0,0
260362,2,1,0,0,0,0,0,0,0,0,0,0
260363,1,1,0,0,0,0,0,0,0,0,0,0
260363,2,1,0,0,0,0,0,0,0,0,0,0
260364,1,1,0,0,0,32,0,0,0,0,0,26
260365,1,1,17,10,11,31,25,14,28,11,20,22
260366,1,1,9,9,9,9,9,9,9,9,9,9
260366,2,1,0,0,0,6,0,0,0,0,0,0
260367,1,1,0,0,0,0,0,0,0,0,0,0
260367,2,1,0,0,0,0,0,0,0,0,0,0
260367,3,1,0,0,0,0,0,0,0,0,0,0
260367,4,1,8,0,0,0,0,0,0,0,0,0
260368,1,1,0,7,0,0,4,15,0,0,0,0
260369,1,1,9,15,22,18,4,15,0,12,20,16
260369,2,1,0,0,0,0,0,0,0,0,0,0
260370,0,1,0,0,0,0,0,0,0,0,7,0
260370,1,1,0,0,0,0,0,0,0,0,0,0
260371,0,1,11,0,0,0,0,0,0,0,0,0
260371,1,1,0,0,0,0,0,0,0,0,0,0
260372,1,1,1,1,1,1,1,1,1,1,1,1
260372,2,1,0,0,0,0,0,0,0,0,0,0
260373,1,1,9,9,9,9,9,9,9,9,9,9
260373,2,1,0,0,0,0,0,0,0,0,0,0
260374,1,1,0,0,0,0,0,0,0,0,0,0
260374,2,1,0,0,0,0,0,0,0,0,0,0
260374,3,1,0,0,0,0,0,0,0,0,23,0
260375,1,1,0,0,0,0,0,0,0,0,0,0
260375,2,1,0,0,0,0,0,0,0,0,0,0
260376,1,1,0,0,0,0,0,0,0,0,0,0
260376,2,1,0,0,0,0,0,0,0,0,0,0
260377,1,1,0,0,0,0,0,0,0,0,0,0
260377,2,1,0,0,0,0,0,0,0,0,0,0
260378,1,1,0,0,0,0,11,0,0,0,0,12
260378,2,1,6,6,6,6,6,6,6,6,6,6
260378,3,1,0,0,0,0,0,0,0,0,0,6
260379,1,1,25,25,25,25,25,25,25,25,25,25
260380,1,1,0,0,0,0,0,0,0,0,0,0
260380,2,1,0,0,0,0,0,0,0,0,0,0
260381,0,1,25,25,25,25,25,25,25,25,25,25
260381,1,1,0,0,0,0,0,0,0,0,0,0
260382,1,1,0,0,0,0,0,0,0,0,0,16
260383,0,1,0,0,0,0,0,0,0,0,0,0
260383,1,1,0,0,0,0,0,0,0,4,0,0
260384,1,1,0,0,0,0,0,0,0,0,0,0
260384,2,1,0,0,12,0,0,0,0,0,0,22
260385,1,1,0,0,0,0,0,0,0,0,0,0
260385,2,1,0,0,0,0,0,0,0,0,0,0
260386,1,1,0,0,0,0,0,0,0,0,0,0
260387,0,1,23,13,23,23,23,18,36,9,10,7
260387,1,1,0,0,0,0,0,0,0,0,0,0
260388,1,1,0,0,0,0,0,0,0,0,0,0
260389,1,1,0,0,0,0,0,0,25,0,26,0
260390,1,1,27,27,27,27,27,27,27,27,27,27
260391,1,1,0,0,0,0,0,0,0,0,0,0
260391,2,1,0,0,0,0,0,0,0,0,0,0
260391,3,1,0,0,0,0,0,0,0,0,0,0
260392,0,1,0,0,0,0,0,0,0,33,0,0
260392,0,2,0,0,0,0,4,0,0,0,0,0
260392,1,1,0,0,0,0,0,0,0,0,0,0
260393,1,1,3,3,3,3,3,3,3,3,3,3
260394,0,1,0,0,0,0,0,0,0,0,0,0
260394,1,1,0,0,0,0,0,0,0,0,0,0
260395,1,1,0,0,0,0,0,0,0,0,0,0
260395,2,1,0,0,0,0,0,0,0,0,0,0
260396,1,1,0,0,0,0,0,0,0,0,0,0
260397,1,1,33,33,33,33,33,33,33,33,33,33
260398,0,1,0,0,0,0,0,0,0,0,0,0
260398,1,1,0,0,35,0,0,0,0,6,0,12
260399,1,1,0,0,0,0,0,0,0,0,0,0
260399,2,1,0,0,0,0,0,0,0,0,0,0
260400,1,1,0,0,0,0,0,0,0,0,0,0
260401,1,1,0,0,0,0,0,0,0,0,0,0
260401,2,1,0,0,0,0,0,0,0,0,0,0
260402,1,1,0,0,0,0,0,0,0,0,0,0
260403,0,1,0,0,0,0,0,0,0,0,0,0
260403,1,1,0,0,0,0,0,0,0,0,0,0
260404,1,1,0,0,0,0,0,0,0,0,0,0
260404,2,1,20,20,20,20,20,20,20,20,20,20
260405,0,1,17,24,38,31,16,11,9,21,17,19
260405,1,1,0,0,0,0,0,0,0,0,0,0
260406,1,1,0,23,0,0,9,0,0,0,20,0
260407,0,1,0,0,0,0,0,0,0,0,0,0
260407,1,1,0,0,0,0,0,0,0,0,0,0
260408,0,1,0,0,0,0,0,0,0,0,0,0
260408,1,1,0,0,0,0,0,0,0,0,0,0
260409,0,1,0,0,0,0,0,0,0,0,0,0
260409,1,1,0,0,0,0,0,0,0,0,0,0
260410,1,1,0,0,0,0,0,0,0,0,0,0
260410,2,1,0,0,0,0,0,0,0,0,0,0
260411,0,1,0,12,0,0,0,0,0,0,0,0
260411,1,1,0,0,0,0,0,0,0,0,0,0
260412,1,1,0,0,0,0,0,0,10,0,0,24
260412,2,1,0,0,0,0,0,18,0,0,0,0
260413,1,1,0,0,0,0,0,0,0,0,0,0
260413,2,1,3,3,3,3,3,3,3,3,3,3
260414,0,1,0,26,26,32,0,20,27,6,14,15
260414,1,1,0,0,0,0,0,0,0,0,0,0
260415,1,1,0,0,0,0,0,0,0,0,0,0
260415,2,1,0,0,0,0,0,0,0,0,0,0
260416,0,1,20,15,0,0,0,0,0,0,0,0
260416,1,1,0,0,0,0,0,0,0,0,0,0
260417,1,1,15,15,15,15,15,15,15,15,15,15
260418,1,1,0,0,0,13,0,0,0,12,0,0
260419,1,1,22,22,22,22,22,22,22,22,22,22
260420,0,1,0,0,0,0,0,0,0,0,0,0
260420,1,1,5,5,5,5,5,5,5,5,5,5
260421,1,1,19,19,19,19,19,19,19,19,19,19
260422,1,1,0,0,0,0,0,0,0,0,0,0
260422,2,1,0,22,0,0,0,0,0,0,0,0
260423,1,1,0,0,0,0,0,0,0,0,0,0
260423,2,1,0,0,0,0,0,0,0,0,0,0
260424,0,1,3,10,1,25,32,26,26,18,23,10
260424,1,1,0,0,0,0,0,0,0,0,0,0
260424,2,1,0,0,0,0,0,0,0,0,0,0
260425,1,1,23,23,23,23,23,23,23,23,23,23
260426,1,1,20,20,20,20,20,20,20,20,20,20
260427,1,1,10,0,0,0,0,0,0,0,0,0