ST_CASE,VEH_NO,PER_NO,P1,P2,P3,P4,P5,P6,P7,P8,P9,P10
260428,1,1,16,16,16,16,16,16,16,16,16,16
260429,0,1,0,0,0,0,0,0,0,0,0,0
260429,0,2,27,17,31,36,21,23,21,25,22,31
260429,1,1,29,0,3,25,27,50,0,34,21,0
260430,0,1,0,0,0,0,0,0,0,0,0,0
260430,0,2,0,0,0,0,0,0,0,0,0,0
260430,1,1,0,0,0,0,0,0,0,0,0,0
260431,0,1,0,0,0,0,0,0,0,0,0,0
260431,1,1,0,0,0,0,0,0,0,0,0,0
260432,1,1,0,0,0,0,0,0,0,0,0,0
260433,1,1,0,0,0,0,0,0,18,0,0,3
260433,2,1,0,0,0,0,14,0,36,0,0,8
260434,0,1,15,15,15,15,15,15,15,15,15,15
260434,1,1,0,0,0,0,0,0,0,0,0,0
260435,1,1,24,24,24,24,24,24,24,24,24,24
260436,1,1,0,0,0,0,0,0,0,0,0,0
260436,2,1,31,0,0,0,0,0,0,0,0,0
260437,1,1,31,31,31,31,31,31,31,31,31,31
260438,1,1,0,0,0,0,0,0,0,0,0,0
260438,2,1,0,0,0,0,0,0,0,0,0,0
260439,1,1,12,12,12,12,12,12,12,12,12,12
260439,2,1,0,0,0,0,0,0,0,0,0,0
260440,1,1,0,0,0,0,0,0,0,0,0,0
260441,1,1,0,0,0,0,0,0,0,0,0,0
260442,0,1,0,0,25,0,0,0,0,29,0,0
260442,1,1,20,20,20,20,20,20,20,20,20,20
260443,0,1,0,0,0,0,0,0,0,0,0,0
260443,1,1,0,0,0,0,0,0,0,0,0,0
260444,1,1,0,0,0,0,0,0,0,0,0,0
260444,2,1,0,0,0,0,0,0,0,0,0,0
260445,1,1,23,9,28,24,33,23,30,16,13,36
260446,1,1,0,0,0,0,0,0,0,0,0,0
260447,1,1,11,11,11,11,11,11,11,11,11,11
260447,2,1,0,0,0,0,0,0,0,0,0,0
260448,0,1,0,0,0,0,0,0,0,0,0,0
260448,1,1,0,0,0,0,0,0,0,0,0,0
260449,1,1,0,0,0,0,0,0,0,0,0,0
260450,1,1,0,0,0,0,0,0,0,0,0,0
260450,2,1,0,0,0,0,0,0,0,0,0,0
260451,0,1,0,0,0,0,0,0,0,0,0,0
260451,1,1,0,0,0,0,0,0,0,0,0,0
260452,1,1,0,0,0,0,0,0,0,0,0,0
260453,1,1,0,0,0,0,0,0,0,0,0,0
260453,2,1,0,0,0,0,0,0,0,0,0,0
260454,1,1,0,0,0,0,0,0,0,0,0,0
260454,2,1,12,0,0,0,0,0,0,21,0,0
260455,1,1,7,7,7,7,7,7,7,7,7,7
260455,2,1,0,0,0,0,0,0,0,0,0,0
260456,1,1,0,0,0,0,0,0,0,0,0,0
260456,2,1,0,0,0,0,0,0,0,0,0,0
260457,1,1,0,0,0,0,0,0,0,0,0,0
260457,2,1,0,0,0,0,0,0,0,0,0,0
260458,1,1,27,27,27,27,27,27,27,27,27,27
260459,1,1,0,0,0,0,0,0,0,0,0,0
260459,2,1,0,0,0,0,0,0,0,18,0,0
260460,1,1,5,12,17,10,19,15,32,11,12,16
260461,1,1,20,20,20,20,20,20,20,20,20,20
260462,1,1,0,0,0,16,15,0,0,17,14,0
260463,1,1,15,15,15,15,15,15,15,15,15,15
260463,2,1,0,0,0,0,0,0,0,0,0,0
260464,1,1,0,0,0,0,0,0,0,0,0,0
260465,1,1,31,31,31,31,31,31,31,31,31,31
260466,0,1,0,0,0,0,0,0,0,0,0,0
260466,1,1,10,0,0,0,0,0,0,0,0,0
260467,1,1,8,8,8,8,8,8,8,8,8,8
260467,2,1,0,0,0,0,0,0,0,0,0,0
260468,1,1,0,0,0,0,0,0,0,0,0,0
260468,2,1,0,0,0,0,0,0,0,0,0,0
260469,1,1,12,21,27,29,0,11,9,17,9,20
260470,1,1,3,3,3,3,3,3,3,3,3,3
260471,1,1,4,4,4,4,4,4,4,4,4,4
260472,1,1,0,0,0,0,0,0,0,0,0,0
260473,0,1,0,0,0,0,0,0,0,0,0,0
260473,1,1,4,4,4,4,4,4,4,4,4,4
260474,1,1,0,0,0,0,0,0,20,0,0,0
260475,0,1,0,0,0,0,0,0,0,0,0,0
260475,1,1,0,0,0,0,0,0,0,0,0,0
260476,1,1,0,0,0,0,0,0,0,0,0,0
260476,2,1,0,0,0,0,0,0,0,0,0,0
260477,1,1,0,0,0,0,0,0,0,0,0,0
260477,2,1,0,0,0,0,0,0,0,0,0,0
260478,0,1,0,0,7,0,0,0,11,0,0,0
260478,1,1,0,0,0,0,0,0,0,0,0,0
260479,0,1,17,17,17,17,17,17,17,17,17,17
260479,1,1,0,0,0,0,0,0,0,0,0,0
260480,1,1,0,0,0,0,0,0,0,0,0,0
260480,2,1,0,0,0,0,0,0,0,0,0,0
260480,3,1,0,0,0,0,0,0,0,0,0,0
260481,0,1,25,15,18,17,22,15,15,28,0,10
260481,1,1,0,0,0,0,0,0,0,0,0,0
260482,1,1,0,0,0,0,0,0,0,0,0,0
260483,0,1,0,0,0,0,0,0,0,0,0,0
260483,1,1,0,0,0,0,0,0,0,0,0,0
260484,0,1,16,20,31,13,29,12,28,36,45,47
260484,1,1,0,0,0,0,0,0,0,0,0,0
260486,1,1,6,6,6,6,6,6,6,6,6,6
260487,1,1,0,0,0,0,0,0,0,0,0,0
260488,1,1,0,0,0,0,0,0,0,0,0,0
260488,2,1,0,0,0,0,0,0,0,0,0,0
260489,1,1,0,0,9,0,0,0,0,0,0,0
260489,2,1,0,0,0,0,0,0,0,0,0,0
260490,1,1,4,4,4,4,4,4,4,4,4,4
260490,2,1,0,0,0,0,0,0,0,0,0,0
260491,1,1,0,0,0,0,0,0,0,0,0,0
260491,2,1,0,0,0,0,0,0,0,0,0,0
260491,3,1,0,0,0,0,0,0,0,0,0,0
260492,1,1,0,0,0,0,0,0,0,0,0,0
260492,2,1,0,0,0,0,0,0,0,0,0,0
260493,1,1,0,0,0,0,0,0,0,0,0,0
260494,1,1,17,17,17,17,17,17,17,17,17,17
260494,2,1,0,0,0,0,0,0,0,0,0,0
260495,1,1,0,0,0,0,0,0,0,0,0,0
260495,2,1,0,0,0,0,0,0,0,0,0,0
260496,1,1,0,0,0,0,0,0,0,0,0,0
260496,2,1,1,1,1,1,1,1,1,1,1,1
260496,3,1,3,3,3,3,3,3,3,3,3,3
260497,1,1,5,5,5,5,5,5,5,5,5,5
260498,1,1,0,0,0,0,0,0,0,0,0,0
260498,2,1,0,0,0,0,0,9,0,0,0,0
260499,1,1,6,6,6,6,6,6,6,6,6,6
260500,1,1,0,0,0,0,0,0,0,0,0,0
260500,2,1,0,0,0,0,0,0,0,0,0,0
260501,1,1,0,0,0,14,0,0,0,0,0,0
260501,2,1,0,0,0,0,0,0,0,0,0,0
260502,1,1,0,0,0,0,0,0,0,0,0,0
260502,2,1,0,0,0,0,0,0,0,0,0,0
260503,1,1,0,0,0,0,0,0,0,0,0,0
260503,2,1,0,0,0,0,0,0,0,0,0,0
260504,1,1,7,7,7,7,7,7,7,7,7,7
260505,0,1,0,0,0,0,0,0,0,0,0,0
260505,1,1,0,0,0,0,0,0,0,0,0,0
260506,1,1,8,8,8,8,8,8,8,8,8,8
260506,2,1,0,0,0,0,0,0,0,0,0,0
260507,1,1,0,0,0,0,0,0,0,0,0,0
260507,2,1,0,0,0,0,0,0,0,0,0,0
260508,1,1,0,0,0,0,0,0,0,0,0,0
260508,2,1,0,0,0,0,0,0,0,0,0,0
260509,1,1,0,0,0,0,0,0,0,0,0,0
260509,2,1,0,0,0,0,0,0,0,0,0,0
260510,1,1,22,22,22,22,22,22,22,22,22,22
260511,1,1,0,0,0,7,0,10,0,0,0,13
260511,2,1,23,23,23,23,23,23,23,23,23,23
260512,1,1,20,20,20,20,20,20,20,20,20,20
260512,2,1,0,0,0,0,0,0,0,0,0,0
260513,1,1,0,0,0,0,0,0,0,0,0,0
260513,2,1,0,0,0,0,0,0,0,0,0,0
260514,1,1,19,19,19,19,19,19,19,19,19,19
260516,1,1,0,0,0,0,0,0,0,0,0,0
260516,2,1,0,0,0,0,0,0,0,0,0,0
260517,1,1,0,0,0,0,0,0,0,0,0,0
260517,2,1,0,0,0,0,0,0,0,0,0,0
260518,1,1,0,0,0,0,0,0,0,0,0,0
260518,2,1,0,0,0,0,0,0,0,0,0,0
260519,1,1,0,0,0,0,0,0,0,0,0,0
260520,1,1,0,0,0,0,0,0,0,0,0,0
260520,2,1,0,0,0,0,0,0,0,0,0,0
260521,1,1,0,0,0,0,0,0,0,0,0,0
260521,2,1,0,0,0,0,0,0,0,0,0,0
260522,1,1,1,1,1,1,1,1,1,1,1,1
260523,1,1,0,0,0,17,0,0,0,0,0,0
260524,1,1,0,0,0,0,0,0,0,0,0,0
260524,2,1,0,0,0,0,0,0,0,0,0,0
260525,1,1,0,0,0,0,0,0,0,0,0,0
260525,2,1,0,0,0,0,0,0,0,0,0,0
260526,1,1,0,0,0,0,0,0,0,0,0,0
260526,2,1,0,0,0,0,0,0,0,0,0,0
260527,1,1,16,16,16,16,16,16,16,16,16,16
260528,1,1,0,0,0,0,0,0,0,0,0,0
260529,1,1,0,0,0,0,0,0,0,0,0,0
260529,2,1,0,0,0,0,0,0,0,0,0,0
260530,1,1,0,0,0,0,0,0,0,0,0,0
260530,2,1,0,0,0,0,0,0,0,0,0,0
260531,1,1,0,0,0,0,0,0,0,0,0,0
260532,1,1,0,0,0,0,0,0,0,0,0,0
260532,2,1,0,0,0,0,0,0,0,0,0,0
260532,3,1,0,0,0,0,0,0,0,0,0,0
260533,1,1,20,20,20,20,20,20,20,20,20,20
260534,1,1,0,0,0,0,0,0,0,0,0,0
260535,1,1,4,4,4,4,4,4,4,4,4,4
260537,1,1,0,0,0,0,0,0,0,0,0,0
260538,1,1,0,0,0,0,0,0,0,0,0,0
260538,2,1,0,0,0,0,0,0,0,0,0,0
260538,3,1,0,0,0,0,0,0,0,0,0,0
260539,1,1,0,0,0,0,0,0,0,0,0,0
260539,2,1,0,0,0,0,0,0,0,0,0,0
260540,1,1,18,18,18,18,18,18,18,18,18,18
260540,2,1,10,10,10,10,10,10,10,10,10,10
260540,3,1,0,0,0,0,0,0,0,0,0,0
260540,4,1,0,0,0,0,0,0,0,0,12,0
260540,5,1,1,1,1,1,1,1,1,1,1,1
260541,1,1,0,0,0,0,0,0,0,0,0,0
260542,1,1,0,0,0,0,0,0,0,0,0,0
260542,2,1,0,0,0,0,0,0,0,0,0,0
260542,3,1,0,0,0,0,0,0,0,0,0,0
260543,1,1,0,0,0,0,0,0,0,0,0,0
260544,0,1,0,48,0,11,30,0,7,17,3,0
260544,1,1,0,0,0,0,0,0,0,0,0,0
260545,0,1,0,0,0,0,0,0,14,0,23,0
260545,1,1,0,0,0,0,0,0,0,0,0,0
260546,0,1,0,0,0,0,0,0,0,0,0,0
260546,1,1,0,0,0,0,0,0,13,0,0,0
260547,1,1,9,9,9,9,9,9,9,9,9,9
260548,1,1,0,0,0,0,0,0,0,0,0,0
260549,1,1,18,18,18,18,18,18,18,18,18,18
260550,1,1,0,0,0,0,0,0,0,0,0,0
260550,2,1,0,0,0,0,0,0,0,0,0,0
260551,1,1,0,0,0,0,0,0,0,0,0,0
260551,2,1,0,0,0,0,0,0,0,0,0,0
260551,3,1,0,0,0,0,0,0,0,0,0,0
260552,1,1,0,0,0,0,0,0,0,0,0,0
260553,1,1,8,0,0,37,0,0,0,0,0,27
260554,1,1,0,0,0,0,0,0,0,0,0,0
260554,2,1,0,0,0,0,0,0,0,0,0,0
260555,0,1,0,0,0,0,0,0,21,0,0,0
260555,1,1,0,0,0,0,0,0,0,0,0,0
260556,1,1,0,0,0,0,0,0,0,0,0,0
260557,1,1,0,0,0,0,0,0,0,0,0,0
260557,2,1,0,0,0,0,0,0,0,0,0,0
260558,1,1,0,0,0,0,0,0,0,0,0,0
260558,2,1,0,0,0,0,0,0,0,0,0,0
260559,0,1,0,0,0,0,0,0,0,0,0,0
260559,1,1,0,0,0,0,0,0,0,0,0,0
260560,0,1,27,27,27,27,27,27,27,27,27,27
260560,1,1,9,9,9,9,9,9,9,9,9,9
260561,1,1,0,0,0,0,0,0,0,0,0,0
260561,2,1,0,0,0,0,0,0,0,0,0,0
260562,1,1,16,16,16,16,16,16,16,16,16,16
260563,1,1,0,0,0,0,0,0,0,0,0,0
260563,2,1,6,6,6,6,6,6,6,6,6,6
260564,1,1,0,14,0,0,0,0,0,0,0,0
260564,2,1,0,0,0,0,0,0,0,0,0,0
260565,1,1,2,2,2,2,2,2,2,2,2,2
260565,2,1,0,0,0,0,0,0,0,0,0,0
260566,1,1,0,0,0,0,0,0,0,0,0,0
260567,1,1,18,0,0,0,18,9,0,0,0,0
260568,1,1,7,5,16,14,22,12,12,31,5,7
260568,2,1,0,0,0,0,0,0,0,0,0,0
260568,3,1,0,0,0,0,0,0,0,0,0,0
260569,1,1,5,5,5,5,5,5,5,5,5,5
260569,2,1,0,0,0,0,0,0,0,0,0,0
260570,1,1,19,19,19,19,19,19,19,19,19,19
260571,1,1,0,0,0,0,0,0,0,0,0,0
260571,2,1,0,0,0,0,0,0,0,0,0,0
260572,1,1,0,0,0,0,0,0,0,0,0,0
260573,1,1,0,0,0,0,0,0,0,0,0,0
260573,2,1,0,0,0,17,11,0,0,0,0,0
260574,1,1,0,0,0,0,0,0,0,0,0,0
260574,2,1,0,0,0,0,0,0,0,0,0,0
260574,3,1,0,0,0,0,0,0,0,0,0,0
260575,1,1,0,19,0,0,0,0,0,0,0,14
260575,2,1,0,0,0,0,0,0,0,0,0,0
260576,1,1,0,0,0,0,0,0,0,0,0,0
260576,2,1,0,0,0,0,0,0,0,0,0,0
260577,1,1,0,0,0,0,0,0,0,0,0,0
260577,2,1,0,0,0,0,0,0,0,0,0,0
260578,1,1,0,21,0,0,0,20,27,7,9,0
260579,1,1,11,0,16,25,21,36,19,16,15,0
260580,1,1,0,0,0,0,0,0,0,0,0,0
260580,2,1,0,0,0,0,0,0,0,0,0,0
260581,1,1,0,0,0,0,0,0,0,0,0,0
260581,2,1,0,0,0,0,0,0,0,0,0,0
260582,1,1,0,0,0,0,0,0,0,0,0,0
260582,2,1,0,0,0,0,0,0,0,0,0,0
260583,0,1,0,0,0,0,0,30,0,0,0,0
260583,1,1,16,11,0,15,11,11,4,19,11,15
260584,0,1,40,40,40,40,40,40,40,40,40,40
260584,1,1,0,0,0,0,0,0,0,0,0,0
260585,1,1,0,0,0,0,0,0,0,0,0,0
260585,2,1,0,0,0,0,0,0,0,0,0,0
260586,1,1,0,0,0,0,0,0,0,0,0,0
260586,2,1,0,0,0,0,0,0,0,0,0,0
260586,3,1,0,0,0,0,0,0,0,0,0,0
260586,4,1,0,0,0,0,0,0,0,0,0,0
260586,5,1,0,0,0,0,0,0,0,0,0,0
260587,1,1,0,0,0,0,0,0,0,0,0,0
260587,2,1,0,1,0,0,10,0,0,0,0,8
260588,0,1,23,15,18,19,6,27,19,7,29,32
260588,1,1,0,0,14,0,0,0,0,0,0,0
260589,1,1,0,0,0,0,0,0,0,0,0,0
260589,2,1,0,0,0,0,0,0,0,0,0,0
260590,1,1,30,30,30,30,30,30,30,30,30,30
260591,0,1,0,0,0,0,0,0,0,0,0,0
260591,1,1,0,0,0,0,0,0,0,0,0,0
260592,1,1,0,0,0,0,0,0,0,0,0,0
260592,2,1,0,0,0,0,0,0,0,0,0,0
260593,1,1,0,0,0,0,0,0,0,0,0,0
260593,2,1,0,0,0,0,0,0,0,0,0,0
260594,1,1,0,0,0,0,0,0,0,0,0,0
260595,1,1,0,0,0,0,0,0,0,0,0,0
260595,2,1,0,0,0,0,0,0,0,0,0,0
260596,1,1,0,0,0,0,0,0,0,0,0,0
260596,2,1,0,0,0,0,0,0,0,0,0,0
260597,1,1,0,0,0,0,0,0,0,0,0,0
260597,2,1,0,0,0,0,0,0,0,0,0,0
260598,1,1,0,0,0,0,0,0,0,0,0,0
260598,2,1,0,0,0,0,0,0,0,0,0,0
260598,3,1,0,0,0,0,0,0,0,0,0,0
260598,4,1,0,0,0,14,0,0,0,0,0,0
260599,1,1,19,19,19,19,19,19,19,19,19,19
260599,2,1,0,0,0,0,5,0,0,0,0,0
260600,0,1,0,0,0,0,0,21,0,0,0,0
260600,1,1,0,0,0,0,0,0,0,0,0,0
260601,1,1,0,0,0,0,0,0,0,0,0,0
260602,1,1,0,0,0,0,0,0,0,0,0,0
260602,2,1,0,0,0,0,0,0,0,0,0,0
260603,1,1,0,0,0,0,0,0,0,0,0,0
260604,1,1,0,0,0,0,0,0,0,0,0,0
260604,2,1,0,0,0,0,0,0,0,0,0,0
260605,1,1,0,0,0,0,0,0,0,0,0,0
260606,1,1,0,0,0,0,0,0,0,0,0,0
260606,2,1,0,0,0,0,0,0,0,0,0,0
260607,1,1,20,20,20,20,20,20,20,20,20,20
260608,1,1,0,0,0,0,0,0,0,0,0,0
260608,2,1,0,0,0,0,0,0,0,0,0,0
260609,1,1,0,0,0,0,0,0,0,0,0,0
260609,2,1,0,0,0,0,0,0,0,0,0,0
260609,3,1,0,0,0,0,0,0,0,0,0,0
260610,1,1,0,0,0,0,0,0,0,0,0,0
260610,2,1,10,10,10,10,10,10,10,10,10,10
260611,1,1,0,0,0,0,0,0,0,0,0,0
260612,1,1,0,0,0,0,0,0,0,0,0,0
260612,2,1,0,0,0,0,0,0,0,0,0,0
260613,1,1,0,0,0,0,0,0,0,0,0,0
260613,2,1,0,0,0,0,0,0,0,0,0,0
260613,3,1,0,0,0,0,0,0,0,0,0,0
260613,4,1,0,0,0,0,0,0,0,0,0,0
260614,1,1,29,29,29,29,29,29,29,29,29,29
260615,1,1,0,0,0,0,0,0,0,0,0,0
260615,2,1,0,0,0,0,0,0,0,0,0,0
260616,1,1,20,20,20,20,20,20,20,20,20,20
260617,1,1,0,0,0,0,0,0,0,0,0,0
260618,0,1,0,0,0,0,0,0,0,0,0,0
260618,1,1,0,7,0,0,0,0,0,0,26,9
260619,1,1,0,0,0,0,0,0,0,0,0,0
260619,2,1,0,0,0,0,0,0,0,0,0,0
260620,1,1,0,0,0,0,0,0,0,0,0,0
260620,2,1,0,0,0,0,0,0,0,0,0,0
260621,1,1,0,0,0,0,0,0,0,0,0,0
260621,2,1,0,0,0,0,0,0,0,0,0,0
260622,1,1,4,4,4,4,4,4,4,4,4,4
260623,1,1,18,18,18,18,18,18,18,18,18,18
260624,0,1,12,12,12,12,12,12,12,12,12,12
260624,1,1,0,0,0,0,0,0,0,0,0,0
260625,0,1,0,0,0,0,0,0,0,0,0,0
260625,1,1,0,0,0,0,0,5,0,0,0,0
260626,1,1,0,0,0,0,0,0,0,0,0,0
260626,2,1,0,0,0,0,0,0,0,0,0,0
260627,1,1,0,0,0,0,0,0,0,0,0,0
260627,2,1,0,0,0,0,0,0,0,0,0,0
260628,1,1,0,0,0,0,0,0,0,0,0,0
260628,2,1,0,0,0,0,0,0,0,0,0,0
260629,1,1,0,0,0,0,0,0,0,0,7,0
260629,2,1,0,0,0,0,0,0,0,0,0,0
260630,1,1,0,0,0,0,0,0,0,0,0,0
260630,2,1,0,0,0,0,0,0,0,0,0,0
260630,3,1,0,0,0,0,0,0,0,0,0,0
260631,1,1,8,8,8,8,8,8,8,8,8,8
260632,1,1,29,29,29,29,29,29,29,29,29,29
260632,2,1,0,0,0,0,0,0,0,0,0,0
260633,0,1,0,0,0,0,6,0,17,0,0,17
260633,1,1,14,14,14,14,14,14,14,14,14,14
260634,1,1,0,0,0,0,0,0,0,0,0,0
260635,1,1,0,0,0,0,0,0,0,0,0,0
260635,2,1,0,0,0,0,0,0,0,0,0,0
260636,1,1,0,0,0,0,0,0,0,0,0,0
260636,2,1,0,0,0,0,0,0,0,0,0,0
260637,1,1,0,0,0,0,0,0,0,0,0,0
260637,2,1,0,0,0,0,0,0,0,0,0,0
260638,1,1,0,0,0,0,0,0,0,0,0,0
260638,2,1,0,0,0,0,0,0,0,0,0,0
260639,1,1,0,0,0,0,0,0,0,0,0,0
260639,2,1,24,24,24,24,24,24,24,24,24,24
260640,0,1,0,0,0,0,0,0,0,0,0,0
260640,1,1,0,0,0,0,0,0,0,0,0,0
260641,1,1,0,0,0,0,0,0,0,0,0,0
260641,2,1,0,0,0,0,0,0,0,0,0,0
260642,1,1,0,0,0,0,0,0,0,0,0,0
260642,2,1,0,0,0,0,0,0,0,0,0,0
260643,1,1,14,14,14,14,14,14,14,14,14,14
260644,1,1,0,0,0,0,0,0,0,0,0,0
260644,2,1,0,0,0,0,12,0,0,0,0,0
260646,0,1,41,14,0,13,0,0,0,0,0,0
260646,0,2,0,0,17,0,18,0,10,0,0,0
260646,0,3,20,0,0,5,0,0,0,0,0,0
260646,0,4,0,0,0,0,0,0,0,0,0,0
260646,1,1,0,0,0,0,0,0,0,0,0,0
260647,1,1,0,0,0,0,0,0,0,0,0,0
260647,2,1,0,0,0,0,0,0,0,0,0,0
260648,1,1,0,0,0,0,0,0,0,0,0,0
260648,2,1,16,16,16,16,16,16,16,16,16,16
260649,1,1,13,13,13,13,13,13,13,13,13,13
260650,0,1,0,0,0,0,0,0,0,0,0,0
260650,1,1,0,0,0,0,0,0,0,0,0,0
260651,1,1,0,0,0,0,0,0,0,0,0,0
260651,2,1,0,0,0,0,0,0,0,0,0,0
260652,1,1,17,17,17,17,17,17,17,17,17,17
260653,1,1,0,0,0,0,0,0,0,0,0,0
260653,2,1,0,0,13,0,0,0,9,0,3,0
260654,1,1,0,0,0,0,0,0,0,0,0,0
260655,1,1,15,0,7,0,0,24,30,0,0,30
260656,1,1,0,0,0,0,0,0,0,0,0,0
260656,2,1,0,0,0,0,0,0,0,0,0,0
260657,0,1,17,17,17,17,17,17,17,17,17,17
260657,1,1,0,0,0,0,0,0,0,0,0,0
260658,1,1,0,6,0,0,0,0,0,0,0,0
260659,1,1,26,26,26,26,26,26,26,26,26,26
260660,1,1,0,0,0,0,0,0,0,0,0,0
260660,2,1,0,0,0,0,0,0,0,0,0,0
260661,1,1,0,0,0,0,0,0,0,0,0,0
260662,1,1,0,0,0,0,0,0,0,0,0,0
260662,2,1,0,0,0,0,0,0,0,0,0,0
260663,1,1,0,0,0,0,0,0,0,0,0,0
260664,1,1,0,0,0,0,0,0,0,0,0,0
260664,2,1,0,0,0,0,0,0,0,0,0,0
260665,1,1,0,0,0,0,0,0,0,0,0,0
260666,1,1,17,17,17,17,17,17,17,17,17,17
260667,1,1,0,0,0,0,0,0,0,0,0,0
260668,1,1,0,0,0,0,0,0,0,0,0,0
260669,1,1,34,34,34,34,34,34,34,34,34,34
260670,1,1,15,15,15,15,15,15,15,15,15,15
260671,1,1,0,0,0,0,0,0,0,0,0,0
260671,2,1,0,0,0,0,0,0,0,0,0,0
260672,1,1,0,0,0,0,0,0,0,0,0,0
260672,2,1,0,0,0,0,0,0,0,0,14,0
260673,1,1,0,0,0,0,0,0,0,0,0,0
260673,2,1,0,0,0,0,0,0,0,0,0,0
260674,0,1,0,0,0,0,0,0,0,0,0,0
260674,1,1,0,0,0,0,0,0,0,0,0,0
260675,0,1,0,0,0,0,0,0,0,0,0,0
260675,1,1,0,0,0,0,0,0,0,0,0,0
260676,0,1,34,0,0,0,0,2,0,0,0,0
260676,1,1,0,0,0,0,0,0,0,0,0,26
260677,1,1,24,24,24,24,24,24,24,24,24,24
260678,1,1,0,0,0,0,0,0,0,0,0,0
260678,2,1,0,0,0,0,0,0,0,0,0,0
260679,0,1,26,15,0,16,23,18,25,0,0,0
260679,1,1,28,0,0,16,0,0,0,12,14,0
260680,0,1,0,0,0,0,0,0,0,0,0,0
260680,1,1,22,27,14,10,22,18,4,12,25,20
260681,1,1,0,0,0,0,0,0,0,0,0,0
260682,1,1,0,0,0,0,0,0,0,0,0,0
260682,2,1,0,0,0,0,0,0,0,0,0,0
260683,0,1,0,0,0,8,0,0,4,0,0,0
260683,1,1,0,0,0,0,0,0,0,0,0,0
260684,1,1,0,0,0,0,0,0,0,0,0,0
260684,2,1,0,0,0,0,0,0,0,0,0,0
260685,1,1,0,0,0,0,0,0,0,0,0,0
260685,2,1,0,0,0,0,0,0,0,0,0,0
260686,1,1,0,0,0,0,0,0,0,0,0,0
260687,0,1,0,0,0,0,16,0,0,0,0,0
260687,1,1,0,16,0,23,0,14,26,0,17,0
260688,1,2,0,0,0,0,28,0,0,29,0,25
260689,0,1,34,0,0,12,0,0,0,16,0,0
260689,1,1,0,0,0,0,0,0,0,0,0,0
260689,2,1,4,4,4,4,4,4,4,4,4,4
260690,1,1,0,0,11,0,0,0,0,0,0,0
260691,1,1,0,0,0,0,0,0,0,0,0,0
260691,2,1,0,0,0,0,0,0,0,0,0,0
260692,1,1,0,0,0,0,0,0,0,0,0,0
260692,2,1,0,0,0,0,0,0,0,0,0,0
260693,1,1,0,0,0,0,0,0,0,0,0,0
260694,1,1,37,37,37,37,37,37,37,37,37,37
260695,1,1,5,5,5,5,5,5,5,5,5,5
260696,1,1,0,0,0,0,0,0,0,0,0,0
260696,2,1,0,0,0,0,0,0,0,0,0,0
260697,1,1,23,23,23,23,23,23,23,23,23,23
260697,2,1,0,0,0,0,0,0,0,0,0,0
260698,0,1,0,0,0,0,0,0,0,0,0,0
260698,1,1,0,0,0,0,0,0,0,0,0,0
260699,1,1,14,14,14,14,14,14,14,14,14,14
260700,0,1,0,0,0,0,0,0,0,0,0,0
260700,1,1,0,0,0,0,0,0,0,0,0,0
260701,1,1,40,40,40,40,40,40,40,40,40,40
260702,1,1,0,0,0,0,0,0,0,0,0,0
260702,2,1,0,0,0,0,0,0,0,0,0,0
260703,1,1,0,0,0,0,0,0,0,0,0,0
260703,2,1,0,0,0,0,0,0,0,0,0,0
260704,1,1,22,22,22,22,22,22,22,22,22,22
260705,0,1,0,0,0,0,0,0,16,0,0,0
260705,1,1,9,9,9,9,9,9,9,9,9,9
260706,0,1,28,28,28,28,28,28,28,28,28,28
260706,1,1,0,0,0,0,0,0,0,0,0,0
260707,0,1,0,0,0,0,0,0,0,0,0,0
260707,1,1,0,0,0,0,0,16,0,12,0,0
260708,1,1,0,0,0,0,0,0,0,0,0,0
260708,2,1,0,0,0,0,0,0,0,0,0,0
260708,3,1,0,0,0,0,0,0,0,0,0,0
260708,4,1,0,0,0,0,0,0,0,0,0,0
260708,5,1,0,0,0,0,0,0,0,0,0,0
260709,1,1,0,0,0,0,0,0,0,0,0,0
260709,2,1,0,0,0,0,0,0,0,0,0,0
260710,1,1,0,0,0,0,0,0,0,0,0,0
260711,1,1,0,0,23,0,0,0,0,0,0,0
260712,1,1,0,0,0,0,0,0,0,0,25,0
260712,2,1,0,0,0,0,0,0,0,0,0,30
260713,1,1,0,0,0,0,0,0,0,0,0,0
260713,2,1,0,0,0,0,0,0,0,0,0,0
260714,1,1,19,19,19,19,19,19,19,19,19,19
260715,0,1,0,0,12,0,18,13,0,0,0,0
260715,1,1,0,0,0,0,0,0,0,0,0,0
260716,1,1,0,0,0,0,0,0,0,0,0,0
260716,2,1,0,0,0,0,0,0,0,0,0,0
260717,0,1,0,0,0,0,0,0,0,0,0,0
260717,1,1,0,0,0,0,0,0,0,0,0,0
260718,1,1,0,0,0,0,0,0,0,0,0,0
260718,2,1,0,0,0,0,0,0,0,0,0,0
260719,0,1,0,0,0,0,0,0,0,0,0,0
260719,1,1,13,0,0,27,0,0,10,0,4,0
260720,1,1,9,6,16,0,0,17,10,11,20,0
260721,1,1,0,0,0,0,0,0,0,0,0,0
260721,2,1,0,0,0,0,0,17,0,0,0,0
260721,3,1,0,0,0,0,0,0,0,0,0,0
260722,1,1,13,13,13,13,13,13,13,13,13,13
260722,2,1,0,0,0,0,0,0,0,0,0,0
260722,3,1,0,0,0,0,0,0,0,0,0,11
260723,1,1,0,0,0,0,0,0,0,0,0,0
260723,2,1,0,0,0,0,0,0,0,0,0,0
260723,3,1,0,0,0,0,0,0,0,0,0,0
260724,1,1,0,0,0,0,0,0,0,0,0,0
260724,2,1,0,0,0,0,0,0,0,0,0,0