ST_CASE,VEH_NO,PER_NO,P1,P2,P3,P4,P5,P6,P7,P8,P9,P10
260725,1,1,0,0,0,0,0,0,0,0,0,0
260725,2,1,0,0,0,0,0,0,0,0,0,0
260726,1,1,7,7,7,7,7,7,7,7,7,7
260727,1,1,0,13,19,8,0,0,0,0,24,14
260728,1,1,0,0,0,0,0,0,0,0,0,0
260728,2,1,0,0,0,0,0,0,0,0,0,0
260729,1,1,5,5,5,5,5,5,5,5,5,5
260730,1,1,0,0,0,0,0,0,0,0,0,0
260731,1,1,0,0,0,0,0,0,0,0,0,0
260732,1,1,0,0,0,0,0,0,0,0,0,0
260733,1,1,0,0,0,0,0,0,0,0,0,0
260733,2,1,0,0,0,0,0,0,0,0,0,0
260734,0,1,0,0,0,0,0,0,0,0,0,0
260734,1,1,0,0,32,0,0,0,0,0,0,0
260735,0,1,0,0,0,0,0,0,0,0,0,0
260735,1,1,0,0,0,0,0,0,0,0,0,0
260736,0,1,0,0,0,0,0,0,0,11,0,0
260736,2,1,0,0,0,0,0,0,0,0,0,0
260737,1,1,0,0,0,0,0,0,0,0,0,0
260737,2,1,0,0,0,0,0,0,0,0,0,0
260738,0,1,39,12,22,16,18,21,15,9,44,26
260738,1,1,0,0,0,0,0,0,0,0,0,0
260738,2,1,0,0,0,0,0,0,0,0,0,0
260739,1,1,0,0,0,0,0,0,0,0,0,0
260739,2,1,0,0,0,0,0,0,0,0,0,0
260740,0,1,7,13,24,0,21,21,0,0,0,23
260740,0,2,13,0,0,0,0,20,0,0,6,0
260740,0,3,0,0,0,0,0,0,0,0,0,5
260740,2,1,0,0,0,0,0,0,0,0,0,0
260741,0,1,16,10,14,36,38,26,23,22,20,48
260741,1,1,0,0,0,0,0,0,0,0,0,0
260741,2,1,0,0,0,0,0,0,0,0,0,0
260742,1,1,0,0,0,0,0,0,0,0,11,0
260742,2,1,9,12,0,0,0,0,0,0,0,10
260743,1,1,0,0,0,0,0,0,0,0,0,0
260743,2,1,0,0,0,0,0,0,0,0,0,0
260744,1,1,0,0,0,0,0,0,0,0,0,0
260745,1,1,0,0,0,0,0,0,5,0,0,0
260745,2,1,0,0,0,0,0,0,0,0,0,0
260745,3,1,0,0,0,0,0,0,0,0,0,0
260746,1,1,27,27,27,27,27,27,27,27,27,27
260747,1,1,0,0,0,0,0,0,0,0,0,0
260747,2,1,0,0,0,0,0,0,0,0,0,0
260747,3,1,0,0,0,0,0,0,0,0,0,0
260748,0,1,0,0,35,17,33,5,53,16,17,12
260748,1,1,0,0,0,0,0,0,0,0,0,0
260749,0,1,4,0,0,0,0,0,0,0,0,0
260749,1,1,0,0,0,0,0,0,0,0,0,0
260750,0,1,0,0,4,0,0,0,0,0,0,0
260750,1,1,0,0,0,0,0,0,0,0,0,0
260751,1,1,0,0,0,0,0,0,0,0,0,0
260751,2,1,0,0,0,0,0,0,0,0,0,0
260752,1,1,54,0,0,0,0,0,0,0,0,0
260753,1,1,15,15,15,15,15,15,15,15,15,15
260753,2,1,0,0,0,0,0,0,0,0,0,0
260754,0,1,0,0,0,0,0,0,0,0,0,0
260754,1,1,0,0,0,0,0,0,0,0,0,0
260755,1,1,20,20,20,20,20,20,20,20,20,20
260756,1,1,26,26,26,26,26,26,26,26,26,26
260756,2,1,0,0,0,0,0,0,0,0,0,0
260756,3,1,0,0,0,0,0,0,0,0,0,0
260757,1,1,17,17,17,17,17,17,17,17,17,17
260758,1,1,21,21,21,21,21,21,21,21,21,21
260759,1,1,0,0,0,0,0,0,0,0,0,0
260760,1,1,0,0,0,0,0,0,0,0,0,0
260760,2,1,0,0,0,21,0,0,0,0,0,0
260761,1,1,0,0,0,0,0,0,0,0,0,0
260761,2,1,0,0,0,0,0,0,0,0,0,0
260762,0,1,9,35,28,14,21,23,13,33,35,23
260762,1,1,18,18,18,18,18,18,18,18,18,18
260763,0,1,0,0,0,0,0,0,0,0,0,0
260763,0,2,0,0,0,0,0,0,0,0,0,0
260763,1,1,0,0,0,0,0,0,0,0,0,0
260764,1,1,15,15,15,15,15,15,15,15,15,15
260765,0,1,17,17,17,17,17,17,17,17,17,17
260765,0,2,0,11,0,0,29,0,2,3,0,0
260765,0,3,0,0,0,0,24,0,0,21,0,0
260765,1,1,0,0,0,0,0,0,0,0,0,0
260766,1,1,0,0,0,0,0,0,0,0,0,0
260767,1,1,0,0,0,0,0,0,0,0,0,0
260767,2,1,0,0,0,0,0,0,0,0,0,0
260768,1,1,0,0,0,0,0,0,0,0,0,0
260768,2,1,0,0,0,0,0,0,0,0,0,0
260769,1,1,0,0,0,0,0,0,0,0,0,0
260769,2,1,24,24,24,24,24,24,24,24,24,24
260770,0,1,0,0,0,0,0,0,0,0,0,0
260770,0,2,0,0,0,0,6,0,0,0,18,0
260770,1,1,0,0,0,0,0,0,0,0,0,0
260771,1,1,17,5,12,19,9,25,13,12,14,18
260771,2,1,0,0,0,0,0,0,0,0,0,0
260772,1,1,20,20,20,20,20,20,20,20,20,20
260773,1,1,16,16,16,16,16,16,16,16,16,16
260774,1,1,13,13,13,13,13,13,13,13,13,13
260774,2,1,0,0,0,0,0,0,0,0,0,0
260775,1,1,0,0,0,0,0,0,0,0,0,0
260776,1,1,0,0,0,0,0,0,0,0,0,0
260777,0,1,0,0,0,0,0,6,0,0,11,0
260777,0,2,0,0,0,0,6,0,0,0,0,6
260777,0,3,0,0,0,0,0,0,0,0,0,0
260777,1,1,0,12,0,0,0,11,0,0,0,22
260778,1,1,19,11,39,19,11,10,20,7,0,28
260779,1,1,0,0,0,0,0,0,0,0,0,0
260779,2,1,22,22,22,22,22,22,22,22,22,22
260780,1,1,0,0,0,0,0,0,0,0,0,0
260781,0,1,22,22,22,22,22,22,22,22,22,22
260781,1,1,0,0,0,0,0,0,0,0,0,0
260782,1,1,0,0,0,0,0,0,0,0,0,0
260783,1,1,0,0,0,0,0,0,0,0,0,0
260783,2,1,0,0,0,0,0,0,0,0,0,0
260784,1,1,0,0,0,0,0,0,0,0,0,0
260784,2,1,0,0,0,0,0,0,0,0,0,0
260785,0,1,40,25,16,28,20,46,34,33,12,12
260785,1,1,0,0,0,0,0,0,0,0,0,0
260786,1,1,9,9,9,9,9,9,9,9,9,9
260787,1,1,16,10,0,20,0,0,0,0,0,12
260788,1,1,27,27,27,27,27,27,27,27,27,27
260789,1,1,14,14,14,14,14,14,14,14,14,14
260790,1,1,0,0,0,0,0,0,0,0,0,0
260791,1,1,0,0,0,0,0,0,0,0,0,0
260792,1,1,22,22,22,22,22,22,22,22,22,22
260793,1,1,0,0,0,0,0,0,0,0,0,0
260794,1,1,14,14,14,14,14,14,14,14,14,14
260795,1,1,2,2,2,2,2,2,2,2,2,2
260795,2,1,0,0,0,10,0,0,0,0,0,0
260796,1,1,0,0,0,0,0,0,13,0,0,0
260797,1,1,0,0,0,0,0,0,0,0,0,0
260797,2,1,0,0,0,0,0,0,0,0,0,0
260798,1,1,22,22,22,22,22,22,22,22,22,22
260799,0,1,0,0,0,0,0,0,0,0,0,0
260799,1,1,0,0,0,0,0,0,0,0,0,0
260800,0,1,5,0,0,0,0,0,0,0,19,15
260800,1,1,0,0,0,0,0,0,0,0,0,0
260801,1,1,0,0,0,0,0,0,0,0,0,0
260801,2,1,0,0,0,0,0,0,0,0,0,0
260802,1,1,0,0,0,0,0,0,0,0,0,0
260802,2,1,0,0,0,0,0,0,0,0,0,0
260803,1,1,0,0,0,0,0,0,0,0,0,0
260803,2,1,0,0,0,0,0,0,0,0,0,0
260804,1,1,0,0,0,0,0,0,0,0,0,0
260804,2,1,0,0,0,0,0,0,0,0,0,0
260804,3,1,0,0,0,0,0,0,12,0,0,0
260805,0,1,0,0,0,0,0,0,31,0,11,0
260805,1,1,0,0,0,0,0,0,0,0,0,0
260806,1,1,0,0,0,0,0,0,0,0,0,0
260806,2,1,0,0,0,0,0,0,0,0,0,0
260807,0,1,0,0,0,0,0,0,0,0,0,0
260807,1,1,0,0,0,0,0,0,0,0,0,0
260807,2,1,0,0,0,0,0,0,0,0,0,0
260808,1,1,16,14,18,13,19,44,15,32,17,21
260809,0,1,0,14,25,8,0,0,0,0,27,23
260809,1,1,0,0,0,0,0,0,0,0,0,0
260810,1,1,0,0,0,0,0,0,0,0,0,0
260810,2,1,0,0,0,0,0,0,0,0,0,0
260811,1,1,0,0,0,0,0,0,0,0,0,0
260811,2,1,0,0,0,0,0,0,0,0,0,0
260812,1,1,5,5,5,5,5,5,5,5,5,5
260813,1,1,0,0,0,0,0,0,0,0,0,0
260813,2,1,0,0,0,0,0,0,0,0,0,0
260814,1,1,0,0,0,0,0,0,0,0,0,0
260814,2,1,0,0,0,0,0,0,0,0,0,0
260815,0,1,0,0,0,0,0,0,0,0,0,0
260815,1,1,0,0,0,0,0,0,0,0,0,0
260816,1,1,20,20,20,20,20,20,20,20,20,20
260817,1,1,30,30,30,30,30,30,30,30,30,30
260817,2,1,0,0,0,0,0,0,0,10,0,0
260818,1,1,31,31,31,31,31,31,31,31,31,31
260819,1,1,11,11,11,11,11,11,11,11,11,11
260820,1,1,0,0,0,0,0,0,0,0,0,0
260821,1,1,0,0,0,0,0,0,0,0,0,0
260821,2,1,0,0,0,0,0,0,0,0,0,0
260822,1,1,0,0,0,0,0,0,0,0,0,0
260822,2,1,0,0,0,0,0,0,0,0,0,0
260823,1,1,0,0,0,0,0,0,0,0,0,40
260823,2,1,21,21,21,21,21,21,21,21,21,21
260824,1,1,12,12,12,12,12,12,12,12,12,12
260825,1,1,0,15,0,0,0,16,15,19,25,11
260826,0,1,12,12,12,12,12,12,12,12,12,12
260826,1,1,0,0,0,0,0,0,0,0,0,0
260827,1,1,0,0,0,0,0,0,0,0,0,0
260827,2,1,0,0,0,0,0,0,0,0,0,0
260827,3,1,0,0,0,0,0,0,0,0,0,0
260828,1,1,0,0,27,0,0,0,0,0,11,0
260828,2,1,0,0,0,0,0,14,0,0,0,0
260829,1,1,0,0,0,0,0,0,0,0,0,0
260830,1,1,0,0,0,0,0,0,0,0,0,0
260830,2,1,0,0,0,0,0,0,0,0,0,0
260830,3,1,0,0,0,0,0,0,0,0,0,0
260831,1,1,0,0,0,0,0,0,0,0,0,0
260832,1,1,0,0,0,0,0,0,0,0,0,0
260832,2,1,0,0,0,0,0,0,0,0,0,0
260833,1,1,29,20,15,11,21,26,36,11,18,18
260834,1,1,0,0,0,0,0,0,0,0,0,0
260834,2,1,0,0,0,0,0,0,0,0,0,0
260835,1,1,0,0,0,0,0,0,0,0,0,0
260835,2,1,0,0,0,0,0,0,0,0,0,0
260836,1,1,22,22,22,22,22,22,22,22,22,22
260837,1,1,36,18,26,11,15,21,14,0,11,11
260837,2,1,0,0,0,0,0,0,0,0,0,0
260837,3,1,0,0,0,0,0,0,0,0,0,0
260838,1,1,0,0,0,0,0,0,0,0,0,0
260838,2,1,0,0,0,0,0,0,0,0,0,0
260839,0,1,0,0,0,0,0,0,0,0,0,0
260839,1,1,0,0,0,0,0,6,0,0,6,0
260840,1,1,29,29,29,29,29,29,29,29,29,29
260841,1,1,14,14,14,14,14,14,14,14,14,14
260842,1,1,37,37,37,37,37,37,37,37,37,37
260843,1,1,0,0,0,0,0,0,0,0,0,0
260844,0,1,30,30,30,30,30,30,30,30,30,30
260844,1,1,0,0,0,0,0,0,0,0,0,0
260845,1,1,11,11,11,11,11,11,11,11,11,11
260846,1,1,0,0,0,0,0,0,0,0,0,9
260846,2,1,0,0,0,0,0,0,0,0,0,0
260847,1,1,22,22,22,22,22,22,22,22,22,22
260848,1,1,0,0,0,0,0,0,0,0,0,0
260848,2,1,0,0,0,0,0,0,0,0,0,0
260849,1,1,0,0,0,0,0,0,0,0,0,0
260849,2,1,0,0,0,0,0,0,0,0,0,0
260850,0,1,0,0,0,0,0,0,0,0,0,0
260850,1,1,0,0,0,0,0,0,0,0,0,0
260851,1,1,0,0,0,0,0,0,0,0,0,0
260851,2,1,0,0,0,0,0,0,0,0,0,0
260852,1,1,0,0,0,0,0,0,0,0,0,0
260853,1,1,20,20,20,20,20,20,20,20,20,20
260854,1,1,0,0,0,0,0,0,0,0,0,0
260854,2,1,0,0,0,0,0,0,0,0,0,0
260855,1,1,24,24,24,24,24,24,24,24,24,24
260856,1,1,0,0,0,0,0,0,0,0,0,0
260857,1,1,28,9,27,6,12,33,0,0,27,30
260857,2,1,0,0,0,0,0,0,0,0,0,6
260858,1,1,24,24,14,6,24,16,27,10,17,22
260858,2,1,3,3,3,3,3,3,3,3,3,3
260859,1,1,0,0,0,0,0,0,0,0,0,0
260859,2,1,2,2,2,2,2,2,2,2,2,2
260860,1,1,0,0,0,0,0,0,0,0,0,0
260861,1,1,0,0,0,0,0,0,0,0,0,0
260861,2,1,0,0,0,0,0,0,0,0,0,0
260862,1,1,26,26,26,26,26,26,26,26,26,26
260863,1,1,0,0,0,0,0,0,0,0,0,0
260863,2,1,0,0,0,0,0,0,0,0,0,0
260863,3,1,16,16,16,16,16,16,16,16,16,16
260864,1,1,0,0,0,0,0,0,0,0,0,0
260864,2,1,0,0,0,0,0,0,0,0,0,0
260865,1,1,0,0,0,0,0,0,0,0,0,0
260865,2,1,0,0,0,0,0,0,0,0,0,0
260866,1,1,0,0,0,0,0,0,0,0,0,0
260866,2,1,0,0,0,0,0,0,0,0,0,0
260867,1,1,24,24,24,24,24,24,24,24,24,24
260868,1,1,0,0,0,0,0,0,0,0,0,0
260868,2,1,0,0,0,11,0,0,0,0,0,0
260869,0,1,0,0,0,0,0,0,0,0,0,0
260869,1,1,0,0,0,11,0,0,0,24,0,0
260870,1,1,0,0,0,0,0,0,0,0,0,0
260870,2,1,0,0,0,0,0,0,0,0,0,0
260871,1,1,0,0,0,0,0,0,0,0,0,0
260871,2,1,0,0,0,0,0,0,0,0,0,0
260872,0,1,0,0,0,14,0,0,0,0,7,21
260872,1,1,0,0,0,0,0,0,0,0,0,0
260873,0,1,0,0,0,0,0,0,0,0,0,0
260873,1,1,23,0,19,0,0,0,0,0,0,0
260874,0,1,0,0,0,0,0,0,0,0,0,0
260874,1,1,0,0,0,0,0,0,0,0,0,0
260875,1,1,0,0,0,0,0,0,0,0,0,0
260875,2,1,0,0,0,0,0,0,0,0,0,0
260876,1,1,0,0,0,0,0,0,14,0,0,0
260876,2,1,0,0,0,0,0,0,0,0,0,0
260877,1,1,19,19,19,19,19,19,19,19,19,19
260877,2,1,0,0,0,0,0,0,0,0,0,0
260878,0,1,0,0,0,0,0,0,0,0,0,0
260878,1,1,0,0,0,0,0,0,0,0,0,0
260878,2,1,0,0,0,0,0,0,0,6,0,0
260879,0,1,0,0,13,3,19,28,0,0,0,0
260879,1,1,9,9,9,9,9,9,9,9,9,9
260880,1,1,0,0,0,0,0,0,0,0,0,0
260880,2,1,0,0,0,0,0,0,0,0,0,0
260881,0,1,0,0,0,0,0,0,0,0,0,0
260881,1,1,0,0,0,0,0,0,0,0,0,0
260882,0,1,0,0,0,0,0,0,20,0,0,4
260882,1,1,24,24,24,24,24,24,24,24,24,24
260883,1,1,9,9,9,9,9,9,9,9,9,9
260884,1,1,0,0,0,0,0,0,13,0,0,0
260884,2,1,0,0,0,0,0,0,0,0,0,0
260886,1,1,0,0,0,0,0,0,0,0,0,0
260886,2,1,0,0,0,0,0,0,0,0,0,0
260886,3,1,0,0,0,0,0,0,0,0,0,0
260887,0,1,0,0,0,0,0,0,0,0,0,0
260887,1,1,0,0,0,0,0,0,0,0,0,0
270001,1,1,0,13,0,0,0,0,24,0,0,0
270002,1,1,0,0,0,0,0,0,0,0,0,0
270002,2,1,0,0,0,0,0,0,0,0,0,0
270003,1,1,0,0,0,0,0,0,0,0,0,10
270004,1,1,0,0,0,0,0,0,0,0,0,0
270004,2,1,0,0,0,0,0,0,0,0,0,0
270005,0,1,15,15,15,15,15,15,15,15,15,15
270005,1,1,0,0,0,0,0,0,0,0,0,0
270006,1,1,11,11,11,11,11,11,11,11,11,11
270006,2,1,0,0,0,0,0,0,0,0,0,0
270007,1,1,0,0,0,0,0,0,0,0,0,0
270008,1,1,0,0,0,0,0,0,0,0,0,0
270008,2,1,0,0,24,0,20,0,0,0,0,0
270009,1,1,0,0,0,0,0,0,0,0,0,0
270010,1,1,30,30,30,30,30,30,30,30,30,30
270011,1,1,18,18,18,18,18,18,18,18,18,18
270014,1,1,12,12,12,12,12,12,12,12,12,12
270014,2,1,0,0,0,0,0,0,0,0,0,0
270015,1,1,0,0,0,0,0,0,0,0,0,0
270016,1,1,5,5,5,5,5,5,5,5,5,5
270016,2,1,0,0,0,0,0,0,0,0,0,0
270017,1,1,0,0,0,0,0,0,0,0,0,0
270018,0,1,0,0,0,0,0,0,0,0,0,0
270018,1,1,0,0,8,0,0,0,0,0,0,0
270019,1,1,0,0,0,0,0,0,0,0,0,0
270019,2,1,0,0,0,0,0,0,0,0,0,0
270020,0,1,0,0,0,0,0,0,0,0,0,0
270020,1,1,21,21,21,21,21,21,21,21,21,21
270020,2,1,0,0,0,0,0,0,36,0,0,0
270020,3,1,0,0,0,0,0,0,0,0,0,0
270021,1,1,0,0,0,0,0,0,0,0,0,0
270021,2,1,0,0,0,0,0,0,0,0,0,0
270022,1,1,0,0,0,0,0,0,0,0,0,0
270022,2,1,0,0,19,0,0,0,0,0,0,0
270022,3,1,0,0,0,0,0,0,0,0,0,0
270023,1,1,12,12,12,12,12,12,12,12,12,12
270023,2,1,0,0,0,0,0,10,0,0,0,0
270024,1,1,24,24,24,24,24,24,24,24,24,24
270024,2,1,0,0,0,0,0,0,0,0,0,0
270025,1,1,16,16,16,16,16,16,16,16,16,16
270025,2,1,0,0,0,0,0,0,0,0,0,0
270026,1,1,0,0,0,0,0,0,0,0,0,0
270026,2,1,0,0,0,0,0,0,0,0,0,0
270027,1,1,16,16,16,16,16,16,16,16,16,16
270028,0,1,0,0,0,0,0,0,0,0,0,0
270028,1,1,0,0,0,0,0,0,0,0,0,0
270029,0,1,0,0,0,0,0,0,0,0,0,0
270029,1,1,0,0,0,0,0,0,0,0,0,0
270030,1,1,19,19,19,19,19,19,19,19,19,19
270031,1,1,4,4,4,4,4,4,4,4,4,4
270032,1,1,0,0,0,0,0,0,0,0,0,0
270033,1,1,0,0,0,0,0,0,0,0,0,0
270033,2,1,0,0,0,0,0,0,0,0,0,4
270034,1,1,0,0,0,0,0,0,0,0,0,0
270034,2,1,0,0,0,0,0,0,0,0,0,0
270035,1,1,15,15,15,15,15,15,15,15,15,15
270036,0,1,0,0,0,0,0,0,0,0,0,0
270036,1,1,1,1,1,1,1,1,1,1,1,1
270037,1,1,0,0,0,0,0,0,0,0,0,0
270037,2,1,0,0,0,0,0,0,0,0,0,0
270037,3,1,0,0,0,0,0,0,0,0,0,0
270038,1,1,0,0,0,0,0,0,0,0,0,0
270038,2,1,0,0,0,0,0,0,0,0,0,0
270039,1,1,0,0,0,0,0,0,0,0,0,0
270039,2,1,0,0,0,0,0,0,0,0,0,0
270040,1,1,0,0,0,0,0,0,0,0,0,0
270040,2,1,0,0,0,0,0,0,0,0,0,0
270041,1,1,0,0,0,0,0,0,0,0,0,0
270041,2,1,0,0,0,0,0,0,0,0,0,0
270042,1,1,0,0,0,0,0,0,0,0,0,0
270042,2,1,0,0,0,0,0,0,0,0,0,0
270044,1,1,0,0,0,0,0,0,0,0,0,0
270045,1,1,6,6,6,6,6,6,6,6,6,6
270046,1,1,16,16,16,16,16,16,16,16,16,16
270047,1,1,0,0,0,0,0,0,0,0,0,0
270048,1,1,19,19,19,19,19,19,19,19,19,19
270048,2,1,0,0,0,0,0,0,0,0,0,0
270049,1,1,19,19,19,19,19,19,19,19,19,19
270049,2,1,17,17,17,17,17,17,17,17,17,17
270050,1,1,0,0,0,0,0,0,0,0,0,0
270050,2,1,17,17,17,17,17,17,17,17,17,17
270051,1,1,0,0,0,0,0,0,0,0,0,0
270051,2,1,19,19,19,19,19,19,19,19,19,19
270052,0,1,14,14,14,14,14,14,14,14,14,14
270052,1,1,0,0,0,0,0,0,0,0,0,0
270053,1,1,20,20,20,20,20,20,20,20,20,20
270054,1,1,0,0,0,0,0,0,0,0,0,0
270055,1,1,22,22,22,22,22,22,22,22,22,22
270056,1,1,28,28,28,28,28,28,28,28,28,28
270057,1,1,0,0,0,0,0,0,0,0,0,0
270057,2,1,0,0,0,0,0,0,0,0,0,0
270058,1,1,0,0,0,0,0,0,0,0,0,0
270058,2,1,0,0,0,0,0,0,0,0,0,0
270059,1,1,0,0,0,0,0,0,0,0,0,0
270060,1,1,0,0,0,0,0,0,0,0,0,0
270060,2,1,0,0,0,0,0,0,0,0,0,0
270061,1,1,0,0,0,0,0,0,0,0,0,0
270061,2,1,0,0,0,0,0,0,0,0,0,0
270062,0,1,0,0,0,0,0,0,0,0,0,0
270062,1,1,0,0,0,0,0,0,0,0,0,0
270063,1,1,21,21,21,21,21,21,21,21,21,21
270064,0,1,0,0,0,0,0,0,0,0,0,0
270064,1,1,0,0,0,0,0,0,0,0,0,0
270065,1,1,0,0,0,0,0,0,0,0,0,0
270066,1,1,0,0,0,0,0,0,0,0,0,0
270066,2,1,0,0,0,0,0,0,0,0,0,0
270067,1,1,0,0,0,0,0,0,0,0,0,0
270067,2,1,0,0,0,0,0,0,0,0,0,0
270068,1,1,12,0,0,0,0,0,0,0,10,30
270069,1,1,0,0,0,0,0,0,0,0,0,0
270070,1,1,0,0,0,0,0,0,0,0,0,0
270071,1,1,14,14,14,14,14,14,14,14,14,14
270071,2,1,8,8,8,8,8,8,8,8,8,8
270072,1,1,0,0,0,0,0,0,0,0,0,0
270073,1,1,26,0,0,0,0,0,0,0,0,0
270073,2,1,0,0,0,0,0,0,0,0,0,0
270074,1,1,0,0,0,0,0,0,0,0,0,0
270074,2,1,0,0,0,0,0,0,0,0,0,0
270075,1,1,0,0,0,0,0,0,0,0,0,0
270075,2,1,0,0,0,0,0,0,0,0,0,0
270076,0,1,29,29,29,29,29,29,29,29,29,29
270076,1,1,0,0,0,0,0,0,0,0,0,0
270077,1,1,0,0,0,0,0,0,0,0,0,0
270077,2,1,0,0,0,0,0,0,0,0,0,0
270078,1,1,0,0,0,0,0,0,0,0,0,0
270078,2,1,0,0,0,0,0,0,0,0,0,0
270079,1,1,0,0,0,0,0,0,0,0,0,0
270080,0,1,0,0,0,0,0,0,0,0,0,0
270080,1,1,0,0,0,0,0,0,0,0,0,0
270081,1,1,0,0,0,0,0,0,0,0,0,0
270081,2,1,0,0,0,0,0,0,0,0,0,0
270082,1,1,0,0,0,0,0,0,0,0,0,0
270083,1,1,0,0,0,0,0,0,0,0,0,0
270083,2,1,0,0,0,0,0,0,0,0,0,0
270084,1,1,0,0,41,0,0,0,0,0,0,0
270085,1,1,17,17,17,17,17,17,17,17,17,17
270085,2,1,0,0,0,0,0,9,0,0,0,0
270086,1,1,0,0,0,0,0,0,0,0,0,0
270087,1,2,6,0,20,9,6,18,6,17,0,0
270088,1,1,0,0,0,0,0,0,0,0,0,0
270089,1,1,21,21,21,21,21,21,21,21,21,21
270089,2,1,0,0,0,0,11,0,0,5,0,4
270090,1,1,0,0,0,0,0,0,0,0,0,0
270091,1,1,0,0,0,0,0,0,0,0,0,0
270091,2,1,0,0,0,0,0,0,0,0,0,0
270091,3,1,0,0,0,0,0,0,0,0,0,0
270092,1,1,21,21,21,21,21,21,21,21,21,21
270093,1,1,19,19,19,19,19,19,19,19,19,19
270094,1,1,0,0,13,0,15,0,0,0,0,0
270095,1,1,0,0,0,0,0,0,0,0,0,0
270096,0,1,23,23,23,23,23,23,23,23,23,23
270096,1,1,0,0,0,0,16,11,0,0,0,12
270097,1,1,0,0,0,0,0,0,30,0,6,0
270097,2,1,0,0,0,0,0,0,0,0,0,0
270098,1,1,9,27,12,23,13,26,28,20,33,20
270099,1,1,0,0,31,11,22,4,0,20,28,0
270100,1,1,0,0,0,0,0,0,0,0,0,0
270100,2,1,0,0,0,0,0,0,0,0,0,0
270100,3,1,0,0,0,0,0,0,0,0,0,0
270100,4,1,0,0,0,0,0,0,0,0,0,0
270101,0,1,0,0,0,0,0,0,0,0,0,0
270101,1,1,0,0,0,0,0,0,0,0,0,0
270102,1,1,0,0,0,0,0,0,0,0,0,0
270102,2,1,0,0,0,0,0,0,0,0,0,0
270102,3,1,0,0,0,0,0,0,0,0,0,13
270103,1,1,0,10,0,10,0,0,0,0,4,0
270104,0,1,27,27,27,27,27,27,27,27,27,27
270104,1,1,0,0,0,0,0,0,0,0,0,0
270105,1,1,0,0,0,0,0,22,0,0,0,23
270106,1,1,7,7,7,7,7,7,7,7,7,7
270107,1,1,10,10,10,10,10,10,10,10,10,10
270107,2,1,0,0,0,0,0,0,0,0,0,0
270108,1,1,34,34,34,34,34,34,34,34,34,34
270109,1,1,0,13,0,0,0,0,0,0,0,0
270109,2,1,0,0,0,0,0,0,0,0,0,0
270110,1,1,0,0,0,0,0,0,0,0,0,0
270110,2,1,0,0,0,0,0,0,0,0,0,0
270111,1,1,0,0,0,0,0,0,0,0,0,0
270112,1,1,0,0,0,0,0,0,0,0,0,0
270112,2,1,0,0,0,0,0,0,0,0,0,0
270113,1,1,0,0,0,0,0,0,0,0,0,0
270113,2,1,0,0,0,0,0,0,0,19,0,0
270114,1,1,0,0,0,0,0,0,0,0,0,0
270115,1,1,0,0,0,0,0,0,0,0,0,0
270115,2,1,0,0,0,0,0,0,0,0,0,0
270116,1,1,0,0,0,0,0,0,0,0,0,0
270116,2,1,0,0,0,0,0,0,0,0,0,0
270116,3,1,0,0,0,0,0,0,12,0,0,0
270117,0,1,28,28,28,28,28,28,28,28,28,28
270117,1,1,0,0,0,0,0,0,0,0,0,0
270118,1,1,17,17,17,17,17,17,17,17,17,17
270119,1,1,13,13,13,13,13,13,13,13,13,13
270120,1,1,24,24,24,24,24,24,24,24,24,24
270121,1,1,0,0,0,0,0,0,0,0,0,0
270121,2,1,0,0,0,0,0,0,0,0,7,0
270122,1,1,0,0,0,0,0,0,0,0,0,0
270122,2,1,0,0,0,0,0,0,0,0,0,0
270123,1,1,20,20,20,20,20,20,20,20,20,20
270124,0,1,17,17,17,17,17,17,17,17,17,17
270124,1,1,0,0,0,0,0,0,0,0,0,0
270125,1,1,0,0,0,0,0,0,0,0,0,0
270125,2,1,0,0,0,0,0,0,0,0,0,0
270125,3,1,0,0,0,0,0,0,0,0,0,0
270126,1,1,0,0,0,0,0,0,0,0,0,0
270127,1,1,13,13,13,13,13,13,13,13,13,13
270127,2,1,0,3,0,0,0,0,0,0,0,0
270128,1,1,0,0,0,0,0,0,0,0,0,0
270128,2,1,0,0,0,0,0,0,0,0,0,0
270129,1,1,23,23,23,23,23,23,23,23,23,23
270130,1,1,0,0,0,0,0,0,0,0,0,0
270130,2,1,0,0,0,0,0,0,0,0,0,0
270130,3,1,0,0,0,0,0,0,0,0,0,0
270131,1,1,0,0,0,0,0,0,0,0,0,0
270132,1,1,23,23,23,23,23,23,23,23,23,23
270133,1,1,0,0,0,0,0,0,0,0,0,0
270134,1,1,0,0,0,0,0,0,0,0,0,0
270134,2,1,0,0,0,0,0,0,0,0,0,0
270135,1,1,0,0,0,4,0,0,0,0,0,0
270135,2,1,0,0,0,0,7,0,0,0,0,0
270136,0,1,0,0,0,0,0,0,0,0,0,0
270136,0,2,0,0,0,0,0,0,0,0,0,0
270136,1,1,0,0,0,0,0,0,0,0,0,0
270137,1,1,0,0,0,4,0,0,0,0,0,0
270138,1,1,0,0,0,0,0,0,0,0,0,0