ST_CASE,VEH_NO,PER_NO,P1,P2,P3,P4,P5,P6,P7,P8,P9,P10
270138,2,1,0,0,0,0,0,0,0,0,0,0
270139,1,1,0,0,0,0,0,0,0,0,0,0
270139,2,1,0,0,0,0,0,0,0,0,0,0
270139,3,1,0,0,0,0,0,0,0,0,0,0
270140,1,1,0,0,0,0,0,0,0,0,0,0
270141,1,1,18,18,18,18,18,18,18,18,18,18
270142,1,1,0,0,0,0,0,0,0,0,0,0
270142,2,1,0,0,0,0,0,10,0,0,0,0
270143,1,1,11,11,11,11,11,11,11,11,11,11
270143,2,1,0,0,0,0,5,0,6,0,0,0
270144,1,1,0,0,0,0,0,0,0,0,0,0
270144,2,1,15,15,15,15,15,15,15,15,15,15
270145,1,1,0,0,0,0,0,0,0,0,0,0
270147,1,1,0,0,0,0,0,0,0,0,0,0
270147,2,1,0,0,0,0,0,0,0,0,0,0
270148,1,1,21,21,21,21,21,21,21,21,21,21
270148,2,1,0,0,0,0,0,0,0,0,0,0
270149,1,1,0,0,0,5,0,0,0,0,0,19
270149,2,1,0,0,0,0,0,0,0,0,0,0
270149,3,1,0,0,0,0,0,0,0,0,0,0
270150,1,1,0,0,0,0,0,0,0,0,0,0
270150,2,1,3,0,0,0,0,0,0,0,0,0
270151,1,1,0,0,0,0,0,0,0,0,0,0
270151,2,1,0,0,0,0,0,0,0,0,0,0
270152,1,1,0,0,0,0,0,0,0,0,0,0
270153,0,1,9,30,0,0,44,22,23,0,0,0
270153,1,1,0,0,0,0,0,0,0,0,0,0
270154,1,1,0,0,0,0,0,0,0,0,0,0
270155,1,1,21,21,21,21,21,21,21,21,21,21
270156,1,1,1,1,1,1,1,1,1,1,1,1
270157,1,1,25,25,25,25,25,25,25,25,25,25
270158,1,1,12,12,12,12,12,12,12,12,12,12
270159,1,1,28,28,28,28,28,28,28,28,28,28
270161,1,1,0,0,0,0,0,0,0,0,0,0
270162,1,1,18,18,18,18,18,18,18,18,18,18
270163,1,1,0,0,0,0,0,0,0,0,0,0
270164,1,1,0,0,0,0,0,0,0,0,0,0
270164,2,1,0,0,0,0,0,0,0,0,0,0
270165,1,1,0,0,0,0,0,0,0,0,0,0
270165,2,1,0,0,0,0,0,0,0,0,0,0
270166,1,1,29,29,29,29,29,29,29,29,29,29
270166,2,1,0,0,0,21,0,0,0,0,0,0
270167,1,1,0,0,0,0,0,0,0,0,0,0
270168,1,1,0,0,0,0,0,0,0,0,0,0
270168,2,1,0,0,0,0,0,0,0,0,0,0
270169,1,1,0,0,0,0,0,4,0,0,0,0
270169,2,1,0,0,0,0,0,0,0,0,0,0
270170,1,1,0,0,0,0,0,0,0,0,0,0
270171,1,1,0,0,0,0,0,0,0,0,0,0
270171,2,1,0,0,0,0,0,0,0,0,0,0
270172,1,1,35,35,35,35,35,35,35,35,35,35
270172,2,1,0,0,0,0,0,0,0,0,0,0
270173,1,1,31,31,31,31,31,31,31,31,31,31
270174,1,1,0,0,0,0,0,0,0,0,0,0
270174,2,1,0,0,0,0,0,0,0,0,0,0
270175,1,1,27,27,27,27,27,27,27,27,27,27
270176,0,1,0,0,0,0,0,0,0,0,0,0
270176,1,1,0,0,0,0,0,0,0,0,0,0
270177,0,1,25,25,25,25,25,25,25,25,25,25
270177,1,1,0,0,0,0,0,0,0,0,0,0
270178,1,1,19,19,19,19,19,19,19,19,19,19
270179,1,1,16,7,14,15,3,19,15,8,32,16
270180,1,1,0,0,0,0,0,0,0,0,0,0
270181,1,1,23,23,23,23,23,23,23,23,23,23
270182,1,1,19,19,19,19,19,19,19,19,19,19
270183,1,1,0,0,0,0,0,0,0,0,0,0
270183,2,1,0,0,0,0,0,0,0,0,0,0
270184,1,1,17,17,17,17,17,17,17,17,17,17
270185,1,1,0,0,0,0,0,0,0,0,0,0
270185,2,1,0,0,0,0,0,0,0,0,0,0
270186,1,1,30,30,30,30,30,30,30,30,30,30
270187,1,1,32,32,32,32,32,32,32,32,32,32
270188,1,1,0,0,0,0,0,0,0,0,0,0
270188,2,1,0,0,0,0,0,0,0,0,0,0
270189,1,1,0,0,0,0,0,0,0,0,0,0
270189,2,1,0,0,0,0,0,0,0,0,0,0
270189,3,1,0,0,0,0,0,0,0,0,0,0
270189,4,1,0,0,0,0,0,0,0,0,0,0
270190,1,1,0,0,0,0,0,0,0,0,0,0
270191,1,1,24,24,24,24,24,24,24,24,24,24
270192,1,1,9,9,9,9,9,9,9,9,9,9
270193,1,1,0,0,0,0,0,0,0,0,0,0
270193,2,1,0,0,0,0,0,0,0,0,0,0
270195,0,1,33,33,33,33,33,33,33,33,33,33
270195,1,1,0,0,0,0,0,15,0,0,0,0
270196,1,1,0,0,0,0,0,0,0,0,0,0
270197,0,1,37,37,37,37,37,37,37,37,37,37
270197,1,1,0,0,0,0,0,0,0,0,0,0
270198,0,1,0,0,0,0,0,0,0,0,0,0
270198,1,1,0,0,0,0,0,0,0,0,0,24
270199,1,1,9,9,9,9,9,9,9,9,9,9
270199,2,1,0,0,0,0,0,0,0,0,0,0
270200,1,1,29,29,29,29,29,29,29,29,29,29
270201,1,1,0,0,0,0,0,0,0,0,0,7
270203,1,1,0,0,0,0,0,0,0,0,0,0
270203,2,1,4,4,4,4,4,4,4,4,4,4
270204,1,1,6,6,6,6,6,6,6,6,6,6
270205,1,1,10,10,10,10,10,10,10,10,10,10
270206,1,1,0,0,0,0,0,20,0,0,0,0
270207,1,1,0,0,0,0,0,0,0,0,0,0
270208,1,1,21,21,21,21,21,21,21,21,21,21
270209,1,1,9,9,9,9,9,9,9,9,9,9
270209,2,1,0,0,0,0,0,0,0,0,0,9
270210,0,1,0,0,0,0,0,0,0,0,0,0
270210,1,1,0,0,0,0,0,0,0,0,0,0
270211,0,1,0,0,0,0,0,0,0,0,0,0
270211,0,2,0,0,0,0,0,0,0,0,0,0
270211,1,1,0,0,0,0,0,0,0,0,0,0
270211,2,1,0,0,0,0,0,0,0,0,0,0
270212,1,1,0,0,7,0,0,0,0,0,0,0
270212,2,1,0,0,0,0,0,0,0,0,0,0
270213,1,1,0,0,0,0,0,0,0,0,0,0
270214,1,1,0,0,0,0,0,0,0,0,0,0
270214,2,1,0,0,0,0,0,0,0,0,0,0
270215,1,1,0,0,0,0,0,0,0,0,0,0
270215,2,1,0,0,0,0,0,0,0,0,0,0
270216,1,1,0,0,0,0,0,0,0,0,0,0
270217,0,1,0,0,0,0,0,0,0,0,0,0
270217,1,1,0,0,0,0,0,17,0,0,0,0
270218,1,1,0,0,0,0,0,0,0,0,0,0
270219,1,1,0,0,0,0,0,0,0,0,0,0
270220,0,1,0,0,0,0,0,0,0,0,0,0
270220,1,1,0,0,0,0,0,0,0,0,0,0
270221,1,1,0,0,0,0,0,0,0,0,0,0
270221,2,1,0,0,0,0,0,0,0,0,0,0
270222,1,1,0,0,0,0,0,0,0,0,0,0
270222,2,1,0,0,0,0,0,0,0,0,0,0
270223,1,1,15,15,15,15,15,15,15,15,15,15
270224,1,1,0,0,0,0,0,0,0,0,0,0
270224,2,1,0,0,0,0,0,0,0,0,0,0
270225,1,1,1,1,1,1,1,1,1,1,1,1
270226,1,1,0,0,0,0,0,0,0,0,0,0
270226,2,1,0,0,0,0,0,0,0,0,0,0
270227,1,1,0,0,0,14,31,10,25,0,24,14
270229,1,1,0,0,0,0,0,0,0,0,0,0
270229,2,1,0,0,0,0,0,0,0,0,0,0
270230,1,1,0,0,0,0,0,0,0,0,0,0
270231,1,1,0,0,0,0,0,0,0,0,0,0
270231,2,1,0,0,0,0,0,0,0,0,0,0
270232,1,1,0,0,0,0,0,0,0,3,0,0
270232,2,1,0,0,0,0,0,0,0,0,0,0
270232,3,1,0,0,0,0,0,0,10,0,0,0
270233,1,1,0,0,0,0,0,0,0,0,0,0
270233,2,1,0,0,0,0,0,0,0,0,0,0
270234,1,1,0,0,0,0,0,0,0,0,0,0
270234,2,1,0,0,0,0,0,0,0,0,0,0
270235,1,1,17,0,0,14,0,16,10,0,0,0
270236,1,1,0,0,0,0,0,0,0,0,0,0
270236,2,1,0,0,0,0,0,0,0,0,0,0
270237,1,1,18,18,18,18,18,18,18,18,18,18
270238,1,1,12,15,3,11,0,22,14,0,8,6
270238,2,1,21,21,21,21,21,21,21,21,21,21
270239,1,1,28,28,28,28,28,28,28,28,28,28
270240,1,1,6,6,6,6,6,6,6,6,6,6
270240,2,1,0,0,0,0,0,0,0,0,0,0
270240,3,1,0,0,0,0,0,0,18,0,0,0
270240,4,1,0,0,0,0,0,0,0,0,0,0
270241,1,1,19,19,19,19,19,19,19,19,19,19
270242,1,1,0,0,0,0,0,0,0,0,0,0
270242,2,1,0,0,0,0,0,0,0,0,0,0
270243,1,1,0,0,0,0,0,0,0,0,0,0
270243,2,1,0,0,0,0,0,0,0,0,0,0
270244,0,1,0,0,0,0,0,0,0,0,0,0
270244,1,1,9,9,9,9,9,9,9,9,9,9
270245,1,1,0,0,9,3,9,0,8,11,5,6
270245,2,1,0,0,0,0,0,0,10,0,0,0
270246,0,1,0,0,0,0,0,0,0,0,0,0
270246,1,1,0,0,0,0,0,0,0,0,0,12
270247,0,1,36,23,14,12,21,13,27,34,16,18
270247,1,1,0,0,0,0,0,0,0,0,0,0
270248,1,1,0,0,0,0,0,0,0,0,0,0
270249,1,1,0,16,0,0,6,0,5,0,0,25
270249,2,1,0,0,0,0,0,0,0,0,0,0
270250,1,1,0,0,0,0,0,0,0,0,0,0
270250,2,1,0,0,0,0,0,0,0,0,0,0
270250,3,1,0,0,0,0,0,0,0,0,0,0
270251,1,1,0,0,0,0,0,0,0,0,0,0
270252,1,1,10,10,10,10,10,10,10,10,10,10
270253,2,1,0,0,0,0,0,0,0,0,0,0
270254,1,1,0,0,0,0,0,0,0,0,0,0
270255,1,1,0,0,0,0,0,0,0,0,0,0
270255,2,1,0,0,0,0,0,0,0,0,0,0
270256,1,1,0,0,0,0,0,0,0,0,0,0
270257,1,1,21,21,21,21,21,21,21,21,21,21
270258,1,1,10,0,0,0,0,0,0,0,0,0
270258,2,1,0,0,0,0,0,0,0,0,0,0
270259,1,1,0,0,0,0,0,0,0,0,0,0
270259,2,1,0,0,0,0,0,0,0,0,0,0
270259,3,1,0,0,0,2,0,0,0,0,0,0
270260,1,1,0,0,0,0,0,0,0,0,0,0
270260,2,1,0,0,0,0,0,0,0,0,0,0
270261,1,1,0,0,0,0,0,0,0,0,0,0
270261,2,1,0,0,0,0,0,0,0,0,0,0
270262,1,1,0,0,0,0,0,0,0,0,0,0
270262,2,1,0,0,0,0,0,0,0,0,0,0
270263,1,1,6,6,6,6,6,6,6,6,6,6
270263,2,1,0,0,0,0,0,0,0,0,0,0
270264,1,1,0,0,0,0,0,0,17,0,0,0
270264,2,1,0,0,0,0,0,0,0,0,0,0
270265,1,1,0,0,0,0,0,0,0,0,0,0
270265,2,1,0,0,0,11,0,0,0,0,0,0
270266,1,1,3,3,3,3,3,3,3,3,3,3
270267,1,1,0,0,0,0,0,0,0,0,0,0
270268,0,1,14,0,12,19,0,0,0,15,0,0
270268,1,1,0,0,0,0,0,0,0,0,0,0
270269,0,1,0,0,0,0,0,0,0,0,0,0
270269,1,1,0,0,0,0,0,0,0,0,0,0
270270,1,1,0,0,0,0,0,0,0,0,0,0
270271,1,1,0,0,0,21,0,17,0,0,0,0
270271,2,1,0,0,0,16,0,0,0,0,0,0
270272,1,1,21,21,21,21,21,21,21,21,21,21
270274,1,1,22,22,22,22,22,22,22,22,22,22
270275,1,1,0,0,0,0,0,0,0,0,0,0
270276,1,1,0,0,0,0,0,0,0,0,0,0
270276,2,1,0,0,0,0,0,0,0,0,0,0
270277,1,1,0,0,0,0,0,0,0,0,0,0
270277,2,1,0,0,0,0,0,0,0,0,0,0
270278,1,1,0,0,0,0,0,0,0,0,0,0
270278,2,1,0,0,0,0,0,0,0,0,0,0
270279,1,1,0,0,0,0,0,0,0,0,0,0
270279,2,1,28,28,28,28,28,28,28,28,28,28
270279,3,1,0,23,18,14,17,0,0,0,3,0
270280,0,1,0,0,0,0,0,0,0,0,0,0
270280,1,1,0,16,0,0,0,0,8,0,0,0
270281,1,1,0,0,0,0,0,0,0,0,0,0
270281,2,1,0,0,0,0,0,0,0,0,0,0
270281,3,1,0,0,0,0,11,0,0,0,0,0
270281,4,1,0,0,0,0,0,0,0,0,0,0
270281,5,1,0,0,0,0,0,0,0,0,0,0
270282,1,1,0,0,0,0,0,0,0,0,0,0
270283,1,1,0,0,0,0,0,0,0,0,0,0
270283,2,1,0,0,0,0,0,0,0,0,0,0
270283,3,1,0,0,0,0,0,0,0,0,0,0
270283,4,1,0,0,0,0,0,0,0,0,0,0
270284,1,1,19,19,19,19,19,19,19,19,19,19
270285,0,1,0,0,0,0,0,0,0,0,0,0
270285,1,1,0,0,0,0,0,0,0,6,28,0
270286,1,1,40,40,40,40,40,40,40,40,40,40
270286,2,1,0,0,0,0,0,0,0,0,0,0
270286,3,1,0,0,0,0,0,0,0,3,0,0
270287,1,1,5,5,5,5,5,5,5,5,5,5
270287,2,1,0,0,0,0,0,0,0,0,0,0
270288,0,1,1,1,1,1,1,1,1,1,1,1
270288,1,1,0,0,0,0,0,0,0,0,0,0
270289,1,1,0,0,0,0,0,0,0,0,0,0
270290,1,1,18,18,18,18,18,18,18,18,18,18
270291,2,1,0,0,0,0,0,0,0,0,0,0
270291,3,1,0,0,0,0,0,0,0,0,0,0
270291,4,1,0,0,0,0,0,0,0,0,0,0
270291,5,1,0,0,0,0,0,0,0,0,0,0
270291,6,1,0,0,0,0,0,0,0,0,0,3
270292,0,1,16,16,16,16,16,16,16,16,16,16
270292,1,1,0,0,0,0,0,0,0,0,0,0
270293,1,1,0,0,0,0,0,0,0,0,0,0
270294,1,1,0,0,0,0,0,0,0,0,0,0
270294,2,1,0,0,0,0,0,0,0,0,0,0
270296,1,1,0,0,0,0,0,0,0,0,0,0
270296,2,1,0,0,0,0,0,0,0,0,0,0
270296,3,1,0,0,0,0,0,0,0,0,0,0
270297,1,1,18,18,18,18,18,18,18,18,18,18
270298,1,1,22,22,22,22,22,22,22,22,22,22
270298,2,1,0,0,0,0,0,0,0,0,0,0
270299,1,1,0,0,0,0,0,0,0,0,0,0
270299,2,1,0,0,0,0,0,0,0,0,0,0
270300,1,1,25,0,0,0,0,0,0,0,0,0
270300,2,1,0,0,0,0,0,0,0,0,0,0
270301,1,1,20,20,20,20,20,20,20,20,20,20
270302,1,1,18,18,18,18,18,18,18,18,18,18
270303,1,1,0,0,0,0,0,0,0,0,0,0
270303,2,1,0,0,0,31,0,11,0,0,16,0
270304,1,1,0,0,0,0,0,0,0,0,0,0
270305,1,1,0,0,0,0,0,0,0,0,0,0
270305,2,1,0,0,0,0,0,0,0,0,0,0
270306,0,1,0,0,0,0,0,0,0,0,0,0
270306,1,1,0,0,0,0,13,0,0,0,0,0
270307,1,1,16,16,16,16,16,16,16,16,16,16
270308,1,1,13,13,13,13,13,13,13,13,13,13
270309,0,1,0,0,0,0,0,0,0,0,0,0
270309,1,1,0,0,0,0,0,0,0,0,0,0
270310,0,1,21,9,16,19,22,31,24,8,36,31
270310,1,1,0,0,0,0,0,0,0,0,0,0
270311,1,1,22,22,22,22,22,22,22,22,22,22
270311,2,1,0,0,0,0,0,0,13,9,0,0
270312,1,1,0,0,0,0,0,0,0,0,0,0
270312,2,1,0,0,0,0,0,0,0,0,0,0
270313,1,1,19,19,19,19,19,19,19,19,19,19
270314,1,1,0,0,0,0,0,0,0,0,0,0
270314,2,1,0,0,0,0,0,0,0,0,0,0
270315,1,1,0,0,0,0,0,0,0,0,0,0
270315,2,1,0,0,0,0,0,0,0,0,0,0
270316,1,1,0,0,0,0,0,0,0,0,0,0
270317,1,1,0,0,0,0,0,0,0,0,0,0
270317,2,1,0,0,0,0,0,0,0,0,0,12
270318,1,1,0,0,0,0,0,0,0,0,0,0
270319,1,1,0,0,0,0,0,0,0,0,0,0
270319,2,1,0,0,0,0,0,0,0,0,0,0
270320,1,1,17,17,17,17,17,17,17,17,17,17
270321,0,1,0,0,0,0,0,0,0,0,0,0
270321,1,1,0,0,0,9,0,0,0,0,0,3
270322,0,1,17,0,0,0,0,0,0,0,0,0
270322,0,2,0,0,0,0,0,15,0,0,0,0
270322,1,1,0,0,0,0,0,0,0,0,0,0
270323,1,1,0,0,0,0,0,0,0,0,0,0
270323,2,1,0,0,0,0,0,0,0,0,0,0
270323,3,1,0,0,0,0,0,0,0,0,0,0
270324,1,1,0,13,0,0,0,0,0,0,0,0
270325,1,1,0,0,0,0,0,0,0,0,0,0
270325,2,1,0,0,0,0,0,0,21,0,0,0
270327,1,1,0,0,0,0,0,0,0,0,0,0
270327,2,1,0,0,0,0,0,0,0,0,0,0
270328,1,1,0,0,0,0,0,0,0,0,0,0
270328,2,1,0,0,0,0,0,0,0,0,0,0
270330,1,1,0,0,0,0,0,0,0,0,0,0
270330,2,1,0,0,0,0,0,0,0,0,0,8
270331,1,1,25,25,25,25,25,25,25,25,25,25
270332,0,1,18,18,18,18,18,18,18,18,18,18
270332,1,1,0,0,0,0,0,0,0,0,0,0
270333,0,1,0,0,0,11,0,0,19,16,0,9
270333,2,1,0,0,0,0,0,0,0,0,0,0
270334,1,1,0,0,0,0,0,0,0,10,0,0
270334,2,1,0,0,0,0,0,0,0,0,0,0
270334,3,1,0,0,0,0,4,0,0,0,0,0
270335,1,1,0,0,0,0,0,0,0,0,0,0
270335,2,1,0,0,0,0,0,0,0,0,0,0
270336,1,1,0,0,0,0,0,0,0,0,0,0
270336,2,1,0,0,0,0,0,0,0,0,0,0
270338,1,1,0,0,0,0,0,0,0,0,0,0
270339,0,1,0,0,0,0,0,0,0,0,0,0
270339,1,1,0,0,0,0,0,0,0,0,0,0
270340,1,1,0,0,0,0,0,0,0,0,0,0
270340,2,1,0,0,0,0,0,0,0,0,0,0
270341,1,1,0,0,0,0,0,0,0,0,0,0
270341,2,1,0,0,0,0,0,0,0,0,0,0
270342,0,1,14,18,33,42,27,0,0,0,8,6
270342,1,1,0,0,0,0,0,0,0,0,0,0
270343,1,1,0,0,0,0,0,0,0,0,0,0
270344,1,1,8,17,27,20,28,34,6,3,32,29
270345,1,1,15,15,15,15,15,15,15,15,15,15
270346,1,1,32,32,32,32,32,32,32,32,32,32
270346,2,1,0,0,0,0,0,0,0,0,0,0
270347,1,1,18,18,18,18,18,18,18,18,18,18
270348,1,1,0,0,0,0,0,0,0,0,0,0
270349,1,1,0,0,0,0,0,0,0,0,0,0
270349,2,1,0,0,0,12,0,0,0,0,0,0
270350,1,1,19,19,19,19,19,19,19,19,19,19
270351,1,1,0,0,0,0,0,0,0,0,0,0
270351,2,1,0,0,0,0,0,14,0,0,0,0
270351,3,1,0,0,0,0,0,0,0,0,0,0
270352,1,1,0,0,0,0,0,0,0,0,0,0
270352,2,1,0,0,0,0,0,0,0,0,0,0
270353,1,1,0,0,0,0,0,0,0,0,0,0
270353,2,1,26,0,0,0,0,0,0,0,0,0
270354,1,1,16,0,0,16,0,15,22,8,5,13
270354,2,1,0,0,0,0,0,0,0,0,0,0
270355,1,1,0,0,0,0,0,0,0,0,0,0
270355,2,1,0,0,0,0,0,0,0,0,0,0
270356,1,1,17,17,17,17,17,17,17,17,17,17
270357,1,1,0,0,0,0,0,0,0,0,0,0
270357,2,1,0,0,0,0,0,0,0,0,0,0
270358,1,1,11,10,0,24,7,14,0,8,0,0
270359,1,1,0,0,0,0,0,0,0,0,0,0
270360,1,1,16,17,23,0,23,0,9,0,9,0
270361,0,1,14,0,0,0,0,0,19,0,0,0
270361,1,1,9,9,9,9,9,9,9,9,9,9
270362,1,1,39,10,24,19,10,19,22,14,23,23
280001,1,1,14,14,14,14,14,14,14,14,14,14
280002,1,1,16,16,16,16,16,16,16,16,16,16
280003,1,1,13,13,13,13,13,13,13,13,13,13
280003,2,1,0,0,0,0,0,0,0,0,0,0
280003,3,1,0,0,0,0,0,0,0,0,0,0
280004,1,1,0,0,0,0,0,0,0,0,0,0
280005,1,1,0,0,0,0,0,0,0,0,0,0
280006,1,1,11,21,0,0,27,8,0,4,0,19
280007,1,1,0,0,0,0,0,0,0,0,0,0
280008,1,1,0,20,10,0,0,0,6,12,65,0
280008,2,1,6,0,10,0,0,8,0,0,0,0
280009,1,1,9,9,9,9,9,9,9,9,9,9
280010,1,1,17,0,12,30,0,0,22,13,0,13
280010,2,1,0,0,0,0,0,0,0,0,0,0
280011,1,1,16,16,16,16,16,16,16,16,16,16
280012,1,1,0,0,0,0,0,0,0,0,0,13
280013,1,1,8,0,0,25,0,0,23,0,10,0
280014,1,1,3,3,3,3,3,3,3,3,3,3
280015,1,1,0,0,0,0,0,15,0,0,0,0
280016,1,1,0,0,0,0,13,0,0,0,0,0
280017,1,1,0,0,0,0,0,0,14,0,0,0
280018,1,1,0,0,37,26,11,0,0,0,18,0
280019,1,1,0,0,0,0,0,0,0,0,0,0
280019,2,1,0,0,0,0,0,14,0,0,12,0
280020,1,1,0,0,0,24,0,0,0,0,8,0
280021,1,1,0,0,0,0,0,0,0,0,0,0
280021,2,1,0,0,0,0,0,0,0,0,0,0
280022,1,1,0,0,0,0,6,0,0,0,0,13
280022,2,1,0,0,0,0,0,0,0,0,0,0
280022,3,1,0,0,0,0,0,0,0,0,0,0
280023,1,1,0,0,0,0,0,0,0,0,0,0
280023,2,1,16,0,0,0,0,16,0,13,0,0
280024,0,1,32,32,32,32,32,32,32,32,32,32
280024,1,1,4,4,4,4,4,4,4,4,4,4
280025,1,1,19,0,0,0,0,0,0,0,0,0
280025,2,1,0,0,0,0,0,0,0,0,0,0
280026,1,1,0,0,0,0,0,0,0,0,0,0
280027,1,1,0,0,0,0,0,0,0,0,0,0
280028,1,1,13,13,13,13,13,13,13,13,13,13
280028,2,1,0,0,0,0,0,0,0,0,0,0
280029,0,1,2,2,2,2,2,2,2,2,2,2
280029,1,1,0,0,0,0,0,0,0,0,0,0
280030,1,1,14,14,14,14,14,14,14,14,14,14
280030,2,1,0,0,0,0,0,0,0,0,0,0
280030,3,1,0,0,0,0,0,0,0,0,0,0
280031,0,1,0,0,0,0,0,0,0,0,0,0
280031,1,1,0,28,0,0,0,0,0,0,3,0
280032,1,1,0,0,0,0,0,0,0,0,0,0
280032,2,1,0,0,0,0,0,0,0,0,0,0
280033,0,1,0,0,0,0,0,0,0,0,0,10
280033,1,1,0,0,0,0,0,0,0,0,0,0
280034,1,1,0,0,0,0,0,0,0,0,0,0
280034,2,1,14,14,14,14,14,14,14,14,14,14
280035,1,1,0,0,0,0,0,0,0,0,0,0
280035,2,1,0,0,0,0,0,0,0,0,0,0
280036,0,1,0,0,0,0,21,4,0,0,0,0
280036,1,1,14,14,14,14,14,14,14,14,14,14
280037,1,1,0,0,0,0,0,0,0,0,0,0
280038,1,1,0,0,0,0,0,0,0,0,0,0
280038,2,1,0,0,0,0,0,0,0,0,0,0
280039,1,1,16,16,16,16,16,16,16,16,16,16
280040,1,1,0,0,0,0,0,0,0,0,0,0
280040,2,1,0,0,0,0,0,0,0,0,0,0
280040,3,1,0,0,0,0,0,0,0,0,0,0
280041,0,1,0,0,0,0,36,0,0,0,0,0
280041,1,1,5,5,5,5,5,5,5,5,5,5
280042,1,1,0,0,0,0,0,0,0,0,0,0
280044,1,1,14,14,14,14,14,14,14,14,14,14
280045,1,1,4,4,4,4,4,4,4,4,4,4
280046,1,1,0,0,0,0,0,0,0,0,0,0
280047,1,1,22,22,22,22,22,22,22,22,22,22
280047,2,1,0,0,0,3,0,0,0,0,0,0
280048,1,1,21,21,21,21,21,21,21,21,21,21
280049,1,1,0,0,9,0,0,0,0,0,0,15
280050,1,1,0,0,0,19,0,0,0,0,0,0
280050,2,1,0,0,0,0,0,0,0,0,0,0
280051,1,1,0,0,0,0,0,0,0,0,0,0
280052,1,1,0,30,0,31,0,26,0,0,34,0
280053,1,1,0,0,0,0,0,0,0,0,0,0
280054,1,1,0,0,0,0,0,0,0,0,0,0
280054,2,1,0,0,0,0,0,0,0,0,0,0
280055,0,1,26,26,26,26,26,26,26,26,26,26
280055,1,1,0,0,0,0,0,0,0,0,0,0
280056,1,1,0,0,12,0,0,18,0,0,0,15
280057,1,1,0,0,0,0,0,0,0,0,0,0
280058,1,1,0,0,0,0,0,0,0,0,0,7
280059,1,1,0,0,0,0,0,0,0,0,0,0
280059,2,1,0,0,0,0,0,0,0,0,0,0
280060,1,1,0,0,0,0,0,0,0,0,0,9
280061,1,1,22,22,22,22,22,22,22,22,22,22
280062,1,1,19,19,19,19,19,19,19,19,19,19
280063,1,1,0,0,0,0,0,0,0,0,0,0
280064,1,1,0,0,0,0,0,0,0,0,0,0
280064,2,1,0,0,0,0,0,0,0,0,0,0
280065,1,1,16,16,16,16,16,16,16,16,16,16
280066,1,1,0,0,0,0,0,0,0,0,0,15
280066,2,1,22,22,22,22,22,22,22,22,22,22
280067,1,1,0,0,0,0,0,0,0,0,0,0
280068,0,1,0,0,0,0,0,0,0,0,0,0
280068,1,1,0,0,0,0,0,0,0,0,0,0
280069,1,1,0,0,0,27,0,0,0,0,0,0
280070,0,1,11,0,0,0,0,0,0,0,0,0
280070,1,1,0,0,0,0,0,0,0,0,0,2
280071,1,1,0,0,0,0,0,0,0,0,0,0
280072,1,1,21,21,21,21,21,21,21,21,21,21
280073,1,1,0,0,0,0,0,0,0,0,0,0
280073,2,1,4,4,4,4,4,4,4,4,4,4
280074,1,1,22,22,22,22,22,22,22,22,22,22
280075,1,1,13,13,13,13,13,13,13,13,13,13
280076,0,1,0,0,0,0,0,0,0,0,0,0
280076,1,1,0,0,0,0,0,0,0,0,0,0
280077,0,1,0,0,0,0,0,0,0,0,0,0
280077,1,1,0,0,0,0,0,0,0,0,0,0
280078,1,1,0,0,0,0,0,0,12,0,0,0
280078,2,1,0,10,0,0,0,0,0,0,0,0
280079,1,1,0,0,0,0,0,0,0,0,0,0
280080,1,1,0,0,0,0,0,14,0,0,0,0
280081,1,1,22,22,22,22,22,22,22,22,22,22
280082,1,1,0,0,0,0,0,0,0,0,0,0
280083,1,1,8,0,0,0,0,0,0,0,7,0
280084,1,1,0,0,0,0,0,0,0,0,0,0
280084,2,1,14,14,14,14,14,14,14,14,14,14
280085,1,1,0,21,0,0,27,0,18,0,0,20
280086,1,1,0,0,0,0,0,0,0,0,0,0
280087,1,1,0,0,0,0,0,0,0,0,0,0
280088,1,1,0,0,0,0,0,0,0,0,0,0
280088,2,1,0,0,0,0,0,0,0,0,0,0
280089,0,1,0,0,0,0,0,0,0,0,0,0
280089,1,1,0,0,0,0,0,0,0,0,0,0
280090,1,1,24,24,24,24,24,24,24,24,24,24
280091,1,1,17,17,17,17,17,17,17,17,17,17
280092,0,1,0,0,0,0,0,0,0,0,0,0
280092,0,2,0,0,0,0,0,0,20,0,0,0
280092,1,1,0,0,0,0,0,0,0,0,0,0
280093,1,1,16,16,16,16,16,16,16,16,16,16
280094,1,1,0,0,0,0,0,0,0,0,0,0
280095,1,1,14,14,14,14,14,14,14,14,14,14
280096,1,1,0,28,0,0,0,0,0,0,0,0
280097,1,1,21,0,6,0,15,0,0,18,0,0
280098,1,1,33,0,0,0,0,0,0,0,0,0
280099,1,1,17,0,0,0,0,0,0,0,16,0
280099,2,1,0,0,0,0,0,0,0,0,18,9
280099,3,1,10,0,11,6,19,0,0,20,0,0
280100,1,1,16,16,16,16,16,16,16,16,16,16
280101,1,1,20,20,20,20,20,20,20,20,20,20
280102,1,1,0,0,0,0,0,0,0,0,0,0