ST_CASE,VEH_NO,PER_NO,P1,P2,P3,P4,P5,P6,P7,P8,P9,P10
290276,1,1,0,0,0,0,0,0,0,0,0,0
290276,2,1,0,0,0,0,0,0,0,0,0,0
290277,1,1,0,0,0,0,0,0,0,0,0,0
290278,1,1,15,15,15,15,15,15,15,15,15,15
290279,1,1,0,0,0,0,0,0,0,0,0,0
290279,2,1,0,0,0,0,0,0,0,0,0,0
290280,1,1,0,0,0,0,0,0,12,0,0,0
290281,1,1,0,0,0,0,15,12,0,0,0,0
290281,2,1,0,0,0,0,0,0,0,0,0,0
290281,3,1,0,0,0,0,0,0,0,0,0,0
290282,0,1,7,9,14,22,16,29,18,7,13,11
290282,1,1,0,0,21,0,7,0,0,0,0,17
290283,1,1,0,0,0,0,0,0,0,0,0,0
290283,2,1,0,0,0,0,0,22,0,7,0,0
290284,1,1,0,0,0,0,0,0,0,0,0,0
290284,2,1,0,0,0,0,0,0,0,0,0,0
290284,3,1,0,0,0,0,0,0,0,0,0,0
290284,4,1,0,0,0,0,0,0,0,0,0,0
290284,5,1,0,0,0,0,0,0,0,0,0,0
290284,6,1,0,0,0,0,0,0,0,0,0,0
290285,1,1,5,5,5,5,5,5,5,5,5,5
290286,1,1,0,0,0,0,0,11,23,0,0,0
290286,2,1,0,0,0,0,0,0,0,0,0,0
290287,1,1,0,0,0,0,0,0,0,0,0,0
290288,1,1,16,16,16,16,16,16,16,16,16,16
290288,2,1,0,0,0,9,0,0,0,0,0,0
290289,0,1,0,0,0,0,0,0,0,0,0,0
290289,1,1,0,0,0,0,0,0,0,0,0,0
290290,0,1,0,0,0,15,0,0,0,0,0,0
290290,1,1,0,21,0,0,0,0,0,0,25,0
290291,1,1,0,0,0,0,0,0,0,0,0,0
290292,1,1,0,29,13,17,0,16,0,0,20,0
290293,1,1,1,1,1,1,1,1,1,1,1,1
290294,0,1,0,0,0,0,0,0,0,0,0,0
290295,1,1,0,0,0,0,0,0,0,0,0,0
290296,1,1,24,24,24,24,24,24,24,24,24,24
290297,1,1,8,8,8,8,8,8,8,8,8,8
290298,1,1,13,13,13,13,13,13,13,13,13,13
290298,2,1,0,0,0,0,0,0,0,0,0,0
290299,1,1,0,0,0,0,0,0,0,0,0,0
290299,2,1,0,0,0,0,0,0,0,0,0,0
290300,1,1,0,0,0,0,0,0,0,0,0,0
290300,2,1,0,0,0,0,29,0,0,0,0,0
290301,1,1,19,19,19,19,19,19,19,19,19,19
290302,1,1,0,0,0,0,0,0,0,0,0,0
290302,2,1,0,0,0,0,0,0,0,0,0,0
290303,1,1,14,14,14,14,14,14,14,14,14,14
290304,1,1,0,0,0,0,0,0,0,0,0,0
290305,1,1,5,5,5,5,5,5,5,5,5,5
290306,1,1,0,0,0,0,0,0,0,0,0,0
290306,2,1,0,0,0,0,0,0,0,0,0,0
290307,0,1,15,15,15,15,15,15,15,15,15,15
290307,1,1,0,0,0,0,0,0,0,0,0,0
290308,1,1,0,0,0,0,0,0,0,0,0,0
290308,2,1,0,0,0,0,0,0,0,0,0,0
290309,1,1,0,0,20,15,0,0,0,0,0,0
290309,2,1,0,0,0,0,0,0,0,0,0,0
290310,1,1,0,0,0,0,0,0,0,0,0,0
290310,2,1,0,0,0,0,0,0,0,0,0,0
290311,1,1,0,0,0,0,0,0,0,0,0,0
290311,2,1,0,0,0,0,0,0,0,0,0,0
290312,1,1,13,13,13,13,13,13,13,13,13,13
290313,1,1,4,4,4,4,4,4,4,4,4,4
290314,1,1,2,0,0,0,20,0,13,0,0,26
290315,1,1,16,16,16,16,16,16,16,16,16,16
290316,1,1,30,30,30,30,30,30,30,30,30,30
290316,2,1,0,0,0,0,0,0,0,0,0,0
290317,1,1,0,0,0,0,0,0,0,0,0,0
290318,1,1,26,17,30,0,0,13,17,6,4,34
290318,2,1,0,0,0,0,0,0,0,0,0,0
290320,1,1,0,0,0,0,0,0,0,0,0,0
290321,1,1,0,0,0,0,0,0,0,0,0,0
290322,1,1,5,5,5,5,5,5,5,5,5,5
290323,1,1,17,17,17,17,17,17,17,17,17,17
290324,0,1,0,0,0,0,0,0,0,0,0,0
290324,1,1,0,0,0,0,0,0,0,0,0,0
290325,1,1,22,22,22,22,22,22,22,22,22,22
290326,1,1,0,0,0,0,0,0,0,0,0,0
290327,1,1,0,0,0,0,0,0,0,0,0,0
290327,2,1,0,0,0,0,0,0,0,0,0,0
290328,1,1,17,17,17,17,17,17,17,17,17,17
290329,1,1,0,0,0,0,0,0,0,0,0,0
290329,2,1,0,0,0,0,0,0,0,0,0,0
290330,1,1,16,9,17,18,24,27,16,12,11,13
290331,1,1,15,14,20,0,14,12,18,22,9,27
290332,1,1,0,0,0,0,0,0,0,0,0,0
290332,2,1,0,0,0,0,0,10,0,0,0,0
290333,1,1,0,0,0,0,0,0,0,0,0,0
290334,1,1,0,0,0,0,0,0,0,0,0,0
290335,1,1,0,0,19,13,0,16,0,0,13,18
290336,1,1,0,0,0,0,0,0,0,0,0,0
290336,2,1,0,20,0,0,19,10,35,25,8,9
290337,1,1,0,0,0,0,0,0,0,0,0,0
290337,2,1,0,0,0,0,0,0,0,0,0,0
290337,3,1,0,0,0,0,0,0,0,0,0,0
290338,1,1,13,13,13,13,13,13,13,13,13,13
290339,1,1,0,0,13,0,0,0,0,0,0,0
290340,1,1,13,13,13,13,13,13,13,13,13,13
290341,1,1,0,26,0,9,0,0,23,26,0,21
290342,1,1,0,0,0,0,0,0,0,0,0,0
290342,2,1,0,0,0,0,0,0,0,0,0,0
290343,1,1,28,28,28,28,28,28,28,28,28,28
290344,1,1,15,21,13,15,19,9,29,31,27,14
290345,1,1,0,0,0,0,0,0,0,0,0,0
290346,1,1,37,14,32,13,26,31,15,23,24,15
290347,0,1,0,0,0,0,0,0,0,0,0,0
290347,1,1,33,0,0,0,0,26,0,0,0,14
290348,1,1,17,17,17,17,17,17,17,17,17,17
290349,0,1,20,20,20,20,20,20,20,20,20,20
290349,1,1,25,25,25,25,25,25,25,25,25,25
290350,1,1,0,0,0,0,0,0,0,0,0,5
290351,1,1,0,0,0,0,0,0,0,0,0,0
290351,2,1,0,0,0,0,0,0,0,0,0,0
290352,2,1,0,0,0,0,0,0,0,0,0,0
290353,1,1,13,13,13,13,13,13,13,13,13,13
290353,2,1,0,0,0,0,0,0,0,0,0,0
290354,1,1,16,16,16,16,16,16,16,16,16,16
290355,1,1,0,0,25,16,36,0,0,7,0,0
290356,1,1,0,0,0,0,0,0,18,38,16,0
290356,2,1,0,0,0,40,0,25,0,15,0,0
290357,1,1,17,17,17,17,17,17,17,17,17,17
290358,1,1,0,0,0,0,0,0,0,0,0,0
290359,1,1,18,18,18,18,18,18,18,18,18,18
290360,1,1,0,0,0,0,11,0,0,0,11,0
290360,2,1,0,0,0,0,0,0,0,0,0,0
290361,0,1,0,0,0,0,0,0,0,0,0,0
290361,1,1,0,0,0,0,0,0,0,0,0,0
290362,1,1,0,28,0,15,31,22,0,15,19,0
290362,3,1,0,0,0,0,0,0,0,0,0,0
290363,1,1,0,0,0,0,0,0,0,0,0,0
290363,2,1,0,0,0,0,0,0,0,0,0,0
290364,0,1,0,0,0,0,0,0,0,0,0,0
290364,1,1,8,15,0,22,12,0,0,0,19,18
290365,1,1,1,1,1,1,1,1,1,1,1,1
290366,0,1,0,0,0,0,0,0,0,0,0,0
290366,1,1,0,0,0,0,0,0,0,0,0,0
290367,1,1,20,20,20,20,20,20,20,20,20,20
290368,1,1,23,23,23,23,23,23,23,23,23,23
290369,1,1,24,24,24,24,24,24,24,24,24,24
290370,1,1,25,25,25,25,25,25,25,25,25,25
290371,1,1,0,0,0,0,0,0,0,0,0,0
290371,2,1,11,11,11,11,11,11,11,11,11,11
290372,1,1,12,12,12,12,12,12,12,12,12,12
290373,1,1,0,0,0,0,0,0,0,0,0,0
290373,2,1,0,0,0,0,0,0,0,0,0,0
290374,1,1,0,0,13,0,0,16,20,0,0,18
290374,2,1,0,0,0,0,0,0,0,0,0,0
290374,3,1,0,0,0,0,0,0,0,0,0,0
290375,1,1,0,0,0,0,0,0,0,0,0,0
290375,2,1,0,0,0,0,0,0,0,0,0,0
290377,1,1,19,19,19,19,19,19,19,19,19,19
290378,1,1,0,0,0,0,0,13,0,0,0,0
290378,2,1,0,0,0,0,0,0,0,0,0,0
290379,1,1,24,24,24,24,24,24,24,24,24,24
290379,2,1,5,5,5,5,5,5,5,5,5,5
290380,1,1,0,0,0,0,0,0,0,0,0,0
290380,2,1,0,0,0,0,0,0,0,0,0,0
290380,3,1,0,0,0,0,0,0,0,0,0,0
290381,1,1,0,0,0,0,0,0,0,0,0,0
290382,1,1,0,0,0,0,0,0,0,0,0,0
290382,2,1,0,8,0,0,0,0,0,0,0,0
290383,1,1,0,0,0,0,0,0,0,0,0,0
290384,1,1,0,0,0,0,0,0,0,0,0,0
290385,1,1,0,0,0,0,0,0,0,0,0,0
290386,1,1,0,0,0,0,0,0,0,0,0,0
290387,1,1,22,22,22,22,22,22,22,22,22,22
290388,1,1,26,26,26,26,26,26,26,26,26,26
290388,2,1,0,0,0,0,0,0,0,0,0,0
290389,1,1,21,21,21,21,21,21,21,21,21,21
290390,1,1,15,15,15,15,15,15,15,15,15,15
290391,1,1,0,0,0,0,0,0,0,0,11,0
290391,2,1,0,0,0,0,0,14,0,0,0,0
290391,3,1,0,0,0,0,0,0,0,0,0,0
290392,1,1,0,0,0,0,0,0,0,0,0,0
290392,2,1,0,0,0,0,0,0,0,0,0,0
290393,0,1,0,0,0,0,0,0,0,0,0,0
290393,1,1,0,0,0,0,0,0,0,0,0,0
290394,1,1,22,22,22,22,22,22,22,22,22,22
290395,1,1,10,12,0,0,0,0,0,0,6,11
290396,1,1,0,0,0,17,0,0,0,0,0,0
290396,2,1,0,0,0,0,0,0,0,0,0,0
290397,1,1,0,0,0,32,0,0,0,19,33,0
290399,1,1,0,0,0,0,18,0,26,11,24,0
290400,1,1,0,0,0,0,0,0,0,0,0,0
290401,0,1,0,0,0,0,0,0,0,0,0,0
290401,1,1,0,0,0,0,0,0,0,0,0,0
290402,1,1,0,0,0,0,0,0,0,0,0,0
290403,1,1,19,19,19,19,19,19,19,19,19,19
290404,1,1,14,14,14,14,14,14,14,14,14,14
290405,1,1,13,13,13,13,13,13,13,13,13,13
290406,1,1,0,0,0,0,0,0,0,0,0,0
290406,2,1,0,0,12,0,23,0,0,0,20,0
290407,1,1,0,0,0,0,0,0,0,0,0,0
290407,2,1,0,0,0,0,0,0,0,0,0,0
290408,1,1,0,0,0,0,0,0,0,0,0,0
290408,2,1,0,0,0,0,0,0,0,0,0,0
290409,1,1,0,0,0,0,0,0,0,0,0,0
290409,2,1,0,0,0,0,0,0,0,0,0,0
290410,1,1,0,0,0,0,0,0,0,0,0,0
290411,1,1,0,0,0,0,0,0,0,0,0,0
290411,2,1,0,0,0,0,0,0,0,0,0,0
290412,1,1,15,15,15,15,15,15,15,15,15,15
290413,1,1,0,0,0,0,0,0,0,0,0,0
290413,2,1,0,0,0,0,0,0,0,28,0,0
290414,1,1,11,11,11,11,11,11,11,11,11,11
290415,1,1,35,35,35,35,35,35,35,35,35,35
290416,1,1,0,0,0,0,0,0,0,0,0,0
290417,1,1,6,6,6,6,6,6,6,6,6,6
290417,2,1,0,0,0,0,0,0,0,9,0,0
290417,3,1,0,0,0,0,0,0,0,0,0,0
290418,0,1,14,0,0,22,0,0,0,0,0,9
290418,1,1,0,0,0,0,0,0,0,0,0,0
290419,1,1,0,0,0,0,0,0,0,0,0,0
290419,2,1,0,22,0,0,0,0,0,0,19,0
290420,1,1,0,0,0,0,18,0,0,0,0,0
290420,2,1,0,0,0,0,0,0,0,0,0,0
290421,1,1,0,0,0,0,0,0,0,0,0,0
290422,1,3,22,0,6,30,16,13,35,8,10,17
290423,1,1,0,0,0,0,0,0,0,0,0,0
290423,2,1,0,0,25,0,0,0,0,0,0,0
290424,1,1,23,23,23,23,23,23,23,23,23,23
290425,1,1,0,0,0,13,0,0,0,0,0,0
290425,2,1,0,0,0,0,0,0,0,0,0,0
290426,1,1,14,14,14,14,14,14,14,14,14,14
290427,1,1,5,0,0,0,18,0,0,0,0,0
290427,2,1,0,0,0,0,0,0,0,0,0,0
290428,1,1,11,11,11,11,11,11,11,11,11,11
290429,1,1,0,0,0,0,0,0,0,0,0,0
290429,2,1,0,0,0,0,0,0,0,0,0,0
290430,1,1,28,28,28,28,28,28,28,28,28,28
290431,2,1,0,0,0,0,0,0,0,0,0,0
290431,3,1,0,0,0,0,0,0,0,0,0,0
290433,1,1,0,0,0,0,0,0,0,0,0,0
290433,2,1,0,0,0,0,0,0,0,0,0,0
290434,1,1,0,11,17,31,33,0,0,3,22,9
290435,1,1,1,1,1,1,1,1,1,1,1,1
290435,2,1,0,0,0,11,0,0,0,0,0,0
290436,1,1,1,1,1,1,1,1,1,1,1,1
290437,1,1,11,11,11,11,11,11,11,11,11,11
290437,2,1,0,0,0,0,0,0,0,0,0,0
290438,1,1,0,0,0,0,0,0,0,0,0,0
290438,2,1,17,0,0,28,0,0,0,0,0,25
290439,1,1,18,18,18,18,18,18,18,18,18,18
290440,1,1,0,0,0,0,0,0,0,0,0,0
290440,2,1,0,0,0,0,0,0,0,0,0,0
290441,1,1,0,0,0,0,0,0,0,0,0,0
290441,2,1,0,0,0,0,0,0,0,0,0,0
290442,1,1,0,0,0,0,0,0,0,0,0,0
290443,1,1,0,16,21,25,20,0,0,20,0,0
290444,1,1,1,1,1,1,1,1,1,1,1,1
290445,1,1,33,33,33,33,33,33,33,33,33,33
290446,1,1,0,0,0,0,0,0,0,0,0,0
290447,1,1,0,0,0,0,0,0,0,0,0,0
290447,2,1,0,0,0,0,0,0,0,0,0,0
290448,1,1,0,0,0,0,0,0,0,0,0,0
290448,2,1,18,0,0,0,12,0,14,0,0,0
290449,1,1,18,18,18,18,18,18,18,18,18,18
290449,2,1,0,0,0,0,0,0,0,0,0,0
290449,3,1,0,0,0,0,0,0,0,0,0,0
290450,1,1,0,0,0,0,0,0,0,0,0,0
290450,2,1,0,0,0,0,0,0,0,0,0,0
290451,1,1,0,0,0,0,0,0,0,0,0,0
290451,2,1,0,0,0,0,0,0,0,0,3,0
290452,0,1,0,0,0,0,0,0,0,0,0,0
290452,1,1,0,0,0,0,0,0,0,0,0,0
290453,1,1,8,8,8,8,8,8,8,8,8,8
290454,0,1,28,28,28,28,28,28,28,28,28,28
290454,1,1,0,0,0,0,0,0,0,0,0,0
290455,0,1,0,0,0,0,0,0,0,0,0,0
290455,1,1,0,0,0,0,0,0,0,0,0,0
290456,1,1,0,0,0,0,0,0,0,0,0,0
290457,1,1,26,26,26,26,26,26,26,26,26,26
290458,1,1,0,0,0,8,0,0,0,0,0,19
290458,2,1,0,0,0,0,0,0,0,16,0,0
290459,1,1,0,0,0,0,0,0,0,0,0,0
290459,2,1,0,0,0,0,0,0,0,0,0,0
290460,1,1,0,0,0,0,0,0,0,0,0,0
290460,2,1,0,11,4,0,0,0,0,0,0,8
290461,1,1,0,0,0,0,0,0,0,0,0,0
290462,1,1,22,22,22,22,22,22,22,22,22,22
290463,1,1,25,25,25,25,25,25,25,25,25,25
290464,1,1,17,17,17,17,17,17,17,17,17,17
290465,0,1,0,0,0,0,0,0,0,0,0,0
290465,1,1,0,0,0,0,0,0,0,0,0,0
290466,1,1,23,0,0,0,17,0,0,8,28,0
290467,1,1,0,0,0,0,0,0,0,0,0,0
290468,1,1,14,14,14,14,14,14,14,14,14,14
290468,2,1,0,0,0,0,0,0,0,0,0,0
290469,1,1,0,0,0,0,0,0,0,0,0,0
290469,2,1,0,0,0,0,0,0,0,0,0,0
290469,3,1,0,0,0,0,0,0,0,0,0,0
290470,1,1,0,0,0,0,0,0,0,0,0,0
290470,2,1,0,0,0,0,0,0,0,0,0,0
290471,1,1,2,2,2,2,2,2,2,2,2,2
290472,1,1,0,0,0,0,0,0,0,0,0,0
290472,2,1,0,0,0,0,0,0,0,0,0,0
290473,1,1,31,31,31,31,31,31,31,31,31,31
290474,0,1,7,7,7,7,7,7,7,7,7,7
290474,1,1,14,14,14,14,14,14,14,14,14,14
290475,1,1,36,36,36,36,36,36,36,36,36,36
290477,1,1,0,0,0,0,0,0,0,0,0,0
290478,1,1,0,0,0,0,0,0,0,0,0,0
290479,1,1,0,0,0,0,0,0,0,0,0,0
290479,2,1,0,0,0,25,0,0,0,17,0,8
290480,1,1,17,17,17,17,17,17,17,17,17,17
290481,1,1,0,2,0,0,0,0,0,0,0,19
290481,2,1,10,0,18,0,0,17,0,0,0,0
290482,1,1,0,0,0,0,0,0,0,0,0,0
290483,1,1,0,0,0,0,0,0,0,0,0,0
290484,1,1,0,22,32,14,0,0,0,40,0,10
290485,1,1,0,0,0,0,0,0,0,0,0,0
290486,0,1,0,0,0,0,17,19,0,0,5,0
290486,1,1,0,0,0,0,0,0,0,0,0,0
290487,1,1,13,13,13,13,13,13,13,13,13,13
290488,1,1,0,0,0,0,0,0,0,0,0,0
290488,2,1,0,0,0,0,0,0,0,0,0,0
290489,1,1,0,0,0,0,0,0,0,0,0,0
290489,2,1,0,0,0,0,0,0,0,0,0,0
290490,1,1,0,3,16,20,21,0,0,0,0,0
290490,2,1,0,0,0,0,0,0,0,0,0,0
290491,1,1,20,20,20,20,20,20,20,20,20,20
290492,1,1,1,1,1,1,1,1,1,1,1,1
290493,1,1,0,0,0,0,0,0,0,0,0,0
290493,2,1,0,0,0,0,0,0,0,0,0,0
290494,1,1,0,0,0,0,0,0,0,0,0,0
290494,2,1,0,0,0,0,0,0,0,0,0,0
290495,1,1,0,0,0,0,0,0,0,0,0,0
290496,1,1,0,0,0,0,0,0,0,0,0,0
290496,2,1,0,0,0,0,0,0,0,0,0,0
290497,1,1,14,14,14,14,14,14,14,14,14,14
290498,1,1,0,0,0,0,0,0,0,0,0,0
290499,1,1,0,0,0,0,0,0,0,0,0,0
290500,1,1,0,0,0,0,0,0,0,0,0,0
290501,0,1,0,0,0,0,12,7,0,0,0,20
290501,1,1,0,0,0,0,0,0,0,0,0,0
290502,1,1,16,16,16,16,16,16,16,16,16,16
290503,1,1,0,0,0,0,0,0,0,0,0,0
290503,2,1,0,0,0,0,0,0,0,0,0,0
290503,3,1,0,0,0,0,0,0,0,0,0,0
290503,4,1,0,0,0,0,0,0,0,0,0,0
290504,1,1,15,15,15,15,15,15,15,15,15,15
290504,2,1,0,0,0,0,0,0,0,0,0,0
290505,1,1,0,0,0,0,0,0,0,0,0,0
290505,2,1,0,0,0,13,33,18,0,0,0,0
290505,3,1,0,0,0,0,0,0,0,0,0,0
290505,4,1,0,0,0,0,0,0,0,0,0,0
290506,1,1,0,0,0,0,0,0,0,0,0,0
290506,2,1,3,3,3,3,3,3,3,3,3,3
290506,3,1,0,0,0,0,0,0,0,0,0,0
290507,1,1,0,0,0,0,0,0,0,0,0,0
290508,1,1,0,0,0,0,0,0,0,0,0,0
290508,2,1,0,0,0,0,0,0,0,0,0,0
290509,1,1,17,7,12,12,20,11,35,15,3,17
290510,0,1,0,0,0,0,0,0,0,0,0,0
290511,1,1,0,0,0,0,0,0,0,0,0,0
290511,2,1,0,0,0,0,0,0,0,0,0,0
290512,1,1,0,0,0,0,16,0,22,0,0,0
290512,2,1,19,0,0,16,0,8,0,0,0,0
290513,1,1,0,0,0,0,0,0,0,0,0,0
290514,0,1,0,0,0,0,0,7,0,0,0,0
290515,1,1,0,0,0,0,0,0,0,0,0,0
290516,1,1,0,0,0,0,0,0,0,0,0,0
290516,2,1,0,0,0,0,0,0,0,0,0,0
290517,0,1,28,28,28,28,28,28,28,28,28,28
290517,1,1,16,16,16,16,16,16,16,16,16,16
290518,1,1,0,0,0,0,15,0,0,26,0,32
290518,2,1,0,0,0,0,0,0,0,0,0,0
290519,1,1,22,53,35,14,27,5,20,24,9,26
290520,0,1,0,0,0,0,0,0,0,0,0,0
290520,1,1,0,0,0,0,0,0,0,0,0,0
290521,0,1,0,0,0,0,0,0,0,0,0,0
290521,1,1,0,0,0,0,0,6,0,0,12,0
290522,1,1,0,0,0,0,0,0,0,0,0,0
290522,2,1,0,0,0,0,0,0,0,0,0,0
290523,1,1,0,0,0,0,0,0,0,0,0,0
290524,1,1,0,0,0,0,0,0,0,0,0,0
290524,2,1,0,0,0,0,0,0,0,0,0,0
290525,1,1,0,0,0,0,0,0,0,0,0,0
290525,2,1,0,0,8,0,35,0,0,0,0,0
290526,1,1,16,16,16,16,16,16,16,16,16,16
290527,1,1,26,26,26,26,26,26,26,26,26,26
290528,1,1,0,0,0,0,0,0,0,0,0,0
290529,1,1,14,0,33,0,20,0,0,8,0,19
290529,2,1,0,0,25,0,0,0,0,0,0,0
290529,3,1,0,0,0,0,0,0,0,0,0,0
290530,1,1,0,0,0,0,0,0,0,0,0,0
290530,2,1,0,0,0,0,0,0,0,0,0,0
290531,1,1,13,13,13,13,13,13,13,13,13,13
290532,1,1,0,0,0,0,0,0,0,0,0,0
290533,1,1,0,0,0,0,0,0,0,0,0,0
290533,2,1,0,0,0,0,0,0,0,0,0,0
290534,1,1,0,0,0,0,0,0,0,0,0,0
290535,1,1,0,0,0,0,0,0,0,0,0,0
290535,2,1,0,0,0,0,0,0,0,0,0,0
290536,1,1,5,5,5,5,5,5,5,5,5,5
290537,1,1,0,16,7,0,0,4,0,0,0,0
290538,1,1,0,0,0,0,0,0,0,0,0,0
290538,2,1,0,0,0,0,0,0,0,0,0,0
290539,0,1,0,0,0,0,0,0,0,0,0,0
290539,1,1,11,11,11,11,11,11,11,11,11,11
290540,1,1,0,0,0,0,0,0,0,0,0,0
290541,1,1,0,0,0,0,0,0,0,0,0,0
290542,0,1,37,37,37,37,37,37,37,37,37,37
290542,1,1,0,0,0,0,0,0,0,0,0,0
290543,1,1,24,24,24,24,24,24,24,24,24,24
290545,1,1,22,22,22,22,22,22,22,22,22,22
290546,1,1,29,29,29,29,29,29,29,29,29,29
290547,1,1,0,0,0,0,0,0,0,0,0,0
290548,1,1,23,23,23,23,23,23,23,23,23,23
290549,1,1,12,12,12,12,12,12,12,12,12,12
290550,1,1,26,26,26,26,26,26,26,26,26,26
290551,1,1,26,12,30,38,17,4,14,20,6,24
290552,1,1,0,31,22,0,0,5,12,34,21,30
290553,0,1,0,0,12,0,8,0,5,20,0,0
290553,1,1,15,15,15,15,15,15,15,15,15,15
290554,1,1,20,20,20,20,20,20,20,20,20,20
290554,2,1,20,20,20,20,20,20,20,20,20,20
290555,1,1,0,0,0,0,0,0,0,0,0,0
290555,2,1,0,0,0,0,0,0,0,0,0,0
290555,3,1,0,0,0,0,0,0,0,0,0,0
290556,1,1,15,15,15,15,15,15,15,15,15,15
290557,1,1,16,16,16,16,16,16,16,16,16,16
290558,1,1,0,0,0,0,0,0,0,0,0,0
290559,1,1,0,0,0,0,0,0,0,0,0,0
290559,2,1,0,0,0,0,0,0,0,0,0,0
290560,1,1,21,21,21,21,21,21,21,21,21,21
290561,1,1,24,24,24,24,24,24,24,24,24,24
290561,2,1,0,11,0,19,0,0,0,0,0,0
290563,1,1,0,0,0,0,0,0,0,0,0,0
290564,1,1,10,10,10,10,10,10,10,10,10,10
290565,1,1,0,0,0,15,0,0,0,0,0,22
290566,1,1,0,0,0,0,0,0,0,0,0,0
290566,2,1,0,0,0,0,0,0,0,0,0,0
290566,3,1,0,0,0,0,0,0,0,0,0,0
290567,1,1,27,27,27,27,27,27,27,27,27,27
290568,1,1,0,0,0,0,0,0,0,0,0,0
290569,1,1,0,0,0,0,0,0,0,0,0,0
290569,2,1,18,18,18,18,18,18,18,18,18,18
290570,1,1,0,0,0,11,0,0,0,0,0,15
290570,2,1,0,0,0,0,0,0,0,0,0,0
290571,1,1,0,0,0,0,0,0,0,0,0,0
290571,2,1,0,0,0,0,0,0,0,0,0,0
290572,0,1,0,0,0,0,0,0,0,0,0,0
290572,0,2,0,0,0,0,0,0,0,0,0,0
290572,1,1,0,5,0,0,0,0,0,0,0,0
290573,1,1,0,0,0,0,0,0,0,0,0,0
290573,2,1,0,0,0,0,0,0,0,0,0,0
290574,1,1,27,27,27,27,27,27,27,27,27,27
290575,1,1,0,0,0,0,0,0,0,0,0,0
290575,2,1,0,0,0,0,0,0,0,0,0,0
290576,1,1,0,0,0,0,0,0,0,0,0,0
290576,2,1,0,0,0,0,0,0,0,0,0,0
290577,1,1,0,0,0,0,0,0,0,0,0,0
290578,1,1,28,28,28,28,28,28,28,28,28,28
290578,2,1,0,0,0,0,0,0,0,0,0,0
290578,3,1,0,0,0,0,0,0,0,0,0,0
290579,1,1,9,9,9,9,9,9,9,9,9,9
290580,1,1,10,10,10,10,10,10,10,10,10,10
290581,1,1,0,0,0,0,27,0,0,0,0,0
290581,2,1,0,0,0,0,0,0,0,0,0,0
290582,1,1,6,16,19,0,6,26,16,29,0,10
290583,1,1,0,0,0,0,0,0,0,0,0,0
290583,2,1,10,0,0,0,0,0,0,0,0,0
290584,1,1,0,0,0,13,0,0,0,0,26,14
290585,0,1,25,25,25,25,25,25,25,25,25,25
290585,1,1,0,0,12,0,0,0,19,15,0,0
290586,1,1,0,0,0,0,0,0,0,0,0,0
290587,0,1,0,0,0,0,0,0,0,0,0,0
290587,1,1,0,0,0,0,0,0,0,0,0,0
290588,1,1,0,0,0,0,0,0,0,0,0,0
290588,2,1,15,15,15,15,15,15,15,15,15,15
290589,0,1,26,0,0,24,22,26,19,0,0,0
290589,1,1,11,4,0,0,0,0,0,0,0,15
290590,0,1,25,25,25,25,25,25,25,25,25,25
290590,1,1,39,0,15,0,0,0,20,0,30,10
290591,1,1,0,0,0,0,0,0,0,0,0,0
290592,1,1,0,0,0,0,0,0,0,0,0,0
290592,2,1,0,0,0,0,0,0,0,0,0,0
290592,3,1,0,0,0,0,0,0,0,0,0,7
290593,1,1,0,0,0,0,0,0,0,0,0,0
290593,2,1,0,0,0,0,0,0,0,0,0,0
290594,1,1,0,0,0,0,0,0,0,0,0,0
290595,1,1,0,0,0,0,0,0,0,0,0,0
290596,0,1,0,0,0,0,0,0,0,0,0,0
290596,0,2,0,0,0,0,0,0,0,0,0,0
290596,0,3,0,0,0,0,0,12,0,0,0,0
290596,0,4,0,0,0,8,0,0,0,0,0,0
290596,1,1,0,0,0,0,0,0,0,0,0,0
290596,2,1,0,0,0,0,0,0,0,0,0,0
290598,1,1,0,0,0,0,0,0,0,0,0,0
290598,2,1,0,0,0,0,0,0,0,0,0,0
290599,1,1,38,38,38,38,38,38,38,38,38,38
290600,1,1,0,0,0,0,0,0,0,0,0,0
290600,2,1,0,0,0,0,0,2,0,0,0,0
290601,1,1,0,0,0,0,0,0,0,0,0,0
290602,1,1,0,0,0,0,0,0,0,0,0,0
290603,0,1,0,0,0,0,0,0,0,0,0,0
290603,1,1,40,0,0,0,0,0,0,0,0,0
290604,1,1,16,16,16,16,16,16,16,16,16,16
290605,1,1,0,0,0,0,0,0,0,0,0,0
290606,0,1,0,0,0,0,0,0,0,0,0,0
290606,1,1,0,0,0,0,0,0,0,0,0,0
290607,1,1,0,0,0,0,0,0,0,0,0,0
290607,2,1,0,0,0,0,0,0,0,0,0,0
290608,1,1,0,0,0,0,0,0,0,0,0,0