ST_CASE,VEH_NO,PER_NO,P1,P2,P3,P4,P5,P6,P7,P8,P9,P10
290609,1,1,21,8,8,29,0,18,0,6,0,0
290609,2,1,0,0,0,0,24,0,0,0,16,0
290610,1,1,19,0,28,15,0,0,0,0,30,0
290611,1,1,8,8,8,8,8,8,8,8,8,8
290612,1,1,21,21,21,21,21,21,21,21,21,21
290612,2,1,0,0,0,0,0,0,0,0,8,0
290613,1,1,16,16,16,16,16,16,16,16,16,16
290614,1,1,0,0,0,0,0,0,0,0,0,0
290614,2,1,0,0,0,0,0,0,0,0,0,0
290615,1,1,0,0,0,0,0,0,0,0,0,0
290615,2,1,11,11,11,11,11,11,11,11,11,11
290616,1,1,0,0,0,0,0,0,0,0,0,0
290617,1,1,17,17,17,17,17,17,17,17,17,17
290617,2,1,0,0,0,0,0,0,0,0,0,0
290618,1,1,0,0,0,0,0,0,0,0,0,0
290618,2,1,0,0,0,0,0,0,0,0,0,0
290619,1,1,0,20,0,0,0,0,0,0,0,0
290619,2,1,0,0,0,0,0,0,0,0,0,0
290620,0,1,17,17,17,17,17,17,17,17,17,17
290620,1,1,4,4,4,4,4,4,4,4,4,4
290620,2,1,0,0,0,0,0,0,0,0,0,0
290620,3,1,0,0,0,0,0,0,0,0,0,0
290621,1,1,16,16,16,16,16,16,16,16,16,16
290622,0,1,0,0,0,0,0,0,0,0,0,0
290622,1,1,0,0,0,0,0,0,0,0,0,0
290623,1,1,16,16,16,16,16,16,16,16,16,16
290624,0,1,29,29,29,29,29,29,29,29,29,29
290624,1,1,0,0,0,0,0,0,0,0,0,0
290624,2,1,0,0,0,0,0,0,0,0,0,0
290625,1,1,19,19,19,19,19,19,19,19,19,19
290626,1,3,0,0,8,0,0,0,18,21,0,0
290627,1,2,0,0,3,0,0,0,0,17,0,0
290628,1,1,0,0,0,0,0,0,0,0,0,0
290628,2,1,0,0,0,0,0,0,0,0,0,0
290629,1,1,0,0,0,0,0,0,0,0,0,0
290629,2,1,0,0,0,0,0,0,0,0,0,0
290630,1,1,0,0,0,0,0,0,0,0,0,0
290631,1,1,0,0,0,0,0,0,28,0,0,0
290631,2,1,0,0,0,0,0,0,0,0,0,0
290632,1,1,0,0,0,0,0,0,0,0,0,0
290633,1,1,0,0,0,0,0,0,0,0,0,0
290634,1,1,11,5,22,6,16,10,15,28,17,0
290634,2,1,0,0,0,0,0,0,0,0,0,0
290634,3,1,0,0,0,15,0,0,0,0,0,0
290636,0,1,24,24,24,24,24,24,24,24,24,24
290636,1,1,0,0,0,0,0,0,0,0,0,0
290638,1,1,0,0,0,0,0,0,0,0,0,0
290638,2,1,7,0,0,13,0,11,17,0,0,16
290639,1,1,5,0,6,0,0,0,0,0,0,0
290639,2,1,0,0,0,0,0,0,0,0,0,0
290639,3,1,1,1,1,1,1,1,1,1,1,1
290640,1,1,39,39,39,39,39,39,39,39,39,39
290641,1,1,29,29,29,29,29,29,29,29,29,29
290642,1,1,0,0,0,0,0,0,0,0,0,0
290643,1,1,0,0,0,0,0,0,0,0,0,0
290643,2,1,0,0,0,0,0,0,0,0,0,0
290644,1,1,0,0,25,12,7,0,0,14,0,0
290645,1,1,20,18,25,25,26,24,11,9,14,35
290646,1,1,0,0,5,0,11,0,0,0,0,0
290646,2,1,0,0,0,0,0,0,0,0,0,0
290647,0,1,0,0,0,0,0,0,0,0,0,0
290647,1,1,0,0,0,0,0,0,0,0,0,0
290648,1,1,0,0,0,0,0,0,0,0,0,0
290649,1,1,29,29,29,29,29,29,29,29,29,29
290650,1,1,0,0,0,0,0,0,0,0,0,0
290652,1,1,0,0,0,0,0,0,0,0,0,0
290653,1,1,0,0,12,0,0,38,10,15,0,0
290654,1,1,0,0,0,0,0,0,0,0,0,0
290655,1,1,0,0,0,0,0,0,0,0,0,0
290656,1,1,0,0,0,0,0,0,0,0,0,0
290657,1,1,0,0,0,0,0,0,0,0,0,0
290657,2,1,0,0,0,0,0,0,0,0,0,0
290657,3,1,0,0,0,0,0,0,0,0,0,0
290657,4,1,0,0,0,0,0,0,0,0,0,0
290658,1,1,0,0,0,0,0,0,14,0,0,0
290659,1,1,13,13,13,13,13,13,13,13,13,13
290659,2,1,15,15,15,15,15,15,15,15,15,15
290660,1,1,0,0,0,0,0,0,0,0,0,0
290660,2,1,0,0,0,0,0,0,0,0,0,0
290661,1,1,6,6,6,6,6,6,6,6,6,6
290661,2,1,0,0,0,0,0,0,0,0,0,0
290661,3,1,0,0,0,0,0,0,0,0,0,0
290662,1,1,0,0,0,0,0,0,0,0,0,0
290663,1,1,0,0,0,0,0,0,0,0,0,0
290663,2,1,0,0,0,0,0,0,0,0,0,0
290664,1,1,0,0,0,0,0,0,0,0,0,0
290664,2,1,0,0,0,0,0,0,0,0,0,0
290665,1,1,0,0,0,0,0,0,0,0,0,0
290665,2,1,0,0,0,0,0,0,0,0,0,0
290666,1,1,0,0,9,0,0,9,0,0,0,0
290667,1,1,0,0,0,0,0,0,0,0,0,0
290668,1,1,0,0,0,0,0,0,0,0,0,0
290669,1,1,9,0,10,0,0,5,0,0,9,0
290670,1,1,0,0,0,0,0,0,0,0,0,0
290671,1,1,0,0,0,0,0,0,0,0,0,0
290671,2,1,36,0,0,0,0,0,9,0,5,0
290673,1,1,0,0,0,0,0,0,0,0,0,0
290673,2,1,0,0,0,0,0,0,0,0,0,0
290674,1,1,0,0,0,0,30,0,0,0,0,0
290674,2,1,0,0,0,0,0,0,0,0,0,14
290675,0,1,0,0,0,0,0,0,0,0,0,0
290675,1,1,0,0,0,0,0,0,0,0,0,46
290676,1,1,23,23,23,23,23,23,23,23,23,23
290677,1,1,0,0,0,0,24,0,0,0,0,32
290678,1,1,0,17,33,0,19,24,0,10,0,0
290679,1,1,14,14,14,14,14,14,14,14,14,14
290681,1,1,0,0,0,0,0,38,0,4,0,0
290681,2,1,10,0,0,0,0,0,0,26,0,10
290682,1,1,0,0,0,0,0,17,0,0,0,0
290682,2,1,18,0,0,0,0,0,0,0,0,0
290683,1,1,11,11,11,11,11,11,11,11,11,11
290684,1,1,0,0,0,0,0,0,0,0,0,0
290685,1,1,0,0,0,0,0,0,0,0,0,0
290687,1,1,0,0,9,0,0,0,0,0,0,0
290688,1,1,16,16,16,16,16,16,16,16,16,16
290688,2,1,0,20,25,0,0,23,11,0,0,17
290689,1,1,0,0,0,0,0,0,0,0,0,0
290689,2,1,0,0,0,0,0,0,0,0,0,0
290690,1,1,14,14,14,14,14,14,14,14,14,14
290691,1,1,0,0,0,0,0,0,0,0,0,0
290692,1,1,0,0,0,0,0,0,0,0,0,0
290693,1,1,0,0,0,0,0,0,0,0,0,0
290693,2,1,0,0,0,0,0,0,0,0,0,0
290694,1,1,0,13,15,0,0,0,0,23,21,0
290695,1,1,0,0,0,0,0,0,0,0,0,0
290696,1,1,0,0,0,0,0,0,0,0,0,0
290697,0,1,25,25,25,25,25,25,25,25,25,25
290697,1,1,0,0,0,0,0,0,0,0,0,0
290698,1,1,0,0,0,0,0,0,0,0,0,0
290699,1,1,0,0,0,0,0,0,0,0,0,0
290700,1,1,0,0,0,0,0,0,0,0,0,0
290701,1,1,0,0,0,0,0,0,0,0,0,0
290701,2,1,0,0,0,0,0,0,0,0,0,0
290702,1,1,17,9,0,0,0,0,0,0,0,0
290702,2,1,0,0,0,0,0,0,0,0,0,0
290703,1,1,28,28,28,28,28,28,28,28,28,28
290704,1,1,0,0,0,0,0,0,0,0,0,0
290704,2,1,0,0,12,12,16,12,12,15,0,0
290705,1,1,0,0,0,0,0,0,0,0,0,0
290706,1,1,33,33,33,33,33,33,33,33,33,33
290707,1,1,19,19,19,19,19,19,19,19,19,19
290708,1,1,0,0,0,0,0,0,0,0,0,0
290708,2,1,0,0,0,0,0,0,0,0,0,0
290709,1,1,0,0,0,0,0,0,0,0,0,0
290710,1,1,0,0,0,0,0,0,0,0,0,0
290711,1,1,0,0,0,0,0,0,0,0,0,0
290711,2,1,0,0,0,0,0,0,0,0,0,0
290712,1,1,0,0,0,0,0,0,0,0,0,0
290712,2,1,0,0,0,0,0,0,0,0,0,0
290713,0,1,29,29,29,29,29,29,29,29,29,29
290713,1,1,0,0,0,0,0,0,0,0,0,0
290713,2,1,0,0,0,0,0,0,0,0,0,0
290714,1,1,15,15,15,15,15,15,15,15,15,15
290715,1,1,0,0,0,0,0,0,0,0,0,0
290715,2,1,0,0,0,0,0,0,0,0,0,0
290716,1,1,22,22,22,22,22,22,22,22,22,22
290717,0,1,30,30,30,30,30,30,30,30,30,30
290717,1,1,24,24,24,24,24,24,24,24,24,24
290718,1,1,0,0,0,0,0,0,0,0,0,0
290718,2,1,0,0,0,0,0,0,0,0,0,0
290719,1,1,25,25,25,25,25,25,25,25,25,25
290719,2,1,0,0,0,0,0,0,0,0,0,0
290720,1,1,13,13,13,13,13,13,13,13,13,13
290721,1,1,13,13,13,13,13,13,13,13,13,13
290721,2,1,0,0,0,0,0,0,0,0,0,0
290722,1,1,0,0,0,0,0,0,0,0,0,0
290723,1,1,0,0,0,0,0,0,0,0,0,0
290724,1,1,0,0,0,0,0,0,0,0,0,0
290724,2,1,0,0,0,0,11,2,0,0,0,0
290725,1,1,0,0,0,0,0,0,0,0,0,0
290725,2,1,0,0,0,0,0,0,0,0,0,0
290726,1,1,0,0,0,0,0,0,0,0,0,0
290726,2,1,0,0,0,0,0,0,0,0,0,0
290727,1,1,0,0,0,0,0,0,0,0,0,0
290727,2,1,0,0,0,0,0,0,0,0,0,0
290727,3,1,0,0,0,0,0,0,0,0,0,0
290728,1,1,0,0,0,0,0,0,0,0,0,0
290729,1,1,16,0,0,0,0,12,0,15,0,28
290730,0,1,21,21,21,21,21,21,21,21,21,21
290730,1,1,0,0,0,0,0,0,0,0,0,0
290731,1,1,0,0,0,0,0,0,0,0,0,0
290732,1,1,22,22,22,22,22,22,22,22,22,22
290733,1,1,5,13,7,4,18,10,32,38,27,25
290734,1,1,0,0,0,0,0,0,0,0,0,0
290735,1,1,0,0,0,0,0,0,0,0,0,0
290735,2,1,0,0,0,0,0,0,0,0,0,0
290736,1,1,0,0,0,0,0,0,0,0,0,0
290736,2,1,0,0,0,0,0,0,0,0,0,0
290737,1,1,14,14,14,14,14,14,14,14,14,14
290738,1,1,0,0,0,0,0,0,0,0,0,0
290738,2,1,0,0,0,0,0,0,0,0,0,0
290739,1,1,0,0,0,0,0,0,0,0,0,0
290739,2,1,0,0,0,0,0,0,0,0,0,0
290740,1,1,0,0,0,0,0,0,0,0,0,0
290741,0,1,8,0,0,27,15,0,31,22,0,0
290741,0,2,0,0,0,13,0,0,0,0,0,0
290741,2,1,0,0,0,0,0,0,0,0,0,0
290742,1,1,0,0,0,0,0,0,0,0,2,0
290742,2,1,0,0,0,0,0,0,0,0,0,0
290743,1,1,10,10,10,10,10,10,10,10,10,10
290744,1,1,0,0,0,0,0,0,0,0,0,0
290744,2,1,0,0,0,0,0,0,0,0,0,0
290745,1,1,0,0,0,0,0,0,0,0,0,0
290746,1,1,2,2,2,2,2,2,2,2,2,2
290747,1,1,9,9,9,9,9,9,9,9,9,9
290748,1,1,0,0,0,0,0,0,0,0,0,0
290749,0,1,25,0,0,0,0,15,0,0,0,0
290749,1,1,0,0,0,0,5,0,28,0,5,0
290749,2,1,11,0,21,20,12,0,0,0,12,18
290750,1,1,1,1,1,1,1,1,1,1,1,1
290750,2,1,0,0,0,0,0,0,0,0,0,0
290752,1,1,29,29,29,29,29,29,29,29,29,29
290753,0,1,25,25,25,25,25,25,25,25,25,25
290753,1,1,0,0,0,0,0,20,5,0,0,0
290754,1,1,20,0,30,26,8,19,25,9,19,23
290754,2,1,0,0,0,15,0,0,0,0,0,0
290755,1,1,0,26,10,14,23,19,13,18,24,16
290756,1,1,0,0,0,0,0,0,0,0,0,0
290756,2,1,0,0,0,0,0,0,0,0,0,0
290757,1,1,0,0,0,0,0,0,0,0,0,0
290757,2,1,0,0,0,0,0,0,0,0,0,0
290758,1,1,10,10,10,10,10,10,10,10,10,10
290759,1,1,0,0,7,0,0,0,0,0,0,0
290759,2,1,0,0,0,0,0,0,0,0,0,0
290760,1,1,0,0,0,0,0,0,0,0,0,0
290760,2,1,15,15,15,15,15,15,15,15,15,15
290761,1,1,0,0,0,0,0,0,0,0,0,0
290762,1,1,0,0,0,0,0,0,0,0,0,0
290763,0,1,15,0,0,0,0,0,0,0,0,0
290764,0,1,0,0,0,0,0,0,0,0,0,0
290764,1,1,0,0,0,0,0,0,0,0,0,0
290764,2,1,0,0,0,0,0,0,0,0,0,0
290765,1,1,16,0,11,27,0,0,0,16,0,0
290766,1,1,19,19,19,19,19,19,19,19,19,19
290766,2,1,0,0,0,0,0,0,0,0,0,0
290767,0,1,0,0,0,0,0,0,0,0,0,0
290767,1,1,0,0,0,0,0,0,0,0,0,0
290768,0,1,0,0,0,0,0,0,0,0,0,0
290768,1,1,0,0,0,0,0,0,0,0,0,0
290769,1,1,11,11,11,11,11,11,11,11,11,11
290769,2,1,0,0,0,0,0,0,0,0,0,0
290770,0,1,0,0,0,0,0,0,0,0,0,0
290770,1,1,0,0,0,0,0,0,0,0,0,0
290771,1,1,0,0,0,0,0,0,0,0,0,0
290771,2,1,0,0,0,0,0,0,0,0,0,0
290772,1,1,25,25,25,25,25,25,25,25,25,25
290774,1,1,12,12,12,12,12,12,12,12,12,12
290775,1,1,0,0,0,0,0,0,0,0,0,0
290775,2,1,0,0,0,0,0,0,0,0,0,0
290776,1,1,19,19,19,19,19,19,19,19,19,19
290776,2,1,0,0,0,0,0,0,0,0,0,0
290777,0,1,31,31,31,31,31,31,31,31,31,31
290777,1,1,0,0,19,0,0,0,0,0,0,0
290778,1,1,18,18,18,18,18,18,18,18,18,18
290779,1,1,2,2,2,2,2,2,2,2,2,2
290779,2,1,13,13,13,13,13,13,13,13,13,13
290780,1,1,0,0,0,0,0,0,22,0,0,0
290780,2,1,0,0,0,0,0,0,0,0,0,0
290781,1,1,17,17,17,17,17,17,17,17,17,17
290782,1,1,0,0,0,0,0,0,0,0,0,0
290783,1,1,0,0,6,37,13,8,10,10,0,0
290783,2,1,0,0,0,0,0,0,0,0,0,0
290784,1,1,0,0,0,0,0,0,0,0,0,0
290784,2,1,0,0,0,0,0,0,0,0,0,0
290784,3,1,0,16,0,0,0,0,0,0,0,0
290785,1,1,0,0,0,0,0,0,0,0,0,0
290785,2,1,15,0,0,0,0,0,0,0,0,0
290785,3,1,0,0,0,0,0,0,0,0,0,0
290785,4,1,17,0,0,18,0,0,0,0,0,0
290786,1,1,15,17,0,0,0,0,0,0,0,0
290786,2,1,0,14,0,0,0,0,0,0,0,0
290787,1,1,0,0,0,0,0,0,0,0,0,0
290787,2,1,0,0,0,0,0,0,0,0,0,0
290787,3,1,0,0,3,0,0,0,0,0,0,15
290787,4,1,0,0,0,0,0,0,14,0,0,0
300001,1,1,0,0,0,0,0,0,0,0,0,0
300001,2,1,0,0,0,0,0,0,0,0,0,0
300002,1,1,6,6,6,6,6,6,6,6,6,6
300003,1,1,0,0,0,0,0,0,0,0,0,0
300004,1,1,0,0,0,0,0,0,0,0,0,0
300005,1,1,3,3,3,3,3,3,3,3,3,3
300006,1,1,0,0,0,0,0,0,0,0,0,0
300007,1,1,0,0,0,0,0,0,0,0,0,0
300008,1,1,21,21,21,21,21,21,21,21,21,21
300008,2,1,0,0,0,0,0,0,0,0,0,0
300009,1,1,7,7,7,7,7,7,7,7,7,7
300010,1,1,0,0,0,0,0,0,0,0,0,0
300010,2,1,0,0,0,0,0,0,0,0,0,0
300011,1,1,0,0,0,0,0,0,0,0,0,0
300012,1,1,19,19,19,19,19,19,19,19,19,19
300013,1,1,19,19,19,19,19,19,19,19,19,19
300014,1,1,6,6,6,6,6,6,6,6,6,6
300015,1,1,0,0,0,0,0,0,0,0,0,0
300016,1,1,28,10,7,24,5,10,2,9,16,9
300017,1,1,0,0,0,0,0,0,0,0,0,0
300017,2,1,0,0,0,0,0,0,0,0,0,0
300018,1,1,16,16,16,16,16,16,16,16,16,16
300019,1,1,18,18,18,18,18,18,18,18,18,18
300020,1,1,0,0,0,0,0,0,0,0,0,0
300021,1,1,16,16,16,16,16,16,16,16,16,16
300022,1,1,6,6,6,6,6,6,6,6,6,6
300023,1,1,0,0,0,0,0,0,0,0,0,0
300024,1,1,0,0,0,0,0,0,0,0,0,0
300025,1,1,11,0,0,0,0,0,0,0,0,0
300026,1,1,16,16,16,16,16,16,16,16,16,16
300027,0,1,15,43,19,28,27,25,15,26,17,21
300027,1,1,10,10,10,10,10,10,10,10,10,10
300028,1,1,28,28,28,28,28,28,28,28,28,28
300029,1,1,0,0,0,0,0,0,0,0,0,0
300029,2,1,0,0,0,0,0,0,0,0,0,0
300030,1,1,1,1,1,1,1,1,1,1,1,1
300031,1,1,0,0,0,0,0,0,0,0,0,0
300032,1,1,18,18,18,18,18,18,18,18,18,18
300032,2,1,0,0,0,0,0,0,0,0,0,0
300033,1,1,22,22,22,22,22,22,22,22,22,22
300034,1,1,0,0,0,0,0,0,0,0,0,0
300035,1,1,0,0,0,0,0,0,0,0,0,0
300035,2,1,0,0,0,0,0,0,0,0,0,0
300036,1,1,8,8,8,8,8,8,8,8,8,8
300037,1,1,26,26,26,26,26,26,26,26,26,26
300038,1,1,0,0,17,0,0,0,0,26,0,0
300039,1,1,19,19,19,19,19,19,19,19,19,19
300040,1,1,9,9,9,9,9,9,9,9,9,9
300041,0,1,21,21,21,21,21,21,21,21,21,21
300041,0,2,36,0,25,7,16,7,29,19,30,0
300041,1,1,0,9,31,0,0,0,27,3,0,0
300041,2,1,0,0,0,0,0,0,0,0,0,0
300041,3,1,0,0,0,0,0,0,0,0,0,0
300042,1,1,0,0,0,0,0,0,0,0,0,0
300043,1,1,0,0,0,0,0,0,0,0,0,0
300044,1,1,17,17,17,17,17,17,17,17,17,17
300045,1,1,23,23,23,23,23,23,23,23,23,23
300046,1,1,14,14,14,14,14,14,14,14,14,14
300047,1,1,0,0,0,0,0,0,0,0,0,0
300047,2,1,0,0,0,0,0,0,0,0,0,0
300048,1,1,15,15,15,15,15,15,15,15,15,15
300049,1,1,0,26,0,0,0,0,0,0,0,0
300050,1,1,11,11,11,11,11,11,11,11,11,11
300051,1,1,0,0,0,0,0,0,0,0,0,0
300052,1,1,0,0,0,0,0,0,0,0,0,0
300052,2,1,0,0,0,0,0,0,0,0,0,0
300053,1,1,0,0,0,0,0,0,0,0,0,0
300054,1,1,0,0,0,0,0,0,0,0,0,0
300055,1,1,20,20,20,20,20,20,20,20,20,20
300056,1,1,17,17,17,17,17,17,17,17,17,17
300057,1,1,7,7,7,7,7,7,7,7,7,7
300057,2,1,0,0,0,0,0,0,0,0,0,0
300058,1,1,0,0,0,0,0,0,0,0,0,0
300058,2,1,0,0,0,0,0,0,0,0,0,0
300059,1,1,20,20,20,20,20,20,20,20,20,20
300060,1,1,21,21,21,21,21,21,21,21,21,21
300061,1,1,29,29,29,29,29,29,29,29,29,29
300062,1,1,11,11,11,11,11,11,11,11,11,11
300063,1,1,0,0,0,0,0,0,0,0,0,0
300063,2,1,0,0,0,0,0,0,0,0,0,0
300064,1,1,0,0,0,0,0,0,0,0,0,0
300064,2,1,0,0,0,0,0,0,0,0,0,0
300065,1,1,13,13,13,13,13,13,13,13,13,13
300066,1,1,0,0,0,0,0,0,0,0,0,0
300067,1,1,12,12,12,12,12,12,12,12,12,12
300068,1,1,28,28,28,28,28,28,28,28,28,28
300069,1,1,0,0,0,0,0,0,0,0,0,0
300069,2,1,22,22,22,22,22,22,22,22,22,22
300070,1,1,0,0,0,0,0,0,0,0,0,0
300071,1,1,0,0,0,0,0,0,0,0,0,0
300071,2,1,0,0,0,0,0,0,0,0,0,0
300072,1,1,0,0,0,0,0,0,0,0,0,0
300073,1,1,9,34,15,23,17,17,24,19,23,11
300073,2,1,0,0,0,0,0,0,0,0,0,0
300074,1,1,22,22,22,22,22,22,22,22,22,22
300075,1,1,0,0,0,0,0,0,0,0,0,0
300075,2,1,0,0,0,0,0,0,0,0,0,0
300076,0,1,0,0,0,0,0,0,0,0,0,0
300076,1,1,0,0,0,0,0,0,0,0,0,0
300077,1,1,20,20,20,20,20,20,20,20,20,20
300078,1,1,0,0,0,0,0,0,0,0,0,0
300079,1,1,6,6,6,6,6,6,6,6,6,6
300080,1,1,3,10,17,22,22,9,36,14,23,25
300081,1,1,20,20,20,20,20,20,20,20,20,20
300081,2,1,0,0,0,0,0,0,0,0,0,0
300082,1,1,2,2,2,2,2,2,2,2,2,2
300083,0,1,0,0,0,0,0,0,0,0,0,0
300083,2,1,0,0,0,0,0,0,0,0,0,0
300084,1,1,23,23,23,23,23,23,23,23,23,23
300085,1,1,0,0,0,0,0,0,0,0,0,0
300086,1,1,6,18,17,5,0,3,33,30,13,19
300087,1,1,0,0,0,0,0,0,0,0,0,0
300088,1,1,0,0,0,0,0,0,0,0,0,0
300088,2,1,0,0,0,0,0,0,0,0,0,0
300088,3,1,0,0,0,0,0,0,0,0,0,0
300089,1,1,16,16,16,16,16,16,16,16,16,16
300090,1,1,28,28,28,28,28,28,28,28,28,28
300091,1,1,0,0,0,0,0,0,0,0,0,0
300091,2,1,11,11,11,11,11,11,11,11,11,11
300092,1,1,23,23,23,23,23,23,23,23,23,23
300093,1,1,3,3,3,3,3,3,3,3,3,3
300093,2,1,4,4,4,4,4,4,4,4,4,4
300094,1,1,24,24,24,24,24,24,24,24,24,24
300095,1,1,0,0,0,0,0,0,0,0,0,0
300096,1,1,0,0,0,0,0,0,0,0,0,0
300097,1,1,0,0,0,0,0,0,0,0,0,0
300098,1,1,0,0,0,0,0,0,0,0,0,0
300099,1,1,0,0,0,0,6,0,31,0,0,0
300099,2,1,0,0,0,0,0,0,0,0,0,0
300100,1,1,0,0,0,0,0,0,0,0,0,0
300101,1,1,0,0,0,0,0,0,0,0,0,0
300101,2,1,0,0,0,0,0,0,0,0,0,0
300102,1,1,23,23,23,23,23,23,23,23,23,23
300103,0,1,0,0,0,0,0,0,0,0,0,0
300103,1,1,0,0,0,0,0,0,0,0,0,0
300104,1,1,5,5,5,5,5,5,5,5,5,5
300105,1,1,0,0,0,0,0,0,0,0,0,0
300106,1,1,23,23,23,23,23,23,23,23,23,23
300107,1,1,0,0,0,0,0,0,0,0,0,0
300108,1,1,15,15,15,15,15,15,15,15,15,15
300109,1,1,31,31,31,31,31,31,31,31,31,31
300109,2,1,0,0,0,0,0,0,0,0,0,0
300110,1,1,0,0,0,0,0,0,0,0,0,0
300111,1,1,0,0,0,0,0,0,0,0,0,0
300112,1,1,10,10,10,10,10,10,10,10,10,10
300113,1,1,3,3,3,3,3,3,3,3,3,3
300114,1,1,28,28,28,28,28,28,28,28,28,28
300114,2,1,0,0,0,0,33,0,9,0,0,0
300114,3,1,0,7,0,25,0,21,13,3,13,0
300115,1,1,0,0,0,0,0,0,0,0,0,0
300115,2,1,0,0,0,0,0,0,0,0,0,0
300116,1,1,9,9,9,9,9,9,9,9,9,9
300117,1,1,0,0,0,0,0,0,0,0,0,0
300118,1,1,18,10,32,11,0,0,19,11,0,13
300119,1,1,0,0,0,0,0,0,0,0,0,0
300120,1,3,24,24,24,24,24,24,24,24,24,24
300121,1,1,0,0,0,0,0,0,0,0,0,0
300121,2,1,0,0,0,0,0,0,0,0,0,0
300122,1,1,0,0,0,0,0,0,0,0,0,15
300123,1,1,0,0,0,0,0,0,0,0,0,0
300124,1,1,21,21,21,21,21,21,21,21,21,21
300125,1,1,0,0,0,0,0,0,0,0,0,0
300125,2,1,0,0,0,0,0,0,0,0,0,0
300126,1,1,25,25,25,25,25,25,25,25,25,25
300127,1,1,0,0,0,0,0,0,0,0,0,0
300128,1,1,21,20,11,6,14,19,13,16,10,24
300129,1,1,0,0,0,0,0,0,0,0,0,0
300130,1,1,37,37,37,37,37,37,37,37,37,37
300131,0,1,27,27,27,27,27,27,27,27,27,27
300131,1,1,0,0,0,0,0,0,0,0,0,0
300131,2,1,0,0,0,0,0,0,0,0,0,0
300132,1,1,0,0,0,0,0,0,0,0,0,0
300132,2,1,9,9,9,9,9,9,9,9,9,9
300133,1,1,23,23,23,23,23,23,23,23,23,23
300134,1,1,13,13,13,13,13,13,13,13,13,13
300135,1,1,26,26,26,26,26,26,26,26,26,26
300136,1,1,0,0,0,0,0,0,0,0,0,0
300136,2,1,0,0,0,0,0,0,0,0,0,0
300137,1,1,19,19,19,19,19,19,19,19,19,19
300137,2,1,0,0,0,0,0,0,0,0,0,0
300137,3,1,17,17,17,17,17,17,17,17,17,17
300137,4,1,0,0,0,0,0,0,0,0,0,0
300137,5,1,0,0,0,0,0,0,0,0,0,0
300138,1,1,0,0,0,0,0,0,0,0,0,0
300139,1,1,0,0,0,0,0,0,0,0,0,0
300139,2,1,0,15,0,0,0,0,11,0,0,0
300140,1,1,0,0,0,0,0,0,0,0,0,0
300140,2,1,0,0,0,0,0,0,0,0,0,0
300141,1,1,0,0,0,0,0,0,0,0,0,0
300141,2,1,0,0,0,0,0,0,0,0,0,0
300142,1,1,11,11,11,11,11,11,11,11,11,11
300142,2,1,0,0,0,0,0,0,0,0,0,0
300143,1,1,0,0,0,0,0,0,0,0,0,0
300143,2,1,0,0,0,0,0,0,0,0,0,0
300144,1,1,0,0,0,0,0,0,0,0,0,0
300145,1,1,0,0,0,0,0,0,0,0,0,0
300145,2,1,0,0,0,0,0,0,0,0,0,0
300146,1,1,19,19,19,19,19,19,19,19,19,19
300147,1,1,23,23,23,23,23,23,23,23,23,23
300148,1,1,0,0,0,0,0,0,0,0,0,0
300149,1,1,3,3,3,3,3,3,3,3,3,3
300150,1,1,0,0,0,0,0,0,0,0,0,0
300150,2,1,0,0,0,0,0,0,0,0,0,0
300150,3,1,0,0,0,14,0,0,0,0,0,0
300151,1,1,0,0,0,0,0,0,0,0,0,0
300151,2,1,0,0,0,0,0,0,0,0,0,0
300152,1,1,0,0,0,0,12,0,0,0,0,0
300153,1,1,0,0,0,0,0,0,0,0,0,0
300153,2,1,12,12,12,12,12,12,12,12,12,12
300154,1,1,0,0,0,0,0,0,0,0,0,11
300155,1,1,0,0,0,0,0,0,0,0,0,0
300155,2,1,0,0,0,0,0,30,0,0,0,0
300156,1,1,0,0,0,0,0,0,0,0,0,0
300156,2,1,25,4,7,12,7,20,5,4,11,33
300157,1,1,24,24,24,24,24,24,24,24,24,24
300158,1,1,0,24,0,0,0,0,29,0,0,10
300159,1,1,0,0,0,0,0,0,0,0,0,0
300160,1,1,23,23,23,23,23,23,23,23,23,23
300161,0,1,28,21,16,33,7,45,25,0,11,32
300161,1,1,0,0,0,0,0,0,0,0,0,0
300162,1,1,26,26,26,26,26,26,26,26,26,26
300163,1,1,0,0,0,0,0,0,0,0,0,0
300163,2,1,0,0,0,0,0,0,0,0,0,0
300164,1,1,35,35,35,35,35,35,35,35,35,35
300165,1,1,6,31,13,0,10,9,26,5,10,13