ST_CASE,VEH_NO,PER_NO,P1,P2,P3,P4,P5,P6,P7,P8,P9,P10
300166,1,1,25,25,25,25,25,25,25,25,25,25
300167,1,1,20,20,20,20,20,20,20,20,20,20
300168,1,1,12,12,12,12,12,12,12,12,12,12
300169,1,1,0,0,0,0,0,0,0,0,0,0
300170,1,1,0,0,0,0,0,0,0,0,0,0
300170,2,1,0,0,0,0,0,0,0,0,0,0
300171,1,1,29,29,29,29,29,29,29,29,29,29
300172,1,1,0,0,0,0,0,0,0,0,0,0
300173,1,1,0,34,10,8,13,0,21,13,8,0
300174,1,1,12,11,20,13,31,16,20,7,36,18
300175,1,1,0,0,0,0,0,0,0,0,0,0
300176,0,1,30,30,30,30,30,30,30,30,30,30
300176,1,1,0,0,0,0,0,0,0,0,0,11
300177,1,1,0,0,0,0,0,0,0,0,0,0
300177,2,1,0,0,0,0,0,0,0,0,0,0
300178,1,1,0,0,0,0,0,0,0,0,0,0
300179,1,1,0,0,0,0,0,0,0,0,0,0
300179,2,1,0,0,0,0,0,0,0,0,0,0
300180,1,1,0,0,0,0,0,0,0,0,0,0
300181,1,1,19,19,19,19,19,19,19,19,19,19
300181,2,1,0,0,0,0,0,0,0,0,0,0
300182,1,1,16,16,16,16,16,16,16,16,16,16
300183,1,1,2,2,2,2,2,2,2,2,2,2
300183,2,1,0,0,0,0,0,0,0,0,0,0
300184,1,1,0,0,0,0,0,0,0,0,0,0
300185,1,1,0,0,0,0,0,0,0,0,0,0
300186,1,1,24,24,24,24,24,24,24,24,24,24
300187,1,1,15,21,9,25,7,24,10,9,6,6
300188,1,1,0,0,0,0,0,0,0,0,0,0
300189,1,1,0,0,0,0,0,0,0,0,0,0
300189,2,1,0,0,0,0,0,0,0,0,0,0
300190,1,1,20,20,20,20,20,20,20,20,20,20
300191,0,1,32,32,32,32,32,32,32,32,32,32
300191,1,1,0,0,9,0,0,0,0,0,0,0
300192,1,1,9,9,9,9,9,9,9,9,9,9
310001,1,1,35,35,35,35,35,35,35,35,35,35
310002,0,1,0,0,0,0,0,0,0,0,0,0
310002,1,1,0,0,0,0,0,0,0,0,0,0
310003,1,1,0,0,0,0,0,0,0,0,0,0
310003,2,1,1,1,1,1,1,1,1,1,1,1
310004,1,1,3,3,3,3,3,3,3,3,3,3
310005,1,1,0,0,0,0,0,0,0,0,0,0
310006,1,1,0,0,0,0,0,0,0,0,0,0
310007,1,1,21,21,21,21,21,21,21,21,21,21
310007,2,1,0,0,0,0,0,0,0,0,0,0
310008,1,1,0,0,0,0,0,0,0,0,0,0
310008,2,1,0,0,0,0,0,0,0,0,0,0
310009,1,1,22,22,22,22,22,22,22,22,22,22
310010,1,1,12,12,12,12,12,12,12,12,12,12
310011,1,1,17,17,17,17,17,17,17,17,17,17
310012,1,1,6,6,6,6,6,6,6,6,6,6
310013,1,1,0,0,0,0,0,0,0,0,0,0
310014,1,1,0,0,0,0,0,0,0,0,0,0
310015,1,1,25,25,25,25,25,25,25,25,25,25
310016,1,1,13,13,13,13,13,13,13,13,13,13
310017,1,1,0,0,0,0,0,0,0,0,0,0
310017,2,1,0,0,0,0,0,0,0,0,0,0
310018,1,1,0,0,0,0,0,0,0,0,0,0
310018,2,1,0,0,0,0,0,0,0,0,0,0
310019,1,1,0,0,0,0,0,0,0,0,0,0
310020,1,1,17,17,17,17,17,17,17,17,17,17
310020,2,1,0,0,0,0,0,0,0,0,0,0
310021,1,1,0,0,0,0,0,0,0,0,0,0
310021,2,1,0,0,0,0,0,0,0,0,0,0
310022,1,1,0,0,0,0,0,0,0,0,0,0
310022,2,1,0,0,0,0,0,0,0,0,0,0
310023,1,1,13,13,13,13,13,13,13,13,13,13
310024,0,1,33,33,33,33,33,33,33,33,33,33
310024,1,1,0,0,0,16,0,0,0,0,0,0
310025,1,1,0,0,0,0,0,0,0,0,0,0
310025,2,1,0,0,0,0,0,0,0,0,0,0
310026,1,1,0,0,0,0,0,0,0,0,0,0
310026,2,1,0,0,0,0,0,0,0,0,0,0
310027,1,1,23,23,23,23,23,23,23,23,23,23
310027,2,1,0,0,0,0,0,0,0,0,0,0
310028,1,1,0,0,0,0,0,0,0,0,0,0
310029,1,1,0,0,0,0,0,0,0,0,0,0
310029,2,1,0,0,0,0,0,0,0,0,0,0
310030,1,1,0,0,0,0,0,0,0,0,0,0
310031,1,1,30,30,30,30,30,30,30,30,30,30
310032,1,1,10,10,10,10,10,10,10,10,10,10
310033,1,1,0,0,0,0,0,0,0,0,0,0
310033,2,1,0,0,0,0,0,0,0,0,0,0
310034,1,1,19,19,19,19,19,19,19,19,19,19
310035,1,1,0,0,0,0,0,0,0,0,0,0
310035,2,1,0,0,0,0,0,0,0,0,0,0
310036,1,1,0,0,0,0,0,0,0,0,0,0
310037,1,1,0,0,0,0,0,0,0,0,0,0
310038,1,1,0,0,0,0,0,0,0,0,0,0
310039,1,1,0,0,0,0,0,0,0,0,0,0
310039,2,1,0,0,0,0,0,0,0,0,0,0
310040,1,1,15,15,15,15,15,15,15,15,15,15
310041,1,1,14,14,14,14,14,14,14,14,14,14
310042,0,1,31,31,31,31,31,31,31,31,31,31
310042,1,1,13,0,0,0,0,0,0,0,6,0
310043,1,1,16,16,16,16,16,16,16,16,16,16
310044,1,1,0,0,0,0,0,0,0,0,0,0
310044,2,1,0,0,0,0,0,0,0,0,0,0
310045,1,1,20,20,20,20,20,20,20,20,20,20
310046,1,1,8,8,8,8,8,8,8,8,8,8
310046,2,1,0,0,0,0,0,0,0,0,0,0
310047,1,1,0,42,12,13,0,0,13,0,0,0
310048,1,1,0,0,0,0,0,0,0,0,0,0
310049,1,1,0,0,0,0,0,0,0,0,0,0
310049,2,1,0,0,0,0,0,0,0,0,0,0
310050,1,1,6,6,6,6,6,6,6,6,6,6
310051,1,1,0,0,0,0,0,0,0,0,0,0
310051,2,1,0,0,0,0,0,0,0,0,0,0
310051,3,1,0,0,0,0,0,0,0,0,0,0
310052,1,1,12,12,12,12,12,12,12,12,12,12
310053,1,1,20,20,20,20,20,20,20,20,20,20
310054,1,1,0,0,0,0,0,0,0,0,0,0
310054,2,1,0,0,0,0,0,0,0,0,0,0
310055,1,1,21,21,21,21,21,21,21,21,21,21
310056,0,1,0,0,0,0,0,0,0,0,0,0
310056,1,1,0,0,0,0,0,0,0,0,0,0
310057,1,1,17,17,17,17,17,17,17,17,17,17
310057,2,1,0,0,0,0,0,0,0,0,0,0
310058,1,1,1,1,1,1,1,1,1,1,1,1
310058,2,1,0,0,0,0,0,0,0,0,0,0
310059,1,1,9,14,10,23,23,8,4,21,23,21
310060,1,1,0,0,0,0,0,0,0,0,0,0
310060,2,1,0,0,0,0,0,0,0,0,0,0
310061,1,1,0,0,0,0,0,0,0,0,0,0
310062,1,1,0,0,0,0,0,0,0,0,0,0
310062,2,1,0,0,0,0,0,0,0,0,0,0
310063,1,1,21,21,21,21,21,21,21,21,21,21
310064,1,1,0,0,0,0,0,0,0,0,0,0
310064,2,1,0,0,0,0,0,0,0,0,0,0
310065,1,1,10,10,10,10,10,10,10,10,10,10
310066,1,1,13,13,13,13,13,13,13,13,13,13
310067,1,1,0,0,0,0,0,0,0,0,0,0
310068,1,1,0,0,0,0,0,0,0,0,0,0
310069,1,1,0,0,0,0,0,0,0,0,0,0
310070,1,1,9,9,9,9,9,9,9,9,9,9
310071,1,1,0,0,0,0,0,0,0,0,0,0
310071,2,1,0,0,0,0,0,0,0,0,0,0
310072,1,1,26,0,0,0,0,0,5,0,0,0
310073,1,1,0,0,0,0,0,0,0,0,0,0
310073,2,1,0,0,0,0,0,0,0,0,0,0
310074,1,1,6,6,6,6,6,6,6,6,6,6
310075,0,1,17,17,17,17,17,17,17,17,17,17
310075,1,1,11,11,11,11,11,11,11,11,11,11
310076,1,1,0,0,0,0,0,0,0,0,0,0
310076,2,1,0,0,0,0,0,0,0,0,0,0
310077,1,1,22,22,22,22,22,22,22,22,22,22
310078,0,1,14,14,14,14,14,14,14,14,14,14
310078,1,1,0,21,9,32,13,21,13,14,21,19
310079,1,1,27,27,27,27,27,27,27,27,27,27
310079,2,1,0,0,0,0,0,0,0,0,0,0
310080,1,1,35,35,35,35,35,35,35,35,35,35
310081,1,1,0,0,0,0,0,0,0,0,0,0
310082,1,1,34,28,16,31,48,18,33,15,31,20
310083,1,1,17,17,17,17,17,17,17,17,17,17
310084,1,1,19,19,19,19,19,19,19,19,19,19
310085,1,1,21,21,21,21,21,21,21,21,21,21
310086,1,1,9,9,9,9,9,9,9,9,9,9
310087,1,1,23,26,15,28,25,0,32,43,10,9
310088,1,1,0,0,0,0,0,0,0,0,0,0
310088,2,1,0,0,0,0,0,0,0,0,0,0
310089,0,1,0,0,0,0,0,0,0,0,0,0
310089,1,1,0,0,0,0,0,0,0,0,0,0
310090,1,1,0,0,0,0,0,0,0,0,0,0
310091,1,1,7,7,7,7,7,7,7,7,7,7
310092,1,1,19,19,19,19,19,19,19,19,19,19
310092,2,1,0,0,0,0,0,0,0,0,0,0
310093,1,1,0,0,0,0,0,0,0,0,0,0
310093,2,1,0,0,0,0,0,0,0,0,0,0
310094,1,1,0,0,0,0,0,0,0,0,0,0
310094,2,1,0,0,0,0,0,0,0,0,0,0
310094,3,1,0,0,0,0,0,0,0,0,0,0
310095,1,1,18,18,18,18,18,18,18,18,18,18
310096,1,1,0,0,0,0,0,0,0,0,0,0
310096,2,1,0,0,0,0,0,0,0,0,0,0
310096,3,1,0,0,0,0,0,0,0,0,0,0
310097,1,1,0,0,0,0,0,0,0,0,0,0
310097,2,1,0,0,0,0,0,0,0,0,0,0
310098,1,1,0,0,0,0,0,0,0,0,0,0
310099,1,1,24,24,24,24,24,24,24,24,24,24
310100,1,1,0,0,0,0,0,0,0,0,0,0
310101,0,1,24,24,24,24,24,24,24,24,24,24
310101,1,1,0,0,0,0,0,0,0,0,0,0
310102,1,1,6,6,6,6,6,6,6,6,6,6
310103,1,1,0,0,0,0,0,0,0,0,0,0
310103,2,1,0,0,0,0,0,0,0,0,0,0
310104,0,1,11,11,11,11,11,11,11,11,11,11
310104,1,1,0,0,0,0,0,0,0,0,0,0
310105,1,1,29,29,29,29,29,29,29,29,29,29
310106,1,1,0,0,0,0,0,0,0,0,0,0
310106,2,1,0,0,0,0,0,0,0,0,0,0
310107,1,1,0,0,0,0,0,0,0,0,0,0
310107,2,1,0,0,0,0,0,0,0,0,0,0
310107,3,1,1,1,1,1,1,1,1,1,1,1
310108,1,1,0,0,0,0,0,0,0,0,0,0
310109,1,1,15,15,15,15,15,15,15,15,15,15
310110,1,1,0,0,0,0,0,0,0,0,0,0
310110,2,1,0,0,0,0,0,0,0,0,0,0
310111,1,1,16,16,16,16,16,16,16,16,16,16
310112,1,1,0,0,0,0,0,0,0,0,0,0
310113,1,1,0,0,0,0,0,0,0,0,0,0
310114,1,1,1,1,1,1,1,1,1,1,1,1
310114,2,1,0,0,0,0,0,0,0,0,0,0
310115,1,1,0,11,0,0,0,0,0,0,0,0
310116,1,1,0,0,0,0,0,0,0,0,0,0
310117,1,1,0,0,0,0,0,0,0,0,0,0
310117,2,1,0,0,0,0,0,0,0,0,0,0
310118,1,1,0,0,0,0,0,0,0,0,0,0
310119,0,1,0,0,0,0,0,0,0,0,0,0
310119,1,1,0,0,0,0,0,0,0,0,0,0
310120,1,1,16,16,16,16,16,16,16,16,16,16
310120,2,1,0,0,0,0,0,0,0,0,0,0
310121,0,1,0,0,0,0,0,0,0,0,0,0
310121,1,1,0,0,0,0,0,0,0,0,0,0
310122,1,1,0,0,0,0,0,0,0,0,0,0
310123,1,1,21,21,21,21,21,21,21,21,21,21
310124,1,1,14,14,14,14,14,14,14,14,14,14
310125,1,1,0,0,0,0,0,0,0,0,0,0
310125,2,1,0,0,0,0,0,0,0,0,0,0
310126,1,1,11,11,11,11,11,11,11,11,11,11
310126,2,1,0,0,0,0,0,0,0,0,0,0
310127,1,1,0,0,0,0,0,0,0,0,0,0
310127,2,1,0,0,0,0,0,0,0,0,0,0
310128,1,1,0,0,0,0,0,0,0,0,0,0
310128,2,1,0,0,0,0,0,0,0,0,0,0
310129,1,1,0,0,0,0,0,0,0,0,0,0
310129,2,1,0,0,0,0,0,0,0,0,0,0
310130,1,1,0,0,0,0,0,7,0,0,0,0
310130,2,1,0,0,0,0,0,0,0,0,0,0
310130,3,1,0,0,0,0,0,0,0,0,0,0
310131,1,1,11,11,11,11,11,11,11,11,11,11
310131,2,1,0,0,0,0,0,0,0,0,0,0
310131,3,1,0,0,0,0,0,0,0,0,0,0
310132,0,1,31,31,31,31,31,31,31,31,31,31
310132,1,1,0,0,0,0,0,0,0,0,0,0
310133,1,1,0,0,0,0,0,0,0,0,0,0
310134,1,1,0,0,0,0,0,0,0,0,0,0
310134,2,1,0,0,0,0,0,0,0,0,0,0
310135,1,1,0,0,0,0,0,0,0,0,0,0
310135,2,1,0,0,0,0,0,0,0,0,0,0
310136,1,1,0,0,0,0,0,0,0,0,0,0
310136,2,1,0,0,0,0,0,0,0,0,0,0
310137,1,1,0,0,0,0,0,0,0,0,0,0
310137,2,1,0,0,0,0,0,0,0,0,0,0
310138,0,1,0,0,0,0,0,0,0,0,0,0
310138,1,1,0,0,0,0,0,0,0,0,0,0
310139,1,1,17,17,17,17,17,17,17,17,17,17
310140,1,1,0,0,0,0,0,0,0,0,0,0
310141,0,1,0,0,0,0,0,0,0,0,0,0
310141,1,1,0,0,0,0,0,0,0,0,0,22
310141,2,1,0,0,0,0,0,0,0,0,0,0
310141,3,1,0,0,0,0,0,0,0,0,0,0
310142,1,1,0,0,0,23,0,0,0,0,0,0
310142,2,1,0,0,0,0,0,0,0,0,0,0
310143,1,1,25,25,25,25,25,25,25,25,25,25
310144,1,1,11,11,11,11,11,11,11,11,11,11
310145,1,1,20,9,38,7,17,12,10,6,15,17
310146,1,1,16,16,16,16,16,16,16,16,16,16
310146,2,1,0,0,0,0,0,0,0,0,0,0
310147,1,1,0,0,0,0,0,0,0,0,0,0
310147,2,1,0,0,0,0,0,0,0,0,0,0
310148,1,1,0,0,0,0,0,0,0,0,0,0
310148,2,1,1,1,1,1,1,1,1,1,1,1
310148,3,1,1,1,1,1,1,1,1,1,1,1
310148,4,1,0,0,0,0,0,0,0,0,0,0
310149,1,1,0,0,0,0,0,0,0,0,0,11
310149,2,1,0,0,0,0,0,0,0,0,0,0
310149,3,1,0,0,0,0,0,0,0,0,0,0
310150,1,1,0,0,0,0,15,0,0,0,0,0
310150,2,1,0,0,0,0,0,0,0,0,0,0
310150,3,1,0,0,0,0,0,0,0,0,0,0
310151,1,1,0,0,0,0,0,0,0,0,0,0
310151,2,1,0,0,0,0,0,0,0,0,0,0
310152,1,1,0,0,0,0,0,0,0,0,0,0
310152,2,1,0,0,0,0,0,0,0,0,0,0
310153,1,1,0,0,0,0,0,0,0,0,0,0
310154,1,1,13,13,13,13,13,13,13,13,13,13
310155,1,1,0,0,0,0,0,0,0,0,0,0
310155,2,1,0,0,0,0,0,0,0,0,0,0
310156,1,1,0,0,0,0,0,0,0,0,0,0
310157,1,1,21,21,21,21,21,21,21,21,21,21
310157,2,1,23,0,0,26,30,0,0,19,10,0
310157,3,1,0,0,0,0,0,0,0,0,0,0
310158,1,1,26,26,26,26,26,26,26,26,26,26
310159,1,1,14,14,14,14,14,14,14,14,14,14
310160,1,1,0,0,0,0,0,0,0,0,0,0
310160,2,1,11,11,11,11,11,11,11,11,11,11
310161,1,1,0,0,0,0,0,0,0,0,0,0
310162,1,1,0,0,0,0,0,0,0,0,0,0
310162,2,1,0,0,0,0,0,0,0,0,0,0
310163,1,1,0,0,0,0,0,0,0,0,0,0
310164,1,1,2,2,2,2,2,2,2,2,2,2
310164,2,1,8,8,8,8,8,8,8,8,8,8
310165,0,1,0,0,0,0,0,0,0,0,0,0
310165,1,1,0,0,0,0,0,0,0,0,0,0
310166,1,1,15,15,15,15,15,15,15,15,15,15
310167,1,1,0,0,0,0,0,0,0,0,0,0
310167,2,1,0,0,0,0,0,0,0,0,0,0
310168,1,1,0,0,0,0,0,0,0,0,0,0
310168,2,1,0,0,0,0,0,0,0,0,0,0
310169,1,1,10,10,10,10,10,10,10,10,10,10
310170,1,1,30,30,30,30,30,30,30,30,30,30
310171,1,1,14,23,15,23,8,23,10,23,8,22
310172,1,1,26,26,26,26,26,26,26,26,26,26
310173,1,1,0,0,0,0,0,0,0,0,0,0
310173,2,1,0,0,0,0,0,0,0,0,0,0
310174,1,1,0,0,0,0,0,0,0,0,0,0
310174,2,1,0,0,0,0,0,0,0,0,0,0
310175,1,1,0,0,0,0,0,17,0,0,0,0
310176,1,1,0,0,0,0,0,0,0,0,0,0
310176,2,1,0,0,0,0,0,0,0,0,0,0
310177,1,1,24,24,24,24,24,24,24,24,24,24
310178,1,1,0,0,0,0,0,0,0,0,0,0
310179,1,1,0,0,0,0,0,0,0,0,0,0
310179,2,1,0,0,0,0,0,0,0,0,0,0
310179,3,1,0,0,0,0,0,0,0,0,0,0
310180,1,1,24,24,24,24,24,24,24,24,24,24
310181,1,1,0,0,0,0,0,0,0,0,0,0
310182,1,1,0,0,0,0,0,0,0,0,0,0
310182,2,1,1,1,1,1,1,1,1,1,1,1
310183,1,1,28,28,28,28,28,28,28,28,28,28
310183,2,1,0,0,0,0,0,0,0,0,0,0
310184,1,1,0,0,0,0,0,0,0,0,0,0
310184,2,1,0,0,0,0,0,0,0,0,0,0
310185,1,1,0,0,0,0,0,0,0,0,0,0
310185,2,1,0,0,0,0,0,0,0,0,0,0
310186,1,1,0,0,0,0,0,0,0,0,0,0
310187,1,1,0,0,0,0,0,0,0,0,0,0
310187,2,1,0,0,0,0,0,0,0,0,0,0
310188,1,1,0,0,0,0,0,0,0,0,0,0
310188,2,1,0,0,0,0,0,0,0,0,0,0
310189,1,1,0,0,0,0,0,0,0,0,0,0
310189,2,1,0,0,0,0,0,0,0,0,0,0
310190,1,1,19,19,19,19,19,19,19,19,19,19
310190,2,1,0,0,0,0,0,0,0,0,0,0
320001,0,1,1,1,1,1,1,1,1,1,1,1
320001,1,1,0,0,11,0,0,12,0,0,0,0
320001,2,1,0,0,0,0,0,0,0,0,0,0
320002,1,1,0,0,0,0,24,0,0,0,20,0
320002,2,1,0,0,0,0,0,0,0,0,0,0
320003,1,1,17,17,17,17,17,17,17,17,17,17
320004,1,1,21,21,21,21,21,21,21,21,21,21
320005,1,1,0,0,0,0,0,0,0,0,0,0
320005,2,1,0,0,0,0,0,0,0,0,0,0
320006,1,1,17,0,30,0,0,0,0,0,0,0
320006,2,1,0,0,0,0,0,0,0,0,0,0
320007,1,1,12,12,12,12,12,12,12,12,12,12
320007,2,1,0,0,0,0,0,0,0,15,0,0
320008,1,1,24,24,24,24,24,24,24,24,24,24
320008,2,1,0,0,0,0,0,0,0,0,0,0
320009,1,1,0,0,11,0,0,4,0,0,0,0
320009,2,1,0,0,0,0,0,0,0,0,0,0
320010,1,1,0,0,0,0,0,0,0,0,0,0
320011,0,1,17,0,0,0,0,8,0,0,0,22
320011,1,1,0,8,0,0,32,25,21,0,45,27
320012,0,1,0,0,0,0,20,0,0,0,0,0
320012,1,1,1,1,1,1,1,1,1,1,1,1
320013,0,1,0,0,0,0,0,0,0,0,0,0
320013,1,1,0,0,0,0,0,0,0,0,0,0
320014,0,1,0,22,7,0,0,0,0,0,0,0
320014,1,1,0,0,0,0,0,0,0,0,0,0
320015,0,1,18,18,18,18,18,18,18,18,18,18
320015,1,1,0,0,0,0,0,0,0,0,0,0
320016,1,1,0,0,0,0,0,0,0,0,0,0
320017,0,1,0,0,0,0,0,0,0,0,0,0
320017,1,1,0,0,0,0,0,0,0,0,0,0
320017,2,1,0,0,0,0,0,0,0,0,0,0
320018,1,1,28,28,28,28,28,28,28,28,28,28
320018,2,1,0,0,0,0,0,0,0,0,0,0
320019,0,1,0,0,12,0,0,16,13,0,41,0
320019,1,1,0,0,0,0,0,0,0,0,0,0
320019,2,1,0,0,0,0,0,0,0,0,0,0
320020,1,1,0,0,0,0,0,0,0,0,0,0
320021,1,1,21,21,21,21,21,21,21,21,21,21
320022,0,1,0,0,0,0,0,0,0,0,0,0
320022,1,1,0,0,0,0,0,0,0,0,0,0
320023,1,1,15,15,15,15,15,15,15,15,15,15
320024,1,1,13,13,13,13,13,13,13,13,13,13
320024,2,1,10,10,10,10,10,10,10,10,10,10
320024,3,1,0,0,0,0,0,0,0,0,0,7
320025,1,1,19,19,19,19,19,19,19,19,19,19
320026,1,1,34,34,34,34,34,34,34,34,34,34
320027,1,1,0,0,0,0,0,0,0,0,0,0
320027,2,1,0,0,0,0,0,0,0,0,0,0
320028,1,1,0,0,0,0,0,0,0,0,0,0
320029,1,1,11,11,11,11,11,11,11,11,11,11
320030,1,1,0,0,0,0,0,0,0,0,0,0
320030,2,1,4,4,4,4,4,4,4,4,4,4
320031,0,1,0,0,0,0,0,9,0,0,0,0
320031,0,2,0,0,0,0,0,0,0,0,0,0
320031,1,1,0,0,0,0,0,0,0,0,0,0
320032,1,1,12,18,0,0,20,0,0,0,15,16
320033,1,1,0,0,0,0,0,0,0,0,0,0
320034,1,1,11,0,0,0,0,0,0,0,0,0
320034,2,1,0,0,0,0,0,0,0,0,0,0
320034,3,1,0,0,0,0,0,0,0,0,0,0
320034,4,1,4,0,0,0,0,0,0,0,0,0
320035,0,1,0,6,15,19,24,0,14,0,0,0
320035,1,1,0,0,0,0,0,0,0,0,0,0
320035,2,1,5,25,0,21,14,12,0,0,0,29
320036,1,1,0,0,0,0,0,0,0,0,0,0
320036,2,1,0,0,0,0,0,0,0,0,0,0
320037,1,1,0,0,0,0,0,0,0,0,0,0
320037,2,1,0,0,0,0,0,0,0,0,0,0
320037,3,1,0,0,0,0,0,0,14,0,0,0
320038,1,1,0,25,0,0,33,0,0,14,14,20
320039,1,1,0,0,0,0,0,0,0,0,0,0
320039,2,1,19,19,19,19,19,19,19,19,19,19
320039,3,1,0,0,0,0,0,0,0,0,0,0
320041,1,1,25,25,25,25,25,25,25,25,25,25
320042,1,1,0,0,0,0,0,0,0,0,0,0
320042,2,1,0,0,0,0,0,0,0,0,0,0
320043,1,1,0,0,0,0,0,0,0,0,0,0
320043,2,1,0,0,0,0,0,0,13,0,0,0
320044,1,1,14,14,14,14,14,14,14,14,14,14
320044,2,1,15,15,15,15,15,15,15,15,15,15
320045,1,1,0,0,0,0,0,0,0,0,0,0
320045,2,1,0,0,0,0,0,0,0,0,0,0
320046,0,1,0,0,0,0,0,0,0,19,0,0
320046,1,1,0,0,0,0,0,0,0,0,0,12
320047,1,1,19,19,19,19,19,19,19,19,19,19
320048,0,1,0,0,0,0,0,0,0,0,0,0
320048,1,1,0,0,0,0,0,0,0,0,0,28
320049,0,1,0,0,0,0,0,0,0,0,0,0
320049,1,1,0,0,0,0,0,0,0,0,0,0
320050,1,1,0,0,0,0,0,0,0,0,0,0
320051,1,1,0,0,0,0,0,0,0,0,0,0
320051,2,1,0,0,0,0,0,0,0,0,0,0
320052,1,1,0,0,0,0,0,0,0,0,0,0
320052,2,1,0,0,0,0,0,0,0,0,0,0
320053,1,1,0,0,0,0,0,0,0,0,0,0
320054,1,1,15,15,15,15,15,15,15,15,15,15
320054,2,1,0,0,0,0,0,0,0,0,0,0
320054,3,1,0,0,0,0,0,0,18,0,0,0
320055,1,1,0,0,0,0,0,0,0,0,0,0
320055,2,1,0,0,0,0,0,0,0,0,0,0
320056,0,1,21,21,21,21,21,21,21,21,21,21
320056,1,1,0,0,0,0,0,0,0,0,0,0
320057,1,1,0,0,0,0,0,0,0,0,0,0
320057,2,1,0,0,0,0,0,0,0,0,0,0
320058,1,1,17,17,17,17,17,17,17,17,17,17
320058,2,1,0,0,0,0,0,0,0,0,0,0
320059,1,1,0,0,0,0,0,0,0,0,0,0
320060,1,1,0,0,0,0,0,0,0,0,0,0
320060,2,1,0,0,0,0,0,0,0,0,0,0
320061,1,1,15,14,15,12,17,9,8,17,14,9
320062,1,1,15,15,15,15,15,15,15,15,15,15
320063,0,1,0,0,0,0,0,0,0,0,0,0
320063,1,1,8,25,26,0,16,35,35,0,34,21
320064,1,1,0,0,0,0,0,0,0,0,0,0
320064,2,1,0,0,0,0,0,0,0,0,0,0
320064,3,1,0,0,0,0,0,0,0,0,0,0
320065,1,1,0,0,0,0,0,0,0,0,0,0
320066,1,1,0,0,0,0,0,0,0,0,0,0
320067,1,1,0,0,0,0,0,0,0,0,0,0
320068,0,1,47,47,47,47,47,47,47,47,47,47
320068,1,1,0,0,0,0,0,0,0,0,0,0
320069,1,1,15,15,15,15,15,15,15,15,15,15
320070,0,1,14,14,14,14,14,14,14,14,14,14
320070,1,1,0,16,24,4,36,9,15,18,22,15
320071,1,1,18,18,18,18,18,18,18,18,18,18
320072,1,1,18,18,18,18,18,18,18,18,18,18
320072,2,1,0,0,0,0,0,0,0,0,0,0
320073,1,1,0,0,0,0,0,0,0,0,0,0
320073,2,1,0,0,0,0,0,0,0,0,0,0
320074,1,1,0,0,0,0,0,0,0,0,0,0
320074,2,1,0,10,0,0,0,16,21,0,14,0
320074,3,1,0,0,0,8,16,12,0,0,29,0
320075,0,1,0,0,0,0,0,0,0,0,0,0
320075,1,1,0,0,0,0,0,0,0,0,0,0
320076,0,1,5,5,5,5,5,5,5,5,5,5
320076,1,1,0,0,0,0,0,0,0,0,0,0
320077,1,1,17,17,17,17,17,17,17,17,17,17
320077,2,1,24,24,24,24,24,24,24,24,24,24
320077,3,1,0,0,31,0,0,0,0,0,0,0
320078,1,1,0,0,0,0,0,0,0,0,0,0
320079,0,1,16,16,16,16,16,16,16,16,16,16
320079,1,1,0,0,22,0,0,0,0,0,0,0
320080,1,1,0,0,0,0,0,0,0,0,0,0
320081,1,1,0,0,0,0,0,0,0,0,0,0
320081,2,1,0,0,0,0,0,0,0,0,0,0
320082,1,1,11,11,11,11,11,11,11,11,11,11
320083,1,1,0,16,0,0,0,0,0,0,0,0
320084,1,1,0,0,0,0,0,0,0,0,0,0
320085,1,1,16,16,16,16,16,16,16,16,16,16
320086,1,1,0,0,0,0,0,0,0,0,0,0
320086,2,1,0,0,0,0,0,0,0,0,0,0
320087,1,1,14,14,14,14,14,14,14,14,14,14
320087,2,1,0,0,0,0,0,0,0,0,0,0
320088,1,1,0,0,0,0,0,0,0,0,0,0
320089,0,1,18,29,37,34,23,40,15,31,31,42
320089,0,2,13,13,13,13,13,13,13,13,13,13
320089,1,1,17,17,17,17,17,17,17,17,17,17
320090,1,1,0,0,0,0,0,0,0,0,0,0
320091,1,1,19,19,19,19,19,19,19,19,19,19
320092,1,1,22,22,22,22,22,22,22,22,22,22
320092,2,1,0,0,43,14,0,0,0,18,0,0
320093,1,1,0,0,0,0,0,0,0,0,0,0
320094,1,1,0,0,0,0,0,0,0,0,0,0
320095,0,1,12,12,12,12,12,12,12,12,12,12
320095,1,1,0,0,0,0,0,16,0,0,0,0
320096,1,1,11,11,11,11,11,11,11,11,11,11
320097,0,1,0,0,0,0,0,0,0,0,0,0