ST_CASE,VEH_NO,PER_NO,P1,P2,P3,P4,P5,P6,P7,P8,P9,P10
320097,1,1,0,0,0,0,0,0,0,0,0,0
320098,1,1,15,15,15,15,15,15,15,15,15,15
320098,2,1,0,0,0,0,0,0,0,0,0,0
320099,1,1,49,49,49,49,49,49,49,49,49,49
320100,0,1,21,21,21,21,21,21,21,21,21,21
320100,1,1,0,0,0,0,0,0,0,0,0,0
320101,0,1,0,0,0,0,0,0,0,0,0,0
320101,0,2,0,0,0,0,0,0,0,0,14,0
320101,0,3,0,0,0,0,0,0,0,0,0,0
320101,1,1,0,0,0,0,0,0,0,0,0,0
320102,1,1,0,0,0,0,0,9,12,0,0,0
320102,2,1,0,0,0,0,0,0,0,0,0,0
320103,1,1,0,0,0,0,0,0,0,0,0,0
320104,1,1,0,0,0,0,0,0,0,0,0,0
320104,2,1,0,0,0,0,0,0,0,0,0,0
320105,1,1,10,10,10,10,10,10,10,10,10,10
320105,2,1,0,0,0,0,0,0,0,0,0,0
320105,3,1,0,0,0,0,0,0,0,0,0,0
320106,1,1,13,13,13,13,13,13,13,13,13,13
320107,0,1,21,21,21,21,21,21,21,21,21,21
320107,1,1,0,0,0,0,0,0,0,0,0,0
320108,0,1,10,10,10,10,10,10,10,10,10,10
320108,1,1,13,13,13,13,13,13,13,13,13,13
320109,1,1,0,0,0,0,0,0,0,0,0,0
320109,2,1,0,0,0,0,0,0,0,0,0,0
320109,3,1,0,0,0,0,0,0,0,0,0,0
320110,1,1,0,0,0,0,0,0,0,0,0,0
320111,1,1,0,0,0,0,0,0,0,0,0,0
320112,1,1,0,0,0,0,0,16,0,10,0,0
320112,2,1,0,0,0,0,0,0,0,0,0,0
320113,1,1,0,0,0,0,0,0,0,0,0,0
320113,2,1,0,0,24,0,0,0,0,0,0,0
320114,1,1,0,0,0,0,0,0,0,0,0,0
320114,2,1,0,0,0,0,0,0,0,0,0,0
320115,1,1,0,0,0,0,0,0,0,0,0,0
320116,1,1,13,13,13,13,13,13,13,13,13,13
320117,1,1,16,16,16,16,16,16,16,16,16,16
320118,1,1,21,21,21,21,21,21,21,21,21,21
320119,1,1,18,18,18,18,18,18,18,18,18,18
320120,1,1,0,0,0,0,0,0,0,0,0,0
320121,1,1,0,0,0,0,13,6,0,6,0,39
320121,2,1,0,8,0,0,0,0,0,0,0,0
320121,3,1,0,0,0,0,0,0,0,0,0,0
320122,1,1,0,0,0,0,0,0,0,0,0,0
320122,2,1,0,0,0,0,0,0,0,29,0,0
320123,0,1,0,0,0,0,0,0,0,0,0,0
320123,1,1,0,7,0,0,0,0,0,0,0,0
320124,1,1,29,29,29,29,29,29,29,29,29,29
320125,1,1,0,0,0,0,0,0,0,0,0,0
320126,1,1,0,0,0,0,0,0,0,0,0,0
320127,1,1,26,26,26,26,26,26,26,26,26,26
320128,1,1,0,0,0,0,0,0,0,0,0,0
320129,1,1,0,0,0,0,0,0,0,0,0,0
320130,1,1,0,0,0,0,0,0,0,0,0,0
320131,1,1,0,0,0,0,0,0,0,0,0,0
320132,1,1,0,0,0,0,0,0,0,0,0,0
320133,1,1,13,13,13,13,13,13,13,13,13,13
320134,1,1,0,0,0,0,0,0,0,0,0,0
320134,2,1,2,2,2,2,2,2,2,2,2,2
320134,3,1,18,0,0,0,0,0,0,0,0,0
320135,1,1,0,0,0,0,0,0,0,0,0,0
320135,2,1,0,0,0,0,0,0,0,0,0,0
320136,1,1,0,0,0,0,17,0,9,0,0,0
320136,2,1,0,0,0,0,0,0,0,0,0,0
320136,3,1,0,0,0,0,0,0,0,0,0,0
320136,4,1,0,0,0,0,0,0,0,0,0,0
320136,5,1,0,0,0,0,0,0,0,6,0,0
320137,1,1,0,0,0,0,0,0,0,0,0,0
320138,1,1,0,0,0,0,0,0,0,0,0,0
320138,2,1,0,0,0,0,0,0,0,0,0,0
320138,3,1,0,0,0,0,0,0,0,0,0,0
320139,0,1,0,0,0,0,0,0,0,0,0,0
320139,1,1,0,0,0,0,0,0,0,0,0,0
320140,0,1,19,19,19,19,19,19,19,19,19,19
320140,1,1,0,0,0,10,0,0,0,0,0,11
320141,1,1,30,30,30,30,30,30,30,30,30,30
320142,1,1,15,15,15,15,15,15,15,15,15,15
320143,1,1,0,0,0,0,0,0,0,0,0,0
320143,2,1,0,0,0,0,0,0,0,0,0,0
320144,1,1,21,21,21,21,21,21,21,21,21,21
320145,1,1,29,29,29,29,29,29,29,29,29,29
320146,1,1,0,0,0,0,0,0,5,0,7,0
320147,1,1,10,10,10,10,10,10,10,10,10,10
320148,1,1,20,20,20,20,20,20,20,20,20,20
320148,2,1,0,0,0,0,0,0,0,0,0,0
320149,1,1,0,0,0,0,0,0,0,0,0,0
320150,1,1,22,22,22,22,22,22,22,22,22,22
320151,1,1,0,0,0,0,0,0,0,0,0,0
320151,2,1,0,0,0,0,0,0,0,0,0,0
320152,0,1,0,0,0,0,0,0,0,0,0,0
320152,1,1,0,0,0,0,0,0,0,0,0,0
320153,1,1,0,0,0,0,0,0,0,0,0,0
320154,1,1,12,12,12,12,12,12,12,12,12,12
320155,1,1,0,0,0,0,0,0,0,0,0,0
320155,2,1,0,0,0,0,0,0,0,0,0,0
320156,0,1,0,0,0,0,0,0,0,0,0,0
320156,1,1,0,0,0,0,0,0,0,0,0,0
320156,2,1,0,0,0,0,27,0,0,0,0,0
320157,1,1,0,0,0,0,0,0,0,0,0,0
320157,2,1,0,0,0,0,0,0,0,0,0,0
320157,3,1,0,0,0,0,0,0,0,0,0,0
320158,0,1,0,0,0,0,0,0,0,0,0,0
320158,1,1,0,22,0,9,8,0,8,0,0,0
320159,1,1,0,0,0,0,23,0,0,0,0,0
320159,2,1,16,16,16,16,16,16,16,16,16,16
320160,1,1,7,7,7,7,7,7,7,7,7,7
320161,1,1,0,0,11,0,0,0,0,4,0,0
320162,1,1,16,16,16,16,16,16,16,16,16,16
320163,1,1,18,15,7,0,11,0,0,0,20,12
320164,1,1,0,0,0,0,0,0,0,0,0,0
320164,2,1,0,0,0,0,0,0,0,0,0,0
320165,1,1,0,0,0,10,0,0,4,0,0,0
320165,2,1,0,0,0,0,0,0,0,0,0,0
320166,0,1,0,0,0,0,0,0,0,0,0,0
320166,1,1,0,0,0,0,0,0,28,0,0,0
320167,1,1,16,16,16,16,16,16,16,16,16,16
320168,1,1,0,0,0,0,0,0,0,0,0,0
320168,2,1,0,0,0,7,0,0,0,0,0,0
320168,3,1,0,0,0,0,0,0,0,0,0,0
320168,4,1,0,0,0,0,0,0,0,0,0,0
320169,0,1,0,0,0,0,0,0,0,0,0,0
320169,1,1,0,0,0,0,0,0,0,0,0,0
320170,0,1,3,3,3,3,3,3,3,3,3,3
320170,0,2,0,0,0,0,0,0,0,0,0,0
320170,1,1,0,20,0,0,0,0,0,0,0,0
320171,1,1,0,0,9,0,0,0,0,0,0,0
320171,2,1,0,0,0,0,0,0,0,0,0,0
320172,0,1,23,23,23,23,23,23,23,23,23,23
320172,1,1,0,0,35,21,0,0,0,14,0,0
320173,1,1,0,0,0,0,0,0,0,0,0,0
320174,1,1,0,0,0,0,0,0,0,0,0,0
320174,2,1,0,0,0,0,0,0,0,0,0,0
320175,0,1,3,3,3,3,3,3,3,3,3,3
320175,1,1,0,0,0,0,0,0,0,0,0,0
320176,1,1,0,0,0,0,0,0,0,0,0,0
320176,2,1,0,0,0,0,0,0,0,0,0,0
320177,1,1,0,0,0,0,0,0,0,0,0,0
320178,1,1,20,0,0,0,31,0,0,0,0,0
320179,1,1,0,0,0,0,0,0,0,0,0,0
320180,1,1,13,13,0,0,0,19,0,0,0,0
320181,1,1,6,6,6,6,6,6,6,6,6,6
320182,1,1,0,0,0,0,0,0,0,0,0,0
320182,2,1,0,0,0,0,0,0,0,0,0,0
320183,0,1,0,0,0,0,0,0,0,0,0,0
320183,1,1,0,0,0,0,0,0,0,0,0,0
320184,0,1,13,13,13,13,13,13,13,13,13,13
320184,1,1,0,0,0,0,0,0,0,0,0,0
320185,1,1,12,12,12,12,12,12,12,12,12,12
320185,2,1,0,0,0,19,0,0,0,0,0,0
320186,1,1,5,5,5,5,5,5,5,5,5,5
320187,1,1,15,15,15,15,15,15,15,15,15,15
320188,1,1,0,0,0,0,0,0,0,0,0,0
320188,2,1,0,0,0,0,0,0,0,0,0,0
320189,0,1,0,0,0,0,0,0,0,0,0,0
320189,1,1,0,0,0,0,0,0,0,0,0,0
320190,0,1,10,10,10,10,10,10,10,10,10,10
320190,1,1,0,0,0,0,0,0,0,0,0,0
320191,1,1,5,5,5,5,5,5,5,5,5,5
320191,2,1,0,0,0,0,0,0,0,0,0,0
320192,1,1,18,18,18,18,18,18,18,18,18,18
320192,2,1,0,0,0,0,0,0,0,0,0,6
320193,1,1,0,0,0,0,13,0,0,0,0,12
320193,2,1,0,0,0,0,0,0,0,0,0,0
320193,3,1,0,0,0,0,0,0,0,7,0,0
320193,4,1,0,0,0,0,0,0,0,0,0,0
320193,5,1,0,0,0,0,0,0,0,0,0,8
320194,1,1,0,0,0,0,0,0,0,0,0,0
320195,1,1,0,0,0,0,0,0,0,0,0,0
320195,2,1,0,0,0,0,0,0,0,0,0,0
320196,1,1,0,0,0,0,0,0,0,0,0,0
320196,2,1,0,0,0,0,0,0,0,0,0,0
320197,0,1,0,0,0,0,0,0,0,0,0,0
320197,0,2,0,0,0,0,0,0,0,0,0,0
320197,0,3,0,0,0,0,0,0,0,0,0,0
320197,0,4,0,0,0,0,0,0,0,0,0,0
320197,0,5,0,0,0,0,0,0,0,0,0,0
320197,0,6,0,0,0,0,0,0,0,0,0,0
320197,0,7,0,0,0,0,0,0,0,0,0,0
320197,1,1,8,8,8,8,8,8,8,8,8,8
320198,1,1,0,0,0,0,0,0,0,17,0,0
320199,0,1,31,31,31,31,31,31,31,31,31,31
320199,1,1,0,0,0,26,0,0,0,0,0,0
320200,0,1,9,9,9,9,9,9,9,9,9,9
320200,1,1,0,0,20,0,3,0,0,0,0,3
320201,1,1,0,0,0,0,0,0,0,0,0,0
320202,1,1,0,0,0,0,16,0,0,0,0,0
320202,2,1,0,0,0,0,0,0,0,0,0,0
320203,1,1,22,0,0,24,0,15,0,0,0,0
320203,2,1,0,0,0,0,0,0,0,18,0,0
320204,0,1,0,0,0,0,0,0,0,0,0,0
320204,0,2,0,0,0,0,0,0,0,0,0,0
320204,1,1,0,0,0,0,0,0,0,0,0,0
320205,1,1,0,0,0,0,0,0,0,0,0,0
320205,2,1,0,0,0,0,0,0,0,0,0,0
320206,1,1,16,16,16,16,16,16,16,16,16,16
320206,2,1,0,0,0,0,0,0,0,0,0,0
320207,1,1,0,0,0,0,0,0,0,0,0,0
320207,2,1,0,0,29,0,19,0,0,0,0,0
320208,0,1,0,0,23,0,3,0,0,0,14,17
320208,1,1,0,0,0,0,0,0,0,0,0,0
320209,1,1,0,0,0,0,0,0,0,0,0,0
320209,2,1,0,0,0,0,0,0,0,0,0,0
320210,0,1,0,0,0,0,0,0,0,0,0,0
320210,1,1,0,0,0,0,0,0,0,0,0,0
320211,1,1,18,11,0,0,11,14,7,0,9,0
320212,1,1,0,0,0,0,0,0,0,0,0,0
320213,1,1,25,25,25,25,25,25,25,25,25,25
320213,2,1,0,0,0,0,0,0,21,0,0,0
320213,3,1,0,0,0,0,0,0,0,0,0,0
320213,4,1,0,0,0,0,0,0,0,0,0,0
320214,1,1,0,0,0,0,0,0,0,0,0,0
320215,1,1,0,0,0,0,0,0,0,0,0,0
320215,2,1,0,0,0,0,0,0,0,0,0,0
320216,1,1,20,20,20,20,20,20,20,20,20,20
320216,2,1,0,19,0,0,0,0,0,0,0,0
320217,0,1,20,20,20,20,20,20,20,20,20,20
320217,1,1,0,0,0,0,0,0,0,0,0,0
320218,0,1,0,0,0,0,0,0,0,0,0,0
320218,1,1,0,0,0,0,0,0,25,0,21,0
320219,0,1,0,0,0,0,0,0,0,0,0,0
320219,1,1,0,0,0,0,0,0,0,0,0,8
320220,1,1,21,21,21,21,21,21,21,21,21,21
320221,1,1,0,0,0,0,0,0,0,0,0,0
320221,2,1,0,13,0,0,0,0,0,0,0,0
320222,1,1,0,0,0,0,0,0,0,0,0,0
320222,2,1,0,0,0,0,0,0,0,0,0,0
320223,0,1,0,0,0,0,0,0,0,0,0,0
320223,1,1,0,0,0,0,0,0,0,0,0,0
320223,2,1,0,0,0,0,0,0,0,0,0,0
320224,0,1,49,49,49,49,49,49,49,49,49,49
320224,1,1,0,0,0,0,0,0,0,0,0,0
320225,1,1,18,18,18,18,18,18,18,18,18,18
320226,1,1,0,0,0,0,0,0,0,0,0,0
320227,1,1,0,0,0,0,0,0,0,0,0,0
320227,2,1,0,0,0,0,0,0,0,0,0,0
320227,3,1,0,0,0,0,0,0,0,0,0,0
320227,4,1,0,0,0,0,0,0,0,0,0,0
320227,5,1,0,0,0,0,0,0,0,0,0,0
320227,6,1,0,0,0,0,0,0,0,0,0,0
320227,7,1,0,0,0,0,0,0,0,0,0,0
320228,0,1,1,1,1,1,1,1,1,1,1,1
320228,1,1,20,20,20,20,20,20,20,20,20,20
320229,1,1,5,5,5,5,5,5,5,5,5,5
320230,0,1,16,16,16,16,16,16,16,16,16,16
320230,1,1,7,7,7,7,7,7,7,7,7,7
320231,1,1,0,0,0,0,0,0,0,0,0,0
320231,2,1,0,0,0,0,0,0,0,0,0,0
320232,0,1,0,0,0,0,0,0,0,0,0,0
320232,1,1,0,0,0,0,0,0,0,0,0,0
320233,1,1,0,0,0,0,0,0,0,0,0,0
320233,2,1,0,0,0,0,0,0,0,0,0,0
320234,1,1,0,0,0,0,0,0,0,0,0,0
320234,2,1,0,0,0,0,0,0,0,0,0,0
320235,0,1,0,0,0,0,0,0,0,0,0,0
320235,1,1,0,3,0,16,0,0,0,0,0,0
320236,1,1,0,0,0,0,0,0,0,0,0,0
320236,2,1,0,0,0,0,0,0,0,0,0,0
320237,1,1,13,13,13,13,13,13,13,13,13,13
320237,2,1,0,0,0,0,0,0,0,0,0,0
320238,1,1,0,0,0,0,0,0,0,0,0,0
320239,0,1,0,0,0,0,0,0,0,0,0,0
320239,1,1,0,0,0,0,0,0,0,0,0,0
330001,1,1,6,6,6,6,6,6,6,6,6,6
330002,1,1,0,0,0,0,0,0,0,0,0,0
330002,2,1,0,0,0,0,0,0,0,0,0,0
330003,1,1,13,13,13,13,13,13,13,13,13,13
330003,2,1,0,0,0,0,0,0,0,0,0,0
330004,1,1,0,0,0,0,0,0,0,0,0,0
330005,1,1,0,0,0,0,0,0,0,0,0,0
330006,1,1,0,0,0,0,0,0,0,0,0,0
330007,1,1,0,0,0,0,0,0,6,0,0,0
330008,1,1,24,24,24,24,24,24,24,24,24,24
330009,1,1,9,9,9,9,9,9,9,9,9,9
330010,1,1,25,25,25,25,25,25,25,25,25,25
330010,2,1,0,0,0,0,0,12,0,3,0,0
330011,0,1,0,0,0,0,0,0,0,0,0,0
330011,1,1,0,0,0,0,0,0,0,0,0,0
330012,1,1,0,0,0,0,0,0,0,0,0,0
330013,1,1,0,0,0,0,0,0,0,0,0,0
330013,2,1,0,0,0,0,0,0,0,0,0,0
330014,1,1,0,0,0,0,0,0,0,0,0,0
330015,1,1,0,0,0,0,0,0,0,0,0,0
330016,1,1,20,20,20,20,20,20,20,20,20,20
330017,0,1,0,0,0,0,0,0,0,0,0,0
330017,1,1,0,0,0,0,0,0,0,0,0,0
330018,1,1,26,26,26,26,26,26,26,26,26,26
330019,1,1,29,29,29,29,29,29,29,29,29,29
330020,1,1,0,0,0,0,0,0,0,0,0,0
330021,1,1,0,0,0,0,0,0,0,0,0,0
330021,2,1,0,0,0,0,0,0,0,0,0,0
330022,1,1,0,0,0,0,0,0,0,0,0,0
330022,2,1,0,0,0,0,0,0,0,0,0,0
330023,1,1,0,0,0,0,0,0,0,0,0,0
330024,1,1,16,16,16,16,16,16,16,16,16,16
330025,1,1,0,0,0,0,0,0,0,0,0,0
330025,2,1,0,0,0,0,0,0,0,0,0,0
330026,1,1,0,0,0,0,0,0,0,0,0,0
330027,1,1,7,7,7,7,7,7,7,7,7,7
330028,1,1,0,0,0,0,0,0,0,0,0,0
330029,1,1,10,28,29,0,0,0,0,0,15,0
330029,2,1,0,0,0,0,0,0,6,0,0,11
330029,3,1,0,0,0,0,0,0,0,0,0,0
330030,0,1,0,0,0,0,0,0,0,0,0,0
330030,1,1,0,0,0,0,0,0,0,6,0,0
330031,1,1,0,0,0,0,0,0,0,0,0,0
330032,1,1,0,0,0,0,0,0,0,0,0,0
330033,1,1,0,0,0,0,0,0,0,0,0,0
330033,2,1,0,0,0,0,20,0,13,0,0,0
330033,3,1,0,0,0,0,0,0,0,0,0,0
330034,1,1,4,4,4,4,4,4,4,4,4,4
330034,2,1,0,0,0,0,0,0,0,0,0,0
330035,1,1,9,9,9,9,9,9,9,9,9,9
330035,2,1,0,0,0,0,0,0,0,0,0,0
330036,1,1,16,0,9,0,0,0,12,3,0,15
330037,1,1,0,0,0,0,0,0,0,0,0,0
330037,2,1,0,0,0,0,0,0,0,0,0,0
330037,3,1,0,0,0,0,0,0,0,0,0,0
330038,1,1,0,0,0,0,0,0,0,0,0,0
330038,2,1,0,0,0,0,0,12,21,0,23,7
330039,0,1,0,0,0,0,0,0,0,0,0,0
330039,1,1,0,0,0,0,0,0,0,0,0,0
330040,1,1,0,0,0,0,0,0,0,0,0,0
330040,2,1,0,0,0,0,0,0,0,0,0,0
330041,1,1,22,22,22,22,22,22,22,22,22,22
330042,1,1,0,0,0,0,0,0,0,0,0,0
330043,1,1,0,0,0,0,0,0,0,0,0,0
330044,1,1,0,0,0,0,0,0,0,0,0,0
330045,1,1,14,14,14,14,14,14,14,14,14,14
330046,1,1,0,0,0,0,0,0,0,0,0,0
330047,1,1,0,0,0,0,0,0,0,0,0,0
330047,2,1,0,0,0,0,0,0,0,0,0,0
330048,1,1,0,0,0,0,0,0,0,0,0,0
330048,2,1,0,0,0,0,0,0,0,0,0,0
330049,1,1,0,0,19,0,0,0,0,22,0,6
330050,1,1,16,16,16,16,16,16,16,16,16,16
330051,1,1,22,22,22,22,22,22,22,22,22,22
330052,1,1,31,31,31,31,31,31,31,31,31,31
330052,2,1,0,0,0,0,0,0,0,0,0,0
330052,3,1,0,0,0,0,0,0,6,0,0,0
330053,1,1,0,0,18,0,15,0,0,0,0,0
330053,2,1,0,0,12,0,0,0,14,0,0,0
330053,3,1,0,0,0,0,0,0,0,0,0,15
330054,1,1,0,0,0,0,0,0,0,0,0,0
330055,1,1,16,16,16,16,16,16,16,16,16,16
330056,1,1,5,5,5,5,5,5,5,5,5,5
330057,1,1,0,0,0,0,0,0,0,0,0,0
330057,2,1,0,0,0,0,0,0,0,0,0,0
330058,1,1,0,0,0,0,0,0,0,0,0,0
330059,0,1,0,0,0,0,0,0,0,0,0,0
330059,1,1,0,42,0,0,0,0,11,0,15,0
330060,0,1,13,0,0,0,19,0,0,0,0,0
330060,1,1,0,0,0,0,29,0,0,0,6,13
330061,1,1,0,0,0,0,0,0,0,0,0,0
330061,2,1,0,0,0,0,0,0,0,0,0,0
330061,3,1,0,0,0,0,0,0,0,0,0,0
330061,4,1,0,0,0,0,0,0,0,0,0,0
330061,5,1,0,0,0,0,0,0,0,0,0,0
330062,1,1,0,0,0,0,0,0,0,0,0,0
330062,2,1,0,0,0,0,16,18,13,0,0,0
330063,1,1,30,30,30,30,30,30,30,30,30,30
330064,1,1,0,0,0,0,12,31,0,0,0,6
330064,2,1,0,0,0,0,0,0,0,0,0,0
330065,1,1,0,0,0,0,0,0,0,0,0,0
330065,2,1,0,0,0,0,0,0,0,0,0,0
330066,1,1,0,0,0,0,0,0,0,0,0,0
330067,1,1,0,0,0,0,0,0,0,0,0,0
330067,2,1,8,8,8,8,8,8,8,8,8,8
330068,1,1,0,0,0,0,0,0,0,0,0,0
330068,2,1,0,0,0,0,0,0,0,0,0,0
330068,3,1,0,0,0,0,0,0,0,0,0,0
330069,1,1,0,0,0,0,0,0,0,0,0,0
330069,2,1,0,0,0,0,0,0,0,0,0,0
330070,1,1,0,0,0,0,0,0,0,0,0,0
330071,1,1,14,14,14,14,14,14,14,14,14,14
330072,1,1,0,0,0,0,0,0,0,0,0,0
330072,2,1,0,0,0,0,0,0,0,0,0,0
330073,1,1,0,0,0,0,0,0,0,0,0,0
330074,1,1,0,0,0,0,0,0,0,0,0,0
330075,1,1,0,8,0,0,0,7,0,7,12,0
330076,0,1,0,0,0,0,0,0,0,0,0,0
330076,1,1,0,0,0,0,0,0,0,0,0,0
330077,1,1,0,0,0,0,0,0,0,0,0,0
330078,1,1,22,22,22,22,22,22,22,22,22,22
330079,1,1,0,0,0,0,0,0,0,0,0,0
330079,2,1,0,0,0,0,0,0,0,0,0,0
330080,1,1,0,0,0,0,0,0,0,0,0,0
330081,1,1,20,20,20,20,20,20,20,20,20,20
330082,1,1,0,0,0,0,0,0,0,0,0,0
330082,2,1,0,13,0,0,0,0,0,0,0,0
330083,1,1,0,0,0,0,0,0,0,0,0,0
330083,2,1,0,0,0,0,0,0,0,0,0,0
330084,1,1,8,8,8,8,8,8,8,8,8,8
330085,1,1,0,0,0,0,0,0,0,0,0,0
330086,1,1,0,0,0,0,0,0,0,0,0,0
330086,2,1,0,0,0,0,0,0,0,0,0,0
330087,1,1,0,0,0,0,0,0,0,0,0,0
330088,0,1,0,0,0,0,0,0,0,0,0,0
330088,1,1,0,0,0,0,0,0,0,0,0,0
330089,1,1,0,0,0,0,0,0,0,0,0,0
330090,0,1,0,0,0,0,0,0,0,0,0,0
330090,0,2,0,8,0,0,0,0,0,13,12,9
330090,1,1,0,0,0,0,0,0,0,0,0,0
330091,1,1,0,0,0,0,0,0,0,0,0,0
330092,1,1,24,24,24,24,24,24,24,24,24,24
330093,1,1,23,23,23,23,23,23,23,23,23,23
330094,1,1,0,0,0,0,0,0,0,0,0,0
330094,2,1,7,0,0,0,0,0,0,16,0,18
330095,1,1,46,46,46,46,46,46,46,46,46,46
330095,2,1,0,14,0,0,0,0,0,0,0,0
330095,3,1,0,0,0,0,0,0,8,0,0,0
330095,4,1,0,0,0,0,0,0,0,0,0,0
330096,1,1,34,34,34,34,34,34,34,34,34,34
330097,1,1,0,0,0,0,23,0,23,0,0,8
330097,2,1,0,0,0,0,0,0,0,0,0,0
330098,1,1,0,0,0,0,0,0,0,0,0,0
330099,1,1,0,0,0,0,0,0,0,0,0,0
330099,2,1,0,0,0,0,0,0,0,0,0,0
330100,1,1,0,0,7,19,0,0,0,0,0,8
330101,1,1,0,0,0,0,0,0,0,0,0,0
340001,1,1,0,0,0,0,0,0,0,0,0,0
340002,0,1,0,0,0,0,0,0,0,0,0,0
340002,1,1,0,0,0,0,0,0,0,0,0,0
340003,0,1,0,0,0,0,0,0,0,0,0,0
340003,1,1,0,0,0,0,0,18,0,0,0,12
340004,1,1,0,0,0,0,0,0,0,0,0,0
340004,2,1,10,0,0,26,11,27,0,0,22,0
340006,1,1,0,0,0,0,0,0,0,0,0,0
340006,2,1,0,0,0,0,0,0,0,0,0,0
340007,0,1,15,15,15,15,15,15,15,15,15,15
340007,1,1,0,0,32,0,0,0,8,0,0,27
340008,0,1,0,0,0,0,0,0,0,0,0,0
340008,1,1,0,0,0,0,0,0,0,0,0,0
340009,1,1,20,0,23,24,0,7,0,0,25,26
340010,1,1,0,0,0,0,0,0,0,0,0,0
340011,0,1,0,0,0,0,0,0,0,0,0,0
340011,1,1,0,0,0,0,0,0,0,0,0,0
340012,1,1,21,21,21,21,21,21,21,21,21,21
340013,1,1,0,0,0,0,0,0,0,0,0,0
340014,1,1,2,2,2,2,2,2,2,2,2,2
340014,2,1,0,0,0,0,0,0,25,0,25,0
340015,1,1,15,15,15,15,15,15,15,15,15,15
340016,1,1,0,0,0,0,0,0,0,0,0,0
340017,1,1,0,0,0,0,0,0,0,0,0,0
340017,2,1,0,0,0,0,0,0,0,0,0,0
340017,3,1,19,0,0,0,28,0,18,0,0,0
340018,1,1,0,0,24,0,11,0,14,0,0,13
340018,2,1,0,7,0,0,0,0,14,0,0,0
340019,0,1,0,0,0,0,0,0,0,0,0,0
340019,1,1,0,0,9,0,0,22,0,0,15,5
340019,2,1,0,0,0,0,0,0,0,0,0,0
340020,1,1,10,10,10,10,10,10,10,10,10,10
340021,1,1,0,0,0,0,0,0,0,0,0,0
340021,2,1,0,0,0,0,0,0,0,0,0,0
340022,1,1,0,0,0,0,0,0,8,21,0,0
340022,2,1,0,0,0,23,0,0,0,0,0,0
340023,1,1,0,0,0,0,0,8,0,0,0,0
340023,2,1,0,0,0,0,0,0,0,0,0,0
340024,1,1,0,0,0,0,0,0,0,0,0,0
340024,2,1,0,0,0,0,0,0,0,0,0,0
340025,1,1,0,0,0,20,0,0,0,0,0,0
340025,2,1,0,7,0,0,0,0,0,0,0,0
340026,1,1,0,0,0,0,0,0,0,0,0,0
340026,2,1,0,0,0,0,0,0,0,0,5,0
340027,1,1,0,0,0,0,0,0,0,0,0,0
340027,2,1,27,0,0,0,0,0,0,24,11,15
340028,1,1,0,0,0,0,0,0,0,0,0,0
340031,1,1,0,0,0,0,0,0,0,0,0,0
340032,0,1,0,0,0,0,0,0,0,0,0,0
340032,1,1,15,0,0,0,0,17,0,8,0,0
340033,1,1,0,0,0,0,0,0,0,0,0,0
340034,0,1,0,0,0,0,0,0,0,0,0,0
340034,0,2,0,0,0,0,0,0,0,0,0,25
340034,1,1,14,14,14,14,14,14,14,14,14,14
340034,2,1,12,12,12,12,12,12,12,12,12,12
340035,0,1,0,0,0,0,0,0,0,0,0,0
340035,1,1,0,0,0,0,0,0,0,16,0,0
340035,2,1,0,0,0,0,0,0,0,0,0,25
340036,0,1,0,0,0,0,0,0,5,0,20,0
340036,1,1,5,5,5,5,5,5,5,5,5,5
340037,1,1,0,0,0,0,0,0,0,0,0,0
340038,0,1,43,43,43,43,43,43,43,43,43,43
340038,1,1,14,0,5,0,0,0,0,0,4,0
340039,0,1,33,33,33,33,33,33,33,33,33,33
340039,1,1,0,0,0,15,0,0,13,0,16,0
340040,0,1,0,0,0,0,0,0,0,0,0,0
340040,1,1,0,0,0,0,0,0,0,0,0,0
340041,1,1,0,0,0,0,0,0,0,0,0,0
340041,2,1,0,0,0,0,23,0,0,0,0,14
340041,3,1,0,0,0,0,0,0,0,0,0,0
340042,1,1,0,0,0,0,0,0,0,0,0,0
340042,2,1,0,0,0,0,0,0,18,19,0,0
340042,3,1,23,30,10,0,0,0,0,0,0,0
340043,1,1,0,0,0,0,0,0,0,0,0,0
340043,2,1,0,0,0,0,0,0,0,0,0,0
340044,1,1,0,0,0,0,0,0,0,0,0,0
340044,2,1,0,0,0,0,0,0,0,0,0,0
340045,0,1,0,0,0,0,0,0,0,0,0,0
340045,1,1,15,0,25,0,0,0,0,0,0,0
340046,1,1,0,0,0,0,0,0,0,0,0,0
340047,0,1,0,0,0,0,0,0,0,0,0,0
340047,1,1,9,0,0,0,0,0,0,0,0,0
340048,1,1,12,12,12,12,12,12,12,12,12,12
340049,1,1,0,0,0,0,0,0,0,0,0,0
340050,0,1,22,22,22,22,22,22,22,22,22,22
340050,1,1,0,0,0,0,0,0,0,0,0,0
340051,0,1,0,0,0,0,0,0,0,0,0,0
340051,1,1,0,0,0,0,0,0,0,0,0,0
340052,1,1,11,11,11,11,11,11,11,11,11,11
340053,1,1,0,0,0,0,0,0,0,0,0,0
340053,2,1,0,0,0,0,0,0,0,0,0,0
340053,3,1,0,0,0,0,0,0,0,0,0,0
340053,4,1,0,0,0,0,0,0,0,0,0,0
340054,1,1,0,0,0,0,0,0,0,0,0,0
340054,2,1,0,0,0,0,0,0,0,0,0,0
340055,0,1,0,0,0,0,0,0,0,0,0,0