ST_CASE,VEH_NO,PER_NO,P1,P2,P3,P4,P5,P6,P7,P8,P9,P10
340055,1,1,24,22,0,22,4,0,0,3,9,0
340056,0,1,0,0,0,0,0,0,0,0,0,0
340056,1,1,0,0,0,0,0,0,0,0,0,0
340058,1,1,0,0,0,0,0,0,0,0,0,0
340058,2,1,0,0,0,0,0,0,38,0,0,0
340058,3,1,0,0,0,0,0,0,0,0,0,10
340059,1,1,0,12,11,0,0,0,0,9,4,0
340060,1,1,0,0,0,0,0,0,0,0,0,0
340060,2,1,0,0,0,0,0,0,0,0,0,0
340061,1,1,0,0,0,0,0,0,0,0,0,0
340062,1,1,17,17,17,17,17,17,17,17,17,17
340063,0,1,0,0,0,0,0,0,0,0,0,0
340063,1,1,9,20,0,0,0,5,13,0,4,0
340064,0,1,0,0,0,0,0,0,0,0,0,0
340064,1,1,0,0,0,0,0,0,0,0,0,0
340064,3,1,0,0,0,0,0,0,0,0,0,0
340065,1,1,0,0,0,0,0,0,0,0,0,0
340065,2,1,12,28,23,25,16,19,26,0,21,22
340066,1,1,0,0,0,0,0,0,0,0,0,0
340067,0,1,0,0,0,0,0,0,0,0,0,0
340067,1,1,0,20,0,0,0,0,0,0,0,0
340068,1,1,0,0,12,0,0,0,0,0,15,0
340069,0,1,0,0,0,0,0,0,0,0,0,0
340070,1,1,0,0,0,0,0,0,0,0,0,0
340071,0,1,0,0,0,0,0,15,0,31,0,0
340071,1,1,0,0,0,0,0,0,0,0,0,0
340072,1,1,0,0,0,0,0,0,0,0,0,0
340073,1,1,0,0,0,0,0,0,0,0,0,0
340073,2,1,0,0,0,0,0,0,0,0,0,0
340074,1,1,0,0,0,0,0,0,0,0,0,0
340074,2,1,21,0,0,0,0,0,0,5,29,0
340075,1,1,19,0,21,21,0,0,0,0,11,0
340075,2,1,0,0,0,0,0,0,0,0,0,0
340076,1,1,0,0,0,0,0,0,0,0,0,0
340077,0,1,0,0,0,0,0,0,0,0,0,0
340077,1,1,0,0,0,0,0,0,0,0,0,0
340078,1,1,14,14,14,14,14,14,14,14,14,14
340078,2,1,12,0,0,21,19,27,0,13,0,19
340079,0,1,0,0,0,0,0,0,0,0,0,0
340079,1,1,0,0,0,0,0,0,0,0,0,0
340080,1,1,0,0,24,14,0,0,14,0,0,0
340080,2,1,0,0,0,0,0,0,0,0,0,0
340081,1,1,0,0,0,0,0,0,0,0,0,0
340081,2,1,0,0,0,0,0,0,0,0,0,0
340082,1,1,0,0,21,0,0,0,0,0,0,0
340082,2,1,0,0,0,0,0,0,0,0,0,0
340082,3,1,0,0,0,0,0,0,0,0,2,20
340083,1,1,24,24,24,24,24,24,24,24,24,24
340084,1,1,0,0,0,0,0,0,0,0,0,0
340084,2,1,0,0,0,0,0,0,0,0,0,0
340085,1,1,10,10,10,10,10,10,10,10,10,10
340086,1,1,8,8,8,8,8,8,8,8,8,8
340087,1,1,0,0,0,0,0,0,0,0,0,0
340087,2,1,0,0,0,14,0,0,0,0,0,0
340088,1,1,0,0,0,0,0,10,12,0,0,0
340088,2,1,12,12,12,12,12,12,12,12,12,12
340089,1,1,0,0,0,0,0,0,0,0,0,0
340089,2,1,0,0,0,0,0,0,0,0,0,0
340090,0,1,2,2,2,2,2,2,2,2,2,2
340090,1,1,0,0,0,0,0,0,0,0,0,0
340091,0,1,0,0,0,0,0,0,0,0,0,0
340091,1,1,0,0,0,0,0,0,0,0,0,0
340092,0,1,0,0,0,0,0,0,0,0,0,0
340092,1,1,0,10,0,0,0,0,0,0,0,0
340093,1,1,0,0,0,0,0,0,0,10,0,0
340094,1,1,0,0,0,19,0,0,0,19,0,0
340094,2,1,0,0,0,0,0,0,0,0,0,0
340095,1,1,0,0,0,0,0,0,0,0,0,0
340095,2,1,0,0,0,0,0,0,0,0,0,0
340096,1,1,16,16,16,16,16,16,16,16,16,16
340097,1,1,0,0,0,0,0,0,0,0,0,0
340097,2,1,2,2,2,2,2,2,2,2,2,2
340098,1,1,0,0,0,0,0,0,14,0,0,0
340098,2,1,0,0,0,0,0,0,0,0,0,0
340098,3,1,0,0,0,0,0,0,0,0,0,0
340098,4,1,0,0,0,0,0,0,0,0,0,0
340099,1,1,0,0,0,0,0,0,0,0,0,0
340100,1,1,19,0,0,0,0,0,0,0,0,27
340101,1,1,0,0,0,0,0,0,0,0,0,0
340102,1,1,0,0,0,0,0,0,0,0,0,0
340103,1,1,0,0,0,0,0,0,0,0,0,0
340104,0,1,0,0,0,0,0,0,0,0,0,0
340104,1,1,0,0,0,34,0,0,0,16,0,0
340105,1,1,0,0,0,0,0,0,0,0,0,0
340105,2,1,0,0,0,0,0,0,0,0,0,0
340106,1,1,14,14,14,14,14,14,14,14,14,14
340106,2,1,0,0,0,0,0,0,0,0,0,20
340107,1,1,0,10,16,10,0,0,16,0,15,0
340108,1,1,15,0,30,0,0,0,0,0,0,32
340109,1,1,3,3,3,3,3,3,3,3,3,3
340110,1,1,0,0,0,0,0,0,0,0,0,0
340110,2,1,0,0,0,0,0,0,0,0,0,0
340111,0,1,4,4,4,4,4,4,4,4,4,4
340111,1,1,0,0,0,0,0,0,0,0,0,8
340111,2,1,0,0,0,0,0,20,5,0,0,0
340112,0,1,0,0,0,0,0,0,0,0,0,0
340112,1,1,0,0,0,0,0,0,0,0,0,0
340113,0,1,0,0,0,0,0,0,0,0,0,0
340113,1,1,0,0,31,0,0,0,0,0,0,0
340115,0,1,0,0,0,0,0,0,0,0,0,0
340115,1,1,0,0,0,0,0,0,0,0,0,0
340116,1,1,22,22,22,22,22,22,22,22,22,22
340117,1,1,0,26,0,0,0,0,0,0,0,0
340117,2,1,0,0,0,0,0,0,0,0,0,0
340118,0,1,17,17,17,17,17,17,17,17,17,17
340118,1,1,14,14,14,14,14,14,14,14,14,14
340119,1,1,0,0,0,21,0,0,0,0,0,0
340119,2,1,0,0,0,0,0,11,0,0,0,0
340120,1,1,0,0,0,0,0,0,0,0,0,0
340121,1,1,15,15,15,15,15,15,15,15,15,15
340122,0,1,0,0,0,0,0,0,0,0,0,0
340122,1,1,0,0,0,0,0,0,0,0,0,0
340123,0,1,17,17,17,17,17,17,17,17,17,17
340123,1,1,0,0,0,0,0,0,14,0,0,0
340124,1,1,17,17,17,17,17,17,17,17,17,17
340124,2,1,0,0,0,0,0,0,0,0,0,0
340124,3,1,0,31,9,17,0,0,18,0,12,0
340124,4,1,0,9,0,0,0,0,0,0,0,0
340125,0,1,11,11,11,11,11,11,11,11,11,11
340125,1,1,0,0,0,0,0,0,0,0,0,0
340126,0,1,0,0,0,0,0,0,0,0,0,0
340126,1,1,0,0,0,0,0,0,0,0,0,0
340127,1,1,0,0,0,0,0,0,0,0,0,0
340127,2,1,19,19,19,19,19,19,19,19,19,19
340128,0,1,20,20,20,20,20,20,20,20,20,20
340128,0,2,14,14,14,14,14,14,14,14,14,14
340128,1,1,18,0,0,0,0,0,0,8,18,18
340129,1,1,16,16,16,16,16,16,16,16,16,16
340130,1,1,0,0,0,0,0,0,0,0,0,0
340130,2,1,15,15,15,15,15,15,15,15,15,15
340131,0,1,0,0,0,0,0,0,0,0,0,0
340131,5,1,13,13,13,13,13,13,13,13,13,13
340132,0,1,3,3,3,3,3,3,3,3,3,3
340132,1,1,2,2,2,2,2,2,2,2,2,2
340133,1,1,19,19,19,19,19,19,19,19,19,19
340134,0,1,0,0,0,0,0,0,0,0,0,0
340134,1,1,0,0,0,0,0,0,0,0,0,0
340135,1,1,0,0,0,0,0,0,0,0,0,0
340136,1,1,7,7,7,7,7,7,7,7,7,7
340137,1,1,1,1,1,1,1,1,1,1,1,1
340137,2,1,28,0,0,0,0,12,0,9,0,0
340138,1,1,2,2,2,2,2,2,2,2,2,2
340139,1,1,21,0,10,0,0,0,0,0,0,0
340139,2,1,0,0,0,0,0,0,0,0,0,0
340140,1,1,0,0,0,0,0,0,0,0,0,0
340140,2,1,0,0,0,0,0,0,0,0,0,0
340140,3,1,0,0,0,0,0,0,0,3,0,0
340140,4,1,0,0,0,0,0,0,0,0,0,0
340141,1,1,0,0,0,0,0,0,0,0,0,0
340142,0,1,0,0,0,0,0,0,0,0,0,0
340142,1,1,0,0,0,0,0,0,0,0,0,0
340142,2,1,0,0,0,0,0,0,0,0,0,0
340143,0,1,29,29,29,29,29,29,29,29,29,29
340143,1,1,0,0,0,0,0,0,0,0,0,0
340144,1,1,13,13,13,13,13,13,13,13,13,13
340144,2,1,0,0,0,0,0,0,0,0,0,0
340145,1,1,17,17,17,17,17,17,17,17,17,17
340146,2,1,0,0,0,0,0,0,0,0,0,0
340147,1,1,19,19,19,19,19,19,19,19,19,19
340148,1,1,0,0,0,0,0,0,0,0,0,0
340148,2,1,0,0,0,0,0,0,0,0,0,0
340149,1,1,21,21,21,21,21,21,21,21,21,21
340150,1,1,0,0,0,0,0,0,0,0,0,0
340151,0,1,0,0,0,0,0,0,0,0,0,0
340151,1,1,21,21,21,21,21,21,21,21,21,21
340152,1,1,45,45,45,45,45,45,45,45,45,45
340153,1,1,0,0,0,0,0,0,0,0,0,0
340153,2,1,25,25,25,25,25,25,25,25,25,25
340154,1,1,0,0,0,0,0,0,0,0,0,0
340154,2,1,0,25,0,0,0,0,0,24,12,0
340156,0,1,0,0,0,0,0,0,0,0,0,0
340156,1,1,0,0,0,0,0,0,0,0,0,16
340157,1,1,0,0,0,0,0,0,0,0,0,0
340157,2,1,22,22,22,22,22,22,22,22,22,22
340158,1,1,6,6,6,6,6,6,6,6,6,6
340158,2,1,0,17,0,0,0,11,0,0,14,0
340159,1,1,11,11,11,11,11,11,11,11,11,11
340160,0,1,22,22,22,22,22,22,22,22,22,22
340160,1,1,0,22,0,18,0,0,13,0,11,0
340161,1,1,15,15,15,15,15,15,15,15,15,15
340161,2,1,18,0,0,0,0,14,0,21,0,0
340162,1,1,0,0,0,0,0,0,0,0,0,0
340162,2,1,0,0,0,0,10,0,0,0,0,0
340163,1,1,0,0,0,0,0,0,0,0,0,0
340164,1,1,0,0,0,0,0,0,0,0,0,0
340164,2,1,0,26,0,0,0,0,2,0,0,0
340164,3,1,0,0,0,0,0,0,0,0,0,0
340164,4,1,0,0,0,0,0,0,26,0,7,0
340165,1,1,0,0,0,0,0,0,0,0,0,0
340165,2,1,0,0,0,0,0,0,0,0,0,0
340166,0,1,23,23,23,23,23,23,23,23,23,23
340166,1,1,0,0,0,0,20,10,0,7,15,20
340167,0,1,0,0,0,0,0,0,0,0,0,0
340167,1,1,14,18,9,22,0,0,0,0,0,0
340168,1,1,9,9,9,9,9,9,9,9,9,9
340168,2,1,0,0,0,0,30,0,0,0,0,0
340170,1,1,0,0,0,0,0,0,0,0,0,0
340171,1,1,0,0,0,0,0,0,0,0,0,0
340171,2,1,0,0,16,0,0,0,0,0,0,6
340172,1,1,0,0,0,0,0,0,0,0,0,0
340173,1,1,0,0,0,0,3,0,0,0,0,0
340173,2,1,20,20,20,20,20,20,20,20,20,20
340174,0,1,0,0,0,0,0,0,0,0,0,0
340174,1,1,0,0,0,0,0,0,0,0,0,0
340175,1,1,6,6,6,6,6,6,6,6,6,6
340176,0,1,0,0,0,0,0,0,0,0,0,0
340176,1,1,0,0,0,0,0,5,0,0,0,0
340177,1,1,0,0,0,0,0,0,0,0,0,0
340177,2,1,1,1,1,1,1,1,1,1,1,1
340178,1,1,15,15,15,15,15,15,15,15,15,15
340179,1,1,0,0,0,0,0,0,0,0,0,0
340180,1,1,15,15,15,15,15,15,15,15,15,15
340181,1,1,29,29,29,29,29,29,29,29,29,29
340181,2,1,0,0,0,0,0,0,0,0,29,15
340181,3,1,0,0,0,0,15,0,0,0,0,0
340182,1,1,0,12,29,0,13,0,0,26,12,7
340183,1,1,0,0,0,0,0,0,0,0,0,0
340183,2,1,13,13,13,13,13,13,13,13,13,13
340184,1,1,0,0,0,0,0,0,0,0,0,0
340184,2,1,0,0,0,0,0,0,0,0,0,0
340184,3,1,0,0,0,0,0,0,0,0,0,0
340185,0,1,0,0,0,0,0,0,0,0,0,0
340185,0,2,0,0,0,0,0,0,0,0,0,22
340185,1,1,0,0,12,6,0,0,0,9,0,0
340186,0,1,0,0,0,0,0,0,0,0,0,0
340186,1,1,0,0,0,32,9,0,0,22,0,0
340187,0,1,0,0,0,0,0,0,0,0,0,0
340187,1,1,0,0,0,0,0,0,0,0,0,0
340189,1,1,7,7,7,7,7,7,7,7,7,7
340190,1,1,0,0,0,0,0,0,0,0,0,0
340190,2,1,0,0,0,4,0,0,0,0,0,0
340191,1,1,7,7,7,7,7,7,7,7,7,7
340191,2,1,0,0,0,0,0,0,0,9,0,0
340192,1,1,0,0,0,0,0,0,0,0,0,0
340193,0,1,0,0,0,0,0,0,0,0,0,0
340193,1,1,0,16,0,0,0,0,0,0,0,0
340195,1,1,0,0,0,0,0,0,0,0,0,0
340196,0,1,0,0,0,0,0,0,0,0,0,0
340196,1,1,15,31,0,7,0,0,16,0,0,6
340196,2,1,0,0,0,0,0,0,0,0,0,0
340196,3,1,15,10,0,0,25,0,25,0,0,0
340197,1,1,0,0,0,0,0,0,0,0,0,0
340197,2,1,0,0,0,0,0,0,0,0,0,0
340198,1,1,1,1,1,1,1,1,1,1,1,1
340198,2,1,0,0,0,0,0,0,0,0,0,0
340199,1,1,0,0,0,0,0,0,0,0,0,0
340199,2,1,0,0,0,0,0,0,31,0,0,0
340201,1,1,0,0,0,0,0,0,0,0,0,0
340201,2,1,0,0,0,0,0,0,0,0,0,0
340202,1,1,15,15,15,15,15,15,15,15,15,15
340203,0,1,0,0,0,0,0,0,0,0,0,0
340203,1,1,0,0,0,0,0,0,0,0,0,0
340204,1,1,1,1,1,1,1,1,1,1,1,1
340205,1,1,0,0,0,0,0,0,0,0,0,0
340205,2,1,0,0,0,0,0,0,0,0,0,0
340206,1,1,0,0,0,0,0,0,0,0,0,0
340206,2,1,0,0,0,0,0,0,0,0,7,0
340207,1,1,0,0,0,0,0,0,0,0,0,0
340208,1,1,0,0,0,0,0,0,0,0,0,0
340209,1,1,0,0,0,25,0,0,0,0,16,0
340209,2,1,0,0,0,0,0,0,0,0,0,0
340209,3,1,0,0,0,0,0,0,0,0,0,0
340210,1,1,14,14,14,14,14,14,14,14,14,14
340210,2,1,24,32,30,0,0,0,0,0,0,15
340211,1,1,7,7,7,7,7,7,7,7,7,7
340211,2,1,0,0,0,0,0,0,0,0,0,0
340212,1,1,0,0,0,0,0,0,0,0,0,0
340212,2,1,0,0,0,0,0,0,0,0,0,0
340213,1,1,3,3,3,3,3,3,3,3,3,3
340213,2,1,0,0,0,0,0,0,7,0,22,0
340214,1,1,14,14,14,14,14,14,14,14,14,14
340215,0,1,19,19,19,19,19,19,19,19,19,19
340215,1,1,0,0,0,0,0,0,0,0,0,0
340216,0,1,0,0,0,0,0,0,0,0,0,0
340216,1,1,0,0,0,0,0,0,0,0,0,23
340217,1,1,1,1,1,1,1,1,1,1,1,1
340218,0,1,0,0,0,0,0,0,0,0,0,0
340218,1,1,0,0,16,0,0,15,8,0,0,0
340218,2,1,0,0,0,0,4,0,0,0,0,0
340219,1,1,9,9,9,9,9,9,9,9,9,9
340220,1,1,0,0,0,0,0,0,0,0,0,0
340220,2,1,0,0,0,0,0,0,0,0,0,8
340220,3,1,0,0,0,0,0,0,0,0,0,0
340221,0,1,25,25,25,25,25,25,25,25,25,25
340221,1,1,0,0,0,0,0,0,0,0,0,0
340222,1,1,0,0,0,0,0,0,0,0,0,0
340222,2,1,0,0,0,0,0,0,0,0,0,0
340222,3,1,0,0,0,0,0,0,0,0,0,0
340222,4,1,0,0,0,0,0,0,0,0,0,0
340223,0,1,2,2,2,2,2,2,2,2,2,2
340223,1,1,0,0,0,0,0,0,0,22,0,0
340224,1,1,0,0,0,0,0,0,0,0,0,0
340224,2,1,1,1,1,1,1,1,1,1,1,1
340225,1,1,0,0,0,0,0,0,0,0,0,0
340225,2,1,0,0,0,0,0,0,0,0,0,0
340226,0,1,38,0,36,4,0,22,31,17,15,0
340226,1,1,0,0,11,0,0,0,0,0,0,0
340227,1,1,0,0,0,0,0,0,0,0,0,0
340228,1,1,11,11,11,11,11,11,11,11,11,11
340229,1,1,8,8,8,8,8,8,8,8,8,8
340230,1,1,3,0,0,0,6,0,0,0,0,11
340230,2,1,2,2,2,2,2,2,2,2,2,2
340231,1,1,0,0,0,0,0,0,0,0,0,0
340232,1,1,0,0,0,0,0,0,0,0,0,0
340232,2,1,0,0,0,12,0,35,0,0,0,0
340232,3,1,0,11,0,0,0,0,0,0,0,0
340233,1,1,0,0,0,0,0,0,0,0,0,0
340234,0,1,0,0,0,0,0,0,0,0,0,0
340234,1,1,0,20,0,0,11,22,18,0,23,0
340235,0,1,0,0,0,0,0,0,0,0,0,0
340235,1,1,0,0,0,0,0,0,0,0,0,0
340237,1,1,0,0,7,0,0,0,0,0,0,8
340237,2,1,0,0,0,0,0,0,0,0,0,0
340238,1,1,11,0,0,0,0,9,0,0,14,0
340238,2,1,0,0,0,0,0,0,0,0,0,0
340240,1,1,0,0,0,0,0,0,0,0,0,0
340241,0,1,13,13,13,13,13,13,13,13,13,13
340241,1,1,0,0,0,0,0,0,0,0,0,0
340242,1,1,25,25,25,25,25,25,25,25,25,25
340243,1,1,0,0,0,0,0,0,0,0,0,0
340243,2,1,0,0,0,8,0,21,0,0,0,0
340244,0,1,11,11,11,11,11,11,11,11,11,11
340244,1,1,0,0,0,9,0,0,0,0,0,0
340245,1,1,0,0,0,0,0,0,0,0,0,0
340246,1,1,0,0,0,0,0,0,0,0,0,0
340247,0,1,0,5,8,10,0,8,8,0,27,33
340247,1,1,0,0,0,11,34,33,0,0,0,6
340248,1,1,18,18,18,18,18,18,18,18,18,18
340249,2,1,0,0,0,0,0,0,0,0,0,0
340250,2,1,0,0,0,0,0,0,0,0,0,0
340251,1,1,4,4,4,4,4,4,4,4,4,4
340252,1,1,21,21,21,21,21,21,21,21,21,21
340253,0,1,0,0,0,0,0,0,0,14,0,0
340253,1,1,0,0,0,29,0,0,0,0,0,0
340254,1,1,0,0,0,0,0,33,0,0,0,0
340254,2,1,0,0,0,0,0,0,0,0,0,0
340254,3,1,0,0,0,0,12,16,0,14,0,0
340255,1,1,17,0,0,0,0,13,0,0,0,0
340255,2,1,0,0,0,0,0,6,0,0,0,0
340255,3,1,0,0,0,0,0,0,32,0,0,0
340256,1,1,25,25,25,25,25,25,25,25,25,25
340257,1,1,0,0,0,0,0,0,0,0,0,0
340257,2,1,0,0,0,0,0,0,0,0,0,0
340258,1,1,0,0,0,0,0,0,0,8,0,0
340259,1,1,0,0,12,9,0,9,0,0,0,0
340260,1,1,0,0,0,0,0,0,0,0,0,0
340261,1,1,0,0,0,0,0,0,0,0,0,0
340261,2,1,0,0,0,0,0,0,5,0,0,0
340261,3,1,0,0,0,0,0,0,0,0,0,0
340262,1,1,18,18,18,18,18,18,18,18,18,18
340262,2,1,0,0,0,0,0,0,0,0,0,0
340263,1,1,0,0,0,0,0,0,0,0,0,0
340263,2,1,0,0,0,0,0,0,0,0,0,0
340263,3,1,0,0,0,0,0,0,0,0,0,0
340264,1,1,0,0,0,0,0,0,0,0,0,0
340265,1,1,20,20,20,20,20,20,20,20,20,20
340266,0,1,0,0,0,0,0,0,0,0,0,0
340266,1,1,0,0,0,0,0,0,0,0,0,0
340267,0,1,37,37,37,37,37,37,37,37,37,37
340267,1,1,0,0,0,0,0,16,0,0,0,0
340268,1,1,0,0,0,0,0,0,0,0,0,0
340268,2,1,0,0,0,0,0,0,0,0,0,0
340269,0,1,0,0,14,0,0,34,24,0,0,0
340269,1,1,0,0,24,0,0,0,0,0,0,0
340270,1,1,0,0,0,0,0,0,0,0,0,0
340270,2,1,0,0,0,0,0,0,0,0,0,0
340272,1,1,0,0,0,0,0,0,0,0,0,0
340272,2,1,0,0,31,0,0,0,0,0,0,0
340273,0,1,0,0,0,0,0,0,0,0,0,0
340273,1,1,0,0,0,0,0,0,0,0,0,0
340274,1,1,0,0,0,0,0,0,0,0,0,0
340275,0,1,0,8,0,0,18,9,0,12,0,25
340275,1,1,17,0,0,2,0,20,0,0,8,0
340276,1,1,16,16,16,16,16,16,16,16,16,16
340277,1,1,0,0,0,0,0,0,0,0,0,0
340277,2,1,0,0,0,0,0,0,0,0,0,0
340278,0,1,0,0,0,0,0,0,0,0,0,0
340278,1,1,0,12,0,18,18,0,25,9,9,0
340279,0,1,0,0,0,0,0,0,0,0,0,0
340279,1,1,0,0,0,0,0,0,0,33,0,0
340280,1,1,0,0,0,0,0,0,0,0,0,0
340281,1,1,0,0,0,27,58,0,0,0,0,0
340282,1,1,0,18,0,0,0,0,16,0,0,21
340282,2,1,0,0,0,0,0,0,0,0,0,0
340283,1,1,0,0,0,0,0,0,0,0,0,0
340283,2,1,0,0,0,0,0,0,0,0,0,0
340283,3,1,0,0,0,0,0,0,0,0,0,0
340283,4,1,0,0,0,0,0,0,0,0,0,0
340283,5,1,0,17,0,0,0,17,0,0,0,0
340284,1,1,22,0,0,0,0,0,0,0,0,0
340285,1,1,0,0,0,0,0,0,0,0,0,0
340285,2,1,0,0,0,0,0,0,0,0,0,0
340286,0,1,35,35,35,35,35,35,35,35,35,35
340286,1,1,0,0,0,0,0,0,0,0,0,0
340287,0,1,0,0,0,0,0,0,0,0,0,0
340287,1,1,0,0,0,0,0,2,3,0,0,0
340288,1,1,0,0,0,0,0,0,0,0,0,0
340288,2,1,0,0,0,0,0,23,0,0,0,0
340289,1,1,6,6,6,6,6,6,6,6,6,6
340289,2,1,0,0,0,0,0,0,0,0,0,0
340290,1,1,0,0,0,0,0,0,0,0,0,0
340290,2,1,0,0,0,0,0,0,0,0,0,0
340290,3,1,0,0,0,0,0,0,0,0,0,0
340291,1,1,0,0,0,0,0,0,0,0,0,0
340291,2,1,0,0,0,0,0,0,0,0,0,0
340291,3,1,0,0,14,0,0,0,0,0,0,0
340291,4,1,0,30,0,0,0,0,0,0,0,0
340292,1,1,0,0,0,0,0,0,0,0,0,0
340292,2,1,0,0,0,0,0,0,0,0,0,0
340293,1,1,0,0,0,0,0,9,0,0,9,0
340293,2,1,0,0,0,0,0,0,0,0,0,0
340294,1,1,2,2,2,2,2,2,2,2,2,2
340294,2,1,0,0,0,0,3,0,0,0,0,0
340294,3,1,0,13,0,19,13,0,0,0,0,6
340295,0,1,1,1,1,1,1,1,1,1,1,1
340295,0,2,17,0,0,0,0,0,0,0,30,0
340295,1,1,0,0,0,0,0,0,0,0,0,0
340296,1,1,7,7,7,7,7,7,7,7,7,7
340297,1,1,0,0,0,0,0,0,0,0,0,0
340298,0,1,0,0,0,0,0,0,0,0,0,0
340298,1,1,0,0,0,0,0,0,0,14,0,0
340298,2,1,12,12,12,12,12,12,12,12,12,12
340299,1,1,61,0,18,21,13,32,0,13,0,0
340299,2,1,0,0,0,0,16,0,0,0,0,0
340300,1,1,0,0,0,0,0,0,0,0,0,0
340301,0,1,0,0,0,0,0,0,0,0,0,0
340301,1,1,17,0,0,0,0,0,0,29,0,0
340302,1,1,5,5,5,5,5,5,5,5,5,5
340303,1,1,0,0,0,0,0,0,14,0,0,0
340303,2,1,0,0,0,0,0,0,0,0,0,0
340304,1,1,0,0,0,0,0,0,0,0,0,0
340304,2,1,0,22,0,0,10,0,0,0,0,0
340305,1,1,6,6,6,6,6,6,6,6,6,6
340306,1,1,0,18,0,0,0,0,0,5,17,12
340306,2,1,25,0,0,0,30,9,0,0,0,19
340307,0,1,0,0,0,0,0,0,0,0,0,0
340307,1,1,0,0,0,0,0,0,0,15,0,14
340308,1,1,0,0,0,0,0,0,0,0,0,0
340308,2,1,0,0,0,0,0,0,0,0,0,0
340308,3,1,0,0,0,0,0,0,0,0,0,0
340308,4,1,0,0,0,0,2,0,0,0,0,0
340309,1,1,0,0,0,0,0,0,0,0,0,0
340310,0,1,11,11,11,11,11,11,11,11,11,11
340310,1,1,4,0,20,0,0,8,0,0,14,7
340311,1,1,0,0,0,0,0,0,0,0,0,0
340312,1,1,0,0,0,0,0,0,0,0,0,0
340313,0,1,0,0,0,0,0,0,0,0,0,0
340313,1,1,0,0,0,0,0,24,0,0,0,21
340314,1,1,0,0,0,0,0,0,0,0,0,0
340315,1,1,6,6,6,6,6,6,6,6,6,6
340316,1,1,0,25,0,0,0,8,4,15,7,7
340317,1,1,0,0,0,0,0,0,0,0,0,0
340317,2,1,0,0,0,0,8,0,0,0,0,0
340317,3,1,0,0,0,0,0,0,0,0,0,0
340318,1,1,0,0,0,0,0,0,0,0,0,0
340319,1,1,0,0,0,5,0,0,11,12,0,0
340319,2,1,9,9,9,9,9,9,9,9,9,9
340320,1,1,0,0,0,17,18,0,28,0,9,9
340321,0,1,0,0,0,0,0,0,0,0,0,0
340321,1,1,19,0,0,0,0,0,0,0,0,0
340322,1,1,0,0,0,0,0,0,0,0,0,0
340323,0,1,20,20,20,20,20,20,20,20,20,20
340323,1,1,0,0,0,0,9,10,10,18,0,24
340324,1,1,0,0,0,0,0,0,0,0,0,0
340324,2,1,0,0,38,0,0,0,0,0,0,5
340325,1,1,0,0,0,0,0,0,0,0,0,0
340326,1,1,17,17,17,17,17,17,17,17,17,17
340327,1,1,11,11,11,11,11,11,11,11,11,11
340328,0,1,0,0,0,0,0,0,0,0,0,0
340328,1,1,24,24,24,24,24,24,24,24,24,24
340329,1,1,0,0,0,0,0,0,0,0,0,0
340330,1,1,0,0,0,0,0,0,0,0,0,0
340330,2,1,0,0,0,0,0,0,0,0,0,0
340330,3,1,0,0,0,0,0,0,0,7,0,0
340331,1,1,0,0,0,0,0,0,0,0,0,0
340332,0,1,9,0,17,0,0,0,0,0,0,0
340332,0,2,0,0,0,8,9,0,0,0,0,0
340332,1,1,18,18,18,18,18,18,18,18,18,18
340333,1,1,0,0,0,0,0,0,0,0,0,0
340333,2,1,1,1,1,1,1,1,1,1,1,1
340334,0,1,0,0,0,0,0,0,0,0,0,0
340334,1,1,28,28,28,28,28,28,28,28,28,28
340335,0,1,0,0,0,0,0,0,0,0,6,0
340335,1,1,0,0,0,0,0,0,0,0,0,0
340336,0,1,25,25,25,25,25,25,25,25,25,25
340336,1,1,0,0,0,0,0,0,0,0,0,0
340337,1,1,0,0,0,0,27,0,0,0,0,0
340337,2,1,0,0,0,0,0,0,0,0,0,0
340338,0,1,0,0,0,0,0,0,0,0,0,0
340338,1,1,0,0,0,0,0,0,0,0,0,0
340339,0,1,14,14,14,14,14,14,14,14,14,14
340339,1,1,0,0,0,0,0,0,0,0,0,0
340340,1,1,0,0,0,0,0,0,0,0,0,0
340340,2,1,0,0,0,0,0,0,0,0,0,3
340341,1,1,0,0,0,0,0,0,0,0,0,0
340342,0,1,0,0,0,0,0,10,0,0,0,0
340342,0,2,0,0,0,0,0,0,0,0,0,0
340342,0,3,0,0,0,0,11,0,0,10,0,0
340342,0,4,8,0,0,0,0,0,0,0,0,0
340342,0,5,12,0,0,25,0,15,0,0,0,0
340342,1,1,0,0,0,0,0,0,0,0,0,0
340343,1,1,8,8,8,8,8,8,8,8,8,8
340343,2,1,0,19,0,0,0,18,0,0,0,0
340344,1,1,29,29,29,29,29,29,29,29,29,29
340345,1,1,14,14,14,14,14,14,14,14,14,14
340346,1,1,0,4,0,0,0,9,0,0,0,0
340346,2,1,25,25,25,25,25,25,25,25,25,25
340347,0,1,0,0,0,0,0,0,0,0,0,0
340347,1,1,17,0,0,0,0,0,0,19,16,0
340348,0,1,0,0,0,0,0,0,0,0,0,0
340348,1,1,0,0,0,0,20,35,0,0,0,0
340349,1,1,36,36,36,36,36,36,36,36,36,36
340350,1,1,0,0,0,0,0,0,0,0,0,0