ST_CASE,VEH_NO,PER_NO,P1,P2,P3,P4,P5,P6,P7,P8,P9,P10
340351,0,1,0,0,0,0,0,0,0,0,0,0
340351,1,1,0,0,0,0,0,0,0,0,0,0
340352,1,1,0,0,0,0,0,0,0,0,0,0
340353,1,1,0,0,0,0,0,0,0,0,0,0
340354,1,1,5,0,9,0,0,0,0,0,0,0
340354,2,1,0,0,0,0,0,0,0,0,0,0
340354,3,1,0,0,0,0,0,0,13,0,0,0
340355,1,1,0,0,0,0,0,0,0,0,0,0
340355,2,1,0,0,0,0,0,0,0,0,0,0
340355,3,1,0,0,0,0,0,0,0,0,0,0
340355,4,1,24,0,0,0,0,0,0,0,0,0
340356,0,1,0,0,0,0,0,0,0,0,0,0
340356,1,1,0,0,0,0,0,0,0,0,0,0
340356,2,1,0,0,0,9,0,26,4,0,0,13
340357,1,1,0,0,0,0,0,0,0,0,0,0
340357,2,1,0,0,0,0,0,0,0,0,0,0
340358,1,1,17,17,17,17,17,17,17,17,17,17
340359,0,1,0,0,0,0,0,0,0,0,0,0
340359,1,1,7,0,22,0,0,0,0,10,19,0
340359,2,1,5,0,21,0,0,0,0,4,17,0
340359,3,1,0,14,0,0,0,0,0,6,0,0
340360,1,1,0,0,0,0,0,19,0,0,0,0
340361,0,1,0,0,0,0,0,0,0,0,0,0
340361,1,1,0,0,0,0,0,0,0,0,0,0
340362,0,1,0,0,0,0,0,0,0,0,0,0
340362,1,1,0,0,0,26,9,0,8,0,0,0
340363,1,1,1,1,1,1,1,1,1,1,1,1
340364,1,1,0,0,0,0,0,0,0,0,0,0
340364,2,1,0,0,0,0,0,0,0,0,16,0
340365,1,1,32,32,32,32,32,32,32,32,32,32
340365,2,1,0,0,0,0,0,0,0,0,0,0
340366,1,1,20,20,20,20,20,20,20,20,20,20
340367,1,1,0,0,0,0,0,0,0,14,0,0
340367,2,1,11,0,0,0,0,0,24,0,0,0
340368,1,1,0,0,0,0,0,0,0,0,0,0
340369,1,1,0,0,0,0,0,0,0,0,0,0
340370,1,1,0,0,0,0,0,0,0,0,0,0
340370,2,1,0,0,0,0,0,0,0,0,0,0
340371,1,1,0,0,0,0,0,0,0,0,0,0
340371,2,1,0,0,0,0,0,0,0,0,0,0
340372,1,1,0,0,0,0,0,0,0,0,0,0
340372,2,1,0,0,0,0,0,0,0,0,0,0
340373,1,1,0,0,0,0,0,0,0,0,0,0
340374,1,1,0,0,0,0,0,0,0,0,0,0
340374,2,1,0,0,0,0,0,0,0,0,0,0
340375,1,1,33,33,33,33,33,33,33,33,33,33
340376,0,1,0,0,0,0,0,0,0,0,0,0
340376,1,1,0,0,0,0,0,0,0,0,0,0
340377,0,1,3,3,3,3,3,3,3,3,3,3
340377,1,1,13,0,0,0,0,0,9,0,15,9
340377,2,1,0,10,6,17,0,0,32,0,0,12
340377,3,1,0,0,0,0,0,0,0,10,0,0
340378,0,1,0,0,0,0,0,0,0,0,0,0
340378,1,1,9,16,0,26,0,0,0,0,0,0
340379,1,1,0,0,0,14,0,0,0,0,0,37
340379,2,1,0,0,0,0,19,0,0,0,0,0
340380,1,1,0,0,0,0,0,0,0,0,0,0
340380,2,1,0,0,0,0,0,0,0,0,0,0
340381,1,1,0,0,0,0,0,0,0,0,0,0
340381,2,1,18,0,31,0,0,5,0,0,0,0
340382,0,1,0,0,0,0,0,0,0,0,0,0
340382,1,1,0,0,0,0,17,19,0,0,0,0
340383,1,1,0,0,0,0,0,0,0,0,0,0
340383,2,1,0,0,0,0,0,0,0,0,0,0
340384,1,1,0,0,0,0,17,0,0,9,0,0
340385,1,1,0,0,0,0,0,0,0,0,0,0
340385,2,1,0,0,0,0,0,0,0,0,0,0
340386,1,1,0,0,0,0,0,0,0,0,0,0
340386,2,1,0,21,0,0,0,0,18,0,0,0
340387,1,1,0,0,0,0,0,0,0,0,0,0
340387,2,1,0,0,0,0,0,0,0,0,0,0
340387,3,1,0,0,7,0,0,6,0,0,0,0
340389,0,1,1,1,1,1,1,1,1,1,1,1
340389,1,1,9,9,9,9,9,9,9,9,9,9
340390,1,1,0,0,0,0,0,0,0,0,0,0
340390,2,1,0,0,0,0,0,0,0,0,0,0
340391,1,1,11,0,0,0,0,0,0,0,0,0
340391,2,1,0,0,0,0,0,0,0,0,0,0
340392,0,1,0,0,0,0,0,0,0,0,0,0
340392,1,1,0,11,0,0,0,28,0,0,0,0
340392,2,1,0,0,25,4,0,0,0,0,15,10
340392,3,1,0,0,0,19,0,0,0,0,0,0
340393,0,1,0,0,0,0,0,0,0,0,0,0
340393,1,1,14,14,14,14,14,14,14,14,14,14
340394,1,1,0,0,0,0,0,0,0,0,0,0
340394,2,1,0,0,0,0,0,0,0,0,0,0
340395,1,1,0,0,21,0,7,0,0,0,0,0
340395,2,1,29,29,29,29,29,29,29,29,29,29
340396,1,1,14,14,14,14,14,14,14,14,14,14
340397,1,1,67,67,67,67,67,67,67,67,67,67
340398,1,1,0,0,0,0,0,0,0,0,0,0
340399,0,1,0,0,0,0,0,0,0,0,0,0
340399,0,2,19,0,0,0,0,0,0,24,15,0
340399,0,3,0,33,0,0,0,0,0,16,0,12
340399,1,1,0,0,0,0,0,0,0,0,0,25
340400,0,1,0,0,0,0,0,0,0,0,0,0
340400,1,1,9,9,9,9,9,9,9,9,9,9
340402,1,1,0,0,0,0,0,0,7,0,0,0
340402,2,1,0,0,8,14,0,0,0,0,0,0
340403,1,1,0,0,0,0,0,0,0,0,0,0
340404,1,1,0,0,0,0,0,0,0,0,0,0
340405,1,1,0,0,0,0,0,0,0,0,0,0
340405,2,1,0,0,0,0,0,0,0,0,0,0
340405,3,1,9,14,17,9,0,20,15,15,0,0
340406,0,1,0,0,0,0,0,0,0,0,0,6
340406,1,1,0,0,0,0,0,0,0,0,0,0
340407,1,1,0,0,0,0,0,0,0,0,0,0
340407,2,1,0,0,0,0,0,0,0,0,0,0
340408,1,1,0,0,0,0,0,0,0,0,0,0
340408,2,1,22,0,0,0,0,0,0,0,0,0
340408,3,1,0,0,0,0,0,0,0,0,0,0
340408,4,1,0,0,0,0,0,0,0,0,0,0
340410,0,1,0,33,0,0,0,0,10,40,0,33
340410,1,1,0,0,0,0,0,0,0,0,0,0
340411,0,1,1,1,1,1,1,1,1,1,1,1
340411,1,1,0,0,0,0,0,0,0,6,13,0
340411,2,1,0,23,10,0,0,0,3,23,0,0
340412,1,1,18,18,18,18,18,18,18,18,18,18
340413,1,1,14,14,14,14,14,14,14,14,14,14
340414,1,1,0,0,0,0,0,0,0,0,0,0
340416,1,1,0,4,0,0,0,10,0,11,0,0
340417,1,1,0,0,0,0,0,0,0,0,0,0
340417,2,1,0,0,0,0,0,0,0,0,0,0
340418,1,1,0,0,0,0,0,0,0,0,0,0
340419,1,1,0,0,0,0,0,0,0,0,0,0
340419,2,1,0,0,0,0,14,14,0,0,0,0
340419,3,1,19,0,26,0,0,0,0,0,0,0
340420,1,1,0,0,0,0,0,0,0,0,0,0
340422,0,1,10,10,10,10,10,10,10,10,10,10
340422,1,1,0,0,0,0,0,0,0,0,0,0
340423,1,1,22,22,22,22,22,22,22,22,22,22
340424,1,1,10,10,0,0,15,0,0,0,11,15
340424,2,1,18,18,18,18,18,18,18,18,18,18
340425,0,1,0,0,0,0,0,0,0,0,0,0
340425,1,1,0,0,0,0,0,0,0,0,0,0
340426,1,1,0,0,0,0,0,0,0,0,0,0
340427,1,1,0,0,0,0,0,0,0,0,0,0
340427,2,1,0,0,0,0,0,0,0,0,0,0
340428,1,1,0,0,0,0,0,0,23,11,21,0
340429,0,1,17,17,17,17,17,17,17,17,17,17
340429,1,1,0,0,0,0,0,0,0,0,0,0
340430,1,1,0,0,0,0,0,0,0,0,0,0
340430,2,1,0,0,0,0,0,0,0,0,0,0
340431,1,1,0,0,0,12,0,0,0,0,0,0
340432,1,1,0,0,0,0,0,0,0,0,0,0
340432,2,1,0,0,0,20,18,19,0,0,0,0
340433,1,1,28,28,28,28,28,28,28,28,28,28
340433,2,1,0,0,0,0,0,0,17,0,0,0
340434,1,1,20,20,20,20,20,20,20,20,20,20
340435,0,1,31,31,31,31,31,31,31,31,31,31
340435,0,2,0,24,0,0,0,0,11,0,12,0
340435,1,1,0,0,0,0,0,0,0,0,0,0
340436,0,1,0,0,0,0,0,0,0,0,0,0
340436,1,1,0,0,0,0,0,0,0,0,0,0
340437,1,1,0,0,0,0,0,0,0,0,0,0
340437,2,1,0,4,0,18,0,0,0,0,0,0
340438,1,1,14,14,14,14,14,14,14,14,14,14
340439,0,1,0,0,0,0,0,0,0,0,0,0
340439,1,1,0,0,0,0,0,0,0,0,0,0
340440,1,1,20,20,20,20,20,20,20,20,20,20
340441,1,1,0,0,0,0,0,0,0,0,0,0
340441,2,1,8,8,8,8,8,8,8,8,8,8
340442,1,1,19,19,19,19,19,19,19,19,19,19
340442,2,1,0,0,0,0,0,0,0,0,0,0
340443,1,1,51,51,51,51,51,51,51,51,51,51
340444,1,1,0,0,0,0,0,0,0,0,0,0
340444,2,1,0,0,0,0,0,0,0,0,0,0
340445,1,1,0,0,15,16,12,8,4,0,15,17
340446,0,1,0,0,0,0,0,0,0,0,0,0
340446,1,1,0,0,0,0,0,0,0,0,0,0
340447,1,1,0,0,0,0,0,0,0,0,0,0
340448,0,1,11,11,11,11,11,11,11,11,11,11
340448,1,1,0,0,0,0,0,0,0,0,0,0
340449,1,1,0,0,0,0,0,0,0,0,0,0
340449,2,1,0,0,0,0,0,0,0,0,0,0
340451,1,1,20,20,20,20,20,20,20,20,20,20
340452,0,1,0,0,0,0,0,20,0,0,0,0
340452,1,1,0,0,0,0,0,0,0,0,0,0
340453,1,1,12,12,12,12,12,12,12,12,12,12
340453,2,1,0,0,19,0,0,0,0,16,0,12
340454,0,1,0,0,0,0,0,0,0,0,0,0
340454,1,1,4,0,0,0,23,0,0,11,0,0
340455,1,1,0,0,0,0,0,0,0,0,34,26
340455,2,1,0,0,25,0,0,0,0,10,0,0
340456,1,1,20,20,20,20,20,20,20,20,20,20
340457,0,1,0,0,0,0,0,0,0,0,0,0
340457,1,1,0,0,0,0,0,0,0,0,0,0
340458,1,1,0,0,0,0,0,0,0,0,0,0
340458,2,1,0,0,0,0,0,0,0,0,0,0
340458,3,1,0,0,0,0,0,0,0,0,0,24
340459,0,1,0,0,0,0,0,0,0,0,0,0
340459,1,1,0,0,0,0,0,0,0,0,0,0
340460,0,1,32,32,32,32,32,32,32,32,32,32
340460,1,1,0,0,0,0,0,0,0,0,0,0
340461,1,1,0,0,0,0,0,0,0,0,0,0
340462,0,1,0,0,0,0,0,0,0,0,0,0
340462,1,1,0,0,0,0,0,0,0,0,0,0
340463,1,1,0,0,0,0,0,0,0,0,0,0
340464,1,1,12,0,12,0,11,7,22,13,0,0
340465,0,1,0,0,20,0,0,0,0,0,29,24
340465,1,1,0,0,8,0,0,0,0,0,0,0
340466,0,1,2,2,2,2,2,2,2,2,2,2
340466,1,1,0,0,0,0,0,0,0,0,0,0
340467,1,1,0,0,0,0,0,0,26,0,0,0
340467,2,1,0,0,0,0,0,0,0,0,14,0
340468,0,1,24,24,24,24,24,24,24,24,24,24
340468,1,1,0,4,0,0,0,11,0,8,0,0
340469,1,1,0,0,0,0,0,0,0,0,0,0
340470,0,1,0,0,0,0,0,0,0,0,0,0
340470,1,1,0,0,0,8,0,0,0,0,0,0
340471,1,1,0,0,0,0,0,0,0,0,0,0
340471,2,1,0,0,0,0,0,0,0,0,0,0
340472,0,1,0,0,0,0,0,0,0,0,0,0
340472,1,1,0,0,0,0,0,0,0,0,0,0
340473,1,1,0,0,0,0,0,0,0,17,0,0
340473,2,1,0,0,0,0,0,0,0,0,0,0
340473,3,1,0,0,34,0,0,0,0,0,0,0
340473,4,1,0,0,0,0,0,0,0,0,0,0
340474,1,1,22,22,22,22,22,22,22,22,22,22
340475,1,1,0,0,0,0,0,0,0,0,0,0
340475,2,1,0,0,0,0,0,0,2,0,0,0
340476,1,1,1,1,1,1,1,1,1,1,1,1
340477,0,1,0,0,0,0,0,0,0,0,0,0
340477,1,1,7,9,0,0,9,0,0,0,7,0
340478,0,1,0,0,0,0,0,0,31,0,0,0
340478,1,1,0,0,0,0,0,0,0,0,0,0
340479,1,1,0,0,0,0,0,0,0,0,0,0
340479,2,1,0,0,0,0,0,0,0,0,0,0
340480,0,1,0,0,0,0,0,0,0,0,0,0
340480,1,1,0,0,0,0,0,0,0,0,0,0
340480,2,1,0,0,0,0,0,0,0,0,0,0
340481,0,1,9,9,9,9,9,9,9,9,9,9
340481,1,1,0,0,0,0,0,0,0,0,0,0
340482,0,1,0,0,0,0,0,0,0,0,0,0
340482,1,1,9,28,28,0,16,0,0,0,0,0
340482,2,1,0,0,24,0,0,0,9,0,0,0
340483,0,1,0,0,0,0,0,0,0,0,0,0
340483,1,1,1,1,1,1,1,1,1,1,1,1
340483,2,1,0,0,0,0,0,0,0,0,0,0
340484,1,1,25,25,25,25,25,25,25,25,25,25
340485,1,1,15,15,15,15,15,15,15,15,15,15
340486,1,1,0,0,0,0,0,0,0,0,0,0
340486,2,1,0,0,0,0,0,0,0,0,0,0
340487,0,1,14,14,14,14,14,14,14,14,14,14
340487,1,1,0,0,0,0,0,0,0,0,0,0
340487,2,1,0,0,15,19,0,18,0,0,0,0
340488,1,1,0,0,0,0,0,0,0,0,0,0
340489,1,1,0,0,0,0,0,0,0,0,0,0
340489,2,1,0,0,0,0,0,0,0,0,0,0
340490,1,1,4,4,4,4,4,4,4,4,4,4
340491,0,1,0,0,0,0,0,0,0,0,0,0
340491,1,1,0,0,0,0,0,0,0,0,0,0
340492,1,1,0,0,0,0,0,12,0,0,0,0
340492,2,1,8,0,0,0,0,0,0,0,0,0
340493,1,1,0,0,0,0,0,0,0,0,0,0
340494,1,1,0,0,0,0,0,0,0,0,14,15
340494,2,1,0,0,0,0,0,0,0,0,0,0
340495,1,1,0,0,0,0,0,0,0,0,0,0
340496,1,1,0,0,0,0,0,0,0,0,0,0
340496,2,1,0,4,0,0,0,0,0,0,0,0
340497,1,1,0,0,0,0,0,0,0,0,0,0
340497,2,1,0,0,0,0,0,0,0,0,0,0
340497,3,1,0,17,24,18,0,0,3,0,0,19
340497,4,1,0,9,12,0,0,0,0,0,0,24
340498,1,1,1,1,1,1,1,1,1,1,1,1
340499,0,1,0,0,0,0,0,0,0,0,0,0
340499,1,1,0,0,0,0,0,0,0,0,0,0
340500,1,1,0,0,0,0,0,0,0,0,0,0
340501,0,1,0,0,0,0,0,0,0,0,0,0
340501,1,1,0,15,13,0,8,0,0,24,0,0
340502,1,1,13,13,13,13,13,13,13,13,13,13
340503,0,1,0,0,0,0,0,0,0,0,0,0
340503,1,1,0,0,0,0,0,0,0,0,0,0
340504,0,1,24,24,24,24,24,24,24,24,24,24
340504,1,1,0,0,0,0,0,0,0,0,0,0
340505,1,1,0,0,0,0,0,0,0,0,0,0
340505,2,1,0,0,0,0,0,0,0,0,0,0
340506,1,1,0,0,0,0,0,0,0,0,0,0
340506,2,1,0,0,0,0,0,0,0,0,0,0
340507,0,1,0,0,0,0,0,0,0,17,0,0
340507,1,1,0,0,0,0,0,0,0,0,0,0
340508,1,1,0,0,0,0,0,0,0,0,0,0
340509,0,1,0,0,0,0,0,0,0,0,0,0
340509,1,1,0,0,0,0,0,0,0,0,0,0
340509,2,1,0,0,26,18,0,0,0,0,0,0
340510,0,1,0,0,0,0,0,0,0,0,0,0
340510,1,1,11,11,11,11,11,11,11,11,11,11
340511,1,1,18,18,18,18,18,18,18,18,18,18
340512,1,1,16,16,16,16,16,16,16,16,16,16
340513,1,1,0,0,0,0,0,0,0,0,0,0
340514,1,1,0,0,0,0,0,0,0,0,0,0
340515,0,1,0,0,0,0,0,0,0,0,0,0
340515,1,1,0,0,0,0,0,0,0,0,0,0
340516,0,1,0,0,0,0,0,0,0,0,0,0
340516,1,1,0,0,0,0,0,0,0,0,0,0
340517,1,1,16,16,16,16,16,16,16,16,16,16
340518,0,1,0,0,0,0,0,0,0,0,0,0
340518,1,1,0,0,0,0,0,0,0,13,0,12
340519,1,1,5,5,5,5,5,5,5,5,5,5
340520,0,1,0,0,0,0,0,0,0,0,0,0
340520,1,1,0,0,0,0,0,0,0,0,0,0
340521,1,1,0,0,0,0,0,0,0,0,0,0
340522,1,1,0,0,0,0,0,0,0,0,0,0
340523,1,1,0,0,0,0,0,0,0,0,0,0
340523,2,1,0,0,0,10,0,0,0,0,0,0
340524,0,1,11,0,0,7,0,0,0,0,0,0
340524,1,1,0,0,0,0,0,19,15,0,0,0
340525,0,1,26,26,26,26,26,26,26,26,26,26
340525,1,1,0,0,0,0,0,0,0,15,0,0
340526,1,1,0,0,0,0,0,0,23,15,0,31
340527,0,1,0,0,0,0,0,0,0,0,0,0
340527,1,1,0,0,0,0,0,0,0,0,0,0
340528,1,1,0,0,0,0,14,0,0,0,0,0
340528,2,1,0,0,0,0,0,0,16,0,0,0
340529,1,1,0,0,0,0,0,0,0,0,0,0
340530,0,1,0,0,0,0,0,0,17,0,0,0
340530,1,1,0,0,0,0,0,0,0,0,0,0
340531,1,1,6,12,20,15,13,0,33,5,6,19
340532,1,1,20,20,20,20,20,20,20,20,20,20
340533,1,1,0,0,0,0,0,0,0,0,0,0
340534,1,1,0,6,19,0,7,0,8,15,0,0
340534,2,1,0,0,0,0,0,0,0,0,0,0
340535,0,1,0,0,0,0,0,0,0,0,0,0
340535,1,1,0,0,0,0,0,0,0,0,0,0
340536,0,1,0,0,0,0,0,0,0,0,0,0
340536,1,1,7,7,7,7,7,7,7,7,7,7
340537,0,1,22,22,22,22,22,22,22,22,22,22
340537,2,1,33,19,0,11,0,0,6,6,18,0
340537,3,1,0,0,18,0,0,10,10,0,0,0
340538,0,1,0,0,0,0,0,0,0,0,0,0
340538,1,1,0,0,0,0,10,0,0,0,0,0
340539,0,1,0,0,0,0,0,0,0,0,5,0
340539,1,1,0,0,0,0,0,0,0,0,0,0
340540,1,1,20,20,20,20,20,20,20,20,20,20
340540,2,1,0,0,0,0,0,0,0,0,0,0
340541,0,1,31,31,31,31,31,31,31,31,31,31
340541,0,2,12,19,6,16,0,0,0,27,13,28
340541,1,1,0,5,0,0,19,0,0,0,0,0
340542,1,1,0,0,0,0,0,0,0,0,0,0
340542,2,1,0,0,0,0,0,0,0,0,0,0
340543,0,1,11,11,11,11,11,11,11,11,11,11
340543,1,1,0,0,0,0,15,0,0,24,0,0
340544,1,1,0,0,0,0,0,0,0,0,0,0
340544,2,1,0,0,0,0,0,0,0,0,0,0
340545,1,1,0,0,0,0,0,0,0,0,0,11
340545,2,1,0,0,0,0,0,0,0,0,0,0
340546,1,1,0,0,0,0,0,0,0,0,0,0
340546,2,1,0,0,0,0,0,0,0,0,0,0
340547,0,1,13,13,13,13,13,13,13,13,13,13
340547,1,1,0,0,0,0,0,0,0,0,0,0
340548,0,1,0,0,0,0,0,0,0,0,0,0
340548,1,1,14,14,14,14,14,14,14,14,14,14
340549,1,1,0,0,0,0,0,0,0,0,0,0
340549,2,1,0,0,0,0,0,0,0,0,0,0
340550,1,1,0,19,0,0,0,0,0,0,0,0
340550,2,1,0,0,0,0,0,0,0,0,0,31
340550,3,1,0,0,0,0,0,0,0,0,0,0
340551,0,1,0,0,0,0,0,0,0,0,0,0
340551,1,1,0,0,0,0,0,0,0,0,0,22
340552,1,1,23,23,23,23,23,23,23,23,23,23
340553,1,1,22,22,22,22,22,22,22,22,22,22
340554,1,1,0,0,0,0,0,0,0,0,0,0
340554,2,1,0,0,0,0,0,0,29,0,8,0
340555,1,1,0,0,0,0,0,0,0,0,0,0
340555,2,1,18,18,18,18,18,18,18,18,18,18
340556,0,1,0,0,0,0,0,0,0,0,0,0
340556,1,1,0,0,0,0,0,0,0,0,0,0
340557,1,1,16,16,16,16,16,16,16,16,16,16
340558,0,1,24,25,10,0,39,16,0,0,13,0
340558,1,1,0,0,0,0,0,0,0,0,0,0
340559,0,1,0,0,0,0,0,0,0,7,0,0
340559,1,1,0,0,0,0,0,0,0,0,0,0
340560,1,1,0,0,0,0,0,0,0,0,0,0
340560,2,1,0,0,17,0,0,0,0,0,0,0
340560,3,1,0,0,0,0,0,0,0,0,21,0
340561,0,1,37,37,37,37,37,37,37,37,37,37
340561,1,1,0,0,0,0,0,0,0,0,0,0
340562,0,1,0,0,0,17,0,0,0,0,0,11
340562,1,1,0,0,0,0,0,0,0,0,12,0
340563,1,1,0,0,0,0,0,0,0,0,0,0
340564,1,1,6,6,6,6,6,6,6,6,6,6
340564,2,1,0,0,0,0,0,0,0,0,0,0
340565,1,1,25,25,25,25,25,25,25,25,25,25
340565,2,1,0,0,0,0,0,0,0,0,0,0
340566,1,1,0,0,0,0,0,0,0,0,0,0
340567,0,1,0,0,0,0,0,0,0,0,0,0
340567,1,1,0,0,0,0,0,0,0,0,0,0
340568,0,1,0,0,0,0,0,0,0,0,0,0
340568,1,1,0,0,0,0,0,0,0,23,0,0
340569,1,1,27,27,27,27,27,27,27,27,27,27
340570,1,1,25,0,0,0,21,0,15,0,0,5
340571,1,1,10,10,10,10,10,10,10,10,10,10
340572,0,1,54,54,54,54,54,54,54,54,54,54
340572,1,1,0,0,0,0,0,0,0,0,0,0
350001,0,1,22,22,22,22,22,22,22,22,22,22
350001,1,1,0,0,0,0,0,0,0,0,0,0
350002,1,1,6,9,17,8,24,22,22,0,22,23
350003,1,1,0,0,0,0,0,0,0,0,0,0
350004,1,1,0,0,0,0,0,0,0,0,0,0
350005,1,1,0,0,0,0,0,0,0,0,0,19
350006,1,1,0,0,0,0,0,0,0,0,0,0
350006,2,1,0,0,0,0,0,0,0,0,0,0
350007,1,1,5,5,5,5,5,5,5,5,5,5
350007,2,1,0,0,0,0,0,0,0,0,0,0
350008,0,1,6,4,36,22,28,26,24,38,15,12
350008,1,1,0,0,0,0,0,0,0,0,0,0
350009,1,1,31,31,31,31,31,31,31,31,31,31
350010,1,1,18,18,18,18,18,18,18,18,18,18
350011,1,1,0,0,0,0,0,0,0,0,0,0
350012,1,1,18,18,18,18,18,18,18,18,18,18
350012,2,1,0,0,0,0,0,0,0,0,0,0
350013,1,1,14,11,15,8,13,0,0,5,11,7
350013,2,1,16,14,5,6,24,8,11,16,9,5
350014,0,1,0,0,0,21,10,0,0,0,0,33
350014,1,1,0,0,0,0,0,0,0,0,0,0
350015,1,1,22,22,22,22,22,22,22,22,22,22
350016,1,1,0,0,0,0,17,0,0,0,0,0
350016,2,1,0,0,0,0,0,0,0,0,0,0
350017,1,1,0,0,0,0,0,0,0,0,0,0
350017,2,1,0,0,0,0,0,0,0,0,0,0
350018,1,1,22,0,0,0,0,0,0,6,0,0
350019,1,1,0,0,0,0,0,0,0,0,0,0
350020,1,1,17,17,17,17,17,17,17,17,17,17
350021,1,1,0,0,0,0,0,0,0,0,0,0
350022,1,1,0,0,0,0,0,0,0,0,0,0
350022,2,1,0,0,0,0,0,0,0,0,0,0
350023,1,1,0,0,0,0,0,0,0,0,0,0
350025,1,1,0,0,0,0,0,0,0,0,0,0
350026,1,1,0,18,2,13,0,11,0,10,16,11
350026,2,1,0,0,0,0,0,0,0,0,0,0
350027,0,1,0,0,0,0,0,0,0,0,0,0
350027,1,1,0,0,0,0,0,0,0,0,0,0
350028,1,1,0,0,0,0,0,0,0,0,0,0
350028,2,1,0,0,0,0,0,0,0,0,0,0
350029,1,1,16,18,21,11,10,0,13,17,13,16
350029,2,1,0,0,0,0,0,0,0,0,0,0
350030,0,1,13,13,13,13,13,13,13,13,13,13
350030,1,1,0,0,0,0,0,0,0,0,0,0
350031,1,1,0,0,0,0,0,0,0,0,0,0
350032,0,1,31,31,31,31,31,31,31,31,31,31
350032,0,2,12,0,17,15,23,30,20,43,0,13
350032,1,1,0,0,0,0,0,0,0,0,0,0
350033,1,1,25,25,25,25,25,25,25,25,25,25
350034,1,3,15,15,15,15,15,15,15,15,15,15
350035,1,1,0,0,0,0,0,0,0,0,0,0
350035,2,1,0,0,0,0,0,0,0,0,0,0
350036,1,1,0,0,0,0,0,0,0,0,0,0
350037,1,1,0,0,0,0,0,0,0,0,0,0
350038,1,1,0,0,0,0,0,0,0,0,0,0
350038,2,1,0,0,0,0,0,0,0,0,0,0
350039,0,1,0,0,0,0,0,0,0,0,0,0
350039,1,1,0,0,0,0,0,0,0,0,0,0
350040,0,1,33,33,33,33,33,33,33,33,33,33
350040,1,1,0,0,0,0,0,0,0,0,0,0
350041,1,1,0,0,0,0,0,0,0,0,0,0
350041,2,1,0,0,0,0,0,0,0,0,0,0
350042,0,1,35,35,35,35,35,35,35,35,35,35
350042,1,1,13,13,13,13,13,13,13,13,13,13
350044,1,1,0,0,0,0,0,0,0,0,0,0
350045,1,1,0,0,0,0,0,0,0,0,0,0
350045,2,1,0,0,0,0,0,0,0,0,0,0
350046,1,1,0,0,0,0,0,0,0,0,0,0
350046,2,1,0,0,0,0,0,0,0,0,0,0
350046,3,1,0,0,0,0,0,0,0,0,0,0
350047,1,1,14,14,14,14,14,14,14,14,14,14
350047,2,1,0,0,0,0,0,0,0,0,0,0
350048,1,1,0,0,0,0,0,0,0,0,0,0
350049,1,1,0,0,0,0,0,0,0,0,0,0
350049,2,1,0,0,0,0,0,0,0,0,0,0
350050,0,1,29,29,29,29,29,29,29,29,29,29
350050,1,1,0,20,27,13,0,0,0,18,0,14
350051,1,1,16,16,16,16,16,16,16,16,16,16
350052,0,1,10,10,10,10,10,10,10,10,10,10
350052,1,1,0,0,0,0,0,0,0,0,0,0
350053,1,1,0,0,0,0,0,0,0,0,0,0
350053,2,1,0,0,0,0,0,0,0,0,0,0
350054,0,1,17,17,17,17,17,17,17,17,17,17
350054,1,1,0,0,0,0,0,0,0,0,0,0
350055,1,1,24,17,12,25,7,22,10,25,20,17
350056,1,1,18,18,18,18,18,18,18,18,18,18
350056,2,1,0,0,0,0,0,0,0,0,0,0
350057,1,1,23,23,23,23,23,23,23,23,23,23
350058,1,1,16,5,20,15,37,15,15,25,9,8
350059,1,1,0,0,0,0,0,0,0,0,0,0
350059,2,1,0,0,0,0,0,0,0,0,0,0
350060,1,1,26,26,26,26,26,26,26,26,26,26
350061,0,1,0,0,0,0,0,0,0,0,0,0
350061,1,1,0,0,0,0,0,0,0,0,0,0
350062,1,1,13,20,0,34,0,0,19,0,15,4
350062,2,1,0,0,0,0,0,0,0,0,0,0
350063,1,1,0,0,0,0,0,0,0,0,0,0
350063,2,1,0,0,0,0,0,0,0,0,0,0
350064,1,1,0,0,0,0,0,0,0,0,0,0
350065,0,1,0,0,0,0,0,0,0,0,0,0
350065,1,1,0,0,0,0,0,0,0,0,0,0
350066,0,1,2,2,2,2,2,2,2,2,2,2
350066,1,1,0,0,0,0,0,0,0,0,0,0
350067,0,1,23,17,19,24,34,19,16,0,7,31
350067,1,1,0,0,0,0,0,0,0,0,0,0
350068,1,1,13,7,24,12,18,19,14,16,22,35
350069,0,1,0,0,0,0,0,0,0,0,0,0
350069,1,1,0,0,0,0,0,0,0,0,0,0
350070,0,1,0,0,0,0,0,0,0,0,0,0
350070,1,1,0,0,0,0,0,0,0,0,0,0
350071,1,1,14,8,0,27,16,19,13,8,17,17
350071,2,1,0,0,0,0,0,0,0,0,0,0
350072,1,1,0,0,0,0,0,0,0,0,0,0
350072,2,1,0,0,0,0,0,0,0,0,0,0
350073,1,1,0,0,0,0,0,0,0,0,0,0
350074,1,1,0,0,0,0,0,0,0,0,0,0
350075,1,1,0,0,0,0,0,0,0,0,0,0