ST_CASE,VEH_NO,PER_NO,P1,P2,P3,P4,P5,P6,P7,P8,P9,P10
350076,0,1,0,0,0,0,0,0,0,0,0,0
350076,1,1,0,0,0,0,0,0,0,0,0,0
350077,1,1,0,0,0,0,0,0,0,0,0,0
350078,1,1,0,0,0,0,0,0,0,0,0,0
350079,1,1,0,0,0,0,0,0,0,0,0,0
350080,1,1,0,0,0,0,0,0,0,0,0,0
350080,2,1,0,0,0,0,0,0,0,0,0,0
350080,3,1,0,0,0,0,0,0,0,0,0,0
350081,1,1,0,0,0,0,0,0,0,0,0,0
350082,1,1,26,26,26,26,26,26,26,26,26,26
350083,1,1,0,0,0,0,0,0,0,0,0,0
350083,2,1,0,0,0,0,0,0,0,0,0,0
350084,1,1,0,0,0,0,0,0,0,0,0,0
350084,2,1,0,0,0,0,0,0,0,0,0,0
350085,1,1,0,0,0,0,0,0,0,0,0,0
350085,2,1,0,0,0,0,0,0,0,0,0,0
350086,1,1,0,0,0,0,0,0,0,0,0,0
350086,2,1,0,0,0,0,0,0,0,0,0,0
350087,1,1,11,11,11,11,11,11,11,11,11,11
350088,0,1,0,0,0,0,0,19,0,0,0,0
350088,1,1,0,0,0,0,0,0,0,0,0,0
350089,1,1,0,0,0,0,0,0,0,0,0,0
350090,0,1,28,19,23,33,14,18,13,23,23,15
350090,1,1,0,0,0,0,0,0,0,0,0,0
350091,1,1,24,24,24,24,24,24,24,24,24,24
350091,2,1,0,0,0,0,0,0,0,0,0,0
350092,1,1,0,0,0,0,0,0,0,0,0,0
350092,2,1,0,0,0,0,0,0,0,0,0,0
350092,3,1,0,0,0,0,0,0,0,0,0,0
350093,1,1,12,5,0,0,18,0,12,21,6,12
350094,1,1,0,0,0,0,0,0,0,0,0,0
350095,1,1,0,0,0,0,0,0,0,0,0,0
350096,1,1,8,13,21,18,0,23,10,16,19,0
350097,1,1,0,0,0,0,0,0,0,0,0,0
350098,0,1,0,0,0,0,0,0,0,0,0,0
350098,1,1,11,0,0,0,35,0,0,0,15,0
350099,1,1,0,0,0,0,0,0,0,0,0,0
350099,2,1,0,0,0,0,0,0,0,0,0,0
350099,3,1,0,0,0,0,0,0,0,0,0,0
350100,1,1,0,0,0,0,0,0,0,0,0,0
350101,1,1,0,0,0,0,0,0,0,0,0,0
350102,1,1,0,0,0,0,0,0,0,0,0,0
350103,1,1,13,13,13,13,13,13,13,13,13,13
350104,1,1,0,0,0,0,0,0,0,0,0,0
350105,1,1,14,14,14,14,14,14,14,14,14,14
350106,1,1,0,0,0,0,0,0,16,0,0,0
350107,1,1,0,0,0,0,0,0,0,0,0,0
350108,1,1,0,0,0,0,0,0,0,0,0,0
350109,1,1,0,0,0,0,0,0,0,0,0,0
350110,1,1,12,23,10,3,15,20,22,11,13,20
350111,1,1,0,0,0,0,0,0,0,0,0,0
350112,1,1,0,0,0,0,0,0,0,0,0,0
350112,2,1,0,0,0,0,0,0,0,0,0,0
350113,1,1,0,0,0,0,0,0,0,0,0,0
350114,1,1,0,0,0,0,0,0,0,0,0,0
350115,0,1,0,0,0,0,0,0,18,0,0,0
350115,1,1,0,0,0,0,0,0,0,0,0,0
350116,1,1,0,0,0,0,0,0,0,0,0,0
350116,2,1,18,18,14,6,12,5,8,4,9,4
350117,1,1,0,0,0,0,0,0,0,0,0,0
350118,1,1,0,0,0,0,0,0,0,0,0,0
350118,2,1,0,0,0,0,0,0,0,0,0,0
350118,3,1,0,0,0,0,0,0,0,0,0,0
350119,1,1,0,0,0,0,0,0,0,0,0,0
350119,2,1,0,0,0,0,0,0,0,0,0,0
350120,0,1,0,0,0,0,0,0,0,0,0,0
350120,1,1,0,0,0,0,0,0,0,0,0,0
350121,1,1,0,0,0,0,0,0,0,0,0,0
350122,0,1,0,0,0,0,0,0,0,0,0,0
350122,1,1,0,0,0,0,0,0,0,0,0,0
350123,1,1,0,0,0,0,0,0,0,0,0,0
350123,2,1,0,0,0,0,0,0,0,0,0,0
350124,1,1,0,0,0,0,0,0,0,0,0,0
350125,1,1,0,0,0,0,0,0,0,0,0,0
350125,2,1,0,0,0,0,0,0,0,0,0,0
350126,1,1,0,0,0,0,0,0,0,0,0,0
350127,0,1,23,23,23,23,23,23,23,23,23,23
350127,1,1,0,26,0,0,0,26,0,14,0,0
350128,0,1,0,0,0,0,0,0,0,0,0,0
350128,1,1,0,0,0,0,0,0,0,0,0,0
350129,1,1,25,25,25,25,25,25,25,25,25,25
350130,1,1,0,0,0,0,0,0,0,0,0,0
350130,2,1,0,0,0,0,0,0,0,0,0,0
350131,1,1,11,11,11,11,11,11,11,11,11,11
350132,1,1,0,0,0,0,0,0,0,0,0,0
350134,1,1,0,0,0,0,0,0,0,0,0,0
350134,2,1,0,0,0,0,0,0,0,0,0,0
350134,3,1,0,0,0,0,0,0,0,0,0,0
350134,4,1,7,0,0,0,0,0,0,0,0,9
350135,0,1,28,28,28,28,28,28,28,28,28,28
350135,1,1,0,0,0,0,0,0,0,0,0,0
350136,0,1,23,23,23,23,23,23,23,23,23,23
350136,1,1,0,0,0,0,0,0,0,0,0,0
350137,1,1,0,0,0,0,0,0,0,0,0,0
350138,1,1,0,0,0,0,0,0,0,0,0,0
350138,2,1,0,0,0,0,0,0,0,0,0,15
350139,1,1,0,0,0,0,0,0,0,0,0,0
350139,2,1,0,0,0,0,0,0,0,0,0,0
350139,3,1,0,0,0,0,0,0,0,0,0,0
350140,0,1,0,0,0,0,0,0,0,0,0,0
350140,1,1,0,0,0,0,0,0,0,0,0,0
350141,0,1,0,0,0,0,0,0,0,0,0,0
350141,1,1,0,0,0,23,0,0,0,0,0,0
350141,2,1,11,0,0,0,0,0,0,0,0,0
350142,1,1,21,17,0,23,0,0,10,0,0,20
350143,1,1,0,0,24,0,0,0,0,17,0,0
350144,0,1,26,29,17,21,26,0,10,25,25,38
350144,1,1,0,0,0,0,0,0,0,0,0,0
350145,1,1,12,0,28,25,12,14,34,27,19,14
350146,1,1,14,13,24,27,11,16,10,7,19,8
350147,1,1,0,0,0,0,0,0,0,0,0,0
350147,2,1,0,6,0,0,0,0,0,0,0,0
350147,3,1,29,29,29,29,29,29,29,29,29,29
350149,1,1,0,0,0,0,0,0,0,0,0,0
350150,1,1,23,23,23,23,23,23,23,23,23,23
350151,1,1,0,0,0,0,0,0,0,0,0,0
350152,1,1,0,0,0,0,0,0,0,0,0,0
350153,1,1,0,0,0,0,0,0,0,0,0,0
350154,1,1,0,0,0,0,0,0,0,0,0,0
350155,1,1,0,0,0,0,0,0,0,0,0,0
350155,2,1,0,0,0,0,0,0,0,0,0,0
350156,1,1,35,35,35,35,35,35,35,35,35,35
350157,0,1,17,17,17,17,17,17,17,17,17,17
350157,1,1,0,0,0,0,0,0,0,0,0,8
350158,1,1,0,0,0,0,0,0,0,0,0,0
350158,2,1,0,0,0,4,0,0,0,0,0,0
350159,1,1,0,0,0,0,0,0,0,0,0,0
350159,2,1,0,0,0,0,0,0,0,0,0,0
350160,1,1,0,0,0,0,0,0,0,0,0,0
350160,2,1,0,0,0,0,0,0,0,0,0,0
350161,1,1,16,15,15,7,13,21,7,19,40,17
350162,1,1,0,0,0,0,0,0,0,0,0,0
350162,2,1,0,0,0,0,0,0,0,0,0,0
350163,1,1,0,0,0,0,0,0,0,0,0,0
350163,2,1,0,0,0,0,0,0,0,10,0,16
350164,1,1,12,0,0,12,6,22,0,16,14,10
350165,0,1,37,37,37,37,37,37,37,37,37,37
350165,1,1,0,0,0,0,0,0,0,0,0,0
350166,1,1,0,0,0,0,0,0,0,0,0,0
350166,2,1,0,0,0,0,0,0,0,0,0,0
350166,3,1,0,0,0,0,0,0,0,0,0,0
350167,0,1,0,0,0,0,0,0,0,0,0,0
350167,1,1,0,0,0,0,0,0,0,0,0,0
350168,1,1,0,0,0,0,0,0,0,0,0,0
350168,2,1,0,0,16,0,0,0,0,0,0,0
350169,0,1,0,0,0,0,0,0,0,0,0,0
350169,1,1,0,0,0,0,0,0,0,0,0,0
350170,1,1,15,15,15,15,15,15,15,15,15,15
350171,1,1,0,0,0,0,0,0,0,0,0,0
350172,0,1,21,13,0,0,21,8,21,37,28,10
350172,1,1,0,0,0,0,0,0,0,0,0,0
350173,1,1,16,16,16,16,16,16,16,16,16,16
350174,0,1,0,0,0,0,0,0,0,0,0,0
350174,1,1,0,0,0,0,0,0,0,0,0,0
350175,1,1,0,16,0,0,0,0,0,0,0,0
350175,2,1,51,51,51,51,51,51,51,51,51,51
350176,1,1,0,0,0,0,0,0,0,0,0,0
350176,2,1,0,22,0,0,0,0,0,0,0,0
350177,1,1,0,0,0,0,0,0,0,0,0,0
350177,2,1,0,0,0,0,0,0,0,0,0,0
350178,1,1,0,0,0,0,0,0,0,0,0,0
350178,2,1,0,0,0,0,0,0,0,0,0,0
350179,1,1,0,0,0,0,0,0,0,0,0,0
350180,1,1,0,0,0,0,0,0,0,0,0,0
350181,1,1,0,0,0,0,0,0,0,0,0,0
350181,2,1,0,0,0,0,0,0,0,0,0,0
350182,1,1,15,15,15,15,15,15,15,15,15,15
350182,2,1,0,0,0,0,0,0,0,30,6,9
350182,3,1,0,29,0,0,13,0,0,9,0,12
350182,4,1,0,0,0,0,0,9,0,12,5,0
350183,1,1,0,0,0,0,0,0,0,0,0,0
350183,2,1,0,0,0,0,0,0,0,0,0,0
350184,1,1,14,0,0,0,0,0,20,0,26,11
350184,2,1,0,0,0,0,0,16,0,0,0,0
350185,1,1,0,0,0,0,0,0,0,0,0,0
350185,2,1,30,30,30,30,30,30,30,30,30,30
350186,1,1,0,0,0,0,0,0,0,0,0,0
350186,2,1,0,0,0,0,0,0,0,0,0,0
350187,1,1,0,0,0,0,0,0,0,0,0,0
350187,2,1,0,0,0,0,0,0,0,0,0,0
350188,1,1,0,3,0,10,22,0,0,0,13,0
350188,2,1,12,12,12,12,12,12,12,12,12,12
350189,1,1,0,0,0,0,0,0,0,0,0,0
350189,2,1,0,0,0,0,17,0,0,35,20,0
350190,1,1,0,7,0,0,0,0,0,0,0,0
350191,1,1,0,0,0,0,0,0,0,0,0,0
350192,1,1,26,15,11,20,0,13,0,22,14,5
350193,1,1,0,0,0,0,0,0,0,0,0,0
350194,1,1,0,0,0,0,0,0,0,0,0,0
350195,1,1,0,0,0,0,0,0,0,0,0,0
350196,1,1,0,0,0,0,0,0,0,0,0,0
350197,1,1,0,0,0,0,0,0,0,0,0,0
350197,2,1,0,0,0,0,0,0,0,0,0,0
350198,1,1,3,3,3,3,3,3,3,3,3,3
350199,1,1,0,0,0,0,0,0,0,0,0,0
350199,2,1,0,0,0,0,0,0,0,0,0,0
350200,1,1,27,27,27,27,27,27,27,27,27,27
350201,0,1,27,27,27,27,27,27,27,27,27,27
350201,1,1,0,0,0,0,0,0,0,0,0,0
350202,1,1,17,0,0,0,0,0,0,0,0,0
350203,1,1,12,12,12,12,12,12,12,12,12,12
350204,1,1,0,0,0,0,0,0,0,0,0,0
350205,1,1,9,0,0,0,0,5,13,0,0,0
350206,1,1,0,0,0,0,0,0,0,0,0,0
350207,1,1,0,12,0,0,0,0,10,0,13,0
350208,0,1,0,0,0,0,0,0,0,0,0,0
350208,1,1,10,0,18,20,15,19,6,10,19,15
350209,1,1,0,0,0,0,0,0,0,0,0,0
350210,1,1,16,2,17,22,0,0,0,17,0,19
350211,1,1,0,0,0,0,0,0,0,0,0,0
350212,1,1,14,14,14,14,14,14,14,14,14,14
350213,1,1,15,15,15,15,15,15,15,15,15,15
350214,1,1,20,17,20,27,20,22,19,18,13,18
350215,1,1,0,0,0,0,0,0,0,0,0,0
350216,1,1,0,0,0,0,0,0,0,0,0,0
350217,0,1,27,27,27,27,27,27,27,27,27,27
350217,1,1,14,0,0,22,11,0,0,0,28,11
350218,1,1,0,0,0,0,0,0,0,0,0,0
350218,2,1,0,0,0,0,0,0,0,0,0,0
350220,1,1,0,0,0,0,0,0,0,0,0,0
350220,2,1,0,0,0,0,0,0,0,0,0,0
350220,3,1,0,0,0,0,0,0,0,0,0,0
350221,0,1,0,0,0,0,0,0,0,0,0,0
350221,1,1,0,0,0,0,0,0,0,0,0,0
350222,1,1,0,0,0,0,0,0,0,0,0,0
350222,2,1,41,41,41,41,41,41,41,41,41,41
350223,0,1,0,0,0,0,0,0,0,0,0,0
350223,1,1,0,0,0,0,0,0,0,0,0,0
350224,1,1,3,0,15,0,19,11,10,0,0,19
350225,1,1,10,19,14,10,0,18,9,0,28,20
350225,2,1,0,0,0,0,0,0,0,0,0,0
350225,3,1,0,0,0,0,0,0,0,0,0,0
350226,1,1,0,0,0,0,0,0,0,0,0,0
350227,1,1,13,0,35,21,15,33,18,25,48,18
350227,2,1,0,0,7,0,0,0,0,0,0,0
350227,3,1,0,0,0,0,0,0,0,0,0,0
350228,1,1,11,11,11,11,11,11,11,11,11,11
350229,1,1,20,20,20,20,20,20,20,20,20,20
350230,1,1,0,0,0,0,0,0,0,0,0,0
350231,1,1,0,0,0,0,0,0,0,0,0,0
350231,2,1,0,0,0,23,0,6,0,0,0,0
350232,1,1,0,0,0,0,0,0,0,0,0,0
350232,2,1,0,0,0,0,0,0,0,0,0,0
350233,1,1,0,0,0,0,0,0,0,0,0,0
350233,2,1,0,0,0,0,0,0,0,0,0,0
350234,1,1,4,13,12,8,10,29,5,16,23,14
350235,1,1,0,0,0,0,0,0,0,0,0,0
350236,1,1,0,0,0,0,0,0,0,0,0,0
350236,2,1,0,0,0,0,0,0,0,0,0,0
350237,1,1,0,0,0,0,0,0,0,0,0,0
350238,1,1,10,10,10,10,10,10,10,10,10,10
350239,1,1,0,0,0,0,0,0,0,0,0,0
350240,1,1,11,11,11,11,11,11,11,11,11,11
350241,0,1,0,0,0,0,0,0,0,0,0,0
350241,1,1,0,0,0,0,0,0,0,0,0,0
350242,1,1,0,0,0,0,2,0,0,0,27,0
350243,0,1,0,0,0,0,0,0,0,0,0,0
350243,1,1,0,0,0,0,0,0,0,0,0,0
350244,1,1,0,0,0,0,0,0,0,16,0,0
350244,2,1,0,0,0,0,0,0,0,0,0,0
350245,1,1,16,16,16,16,16,16,16,16,16,16
350246,0,1,43,43,43,43,43,43,43,43,43,43
350246,1,1,0,0,0,0,0,0,0,0,0,0
350247,1,1,24,24,24,24,24,24,24,24,24,24
350248,0,1,30,30,30,30,30,30,30,30,30,30
350248,1,1,0,0,0,0,0,0,0,0,0,0
350249,0,1,0,0,0,0,0,0,0,0,0,0
350249,1,1,0,0,0,0,0,0,0,0,0,0
350250,1,1,0,0,0,0,0,0,0,0,0,0
350250,2,1,0,0,0,0,0,0,0,0,0,0
350251,1,1,0,0,0,0,0,0,0,0,0,21
350252,0,1,0,0,0,0,0,0,0,14,0,0
350252,1,1,0,0,0,0,0,0,0,0,0,0
350253,1,1,6,6,6,6,6,6,6,6,6,6
350254,1,1,0,0,0,0,0,0,0,0,0,0
350255,1,1,3,0,0,0,0,10,9,0,0,0
350255,2,1,0,0,0,0,0,0,0,0,0,0
350255,3,1,0,0,0,0,0,0,0,0,0,0
350256,1,1,19,19,19,19,19,19,19,19,19,19
350257,1,1,0,0,0,0,0,0,0,0,0,0
350258,1,1,0,0,0,0,0,0,0,0,0,0
350259,0,1,30,30,30,30,30,30,30,30,30,30
350259,1,1,0,0,0,0,6,0,0,0,0,5
350260,1,1,0,0,0,0,0,0,0,0,0,0
350260,2,1,0,0,0,0,0,0,0,0,0,0
350260,3,1,0,0,0,0,0,0,0,0,0,0
350261,0,1,30,30,30,30,30,30,30,30,30,30
350261,1,1,0,0,0,0,0,0,0,0,0,0
350262,1,1,15,19,0,7,20,5,0,4,3,6
350262,2,1,0,0,0,0,0,0,0,24,0,0
350262,3,1,0,0,0,0,0,14,0,0,0,0
350263,1,1,0,0,0,0,0,0,0,0,0,0
350263,2,1,0,0,0,0,0,0,0,0,0,0
350264,0,1,17,17,17,17,17,17,17,17,17,17
350264,1,1,0,0,0,0,0,0,0,0,0,0
350265,1,1,9,9,9,9,9,9,9,9,9,9
350266,0,1,0,0,0,0,0,0,0,0,0,0
350266,1,1,0,0,0,0,0,0,0,0,0,0
350267,1,1,0,0,0,0,0,0,0,0,0,0
350267,2,1,0,0,0,0,0,0,28,0,0,0
350268,1,1,21,21,21,21,21,21,21,21,21,21
350269,1,1,0,0,0,0,30,12,0,0,0,0
350270,1,1,0,0,0,0,0,0,0,0,0,0
350270,2,1,0,0,0,0,0,0,0,0,0,0
350271,0,1,25,25,25,25,25,25,25,25,25,25
350271,1,1,0,0,0,32,0,11,0,0,0,0
350272,1,2,6,0,0,0,0,0,0,0,9,15
350273,1,1,4,15,22,35,17,37,28,25,14,15
350274,1,1,19,30,34,15,27,0,15,9,7,12
350275,1,1,0,0,0,24,0,0,0,0,0,0
350275,2,1,0,0,0,0,0,0,0,0,0,0
350276,1,1,0,0,0,0,0,0,0,0,0,0
350276,2,1,0,0,0,0,0,0,0,0,0,0
350277,1,1,0,0,0,0,0,0,0,0,0,0
350277,2,1,0,0,0,0,0,0,0,0,0,0
350278,1,1,1,1,1,1,1,1,1,1,1,1
350278,2,1,0,0,0,0,0,0,0,0,0,0
350279,1,1,0,0,0,0,0,0,0,0,0,0
350279,2,1,24,24,24,24,24,24,24,24,24,24
350279,3,1,0,0,0,0,0,0,0,0,0,7
350280,1,1,0,0,0,0,0,0,0,0,0,0
350281,0,1,16,16,16,16,16,16,16,16,16,16
350281,1,1,0,0,0,0,0,0,0,0,0,0
350282,1,1,0,0,0,0,0,0,0,0,0,0
350283,0,1,35,35,35,35,35,35,35,35,35,35
350283,1,1,0,0,0,0,0,0,0,0,0,0
350284,1,1,0,0,0,0,0,0,0,0,0,0
350284,2,1,0,0,0,0,0,0,0,0,0,0
350285,1,1,0,0,0,0,0,0,0,0,0,0
350285,2,1,0,0,0,0,0,0,0,0,0,0
350286,1,1,0,0,0,0,0,22,0,0,0,0
350287,1,1,43,43,43,43,43,43,43,43,43,43
350288,1,1,0,0,0,0,0,0,0,0,0,0
350288,2,1,0,0,0,0,0,0,0,0,0,0
350289,1,1,13,0,28,0,0,0,0,0,0,21
350290,0,1,1,1,1,1,1,1,1,1,1,1
350290,1,1,0,10,0,0,0,0,0,7,0,0
350291,1,1,0,0,0,0,0,0,0,0,0,0
350292,1,1,7,11,22,13,0,5,3,6,17,0
350293,0,1,0,0,0,0,0,0,0,0,0,0
350293,1,1,0,0,0,0,0,0,0,0,0,0
350294,1,1,0,0,0,0,0,0,0,0,0,0
350295,1,1,0,0,0,0,0,0,0,0,0,0
350295,2,1,19,19,19,19,19,19,19,19,19,19
350296,1,1,0,0,0,0,0,0,0,0,0,0
350296,2,1,0,0,0,0,0,0,0,0,0,0
350297,1,1,0,0,0,0,0,0,0,0,0,0
350297,2,1,0,0,0,0,0,0,0,0,0,0
350297,3,1,0,0,0,0,0,0,0,0,0,0
350298,1,1,0,0,23,0,0,0,0,15,0,0
350299,1,1,0,0,0,0,0,0,0,0,0,0
350299,2,1,0,0,0,0,0,0,0,0,0,0
350300,1,1,11,9,17,11,0,8,0,3,12,13
350301,0,1,0,0,0,0,0,0,0,0,0,0
350301,1,1,0,0,0,0,0,0,0,0,0,0
350302,1,1,0,0,0,0,0,0,0,0,0,0
350302,2,1,0,0,0,0,0,0,0,0,0,0
350303,1,1,28,28,28,28,28,28,28,28,28,28
350304,0,1,17,17,17,17,17,17,17,17,17,17
350304,1,1,0,0,0,15,0,0,0,0,0,0
350305,1,1,0,0,0,0,0,0,0,0,0,0
350305,2,1,0,0,0,0,0,0,0,0,0,0
350306,1,1,0,0,14,0,11,16,7,13,0,14
350307,1,1,30,0,0,11,0,0,0,0,0,0
350308,0,1,24,24,24,24,24,24,24,24,24,24
350308,1,1,0,0,0,22,0,0,14,0,0,11
350309,0,1,36,28,34,11,30,27,23,26,27,10
350309,1,1,0,0,0,0,0,0,0,0,0,0
350310,1,1,2,2,2,2,2,2,2,2,2,2
350310,2,1,0,0,0,0,0,0,0,0,0,0
350311,1,1,0,0,0,0,0,0,0,0,0,0
350311,2,1,0,0,0,0,0,0,0,0,0,0
350312,1,1,0,0,0,0,0,0,0,0,0,0
350312,2,1,0,0,0,0,0,0,0,0,0,0
350313,1,1,1,1,1,1,1,1,1,1,1,1
350313,2,1,0,0,0,0,0,0,0,0,0,21
350314,1,1,0,0,6,0,0,0,0,0,0,0
350314,2,1,21,21,21,21,21,21,21,21,21,21
350315,0,1,0,0,0,0,0,0,0,0,0,0
350315,1,1,0,0,0,0,0,0,0,0,0,0
350315,2,1,0,0,0,0,0,0,0,0,0,0
350316,1,1,0,0,0,0,0,0,0,0,0,0
350316,2,1,22,22,22,22,22,22,22,22,22,22
350317,1,1,0,0,0,0,0,0,0,0,0,0
350318,1,1,0,0,0,0,0,0,0,0,0,0
350319,1,1,0,0,0,0,0,0,0,0,0,0
350319,2,1,0,0,0,0,5,0,0,0,0,0
350320,1,1,15,15,15,15,15,15,15,15,15,15
350321,0,1,0,0,0,0,0,0,0,0,0,0
350321,1,1,0,0,0,0,0,0,0,0,0,0
350322,1,1,0,0,0,0,0,0,0,0,6,0
350323,0,1,26,26,26,26,26,26,26,26,26,26
350323,1,1,0,22,17,21,21,21,26,19,17,18
350324,1,1,0,0,18,0,0,0,0,0,0,0
350325,1,1,0,0,0,0,0,0,0,0,0,0
350325,2,1,0,0,0,0,0,0,0,0,0,0
350325,3,1,0,0,0,0,0,0,0,0,0,0
350326,0,1,0,0,0,0,0,0,0,0,0,0
350326,1,1,0,0,0,15,0,0,0,0,0,0
350328,1,1,0,0,0,0,0,0,0,0,0,0
350328,2,1,0,0,0,0,0,0,0,0,0,0
350329,1,1,0,0,0,0,0,0,0,0,0,0
350330,1,1,0,0,0,0,0,0,0,0,0,0
350331,1,1,0,0,0,0,0,0,0,0,0,0
350331,2,1,0,0,20,0,0,0,30,0,0,0
350332,1,1,16,16,16,16,16,16,16,16,16,16
350333,1,1,23,23,23,23,23,23,23,23,23,23
350334,1,1,0,0,0,0,0,0,0,0,0,0
350334,2,1,0,0,0,0,0,0,0,0,0,0
350335,1,1,0,0,0,0,0,0,0,0,0,0
350335,2,1,14,14,14,14,14,14,14,14,14,14
350336,1,1,0,0,0,0,0,0,0,0,0,0
350337,0,1,0,0,0,0,0,0,0,0,0,0
350337,0,2,0,0,0,0,0,0,0,0,0,0
350337,0,3,14,0,0,0,0,0,0,0,10,8
350337,1,1,0,0,0,0,0,0,7,21,17,0
350338,1,1,16,16,16,16,16,16,16,16,16,16
350339,1,1,26,26,26,26,26,26,26,26,26,26
350340,1,1,0,0,0,0,10,0,19,0,0,0
350340,2,1,0,0,0,0,0,0,0,0,19,0
350341,1,1,0,0,0,0,0,0,0,0,0,0
350342,0,1,29,29,29,29,29,29,29,29,29,29
350342,1,1,20,0,0,0,0,0,8,33,0,0
350343,1,1,0,0,0,0,0,0,0,0,0,0
350344,1,1,8,8,8,8,8,8,8,8,8,8
350344,2,1,0,0,0,0,0,0,0,0,30,0
360001,1,1,22,22,22,22,22,22,22,22,22,22
360002,1,1,12,12,12,12,12,12,12,12,12,12
360003,1,1,15,31,0,19,0,0,13,0,0,0
360003,2,1,0,0,0,0,0,0,0,0,0,0
360004,1,1,15,15,15,15,15,15,15,15,15,15
360005,0,1,0,0,0,0,0,0,0,0,0,0
360005,1,1,0,0,0,16,0,0,0,0,12,0
360006,0,1,17,17,17,17,17,17,17,17,17,17
360006,1,1,0,23,0,17,0,0,0,5,0,10
360007,1,1,0,0,0,0,0,0,0,0,0,0
360007,2,1,0,10,0,13,0,0,11,0,0,0
360008,1,1,0,0,0,0,0,0,0,0,0,0
360009,0,1,0,0,0,0,0,0,0,0,0,0
360009,1,1,0,0,0,0,0,0,0,0,0,0
360010,1,1,19,1,0,0,0,0,0,0,0,0
360010,2,1,0,0,0,0,0,0,0,0,15,0
360011,1,1,0,0,19,0,0,0,0,24,0,0
360011,2,1,0,0,0,0,0,0,0,0,12,5
360012,1,1,0,0,0,0,0,0,0,0,0,0
360012,2,1,0,0,7,0,0,18,0,0,0,0
360013,1,1,0,0,0,0,0,0,0,0,0,0
360014,1,1,0,0,0,0,0,0,0,0,0,0
360015,1,1,19,19,19,19,19,19,19,19,19,19
360016,0,1,7,7,7,7,7,7,7,7,7,7
360016,1,1,0,0,0,0,0,24,0,9,15,17
360017,1,1,32,32,32,32,32,32,32,32,32,32
360018,1,1,0,0,0,0,0,0,0,0,0,0
360018,2,1,0,0,0,0,0,0,0,0,0,0
360019,1,1,0,3,0,0,0,0,0,0,0,0
360019,2,1,0,0,0,0,0,0,0,0,0,0
360020,1,1,0,0,0,0,0,0,0,0,0,0
360020,2,1,0,0,0,0,0,0,0,0,0,0
360021,0,1,0,0,0,0,0,0,0,0,0,0
360021,1,1,0,0,0,0,0,0,0,0,0,0
360022,1,1,0,0,0,0,0,0,0,0,0,0
360022,2,1,0,0,0,0,0,0,0,0,0,0
360023,1,1,0,0,0,0,0,0,0,0,0,0
360023,2,1,0,0,0,0,0,0,0,0,0,0
360024,1,1,14,14,14,14,14,14,14,14,14,14
360025,1,1,0,0,0,0,0,0,0,0,0,0
360026,1,1,0,0,0,0,0,0,0,0,0,0
360026,2,1,0,0,0,0,0,21,14,0,0,0
360027,1,1,0,0,0,0,0,0,0,0,0,0
360027,2,1,0,0,0,0,0,0,0,0,0,0
360028,1,1,20,20,20,20,20,20,20,20,20,20
360029,1,1,0,0,0,0,0,0,0,0,0,0
360030,0,1,0,0,0,0,0,0,0,0,0,0
360030,1,1,0,0,11,0,0,0,0,0,0,0
360031,1,1,0,0,0,0,0,0,0,0,0,0
360032,1,1,0,0,0,0,0,0,0,0,0,0
360032,2,1,0,0,0,0,0,0,0,0,0,0
360033,1,1,0,0,0,0,0,0,0,0,0,0
360033,2,1,2,2,2,2,2,2,2,2,2,2
360034,0,1,0,0,0,0,0,0,0,0,0,0
360034,1,1,0,0,0,0,0,0,0,0,0,0
360035,1,1,0,0,0,0,0,0,0,0,0,0
360035,2,1,0,0,0,0,0,0,0,0,0,0
360036,0,1,0,0,0,0,0,0,0,0,0,0
360036,1,1,0,0,0,0,0,0,0,0,0,0
360037,1,1,0,0,0,0,0,0,0,0,0,0
360037,2,1,0,0,0,0,0,0,0,0,0,0
360038,0,1,0,0,0,0,0,0,0,0,0,0
360038,1,1,0,11,0,0,0,0,0,0,0,0
360039,1,1,0,0,0,0,0,0,0,0,0,0
360039,2,1,0,0,0,0,0,0,0,0,0,0
360040,1,1,0,0,0,0,0,0,0,0,0,0
360041,1,1,0,36,0,0,0,0,0,12,0,0
360041,2,1,0,0,0,0,0,0,0,0,0,0
360042,1,1,0,0,0,0,0,0,0,0,0,0
360042,2,1,0,13,0,0,0,0,0,0,0,0
360043,1,1,0,0,0,0,0,0,0,0,0,0
360043,2,1,10,0,0,0,0,0,0,0,15,0
360044,1,1,0,0,0,0,0,0,7,0,0,0
360045,1,1,0,0,0,0,0,0,0,0,0,0
360046,1,1,20,20,20,20,20,20,20,20,20,20
360047,0,1,25,25,25,25,25,25,25,25,25,25
360047,1,1,16,19,0,0,0,0,0,0,0,3
360048,0,1,0,0,0,0,0,0,0,0,0,0
360048,1,1,0,0,0,0,0,0,0,0,0,0
360049,1,1,0,0,0,0,0,0,0,0,0,0
360050,0,1,0,0,0,0,0,0,0,0,0,0
360050,1,1,0,0,0,0,36,23,0,0,0,0
360050,2,1,0,0,30,0,14,0,29,21,15,0
360051,1,1,0,0,0,0,0,0,0,0,0,0
360052,0,1,22,22,22,22,22,22,22,22,22,22