ST_CASE,VEH_NO,PER_NO,P1,P2,P3,P4,P5,P6,P7,P8,P9,P10
360052,1,1,0,0,28,0,0,0,0,0,0,0
360053,0,1,0,0,0,0,0,0,0,0,0,0
360053,1,1,0,0,0,0,0,0,0,16,0,25
360054,1,1,23,29,15,3,6,20,17,25,0,22
360055,1,1,0,0,18,0,0,0,0,19,0,0
360056,1,1,0,0,0,0,0,0,0,0,0,0
360057,1,1,0,0,0,0,0,0,0,0,0,0
360058,1,1,0,0,0,0,0,0,0,0,0,0
360058,2,1,0,0,0,0,28,0,0,0,0,0
360059,1,1,27,27,27,27,27,27,27,27,27,27
360060,1,1,0,0,0,0,0,0,0,0,0,0
360061,1,1,0,0,0,0,0,0,0,0,0,0
360062,1,1,0,0,0,0,0,0,0,0,0,0
360063,1,1,29,29,29,29,29,29,29,29,29,29
360064,0,1,0,0,0,0,0,0,0,0,0,0
360064,1,1,0,0,0,0,0,0,0,0,0,0
360065,0,1,0,0,0,0,0,0,0,0,0,0
360065,1,1,0,0,0,0,0,0,0,0,0,0
360066,1,1,0,0,0,0,0,0,0,0,0,0
360066,2,1,0,0,0,0,0,0,0,0,0,0
360067,0,1,32,32,32,32,32,32,32,32,32,32
360067,1,1,0,24,0,0,0,0,0,0,0,0
360068,0,1,26,26,26,26,26,26,26,26,26,26
360068,1,1,0,8,0,0,0,0,0,0,0,18
360068,2,1,0,0,0,0,39,0,27,0,17,0
360068,3,1,0,0,0,0,0,0,0,18,0,0
360069,1,1,0,0,0,0,0,0,0,0,0,0
360070,1,1,25,25,25,25,25,25,25,25,25,25
360071,1,1,0,0,0,0,0,0,0,0,0,0
360072,0,1,0,0,0,0,0,0,0,0,0,0
360072,1,1,7,14,9,8,0,14,6,0,10,18
360073,0,1,0,0,0,0,0,0,0,0,0,0
360073,1,1,17,20,7,0,13,0,0,0,0,0
360074,1,1,0,0,0,0,0,0,0,0,0,0
360075,0,1,17,17,17,17,17,17,17,17,17,17
360075,1,1,0,0,0,0,0,0,0,0,0,0
360076,1,1,0,0,0,0,0,0,0,0,0,0
360076,2,1,0,0,0,0,0,0,0,0,0,0
360076,3,1,0,0,0,0,0,0,9,0,0,0
360076,4,1,1,1,1,1,1,1,1,1,1,1
360077,1,1,0,0,0,0,0,0,0,0,0,0
360078,0,1,0,0,0,0,0,0,0,0,0,0
360078,1,1,0,0,0,0,0,0,0,0,0,0
360079,1,1,0,0,0,0,0,0,0,0,0,0
360079,2,1,0,0,0,0,0,0,0,0,0,0
360080,1,1,0,0,0,0,0,0,0,0,0,0
360080,2,1,0,0,0,0,0,0,0,0,0,0
360081,0,1,13,13,13,13,13,13,13,13,13,13
360081,1,1,0,0,0,0,0,0,0,0,0,0
360082,1,1,24,24,24,24,24,24,24,24,24,24
360083,1,1,0,0,0,0,0,0,0,0,0,0
360083,2,1,0,0,0,0,0,0,0,0,0,0
360084,1,1,0,0,0,0,0,0,0,0,0,0
360085,1,1,13,20,21,27,24,20,19,26,0,24
360086,0,1,25,25,25,25,25,25,25,25,25,25
360086,1,1,0,0,13,0,0,0,17,0,0,17
360087,1,1,29,29,29,29,29,29,29,29,29,29
360087,2,1,0,0,0,0,0,0,0,0,0,0
360087,3,1,0,12,7,9,28,0,4,0,5,13
360088,1,1,0,0,0,0,0,0,0,0,0,0
360089,0,1,0,0,0,0,0,0,0,0,0,0
360089,1,1,0,0,0,0,0,0,0,0,0,0
360090,0,1,0,0,0,0,0,0,0,0,0,0
360090,1,1,0,0,0,9,0,0,0,0,0,0
360091,1,1,0,0,0,0,0,0,0,0,0,0
360092,0,1,0,0,0,0,0,0,0,0,0,0
360092,1,1,0,0,0,0,0,0,0,0,0,0
360093,1,1,0,0,26,0,0,0,0,0,0,0
360093,2,1,0,0,0,0,0,0,0,0,0,0
360094,0,1,0,0,0,0,0,0,0,0,0,0
360094,1,1,0,0,0,0,0,0,0,0,0,0
360095,1,1,0,0,0,0,0,0,0,0,0,0
360095,2,1,0,0,0,0,0,0,0,0,0,0
360096,1,1,0,0,0,0,0,0,0,0,0,0
360097,1,1,0,0,0,0,0,0,0,0,0,0
360098,1,1,0,0,0,0,0,0,0,0,0,0
360099,0,1,10,10,10,10,10,10,10,10,10,10
360099,1,1,0,0,0,0,0,0,13,0,0,21
360100,1,1,0,0,0,0,0,0,0,0,0,0
360101,1,1,0,19,0,4,23,0,0,0,0,15
360101,2,1,0,0,0,0,0,0,0,0,0,0
360102,1,1,0,0,0,0,0,0,0,0,0,0
360103,0,1,0,0,0,0,0,0,0,0,0,0
360103,1,1,0,0,0,0,0,0,0,32,0,0
360104,1,1,4,4,4,4,4,4,4,4,4,4
360105,0,1,0,0,0,0,0,0,0,0,0,0
360105,1,1,0,0,0,0,0,0,19,0,17,0
360106,0,1,23,23,23,23,23,23,23,23,23,23
360106,1,1,0,0,0,0,0,0,0,0,0,0
360107,1,1,24,24,24,24,24,24,24,24,24,24
360108,0,1,26,0,0,0,20,0,0,9,10,0
360108,1,1,0,0,0,0,0,0,0,0,0,0
360109,1,1,17,0,0,0,0,0,0,0,0,0
360109,2,1,30,0,0,18,0,0,0,0,0,0
360110,1,1,0,0,0,0,0,0,0,0,0,0
360110,2,1,0,0,10,0,0,0,0,11,0,0
360111,0,1,0,0,0,0,0,0,0,0,0,0
360111,1,1,0,0,0,19,16,0,0,0,0,0
360112,0,1,0,0,0,0,0,0,0,0,0,0
360112,1,1,19,0,24,0,0,0,0,0,0,21
360113,0,1,11,0,0,0,0,0,0,0,3,0
360113,1,1,0,0,0,0,0,0,0,0,0,0
360115,1,1,0,0,0,0,0,0,0,0,0,0
360115,2,1,0,14,0,0,0,0,0,0,16,0
360116,1,1,0,0,0,0,0,0,0,0,0,0
360117,0,1,0,0,0,0,0,0,0,0,0,0
360117,1,1,0,0,0,0,0,0,0,0,0,0
360118,0,1,12,12,12,12,12,12,12,12,12,12
360118,1,1,0,0,0,0,0,13,0,0,0,0
360119,0,1,0,0,0,0,0,0,0,0,0,0
360119,1,1,0,0,0,0,0,0,0,0,0,0
360120,1,1,0,0,0,0,0,0,0,0,0,0
360120,2,1,0,0,0,0,0,0,0,0,0,0
360121,0,1,23,23,23,23,23,23,23,23,23,23
360121,1,1,3,0,0,0,0,17,0,0,0,0
360122,0,1,0,0,0,0,0,0,0,0,0,0
360122,1,1,0,0,0,0,0,0,0,17,15,13
360123,1,1,12,15,14,28,12,33,22,18,21,7
360124,0,1,0,0,0,0,0,0,0,0,0,0
360124,1,1,0,0,0,0,0,11,0,0,0,0
360125,1,1,0,0,0,5,0,0,0,0,0,0
360126,1,1,0,0,0,0,0,0,0,0,0,0
360127,0,1,0,0,0,0,0,0,0,0,0,0
360127,1,1,0,0,0,0,0,0,12,17,0,0
360128,0,1,0,0,0,0,0,0,0,0,0,0
360128,1,1,0,0,0,0,0,0,0,0,0,0
360128,2,1,0,0,0,0,0,0,0,0,0,0
360129,0,1,0,0,0,0,0,0,0,0,0,0
360129,1,1,7,0,0,0,0,0,0,0,0,19
360130,0,1,0,0,0,0,0,0,0,0,0,0
360130,1,1,0,0,0,0,0,0,0,0,0,0
360131,1,1,0,15,0,0,0,0,0,0,0,0
360131,2,1,0,0,0,0,0,12,0,0,0,0
360132,1,1,0,0,0,10,0,0,0,0,24,23
360132,2,1,0,0,0,0,0,0,0,0,0,0
360132,3,1,17,0,0,0,0,0,0,0,0,8
360133,0,1,0,0,0,0,0,0,0,0,0,0
360133,1,1,0,0,0,13,0,0,0,0,0,0
360134,1,1,0,18,12,0,0,4,12,0,7,0
360135,1,1,0,0,0,0,0,0,0,0,0,23
360135,2,1,0,0,0,0,0,0,0,0,0,0
360136,1,1,26,26,26,26,26,26,26,26,26,26
360137,1,1,19,19,19,19,19,19,19,19,19,19
360137,2,1,0,0,0,0,0,0,0,0,0,0
360138,0,1,0,0,0,0,0,0,0,0,0,0
360138,1,1,0,0,0,0,0,0,0,0,0,0
360139,1,1,18,18,18,18,18,18,18,18,18,18
360140,1,1,6,6,6,6,6,6,6,6,6,6
360140,2,1,0,0,0,0,0,0,0,0,0,0
360141,0,1,0,0,0,0,0,0,0,0,0,0
360141,1,1,12,0,0,0,10,0,27,13,10,0
360142,1,1,0,0,0,0,0,0,0,0,0,0
360143,1,1,2,2,2,2,2,2,2,2,2,2
360144,0,1,0,0,0,0,0,0,0,0,0,0
360144,1,1,0,0,0,0,0,0,0,0,12,0
360145,1,1,11,11,11,11,11,11,11,11,11,11
360146,1,1,0,0,0,0,0,0,0,0,0,0
360146,2,1,0,0,0,0,0,0,0,0,0,0
360146,3,1,0,0,0,0,0,0,0,0,0,0
360147,1,1,16,16,16,16,16,16,16,16,16,16
360147,2,1,0,0,0,0,0,0,0,0,0,0
360148,1,1,0,0,0,0,0,0,0,0,0,0
360149,0,1,31,31,31,31,31,31,31,31,31,31
360149,1,1,0,31,0,0,0,0,0,0,0,11
360149,2,1,0,13,15,0,0,0,0,0,0,0
360150,0,1,0,0,0,0,0,0,0,0,0,0
360150,1,1,0,0,0,0,10,0,0,0,8,0
360151,0,1,19,19,19,19,19,19,19,19,19,19
360151,1,1,4,25,9,0,0,17,0,0,0,0
360152,0,1,27,27,27,27,27,27,27,27,27,27
360152,1,1,0,0,22,0,0,0,0,0,0,0
360153,1,1,29,29,29,29,29,29,29,29,29,29
360154,1,1,0,0,0,0,0,0,0,0,0,0
360154,2,1,0,0,0,0,0,0,0,0,0,0
360155,0,1,0,0,0,0,0,0,0,0,0,0
360155,1,1,0,0,0,0,0,0,0,0,0,0
360156,0,1,2,2,2,2,2,2,2,2,2,2
360156,1,1,22,0,0,0,0,0,0,0,0,0
360157,1,1,0,0,0,17,0,0,0,0,0,0
360157,2,1,14,0,16,0,0,5,0,0,0,0
360158,1,1,0,0,0,0,0,0,0,0,0,0
360158,2,1,0,0,0,0,0,0,0,0,0,0
360159,1,1,0,0,0,0,0,0,0,0,0,0
360159,2,1,17,17,17,17,17,17,17,17,17,17
360160,1,1,0,0,0,0,0,0,0,0,0,0
360161,1,1,11,11,11,11,11,11,11,11,11,11
360162,1,1,0,0,0,0,0,0,0,0,0,0
360162,2,1,0,13,0,0,0,5,0,0,0,0
360162,3,1,0,0,0,0,0,0,0,0,0,18
360163,0,1,0,0,0,0,0,0,0,0,0,0
360163,1,1,7,0,0,0,0,0,0,0,0,0
360164,0,1,0,0,0,0,0,0,0,0,0,0
360164,1,1,13,23,2,11,22,8,14,28,18,0
360165,1,1,3,3,3,3,3,3,3,3,3,3
360166,0,1,0,0,0,0,0,0,0,0,0,0
360166,1,1,0,0,21,0,0,0,0,0,15,17
360167,0,1,0,0,0,0,0,0,0,0,0,0
360167,2,1,0,0,0,32,0,0,0,0,0,0
360168,1,1,0,0,0,0,0,0,0,0,0,0
360168,2,1,0,0,12,6,0,0,5,0,0,0
360169,1,1,20,20,20,20,20,20,20,20,20,20
360170,0,1,27,27,27,27,27,27,27,27,27,27
360170,1,1,0,23,0,0,0,0,0,0,0,0
360171,1,1,19,19,19,19,19,19,19,19,19,19
360172,1,1,0,0,0,0,0,0,0,0,0,0
360172,2,1,0,0,0,0,0,0,0,0,0,0
360173,1,1,20,0,0,19,0,14,0,0,0,20
360174,1,1,0,0,0,0,0,0,0,0,0,0
360174,2,1,0,0,0,0,0,0,0,0,0,0
360175,1,1,0,0,0,0,0,0,0,0,0,0
360176,0,1,0,0,0,0,0,0,0,0,0,0
360176,1,1,13,24,15,5,23,15,18,23,7,16
360177,1,1,0,0,0,0,0,18,0,0,17,0
360177,2,1,0,0,0,0,0,0,0,0,0,0
360178,1,1,3,3,3,3,3,3,3,3,3,3
360179,1,1,0,22,3,19,15,8,0,14,5,0
360180,1,1,24,24,24,24,24,24,24,24,24,24
360181,0,1,0,0,0,0,0,0,0,0,0,0
360181,1,1,0,17,22,15,0,0,0,0,0,19
360182,1,1,0,0,0,0,0,0,0,0,0,0
360182,2,1,0,0,0,0,0,12,0,0,24,7
360183,1,1,2,2,2,2,2,2,2,2,2,2
360184,0,1,0,0,0,0,0,0,0,0,0,0
360184,1,1,13,0,0,8,0,0,0,0,21,4
360185,1,1,15,0,0,0,0,8,0,0,0,0
360185,2,1,32,32,32,32,32,32,32,32,32,32
360186,1,1,14,14,14,14,14,14,14,14,14,14
360187,0,1,0,0,0,0,0,0,0,0,0,0
360187,1,1,0,0,0,0,0,0,0,0,0,0
360188,1,1,0,0,0,0,0,9,0,0,0,0
360188,2,1,0,0,0,0,0,0,0,0,0,0
360189,1,1,0,0,0,0,0,0,0,0,0,0
360190,1,1,0,0,0,0,0,0,0,0,0,0
360190,2,1,0,0,0,0,0,0,0,0,0,0
360191,1,1,19,19,19,19,19,19,19,19,19,19
360192,0,1,0,0,0,0,0,0,0,0,0,0
360192,1,1,0,0,22,0,8,11,15,0,34,7
360192,2,1,0,0,0,0,0,0,8,0,0,0
360193,1,1,24,24,24,24,24,24,24,24,24,24
360194,0,1,0,0,0,0,0,0,0,0,0,0
360194,1,1,0,27,0,0,0,0,0,0,0,0
360195,0,1,0,0,0,0,0,0,0,0,0,0
360195,1,1,0,0,0,0,0,0,0,0,0,0
360196,1,1,14,14,14,14,14,14,14,14,14,14
360197,1,1,0,14,19,23,12,25,24,0,16,19
360198,1,1,0,0,0,0,0,0,0,0,0,0
360199,1,1,0,0,0,0,0,0,0,0,0,0
360199,2,1,0,0,0,0,0,0,0,0,0,0
360200,1,1,0,0,0,0,0,0,0,0,0,0
360201,1,1,0,0,0,0,0,0,0,0,0,0
360202,1,1,0,20,0,18,26,0,3,25,0,8
360202,2,1,0,0,0,0,0,0,0,0,0,0
360203,0,1,0,0,0,0,0,0,0,0,0,0
360203,1,1,0,0,0,0,0,0,9,0,0,0
360204,0,1,0,0,0,0,0,0,0,0,0,0
360204,1,1,0,0,0,0,0,0,0,0,0,0
360205,1,1,0,26,0,41,0,18,0,0,0,0
360206,1,1,17,17,17,17,17,17,17,17,17,17
360206,2,1,0,0,0,0,0,0,0,0,0,0
360207,1,1,0,0,0,0,0,14,0,0,0,0
360207,2,1,0,0,0,0,0,0,0,0,0,0
360208,1,1,16,0,0,4,0,0,2,0,8,0
360208,2,1,0,0,0,0,15,0,0,0,0,0
360209,1,1,0,0,0,0,0,0,0,0,0,8
360209,2,1,0,0,0,0,0,0,0,0,0,0
360210,1,1,0,0,0,0,0,0,0,0,0,0
360210,2,1,0,13,0,0,0,0,0,0,0,0
360211,0,1,0,0,0,0,0,0,0,0,0,0
360211,1,1,0,4,11,0,0,15,0,0,4,23
360212,0,1,8,8,8,8,8,8,8,8,8,8
360212,1,1,0,0,0,0,0,0,0,0,0,0
360213,1,1,0,0,10,0,0,0,0,0,0,0
360213,2,1,0,0,0,0,0,0,0,0,0,0
360214,1,1,0,0,0,0,0,0,0,0,0,0
360215,0,1,0,28,0,16,0,0,0,0,0,0
360215,1,1,0,0,0,19,0,0,38,0,19,0
360216,1,1,0,0,0,0,0,0,0,0,0,0
360217,0,1,0,0,0,0,0,0,0,0,0,0
360217,1,1,0,0,0,0,0,0,0,0,0,0
360218,1,1,0,0,0,0,0,0,0,0,5,0
360218,2,1,0,0,4,0,0,0,0,0,0,0
360219,1,1,0,0,0,0,9,0,15,0,0,0
360219,2,1,0,0,0,0,0,6,11,0,0,0
360219,3,1,0,0,0,0,0,0,0,0,0,0
360219,4,1,5,0,0,15,0,0,0,0,0,0
360220,0,1,0,0,0,0,0,0,0,0,0,0
360220,1,1,0,0,14,0,0,6,0,0,0,11
360221,1,1,0,0,0,0,0,0,0,0,0,0
360221,2,1,0,0,4,0,0,0,11,10,0,0
360222,0,1,0,0,0,0,0,0,0,0,0,0
360222,1,1,23,0,28,8,22,13,22,3,21,0
360223,1,1,7,17,35,23,10,24,15,11,10,26
360224,1,1,28,28,28,28,28,28,28,28,28,28
360224,2,1,0,0,0,0,0,19,0,0,0,0
360225,1,1,18,18,18,18,18,18,18,18,18,18
360226,1,1,13,13,13,13,13,13,13,13,13,13
360227,1,1,20,0,0,20,0,13,0,0,19,0
360227,2,1,0,0,0,0,0,0,0,0,0,0
360228,2,1,0,0,0,0,0,0,0,0,0,0
360229,1,1,0,0,0,0,0,0,0,0,0,0
360230,0,1,0,0,0,0,0,0,0,0,0,0
360230,1,1,13,0,0,0,0,9,0,0,0,0
360231,1,1,0,0,0,0,0,0,0,0,0,0
360232,0,1,0,0,0,0,0,0,0,0,0,0
360232,1,1,0,13,11,0,0,21,19,0,36,14
360233,0,1,0,0,0,0,0,0,0,0,0,0
360233,1,1,0,0,0,0,0,0,0,0,0,0
360234,0,1,0,0,0,0,0,0,0,0,0,0
360234,1,1,0,0,0,12,0,10,0,6,0,0
360235,1,1,11,14,16,17,22,20,16,32,9,16
360235,2,1,0,14,0,0,0,8,0,0,0,0
360236,1,1,0,0,0,0,0,0,0,0,0,0
360237,1,1,0,0,0,0,0,0,0,0,0,0
360238,0,1,0,0,0,0,0,0,0,0,0,0
360238,1,1,0,0,0,0,0,0,0,0,0,0
360239,1,1,0,32,0,29,19,0,27,24,47,25
360240,1,1,0,0,0,0,0,35,12,12,0,7
360241,1,1,36,36,36,36,36,36,36,36,36,36
360242,0,1,26,26,26,26,26,26,26,26,26,26
360242,1,1,8,13,5,0,0,8,7,26,14,11
360243,1,1,0,0,0,0,0,0,0,0,0,0
360243,2,1,8,0,0,0,0,0,0,0,22,0
360243,3,1,0,0,0,0,0,0,0,0,0,0
360243,4,1,0,0,0,0,0,0,5,0,0,0
360244,0,1,0,0,0,0,0,0,0,0,0,0
360244,1,1,19,38,22,16,10,19,24,14,34,19
360245,1,1,0,27,4,0,0,20,0,0,0,0
360246,1,1,0,0,0,0,0,0,0,0,0,0
360246,2,1,0,0,0,0,0,0,0,0,0,0
360247,1,1,0,0,0,0,0,0,0,0,0,0
360247,2,1,0,0,0,0,0,0,0,0,0,0
360248,1,1,0,0,0,0,0,0,0,0,0,0
360249,1,1,16,16,16,16,16,16,16,16,16,16
360250,0,1,21,21,21,21,21,21,21,21,21,21
360250,1,1,0,0,11,0,0,14,0,0,14,30
360251,1,1,0,0,0,0,0,0,0,0,0,0
360252,1,1,31,31,31,31,31,31,31,31,31,31
360252,2,1,0,0,0,0,0,0,0,0,0,0
360253,0,1,21,21,21,21,21,21,21,21,21,21
360253,1,1,0,0,0,0,0,0,0,0,0,0
360254,1,1,8,8,8,8,8,8,8,8,8,8
360254,2,1,0,0,0,0,0,0,0,0,0,0
360255,1,1,13,13,13,13,13,13,13,13,13,13
360256,1,1,30,0,12,6,18,10,20,20,18,0
360256,2,1,25,25,25,25,25,25,25,25,25,25
360257,1,1,0,0,0,0,0,0,0,0,0,0
360257,2,1,0,0,0,0,0,0,13,0,0,0
360258,0,1,18,18,18,18,18,18,18,18,18,18
360258,1,1,4,4,4,4,4,4,4,4,4,4
360259,1,1,8,26,21,0,0,11,16,14,0,12
360260,1,1,0,0,0,0,0,0,0,0,0,0
360260,2,1,15,0,13,15,0,0,0,0,0,14
360261,1,1,0,0,0,0,0,0,0,0,0,0
360262,1,1,0,0,0,0,0,0,0,0,0,0
360262,2,1,12,25,0,9,0,0,28,0,0,0
360263,1,1,3,3,3,3,3,3,3,3,3,3
360264,0,1,21,21,21,21,21,21,21,21,21,21
360264,1,1,0,19,12,8,0,0,0,14,16,24
360265,1,1,0,0,0,0,0,0,0,0,0,0
360265,2,1,0,0,11,8,0,0,0,0,0,14
360265,3,1,14,0,0,0,0,6,7,0,0,0
360266,1,1,25,25,25,25,25,25,25,25,25,25
360267,1,1,0,0,0,0,0,0,0,0,0,0
360268,1,1,16,16,16,16,16,16,16,16,16,16
360269,0,1,0,0,0,0,0,0,0,0,0,0
360269,1,1,2,0,0,0,0,0,0,15,0,0
360270,1,1,18,18,18,18,18,18,18,18,18,18
360271,1,1,0,0,0,0,0,0,0,0,0,18
360271,2,1,7,0,0,0,15,0,17,14,0,18
360272,1,1,0,0,0,0,0,0,0,0,0,0
360273,0,1,0,0,0,0,0,0,0,0,0,0
360273,1,1,0,0,12,0,0,9,0,14,0,0
360274,1,1,0,0,0,16,0,28,0,0,0,0
360274,2,1,0,0,0,0,0,0,0,0,0,0
360275,1,1,0,0,0,0,0,0,0,0,0,0
360275,2,1,0,0,0,0,0,0,0,0,0,0
360276,0,1,2,2,2,2,2,2,2,2,2,2
360276,1,1,0,9,3,0,19,0,0,0,0,0
360277,0,1,0,0,0,0,0,0,0,0,0,0
360277,1,1,0,0,0,9,0,0,0,0,0,27
360278,0,1,2,2,2,2,2,2,2,2,2,2
360278,1,1,0,0,0,0,0,0,42,0,0,18
360279,1,1,0,0,0,0,0,0,0,0,0,0
360280,0,1,2,2,2,2,2,2,2,2,2,2
360280,1,1,0,9,0,15,0,0,0,0,0,0
360281,1,1,0,0,0,0,0,0,0,0,0,15
360282,0,1,0,0,0,0,0,0,0,0,0,0
360282,1,1,12,24,22,0,6,0,0,0,38,14
360283,1,1,0,12,0,0,0,0,0,0,0,12
360283,2,1,0,0,0,0,0,0,0,0,0,0
360284,0,1,1,1,1,1,1,1,1,1,1,1
360284,1,1,0,3,0,0,0,15,18,0,0,0
360285,0,1,0,0,0,0,0,0,0,0,0,0
360285,1,1,0,0,0,0,0,0,0,10,0,0
360286,1,1,5,17,13,8,0,12,0,13,4,41
360287,1,1,21,21,21,21,21,21,21,21,21,21
360288,1,1,0,0,0,0,0,0,0,24,0,0
360288,2,1,0,0,0,0,0,0,16,0,0,0
360289,1,1,0,8,24,19,0,33,0,22,16,0
360290,0,1,0,0,0,0,0,0,0,0,0,0
360290,1,1,0,0,0,0,0,0,0,0,0,0
360291,0,1,0,0,0,0,0,0,0,0,0,0
360291,1,1,22,22,22,22,22,22,22,22,22,22
360292,0,1,0,0,0,0,0,0,0,0,0,0
360292,1,1,19,0,0,34,0,0,0,0,8,0
360293,1,1,0,0,0,11,0,5,0,0,0,0
360293,2,1,0,0,0,0,0,0,0,0,0,0
360294,1,1,0,0,0,0,0,0,0,0,0,0
360295,1,1,16,16,16,16,16,16,16,16,16,16
360296,1,1,4,4,4,4,4,4,4,4,4,4
360297,0,1,25,25,25,25,25,25,25,25,25,25
360297,1,1,0,0,0,0,0,0,0,0,0,0
360298,1,1,0,0,0,0,0,0,0,0,0,0
360298,2,1,0,0,0,0,0,0,0,0,0,0
360299,1,1,0,0,0,0,0,0,0,0,12,0
360299,2,1,0,0,0,0,0,0,0,0,0,0
360300,1,1,4,4,4,4,4,4,4,4,4,4
360300,2,1,0,0,0,0,0,0,0,0,0,6
360301,1,1,25,25,25,25,25,25,25,25,25,25
360302,1,1,0,0,0,0,0,0,0,0,0,0
360303,1,1,0,0,0,0,0,0,0,0,0,0
360303,2,1,0,0,0,0,0,0,0,0,9,0
360304,1,1,0,0,0,0,0,0,35,9,26,7
360305,1,1,0,0,0,0,0,0,0,0,30,10
360306,1,1,0,0,0,0,0,0,0,0,0,0
360306,2,1,0,0,0,0,0,0,0,0,0,0
360307,0,1,1,1,1,1,1,1,1,1,1,1
360307,1,1,12,0,0,0,0,0,0,0,0,0
360308,1,1,0,0,0,24,14,0,0,20,0,0
360309,0,1,0,0,0,0,0,0,0,0,0,0
360309,1,1,0,0,0,20,0,0,0,0,0,0
360310,1,1,16,16,16,16,16,16,16,16,16,16
360311,0,1,30,30,30,30,30,30,30,30,30,30
360311,1,1,0,30,0,0,0,0,0,20,0,0
360312,1,1,0,0,0,0,0,0,0,0,0,0
360313,1,1,0,0,0,0,0,0,0,0,0,0
360313,2,1,0,0,0,0,0,0,11,0,0,0
360314,1,1,0,0,0,0,0,0,0,0,0,0
360314,2,1,6,20,0,0,0,0,14,0,16,0
360315,0,1,0,0,0,0,0,0,0,0,0,0
360315,1,1,13,0,0,0,0,0,0,16,23,0
360316,1,1,17,17,17,17,17,17,17,17,17,17
360316,2,1,0,0,0,0,0,0,21,0,0,14
360317,1,1,14,14,14,14,14,14,14,14,14,14
360318,0,1,36,36,36,36,36,36,36,36,36,36
360318,1,1,0,0,0,0,0,0,8,15,0,6
360319,1,1,0,0,0,0,5,0,0,0,0,11
360319,2,1,0,0,0,0,0,0,0,0,0,0
360320,0,1,0,0,0,0,0,0,0,0,0,0
360320,1,1,0,0,0,0,0,0,0,0,0,0
360321,1,1,24,24,24,24,24,24,24,24,24,24
360322,1,1,0,0,0,0,0,0,0,0,0,0
360322,2,1,0,0,0,0,0,0,0,0,0,0
360322,3,1,0,0,0,0,0,0,0,0,0,0
360323,1,1,22,22,22,22,22,22,22,22,22,22
360324,1,1,0,0,0,0,0,0,0,0,0,0
360325,0,1,0,0,0,0,0,0,0,0,0,0
360325,1,1,20,0,0,0,0,20,0,0,0,22
360326,1,1,0,0,0,0,0,0,0,0,0,0
360326,2,1,0,0,0,0,0,0,0,0,0,0
360327,1,1,0,0,0,0,0,0,0,0,0,0
360328,0,1,0,30,0,32,28,0,0,11,0,23
360328,1,1,0,0,0,0,0,0,0,0,0,0
360329,0,1,0,0,0,0,0,0,0,0,0,0
360329,1,1,0,8,12,23,6,0,17,0,0,0
360330,1,1,0,0,0,0,0,0,0,0,0,0
360331,1,1,0,0,0,0,0,0,0,0,0,0
360331,2,1,0,0,0,0,0,0,0,0,0,0
360332,0,1,16,12,16,18,37,18,27,39,12,21
360332,1,1,0,12,0,11,0,0,0,0,13,0
360332,2,1,0,0,0,0,0,48,0,0,0,19
360333,1,1,0,0,0,0,0,0,0,0,0,0
360333,2,1,0,0,0,0,0,28,0,9,13,16
360334,0,1,0,0,0,0,0,0,0,0,0,0
360334,1,1,0,0,0,0,0,0,0,0,0,0
360335,1,1,17,17,17,17,17,17,17,17,17,17
360336,0,1,0,0,0,0,0,0,0,0,0,0
360336,1,1,0,0,0,0,0,0,0,0,0,0
360337,1,1,12,12,12,12,12,12,12,12,12,12
360338,1,1,0,0,0,0,0,0,0,0,0,0
360338,2,1,0,0,0,0,0,0,0,6,0,0
360339,1,1,0,0,0,0,0,0,0,7,0,0
360339,2,1,0,0,0,0,0,0,0,0,0,0
360340,1,1,0,0,0,0,0,0,0,0,0,0
360341,1,1,0,0,0,0,0,7,0,0,0,0
360341,2,1,0,0,0,0,0,0,0,0,0,0
360342,1,1,12,0,0,0,0,0,0,0,0,0
360342,2,1,0,0,0,0,0,0,0,0,0,0
360343,1,1,0,0,35,0,9,0,13,0,0,0
360343,2,1,0,0,0,0,0,0,0,0,0,0
360344,1,1,0,0,0,0,0,0,0,0,0,0
360344,2,1,0,0,0,0,0,0,0,0,0,0
360345,1,1,7,7,0,0,0,0,23,0,0,21
360345,2,1,0,17,0,0,0,0,8,12,16,0
360346,1,1,0,0,0,0,0,0,0,0,0,0
360347,1,1,0,0,0,0,0,0,0,0,0,0
360347,2,1,0,34,0,0,0,23,0,0,29,0
360348,0,1,24,24,24,24,24,24,24,24,24,24
360348,1,1,0,0,14,0,0,26,0,0,10,0
360349,1,1,0,0,0,0,0,0,0,0,0,0
360349,2,1,0,0,0,0,0,0,0,0,0,0
360350,0,1,0,0,0,0,0,0,0,0,0,0
360350,1,1,0,9,7,0,0,15,0,0,0,9
360351,0,1,0,0,0,0,0,0,0,0,0,0
360351,1,1,0,0,0,0,18,0,0,0,8,0
360352,1,1,0,0,0,0,0,0,0,0,0,0
360352,2,1,0,0,0,0,0,0,0,0,0,0
360352,3,1,0,0,0,0,0,0,0,0,0,0
360353,0,1,0,0,0,0,0,0,0,0,0,0