ST_CASE,VEH_NO,PER_NO,P1,P2,P3,P4,P5,P6,P7,P8,P9,P10
360935,1,1,0,0,0,0,0,0,0,0,0,0
360936,0,1,0,0,0,0,0,0,0,0,0,0
360936,1,1,0,16,0,0,0,0,0,0,0,0
360937,0,1,0,0,0,0,0,0,0,0,0,0
360937,0,2,30,0,41,18,31,17,0,29,25,4
360937,1,1,0,0,0,0,0,0,0,0,0,19
360938,1,1,5,0,0,0,0,0,0,9,0,0
360938,2,1,0,0,0,0,0,0,0,0,0,0
360939,0,1,0,0,0,0,0,0,0,0,0,0
360939,1,1,0,0,0,0,0,0,9,13,0,0
360940,0,1,33,33,33,33,33,33,33,33,33,33
360940,1,1,0,0,9,0,0,0,0,0,0,0
360941,0,1,0,0,0,0,0,0,0,0,0,0
360941,1,1,0,0,0,14,0,0,18,0,0,0
360942,1,1,13,13,13,13,13,13,13,13,13,13
360943,0,1,0,0,0,0,0,0,0,0,0,0
360943,1,1,0,0,0,0,0,0,0,0,0,0
360944,1,1,0,0,0,7,0,0,11,12,4,0
360944,2,1,0,0,0,0,0,0,0,0,0,0
360945,1,1,0,0,0,0,0,0,0,0,0,0
360946,1,1,18,20,16,15,20,13,13,0,12,16
360946,2,1,0,0,0,20,0,0,0,0,34,13
360946,3,1,0,0,0,0,0,0,0,0,0,0
360947,1,1,0,0,0,17,0,13,0,0,0,15
360947,2,1,0,0,0,0,0,0,0,0,0,0
360948,0,1,0,0,0,0,0,0,0,0,0,0
360948,1,1,24,9,0,0,0,14,0,0,0,0
360949,0,1,20,20,20,20,20,20,20,20,20,20
360949,1,1,14,15,35,17,0,0,0,26,0,0
360949,2,1,0,18,0,0,0,6,0,5,5,0
360950,0,1,0,0,0,0,0,0,0,0,0,0
360950,1,1,0,0,0,0,0,0,0,0,0,0
360951,1,1,0,0,0,0,0,0,0,0,0,0
360951,2,1,0,0,0,0,0,0,0,0,0,0
360951,3,1,0,0,0,0,0,0,0,0,0,0
360951,4,1,0,0,0,0,0,0,0,0,0,26
360952,1,1,25,25,25,25,25,25,25,25,25,25
360953,1,1,0,0,0,0,0,0,0,0,0,0
360954,1,1,0,0,0,0,0,0,0,0,0,0
360955,1,1,0,0,0,0,5,6,0,0,0,0
360955,2,1,0,0,0,0,0,0,0,0,0,0
360956,1,1,0,0,0,0,0,0,0,0,0,0
360956,2,1,0,0,0,0,0,0,0,0,0,0
360957,1,1,0,0,0,0,0,21,0,0,0,21
360957,2,1,0,0,0,0,0,0,0,0,0,0
360958,0,1,32,32,32,32,32,32,32,32,32,32
360958,1,1,2,2,2,2,2,2,2,2,2,2
360959,1,1,14,18,14,25,39,20,21,17,11,13
360960,1,1,21,21,21,21,21,21,21,21,21,21
360961,0,1,0,0,0,0,0,15,0,0,0,16
360961,1,1,0,0,0,0,0,0,0,0,0,0
360962,0,1,27,27,27,27,27,27,27,27,27,27
360962,1,1,8,0,0,0,49,0,0,0,0,0
360963,1,1,0,0,11,0,0,0,0,0,10,0
360963,2,1,0,0,0,0,0,0,9,0,0,0
360964,1,1,0,0,0,0,0,0,0,0,0,0
360964,2,1,0,20,0,13,38,0,0,0,0,21
360965,1,1,24,24,24,24,24,24,24,24,24,24
360966,1,1,0,0,0,0,0,0,0,0,0,0
360966,2,1,0,0,0,0,0,18,0,0,0,0
360967,1,1,0,0,0,0,0,0,0,0,0,0
360967,2,1,0,0,25,0,0,0,0,0,0,0
360968,0,1,0,0,0,0,0,0,0,28,0,0
360968,1,1,13,26,0,0,0,0,0,0,25,23
360969,0,1,4,4,4,4,4,4,4,4,4,4
360969,1,1,0,0,0,0,4,0,0,10,0,0
360970,0,1,0,0,0,0,0,0,12,0,0,0
360970,1,1,0,24,17,0,0,0,0,0,5,24
360971,0,1,14,14,14,14,14,14,14,14,14,14
360971,0,2,15,0,25,0,0,0,0,0,0,0
360971,1,1,0,19,10,28,18,7,12,13,11,26
360972,1,1,13,10,6,0,0,0,0,7,0,0
360972,2,1,24,5,8,0,33,0,0,0,25,0
360973,1,1,0,0,0,0,0,0,24,3,0,0
360973,2,1,25,0,0,0,0,0,0,0,0,0
360974,1,1,0,0,0,0,0,0,0,0,0,0
360975,0,1,2,2,2,2,2,2,2,2,2,2
360975,1,1,0,0,0,0,0,0,0,0,0,0
360976,1,1,11,3,0,7,13,8,0,0,0,5
360976,2,1,10,0,0,0,0,0,0,0,0,0
360977,0,1,13,13,13,13,13,13,13,13,13,13
360977,1,1,0,16,3,0,0,13,0,0,23,0
360978,1,1,0,0,0,0,0,0,0,0,0,0
360979,1,1,0,0,0,0,0,0,0,0,0,0
360979,2,1,24,16,14,0,0,0,20,0,0,0
360980,1,1,0,0,0,0,0,0,0,0,0,0
360980,2,1,0,0,0,0,0,0,0,45,0,0
360981,1,1,26,26,26,26,26,26,26,26,26,26
360982,1,1,0,0,0,0,0,0,0,0,0,14
360983,0,1,17,17,17,17,17,17,17,17,17,17
360983,1,1,19,18,0,0,0,8,16,0,0,0
360983,2,1,0,0,0,0,0,0,0,0,0,0
360983,3,1,0,0,0,15,0,15,0,0,20,0
360983,4,1,13,0,0,0,0,0,0,0,0,0
360984,1,1,14,14,14,14,14,14,14,14,14,14
360984,2,1,0,0,0,0,0,0,0,15,0,0
360985,0,1,0,0,0,0,0,0,0,0,0,0
360985,1,1,0,0,10,0,19,0,0,0,0,28
360986,1,1,0,0,0,0,0,0,0,0,0,0
360987,1,1,0,0,0,0,0,0,0,0,0,0
360987,2,1,0,0,0,0,0,18,0,0,0,0
360988,1,1,0,0,0,0,22,0,0,0,0,0
360989,0,1,0,0,0,0,0,0,0,0,0,0
360989,1,1,0,10,0,0,29,38,0,0,30,0
360990,0,1,0,20,0,0,0,0,0,0,0,33
360990,1,1,0,0,14,0,0,0,0,0,0,0
360991,1,1,0,0,0,0,0,0,0,0,0,0
360992,0,1,0,0,0,0,0,0,0,0,0,0
360992,1,1,39,0,0,18,0,0,21,0,0,0
360993,1,1,0,0,0,0,0,0,0,0,0,0
360994,0,1,0,0,0,0,0,0,0,0,0,0
360994,1,1,0,0,0,0,0,0,2,0,0,0
360995,0,1,0,0,0,0,0,0,0,0,0,0
360995,1,1,0,0,18,0,0,0,0,0,0,0
360995,2,1,0,0,0,0,0,0,0,0,0,0
360996,0,1,0,0,0,0,0,0,0,0,0,0
360996,1,1,0,0,0,0,0,0,0,0,0,0
360997,1,1,34,34,34,34,34,34,34,34,34,34
360998,1,1,0,0,0,0,0,0,0,0,0,0
360998,2,1,0,0,0,0,0,0,4,0,0,0
360999,1,1,0,0,0,0,0,0,0,0,0,0
360999,2,1,0,0,0,0,0,0,0,0,0,0
361000,0,1,0,0,0,0,0,0,0,0,0,0
361000,1,1,0,13,0,0,0,42,0,0,0,0
361001,0,1,0,0,0,0,0,0,0,0,0,0
361001,1,1,0,0,0,7,0,13,0,0,24,0
361002,0,1,0,0,0,0,0,0,0,0,0,0
361002,1,1,14,14,14,14,14,14,14,14,14,14
361003,1,1,17,17,17,17,17,17,17,17,17,17
361003,2,1,13,26,16,0,0,14,0,0,0,0
361004,0,1,19,19,19,19,19,19,19,19,19,19
361004,1,1,15,0,0,0,0,0,11,0,0,0
361004,3,1,0,0,0,0,0,0,0,5,0,6
361004,5,1,5,0,0,0,11,0,0,0,0,0
361004,6,1,0,0,0,0,0,0,0,29,0,0
361005,1,1,0,0,0,0,0,0,0,0,0,0
361006,0,1,0,0,0,0,0,0,0,0,0,0
361006,1,1,0,0,0,0,0,0,0,0,0,0
361007,1,1,0,0,0,0,0,0,0,0,0,0
361007,2,1,0,0,0,0,0,0,0,0,0,0
361008,0,1,6,6,6,6,6,6,6,6,6,6
361008,1,1,0,0,0,0,0,0,0,0,0,0
361009,0,1,0,0,0,0,0,0,0,0,0,0
361009,1,1,0,0,0,0,0,0,0,0,0,0
361010,1,1,3,7,8,29,7,0,7,21,8,8
361010,2,1,27,0,0,0,0,27,20,0,15,13
361010,3,1,0,0,15,0,0,7,0,0,0,0
361011,0,1,0,0,0,0,0,0,0,0,0,10
361011,1,1,0,0,0,0,0,0,11,0,0,0
361012,1,1,0,0,0,0,0,0,0,0,0,0
361012,2,1,0,0,0,0,0,0,0,0,0,0
361013,1,1,0,0,0,0,0,0,0,0,0,0
361013,2,1,0,17,0,0,0,0,0,0,0,7
361014,0,1,9,9,9,9,9,9,9,9,9,9
361014,1,1,15,0,0,14,0,14,0,0,0,12
361015,1,1,0,0,0,0,0,12,13,0,17,0
361015,2,1,0,0,0,0,0,0,0,0,0,0
361016,1,1,23,15,27,19,30,10,27,33,2,30
361017,1,1,32,15,15,5,35,13,10,23,31,16
361018,1,1,0,0,26,0,0,0,0,0,0,0
361018,2,1,0,0,0,0,0,0,0,0,0,0
361019,1,1,22,0,0,0,0,8,0,0,0,0
361019,2,1,0,0,0,0,0,0,0,0,0,0
361020,1,1,22,22,22,22,22,22,22,22,22,22
361021,0,1,9,9,9,9,9,9,9,9,9,9
361021,1,1,0,46,0,0,0,0,0,2,0,20
361022,0,1,0,0,0,0,0,0,0,0,0,0
361022,1,1,8,0,0,13,0,0,0,0,0,0
361023,1,1,0,0,11,0,7,31,2,14,13,0
361023,2,1,0,0,0,0,0,0,0,0,0,0
361024,1,1,0,10,0,0,0,0,0,0,0,0
361024,2,1,6,6,6,6,6,6,6,6,6,6
361024,3,1,26,0,11,0,0,0,7,0,18,0
361025,1,1,0,0,0,0,0,0,0,0,0,0
361025,2,1,0,0,0,0,0,0,0,0,0,0
361026,0,1,0,0,39,0,0,0,0,0,0,0
361026,1,1,0,0,0,0,0,0,22,0,16,0
361027,0,1,0,0,0,0,0,0,0,0,0,0
361027,1,1,0,0,0,10,0,0,0,0,0,0
361028,0,1,0,0,0,0,0,0,0,0,0,0
361028,1,1,0,0,0,0,0,0,0,2,0,0
361029,1,1,0,0,0,0,0,0,0,0,0,0
361030,1,1,0,0,0,0,0,0,0,0,0,0
361031,1,1,0,0,0,0,0,0,0,0,0,0
361031,2,1,23,14,32,0,7,32,9,22,12,16
361032,0,1,0,0,0,0,0,0,0,0,0,0
361032,1,1,28,0,18,0,0,8,16,0,0,9
361033,1,1,0,0,0,0,0,0,0,0,0,0
361033,2,1,0,0,0,0,0,0,0,0,0,0
361033,3,1,0,0,0,0,0,0,0,0,0,0
361033,4,1,0,0,0,0,0,0,0,23,0,0
361033,5,1,0,0,0,0,0,0,0,0,0,15
361033,6,1,0,0,10,0,0,0,0,0,0,0
361033,7,1,0,0,0,0,10,0,0,0,0,0
361033,8,1,0,0,0,0,0,0,0,0,0,0
361033,9,1,0,20,0,0,28,0,0,0,0,0
361033,10,1,0,18,0,0,0,0,0,0,0,0
361033,11,1,0,0,0,18,0,0,0,0,0,0
361033,12,1,0,0,0,0,0,0,0,0,0,0
361033,13,1,0,0,0,0,0,0,32,0,0,0
361033,14,1,0,0,0,0,0,0,0,0,0,0
361033,15,1,0,0,0,27,0,0,0,0,0,0
361033,16,1,0,0,0,0,0,0,16,0,0,0
361033,17,1,0,0,0,0,0,0,0,0,0,0
361033,18,1,0,0,0,0,0,0,0,0,0,0
361033,19,1,0,0,0,0,0,0,0,0,0,0
361033,20,1,0,0,0,0,0,0,0,0,0,0
361033,21,1,0,0,0,0,0,7,0,0,0,0
361033,22,1,0,0,0,0,0,0,0,0,0,0
361033,23,1,0,0,0,0,0,0,0,17,0,0
361033,24,1,0,0,0,0,0,0,0,0,0,0
361033,25,1,13,0,0,0,0,0,0,15,0,0
361033,26,1,0,0,0,0,0,0,0,0,0,0
361033,27,1,0,0,0,0,0,0,0,0,0,0
361033,28,1,0,0,0,0,0,0,0,0,0,10
361033,29,1,0,0,0,0,0,0,0,0,0,0
361033,30,1,0,0,0,0,0,0,0,24,0,0
361033,31,1,0,0,0,0,0,0,0,0,0,0
361034,1,1,0,0,0,0,0,0,0,0,0,0
361035,0,1,11,11,11,11,11,11,11,11,11,11
361035,1,1,0,22,0,0,0,0,0,0,0,0
361036,0,1,0,0,0,0,0,0,0,0,0,0
361036,1,1,10,12,22,0,0,0,0,18,21,0
361037,0,1,0,0,0,0,0,0,0,0,0,0
361037,1,1,14,11,2,24,22,20,19,35,12,17
361037,2,1,23,0,0,0,12,0,18,0,0,0
361038,0,1,26,26,26,26,26,26,26,26,26,26
361038,1,1,0,15,0,0,14,0,23,0,0,0
361039,0,1,22,22,22,22,22,22,22,22,22,22
361039,1,1,0,0,0,0,0,0,0,0,0,0
361040,1,1,11,25,13,20,15,17,21,12,0,18
361041,1,1,0,0,0,0,0,0,0,0,0,12
361041,2,1,0,0,0,0,0,0,0,0,0,0
361042,0,1,0,0,0,0,0,0,0,0,0,0
361042,1,1,0,0,0,0,22,0,0,0,34,0
361043,0,1,0,0,0,12,13,0,0,0,0,0
361043,0,2,0,0,0,0,0,0,13,0,0,0
361043,1,1,0,0,0,0,0,0,0,0,0,0
361044,1,1,0,0,0,0,0,0,0,0,0,0
361044,2,1,0,16,0,0,0,0,0,31,0,35
361045,0,1,0,0,0,0,0,0,0,0,0,0
361045,1,1,0,0,0,0,0,0,0,12,0,0
361046,0,1,21,0,0,33,15,0,23,0,16,0
361046,0,2,0,0,0,0,0,17,0,0,0,16
361046,1,1,0,0,22,0,0,0,0,0,0,12
361046,2,1,0,0,26,0,0,14,0,14,0,9
361047,0,1,30,30,30,30,30,30,30,30,30,30
361047,1,1,0,0,11,0,10,0,0,0,0,0
361048,1,1,0,0,0,0,0,0,0,0,0,0
361049,1,1,17,17,17,17,17,17,17,17,17,17
361050,0,1,0,0,0,0,0,0,0,0,0,0
361050,1,1,0,0,0,0,0,15,0,6,10,0
361051,0,1,0,0,0,0,13,0,0,0,0,0
361051,1,1,0,0,0,0,0,32,0,0,0,0
361052,1,1,0,0,0,0,0,0,0,0,0,0
361053,1,1,0,0,0,0,0,0,0,0,0,0
361054,1,1,0,0,23,0,8,0,0,0,0,0
361054,2,1,0,10,8,19,0,4,0,0,16,0
361055,1,1,0,0,0,0,0,0,0,0,0,0
361056,1,1,0,0,0,0,0,0,0,0,0,0
361057,1,1,0,0,0,0,0,0,0,0,0,0
361058,1,1,0,0,0,0,0,0,0,0,0,0
361059,0,1,0,0,0,28,0,0,6,0,26,20
361059,1,1,0,0,0,0,0,0,0,0,0,0
361060,1,1,5,11,0,0,17,0,0,0,20,0
361060,2,1,0,0,0,0,13,0,0,0,0,30
361061,0,1,0,0,0,0,0,0,0,0,0,0
361061,1,1,0,29,0,0,0,0,0,0,0,0
361062,0,1,0,0,0,0,0,0,0,0,0,0
361062,1,1,0,0,0,0,0,0,0,0,0,0
361063,1,1,12,11,17,0,19,0,0,4,14,16
361063,2,1,0,0,0,0,0,0,0,0,0,0
361064,0,1,0,0,0,0,0,0,0,0,0,0
361064,1,1,0,0,0,0,0,0,0,0,0,0
361064,2,1,0,0,0,11,0,0,0,36,0,10
361065,1,1,0,0,0,0,9,5,0,0,0,0
361066,1,1,0,23,26,0,23,0,0,28,0,0
361066,2,1,0,0,0,0,0,0,0,0,0,0
361067,0,1,17,0,25,23,10,0,0,0,0,0
361067,0,2,0,0,0,0,13,17,0,0,0,0
361067,1,1,0,0,9,12,0,0,0,3,0,18
361068,1,1,0,0,0,0,0,0,0,0,0,0
361068,2,1,11,24,12,16,22,10,27,10,16,13
361068,3,1,5,18,22,12,34,15,10,18,7,5
361069,0,1,0,0,0,0,0,0,0,0,0,0
361069,1,1,0,0,0,0,0,0,0,0,0,0
361070,1,1,0,0,0,0,4,0,0,0,0,4
361070,2,1,0,0,0,0,0,0,0,0,0,0
361070,3,1,0,0,0,7,0,0,0,0,0,0
361071,1,1,0,0,0,0,0,9,0,0,0,0
361071,2,1,0,0,0,0,0,0,0,0,0,13
361072,0,1,20,25,0,0,0,0,16,0,21,12
361072,1,1,0,13,0,0,0,0,0,0,0,17
361073,0,1,19,39,20,13,0,40,23,17,22,18
361073,0,2,12,14,16,26,38,29,0,17,20,14
361073,1,1,9,9,9,9,9,9,9,9,9,9
361074,1,1,0,0,0,0,0,0,0,0,0,0
361074,2,1,0,12,5,19,3,4,11,11,14,9
361075,0,1,24,24,24,24,24,24,24,24,24,24
361075,1,1,0,0,0,0,0,0,0,0,0,0
361076,1,1,13,23,32,30,0,0,11,31,29,0
361076,2,1,0,0,0,0,0,0,0,0,0,0
361077,0,1,26,26,26,26,26,26,26,26,26,26
361077,1,1,7,0,26,0,12,0,9,17,0,0
361078,1,1,23,13,17,4,7,33,11,15,6,14
361079,0,1,0,0,0,0,0,0,0,0,0,0
361079,1,1,13,15,0,6,0,15,2,0,8,0
361079,2,1,15,12,24,30,19,30,17,8,16,25
361080,1,1,0,8,0,0,0,0,0,0,0,0
361081,0,1,39,39,39,39,39,39,39,39,39,39
361081,1,1,0,32,0,0,0,0,29,7,0,0
361082,1,1,7,7,7,7,7,7,7,7,7,7
361082,2,1,0,9,15,0,0,0,0,0,7,15
361083,0,1,0,0,0,0,0,0,0,0,0,0
361083,1,1,0,0,0,0,0,17,12,0,11,3
361084,0,1,0,0,0,0,0,0,0,0,0,0
361084,1,1,0,0,0,0,0,21,0,0,0,0
361085,1,1,21,8,16,30,12,13,9,3,10,21
361086,1,1,17,13,11,15,24,16,32,19,34,20
361087,0,1,0,0,0,0,0,0,0,0,0,0
361087,1,1,0,0,6,0,0,0,0,0,0,0
361088,0,1,0,25,0,16,0,12,36,0,0,0
361088,1,1,0,0,0,0,0,0,0,0,0,0
361089,1,1,0,22,4,0,31,0,15,0,7,0
361090,0,1,0,0,0,0,0,0,0,0,0,0
361090,0,2,0,0,0,0,0,0,0,0,0,0
361090,0,3,0,0,0,0,11,0,0,0,25,0
361090,0,4,0,0,0,0,0,0,0,0,0,0
361090,1,1,0,0,0,0,0,0,0,0,0,0
361090,2,1,0,0,0,0,0,0,0,0,0,0
361091,0,1,21,21,21,21,21,21,21,21,21,21
361091,1,1,0,0,0,0,0,0,0,0,0,0
361092,0,1,0,0,0,0,0,0,0,0,0,0
361092,1,1,0,0,0,0,0,0,0,0,0,0
361093,0,1,0,0,0,0,0,0,0,0,0,0
361093,1,1,0,27,0,0,13,0,0,0,30,25
361094,0,1,0,0,0,0,0,0,0,0,0,0
361094,1,1,0,0,12,13,0,0,25,19,15,31
361095,1,1,0,0,0,0,0,0,0,0,0,0
361095,2,1,20,0,0,0,0,0,0,0,0,0
361096,1,1,0,0,0,0,0,0,0,0,0,0
361097,0,1,0,0,0,0,0,0,0,0,0,0
361097,1,1,0,0,0,0,0,0,0,0,0,21
361098,1,1,0,0,0,0,0,0,0,0,0,0
361098,2,1,0,0,0,0,0,0,0,0,0,0
361099,1,1,15,7,0,0,33,12,0,10,0,33
361099,2,1,8,0,0,0,0,0,0,13,0,0
370001,1,1,0,0,0,0,0,0,0,0,0,0
370002,1,1,0,0,0,0,0,0,0,0,0,0
370002,2,1,2,2,2,2,2,2,2,2,2,2
370003,0,1,0,0,0,0,0,0,0,0,0,0
370003,1,1,0,0,0,0,0,0,0,0,0,0
370004,1,1,14,14,14,14,14,14,14,14,14,14
370005,1,1,0,10,0,0,0,0,0,0,0,0
370005,2,1,0,0,0,0,0,0,0,0,0,0
370006,1,1,11,11,11,11,11,11,11,11,11,11
370007,1,1,0,0,0,0,0,0,0,0,0,0
370007,2,1,0,0,0,0,0,0,0,0,0,0
370007,3,1,0,0,0,0,0,0,0,0,0,0
370008,1,1,0,0,0,0,0,0,0,0,0,0
370009,1,1,26,26,26,26,26,26,26,26,26,26
370010,1,1,0,0,0,0,0,0,0,0,0,0
370010,2,1,0,0,0,0,0,0,0,0,0,0
370011,1,1,0,0,0,0,0,0,0,0,0,0
370012,1,1,5,5,5,5,5,5,5,5,5,5
370012,2,1,0,0,0,0,0,0,0,0,0,0
370013,1,1,12,19,7,17,21,21,11,12,19,3
370014,1,1,0,0,0,0,0,0,0,0,0,0
370015,1,1,0,0,0,0,0,0,0,0,0,0
370015,2,1,0,0,0,0,0,0,0,0,0,0
370016,1,1,0,0,0,0,0,0,0,0,0,0
370016,2,1,0,0,0,0,0,0,0,0,0,0
370016,3,1,0,0,0,0,0,0,0,0,0,0
370017,1,1,0,0,0,0,0,0,0,0,0,0
370017,2,1,15,27,0,0,0,0,0,0,0,0
370018,1,1,24,24,24,24,24,24,24,24,24,24
370019,1,1,69,69,69,69,69,69,69,69,69,69
370019,2,1,0,0,0,0,0,0,0,0,0,0
370020,0,1,0,0,0,0,0,0,0,0,0,0
370020,1,1,0,0,0,0,0,0,0,0,0,0
370021,1,1,0,0,0,0,0,0,0,0,0,0
370022,1,1,0,0,0,0,0,0,0,12,15,0
370022,2,1,0,0,0,0,0,0,0,0,0,0
370022,3,1,0,0,0,0,0,0,0,0,0,0
370023,1,1,16,16,16,16,16,16,16,16,16,16
370023,2,1,0,0,0,0,0,0,0,0,0,0
370024,1,1,12,12,12,12,12,12,12,12,12,12
370025,1,1,0,0,0,0,0,0,0,0,0,0
370025,2,1,0,0,0,0,0,0,0,0,0,0
370026,1,1,9,9,9,9,9,9,9,9,9,9
370027,0,1,0,0,0,0,11,0,0,35,0,0
370027,1,1,0,0,0,0,0,0,0,0,0,0
370028,1,1,0,0,0,0,0,0,0,0,0,0
370029,1,1,14,14,14,14,14,14,14,14,14,14
370030,1,1,22,22,22,22,22,22,22,22,22,22
370031,1,1,0,0,25,0,0,0,0,0,0,0
370031,2,1,7,7,7,7,7,7,7,7,7,7
370032,1,1,21,21,21,21,21,21,21,21,21,21
370033,0,1,40,40,40,40,40,40,40,40,40,40
370033,1,1,0,0,0,0,0,0,0,0,0,0
370034,1,1,0,0,0,0,0,0,0,0,0,0
370035,1,1,0,0,0,0,0,0,0,0,0,0
370035,2,1,0,0,0,0,0,0,0,0,0,0
370036,0,1,0,0,0,0,0,0,0,0,0,0
370036,1,1,0,0,0,0,0,0,0,0,0,0
370037,0,1,0,0,0,0,0,0,0,0,0,0
370037,1,1,0,0,0,0,0,0,0,0,0,0
370039,1,1,0,0,0,0,0,0,0,0,0,0
370040,1,1,0,0,0,0,0,0,0,0,0,0
370040,2,1,0,0,0,0,0,0,2,0,0,0
370041,1,1,0,0,0,0,0,0,0,0,0,0
370041,2,1,0,0,0,0,0,0,0,0,0,0
370042,1,1,17,17,17,17,17,17,17,17,17,17
370043,1,1,10,10,10,10,10,10,10,10,10,10
370044,1,1,13,13,13,13,13,13,13,13,13,13
370045,1,1,14,14,14,14,14,14,14,14,14,14
370046,1,1,0,0,0,0,0,0,0,0,0,0
370046,2,1,0,0,0,0,0,0,0,0,0,0
370047,1,1,0,0,0,0,0,0,0,0,0,0
370047,2,1,11,0,0,0,0,0,0,0,0,0
370048,1,1,10,10,10,10,10,10,10,10,10,10
370049,1,1,0,0,0,0,0,0,0,14,0,0
370049,2,1,0,0,0,0,0,0,0,0,0,0
370050,1,1,19,19,19,19,19,19,19,19,19,19
370051,1,1,20,20,20,20,20,20,20,20,20,20
370052,1,1,0,0,0,0,0,0,0,0,0,0
370052,2,1,0,0,0,0,0,0,0,0,0,0
370053,1,1,0,0,0,0,0,0,0,0,0,0
370053,2,1,0,14,0,0,0,0,0,0,0,0
370055,1,1,31,31,31,31,31,31,31,31,31,31
370056,1,1,0,0,0,0,0,0,0,0,0,0
370057,0,1,0,0,0,0,0,0,0,0,0,0
370057,1,1,0,0,0,0,0,0,0,0,0,0
370058,1,1,21,9,23,11,16,22,14,22,13,0
370059,1,1,0,0,0,0,0,0,0,0,0,0
370059,2,1,0,0,0,0,0,0,0,0,0,0
370060,1,1,0,0,0,0,0,0,0,17,0,0
370061,0,1,25,25,25,25,25,25,25,25,25,25
370061,1,1,0,0,0,0,0,0,0,0,0,0
370062,0,1,23,23,23,23,23,23,23,23,23,23
370062,1,1,10,27,0,25,28,29,10,18,7,20
370063,1,1,17,17,17,17,17,17,17,17,17,17
370064,1,1,21,21,21,21,21,21,21,21,21,21
370065,1,1,0,0,0,0,0,0,0,0,0,0
370066,1,1,29,29,29,29,29,29,29,29,29,29
370067,1,1,37,37,37,37,37,37,37,37,37,37
370068,1,1,14,14,14,14,14,14,14,14,14,14
370068,2,1,0,0,0,0,0,0,0,0,0,0
370069,1,1,9,9,9,9,9,9,9,9,9,9
370070,1,1,0,0,0,0,0,0,0,0,0,0
370070,2,1,0,0,0,0,0,0,0,0,0,0
370071,1,1,0,0,0,0,0,0,0,0,0,0
370072,1,1,0,0,0,0,0,0,0,0,0,0
370072,2,1,0,0,0,0,0,0,0,0,0,0
370073,1,1,25,25,25,25,25,25,25,25,25,25
370074,1,1,22,22,22,22,22,22,22,22,22,22
370075,1,1,0,0,0,0,0,0,0,0,0,0
370075,2,1,0,0,0,0,0,0,0,0,0,0
370076,1,1,0,0,0,0,0,0,0,0,0,0
370076,2,1,0,0,0,0,0,0,0,0,0,0
370076,3,1,0,0,0,0,0,0,0,0,0,0
370077,1,1,0,0,0,0,0,0,0,0,0,0
370078,1,1,39,39,39,39,39,39,39,39,39,39
370079,1,1,0,0,0,0,0,0,0,24,0,0
370080,1,1,0,0,0,0,0,0,0,0,0,0
370081,1,1,16,16,16,16,16,16,16,16,16,16
370082,1,2,28,6,11,20,32,21,23,20,0,18
370083,1,1,0,0,0,0,0,0,0,0,0,0
370083,2,1,0,0,0,0,0,0,0,0,0,0
370084,1,1,0,0,0,0,0,0,0,0,0,0
370085,1,1,0,0,0,0,0,0,0,0,0,0
370086,0,1,0,0,0,0,0,0,0,0,0,0
370086,1,1,0,0,0,0,0,0,0,0,0,0
370087,1,1,0,0,0,12,0,0,0,0,18,7
370088,1,1,0,0,0,0,0,0,0,0,0,0
370089,0,1,0,0,0,0,0,0,0,0,0,0
370089,1,1,0,0,0,0,0,0,0,0,0,0
370090,1,1,24,24,24,24,24,24,24,24,24,24
370091,1,1,0,0,0,0,0,0,0,0,0,0
370091,2,1,0,0,0,0,0,0,0,0,0,0
370092,1,1,0,0,0,0,0,0,0,0,0,0
370092,2,1,0,0,0,0,0,0,0,0,0,0
370092,3,1,0,0,0,0,0,0,0,0,0,0
370093,1,1,0,0,0,0,0,0,0,0,0,0
370094,0,1,15,15,15,15,15,15,15,15,15,15
370094,1,1,0,0,0,0,13,0,22,0,0,0
370095,1,1,14,14,14,14,14,14,14,14,14,14
370096,1,1,0,0,0,0,0,0,0,0,0,0
370096,2,1,0,0,0,0,0,0,0,0,0,0
370097,1,1,0,0,0,0,0,0,0,0,0,0
370097,2,1,0,0,0,0,0,0,0,0,0,0
370098,0,1,0,0,0,0,0,0,0,0,0,0
370098,1,1,10,10,10,10,10,10,10,10,10,10
370099,1,1,0,0,0,0,0,0,0,0,0,0
370099,2,1,0,0,0,0,0,0,0,0,0,0
370100,1,1,0,0,0,0,0,0,32,0,0,21
370101,1,1,0,0,0,0,0,0,0,0,0,0
370102,1,1,0,0,0,0,0,0,0,0,0,0
370102,2,1,0,0,0,0,0,0,0,0,0,0
370103,1,1,19,19,19,19,19,19,19,19,19,19
370104,1,1,0,0,0,0,0,0,0,0,0,0
370104,2,1,0,0,0,0,0,0,0,0,0,0
370105,0,1,20,20,20,20,20,20,20,20,20,20
370105,1,1,0,0,0,0,0,0,0,0,0,0
370106,1,1,3,3,3,3,3,3,3,3,3,3
370107,1,1,0,0,0,0,0,0,0,0,0,0
370108,1,1,22,22,22,22,22,22,22,22,22,22
370108,2,1,0,0,0,0,0,0,0,0,0,0