ST_CASE,VEH_NO,PER_NO,P1,P2,P3,P4,P5,P6,P7,P8,P9,P10
370109,1,1,0,0,0,0,0,0,0,0,0,0
370109,2,1,0,0,0,0,0,0,0,0,0,0
370110,1,1,22,22,22,22,22,22,22,22,22,22
370111,1,1,0,0,0,0,0,0,0,0,0,0
370111,2,1,0,0,0,0,0,0,0,0,0,0
370112,1,1,15,15,15,15,15,15,15,15,15,15
370113,1,1,0,0,0,0,0,0,0,0,0,0
370113,2,1,0,0,0,0,0,0,0,0,0,0
370114,1,1,25,4,0,16,0,0,9,0,45,0
370114,2,1,0,0,0,0,0,0,0,0,1,0
370115,1,1,0,0,0,0,0,0,0,0,0,0
370116,0,1,0,0,0,0,0,0,0,0,0,0
370116,0,2,0,0,0,0,0,0,0,0,0,0
370116,0,3,0,0,0,0,0,0,0,0,0,0
370116,0,4,0,0,0,0,0,0,0,0,0,0
370116,1,1,0,0,0,0,0,0,0,0,0,0
370117,1,1,0,0,0,0,0,0,0,0,0,0
370118,1,1,13,13,13,13,13,13,13,13,13,13
370118,2,1,0,0,0,0,0,0,0,0,0,0
370119,1,1,2,2,2,2,2,2,2,2,2,2
370120,1,1,0,0,0,0,0,0,0,0,0,0
370120,2,1,0,0,0,0,0,0,0,0,0,0
370121,1,1,0,0,0,0,0,0,0,0,0,0
370122,1,1,0,0,0,0,0,0,0,0,0,0
370122,2,1,0,0,0,0,0,0,0,0,0,0
370122,3,1,0,0,0,0,0,0,0,0,0,0
370123,0,1,27,27,27,27,27,27,27,27,27,27
370123,1,1,0,0,0,0,0,0,0,0,0,0
370124,1,1,0,0,0,0,0,0,0,0,0,0
370125,1,1,0,0,0,0,0,0,0,0,0,0
370125,2,1,0,0,0,0,0,0,0,0,0,0
370125,3,1,0,0,0,0,0,0,0,0,0,0
370125,4,1,0,0,0,0,0,0,0,0,0,0
370126,1,1,0,8,0,13,0,0,0,0,0,38
370126,2,1,0,0,0,0,0,0,0,0,0,0
370127,1,1,0,0,0,0,0,0,0,0,0,0
370128,1,1,0,0,0,0,0,0,0,0,0,0
370128,2,1,0,0,0,0,0,0,0,0,0,0
370128,3,1,15,0,0,0,0,0,0,0,0,0
370129,0,1,16,16,16,16,16,16,16,16,16,16
370129,1,1,0,0,0,0,0,0,0,0,0,0
370130,0,1,0,0,0,0,0,0,0,0,0,0
370130,1,1,0,0,0,0,0,0,0,0,0,0
370131,1,1,9,0,21,14,17,16,7,32,12,0
370132,1,1,10,10,10,10,10,10,10,10,10,10
370133,1,1,13,19,14,13,9,24,0,20,30,6
370134,0,1,35,35,35,35,35,35,35,35,35,35
370134,1,1,0,0,0,0,0,0,0,0,29,0
370135,1,1,0,0,0,0,0,0,0,0,0,0
370135,2,1,0,0,0,0,0,0,0,0,0,0
370136,1,1,7,7,7,7,7,7,7,7,7,7
370137,1,1,0,0,0,0,0,0,0,0,0,0
370138,1,1,0,0,0,0,0,0,0,0,0,0
370139,1,1,0,0,0,0,0,0,0,0,0,0
370140,1,1,0,0,0,0,0,0,0,0,0,0
370141,1,1,0,0,0,0,0,0,0,0,0,0
370142,1,1,0,0,0,0,0,0,0,0,0,0
370143,1,1,31,31,31,31,31,31,31,31,31,31
370143,2,1,0,0,0,0,0,0,0,0,0,0
370144,1,1,16,16,16,16,16,16,16,16,16,16
370145,1,1,0,0,0,0,0,0,0,0,0,0
370145,2,1,0,0,0,0,0,0,0,0,0,0
370146,1,1,0,0,0,0,0,0,0,0,0,0
370146,2,1,0,0,0,0,0,0,0,0,0,0
370147,0,1,0,0,4,0,0,0,0,0,0,0
370147,0,2,0,0,11,0,0,16,0,0,10,0
370147,1,1,11,0,0,0,0,0,0,0,0,0
370148,0,1,0,0,0,29,31,0,0,0,0,0
370148,1,1,0,0,0,0,0,0,0,0,0,0
370149,1,1,21,21,21,21,21,21,21,21,21,21
370150,0,1,11,11,11,11,11,11,11,11,11,11
370150,1,1,0,0,0,0,0,0,0,0,0,0
370151,1,1,0,0,0,0,0,0,0,0,0,0
370151,2,1,0,0,0,0,0,0,0,0,0,0
370152,1,1,0,0,0,0,0,0,0,0,2,0
370152,2,1,0,0,0,0,0,0,0,0,0,0
370153,1,1,0,0,0,0,0,0,0,0,0,0
370154,1,1,7,7,7,7,7,7,7,7,7,7
370155,1,1,0,0,0,0,0,0,0,0,0,0
370156,1,1,0,0,0,0,0,0,0,0,0,0
370157,1,1,0,0,0,0,0,0,0,0,0,0
370158,1,1,0,0,0,0,0,0,0,0,0,0
370159,0,1,48,48,48,48,48,48,48,48,48,48
370159,1,1,0,0,0,12,0,12,0,0,0,0
370160,1,1,0,0,0,0,0,0,0,0,0,0
370161,1,1,0,0,0,0,0,0,0,0,0,0
370161,2,1,0,0,0,0,0,0,0,0,0,0
370161,3,1,0,0,0,0,0,0,0,0,0,0
370162,1,1,25,25,25,25,25,25,25,25,25,25
370163,1,1,17,17,17,17,17,17,17,17,17,17
370164,1,1,16,16,16,16,16,16,16,16,16,16
370165,1,1,0,0,0,0,0,0,0,0,0,0
370165,2,1,0,0,0,0,0,0,0,0,0,0
370166,0,1,19,19,19,19,19,19,19,19,19,19
370166,1,1,0,16,0,0,0,0,0,0,0,0
370167,0,1,0,0,0,0,0,0,0,0,0,0
370167,1,1,14,14,14,14,14,14,14,14,14,14
370167,2,1,0,0,0,0,0,0,0,0,0,0
370168,1,1,0,0,0,0,0,0,0,0,0,0
370168,2,1,0,0,0,0,0,0,0,0,0,0
370169,1,1,0,0,0,0,0,0,0,0,0,0
370169,2,1,0,0,0,0,0,0,0,0,0,0
370170,1,1,0,0,0,0,0,0,0,0,0,0
370170,2,1,0,0,0,0,0,0,0,0,0,0
370171,1,1,0,0,0,0,0,0,0,0,0,0
370171,2,1,0,0,0,0,0,0,0,0,0,0
370171,3,1,11,12,30,23,9,10,40,19,13,8
370172,1,1,0,0,0,0,0,0,0,0,0,0
370172,2,1,0,0,0,0,0,0,0,0,0,0
370173,1,1,0,0,0,0,0,0,0,0,0,0
370174,1,1,0,0,0,0,0,0,13,0,0,0
370174,2,1,0,0,0,0,0,0,0,0,0,0
370175,0,1,12,12,12,12,12,12,12,12,12,12
370175,1,1,6,6,6,6,6,6,6,6,6,6
370176,1,1,0,0,0,0,0,0,0,0,0,0
370176,2,1,0,0,0,0,0,0,0,0,0,0
370176,3,1,0,0,0,0,0,0,0,0,0,0
370177,1,1,9,9,9,9,9,9,9,9,9,9
370178,1,1,0,0,0,0,0,0,0,0,0,0
370179,1,1,0,0,0,0,0,0,0,0,0,0
370179,2,1,0,0,0,0,0,0,0,0,0,0
370179,3,1,0,0,0,0,0,0,0,0,0,0
370180,1,1,14,14,14,14,14,14,14,14,14,14
370181,1,1,0,0,0,0,0,0,0,0,0,0
370182,1,1,0,0,0,0,0,0,20,0,0,0
370182,2,1,0,0,0,0,0,0,0,0,0,0
370183,1,1,0,0,0,0,0,0,0,0,0,0
370184,1,1,0,0,0,0,0,0,0,0,0,0
370185,1,1,15,15,15,15,15,15,15,15,15,15
370186,1,1,0,0,0,0,0,0,0,0,0,0
370186,2,1,0,0,0,0,0,0,0,0,0,0
370187,1,1,25,25,25,25,25,25,25,25,25,25
370188,0,1,5,0,12,0,19,10,0,9,8,8
370188,1,1,0,0,0,0,0,0,0,0,0,0
370189,1,1,0,0,0,0,0,0,0,0,0,0
370189,2,1,0,0,0,0,0,0,0,0,0,0
370190,1,1,0,0,0,0,0,0,0,0,0,0
370191,1,1,41,41,41,41,41,41,41,41,41,41
370192,0,1,0,0,0,0,0,0,0,0,0,0
370192,1,1,0,0,0,0,0,0,0,0,0,0
370193,1,1,0,0,0,0,0,0,0,0,0,0
370194,0,1,0,0,0,0,0,0,0,0,0,0
370194,1,1,0,0,0,0,0,0,0,0,0,0
370195,0,1,17,17,17,17,17,17,17,17,17,17
370195,1,1,0,0,0,0,0,0,0,0,26,0
370196,1,1,0,0,0,0,0,0,0,0,0,0
370196,2,1,0,0,0,0,0,0,0,0,0,0
370197,1,1,0,0,0,0,0,0,0,0,0,0
370198,1,1,0,0,0,0,0,0,0,0,0,0
370199,0,1,0,0,0,0,0,0,0,0,0,0
370199,1,1,0,0,0,0,0,0,0,0,10,0
370200,1,1,17,17,17,17,17,17,17,17,17,17
370201,1,1,0,0,0,0,0,0,0,0,0,0
370202,1,1,27,27,27,27,27,27,27,27,27,27
370203,1,1,0,0,0,0,0,0,0,0,0,0
370204,1,1,0,0,0,0,0,0,0,0,0,0
370205,0,1,29,29,29,29,29,29,29,29,29,29
370205,1,1,0,0,0,0,0,0,0,0,0,0
370206,0,1,0,0,0,0,0,0,0,0,0,0
370206,1,1,0,0,0,0,0,0,0,0,0,0
370207,1,1,0,0,0,0,0,0,0,0,0,0
370207,2,1,0,0,0,0,0,0,0,0,0,0
370208,0,1,0,0,0,0,0,0,0,0,0,0
370208,1,1,0,0,0,0,0,0,0,0,0,0
370209,1,1,24,24,24,24,24,24,24,24,24,24
370210,0,1,0,0,11,0,0,14,0,0,0,0
370210,1,1,0,0,0,0,0,0,31,0,0,0
370211,1,1,0,0,0,0,0,0,0,0,0,0
370211,2,1,0,0,0,0,0,0,0,0,0,0
370211,3,1,0,0,0,0,0,0,0,0,0,0
370211,4,1,0,0,0,0,0,0,0,0,0,0
370211,5,1,0,0,0,0,0,0,0,28,0,24
370212,1,1,0,0,0,0,0,0,0,0,0,0
370212,2,1,0,0,0,0,0,0,13,0,0,0
370213,1,1,0,0,0,0,0,0,0,0,0,0
370213,2,1,0,0,0,0,0,0,0,0,0,0
370214,1,1,23,0,16,21,0,0,0,0,0,0
370215,1,1,0,0,0,0,0,0,0,0,0,0
370216,1,1,13,13,13,13,13,13,13,13,13,13
370216,2,1,0,0,0,0,0,0,0,0,7,0
370216,3,1,0,0,0,0,0,0,0,0,0,0
370217,0,1,16,16,16,16,16,16,16,16,16,16
370217,1,1,0,0,0,0,0,0,0,0,0,0
370218,1,1,0,0,0,0,0,0,0,0,0,0
370218,2,1,0,0,0,0,0,0,0,0,0,0
370219,1,1,0,0,0,17,0,0,0,0,0,6
370219,2,1,0,0,0,0,0,16,13,28,0,0
370220,1,1,0,0,0,0,0,0,0,0,0,0
370220,2,1,0,0,0,0,0,0,0,0,12,0
370220,3,1,0,0,0,0,0,0,0,0,0,0
370221,0,1,0,0,0,0,0,0,0,0,0,0
370221,1,1,0,0,0,0,0,0,0,0,0,0
370222,1,1,0,0,0,0,0,0,0,0,0,0
370222,2,1,0,0,0,0,0,0,0,0,0,0
370223,1,1,12,12,12,12,12,12,12,12,12,12
370224,1,1,0,0,0,0,0,0,0,0,0,0
370224,2,1,0,0,0,0,0,0,0,0,0,0
370225,1,1,20,20,20,20,20,20,20,20,20,20
370225,2,1,0,0,0,0,0,0,0,0,0,0
370226,1,1,0,0,0,0,0,0,0,0,0,0
370227,1,1,0,0,0,0,0,0,0,0,0,0
370227,2,1,0,0,0,0,0,0,0,0,0,0
370228,1,1,5,5,5,5,5,5,5,5,5,5
370229,1,1,17,17,17,17,17,17,17,17,17,17
370230,1,1,0,0,0,0,0,0,0,0,0,0
370230,2,1,0,0,0,0,0,0,0,0,0,0
370231,1,1,0,0,0,0,0,0,0,0,0,0
370232,1,1,0,0,0,0,0,0,0,0,0,0
370232,2,1,0,0,0,0,0,0,0,0,0,0
370233,1,1,11,11,11,11,11,11,11,11,11,11
370234,0,1,30,30,30,30,30,30,30,30,30,30
370234,1,1,0,16,0,0,0,0,0,0,0,0
370235,1,1,12,12,12,12,12,12,12,12,12,12
370236,1,1,0,0,0,0,0,0,19,0,0,0
370236,2,1,0,0,0,0,0,0,0,0,0,0
370237,1,1,0,0,0,0,0,0,15,0,0,0
370237,2,1,0,0,0,0,11,12,34,0,0,4
370238,1,1,0,0,0,0,0,0,0,0,0,0
370239,1,1,0,0,0,0,0,0,0,0,0,0
370239,2,1,0,0,0,0,0,0,0,0,0,0
370240,1,1,0,0,0,0,0,0,0,0,0,0
370240,2,1,0,0,0,0,0,0,0,4,0,0
370241,1,1,27,0,0,0,0,0,16,0,0,0
370242,1,1,0,0,0,0,0,7,0,0,0,0
370242,2,1,0,0,0,0,0,0,0,0,0,0
370244,1,1,21,21,21,21,21,21,21,21,21,21
370244,2,1,0,0,0,0,0,0,0,0,0,0
370245,1,1,0,0,0,0,0,0,0,0,0,0
370245,2,1,0,0,0,0,0,0,0,0,0,0
370246,1,1,8,8,8,8,8,8,8,8,8,8
370247,1,1,0,0,0,0,0,0,0,17,0,13
370248,1,1,20,20,20,20,20,20,20,20,20,20
370249,1,1,0,9,0,0,0,0,0,0,0,0
370250,1,1,0,0,0,0,0,0,0,0,0,0
370250,2,1,0,0,0,0,0,0,0,0,0,0
370251,1,1,0,0,12,0,11,0,0,0,0,0
370252,0,1,14,14,14,14,14,14,14,14,14,14
370252,1,1,10,0,0,0,0,0,0,25,0,0
370252,2,1,0,0,0,0,12,0,0,0,0,0
370253,1,1,0,0,0,0,14,0,0,0,0,0
370254,1,1,8,0,0,10,8,0,0,0,0,12
370255,1,1,0,0,0,12,0,0,0,0,0,0
370256,1,1,0,0,0,0,0,0,0,0,0,0
370256,2,1,0,0,0,0,0,0,0,0,0,0
370257,0,1,12,0,18,10,11,0,0,0,0,0
370257,1,1,0,0,0,0,0,0,0,0,0,0
370258,1,1,0,0,0,15,0,0,0,0,0,0
370259,1,1,14,14,14,14,14,14,14,14,14,14
370260,1,1,0,0,0,0,0,0,0,0,0,0
370260,2,1,0,0,0,0,0,0,0,0,0,0
370261,1,1,0,0,0,0,0,0,0,0,0,0
370261,2,1,0,0,0,0,0,0,0,0,0,0
370261,3,1,0,0,0,0,0,0,0,0,0,0
370261,4,1,0,0,0,0,0,0,0,0,0,0
370261,5,1,0,0,0,0,0,0,0,0,0,0
370262,1,1,23,23,23,23,23,23,23,23,23,23
370263,1,1,10,17,0,11,0,0,0,0,0,22
370264,1,1,10,10,10,10,10,10,10,10,10,10
370265,1,1,19,19,19,19,19,19,19,19,19,19
370266,1,1,26,26,26,26,26,26,26,26,26,26
370267,1,1,20,20,20,20,20,20,20,20,20,20
370267,2,1,0,0,0,0,0,2,0,0,0,0
370268,1,1,0,0,0,0,0,0,0,0,0,0
370268,2,1,0,0,0,0,0,0,0,0,0,0
370269,1,1,0,0,7,0,0,0,0,0,0,0
370270,1,1,0,0,0,0,0,0,0,0,0,0
370270,2,1,0,0,0,0,0,0,0,0,0,0
370271,1,1,0,0,0,0,0,0,0,0,0,0
370271,2,1,0,0,0,0,0,0,0,0,0,0
370272,1,1,0,0,0,0,0,0,0,0,0,0
370272,2,1,0,0,0,0,0,0,0,0,0,0
370273,0,1,0,0,10,0,0,0,0,16,0,18
370273,1,1,0,0,0,0,0,0,0,0,0,0
370274,1,1,0,0,0,0,0,0,0,0,0,0
370275,1,1,0,0,0,0,0,0,0,0,0,0
370275,2,1,0,0,0,0,0,0,0,0,0,0
370276,1,1,0,0,0,0,0,0,0,0,0,0
370277,0,1,6,0,0,0,0,0,0,0,0,0
370277,1,1,0,0,0,0,0,0,0,0,0,0
370278,1,1,12,12,12,12,12,12,12,12,12,12
370278,2,1,0,0,0,0,0,0,0,0,6,0
370279,1,1,0,0,0,0,0,0,0,0,0,0
370280,1,1,0,0,0,0,0,0,0,0,0,0
370281,1,1,28,28,28,28,28,28,28,28,28,28
370281,2,1,0,0,0,0,0,0,0,0,0,0
370282,0,1,0,0,0,0,0,0,0,0,0,0
370282,1,1,0,0,0,0,0,0,0,0,0,0
370283,1,1,0,0,0,0,0,0,0,0,0,0
370284,1,1,0,0,0,8,0,0,21,0,0,8
370285,1,1,0,0,0,9,2,0,0,0,0,0
370286,1,1,0,0,0,0,0,0,0,0,0,0
370287,1,1,0,0,0,0,0,0,0,0,0,0
370288,1,1,0,0,0,0,0,0,0,0,0,14
370288,2,1,0,0,0,0,0,0,0,0,0,0
370289,1,1,21,0,0,0,0,0,0,0,0,0
370290,1,1,0,0,0,0,0,0,0,0,0,0
370290,2,1,0,0,0,0,0,0,0,0,0,0
370291,1,1,0,0,0,30,0,0,0,0,0,0
370292,1,1,6,6,6,6,6,6,6,6,6,6
370293,1,1,0,0,0,0,0,0,0,0,0,0
370293,2,1,0,0,0,0,0,0,0,0,0,0
370294,0,1,0,0,0,0,0,0,0,0,0,0
370294,1,1,0,0,0,0,0,0,0,0,0,0
370295,1,1,0,0,0,0,0,0,0,0,0,0
370296,1,1,23,23,23,23,23,23,23,23,23,23
370297,1,1,5,5,5,5,5,5,5,5,5,5
370298,1,1,0,0,0,0,0,0,0,0,0,0
370299,0,1,0,0,0,0,0,0,0,0,0,0
370299,1,1,0,19,0,0,0,0,0,0,0,0
370300,1,1,0,0,0,0,0,0,0,0,0,0
370300,2,1,0,0,0,0,0,0,0,0,0,0
370300,3,1,0,0,0,0,0,4,0,0,0,0
370301,1,1,0,0,0,0,0,0,0,0,0,0
370301,2,1,0,0,0,0,0,0,0,0,0,0
370302,1,1,0,0,0,15,0,0,0,0,0,0
370302,2,1,0,0,0,0,0,0,0,0,0,0
370303,1,1,19,19,19,19,19,19,19,19,19,19
370304,1,1,16,16,16,16,16,16,16,16,16,16
370305,1,1,0,0,0,0,0,0,0,0,0,0
370305,2,1,0,0,0,0,0,0,0,0,0,0
370306,1,1,0,0,0,0,0,0,0,0,0,0
370306,2,1,0,0,0,0,0,0,0,0,0,0
370307,1,1,27,27,27,27,27,27,27,27,27,27
370308,1,1,0,0,0,0,0,0,0,0,0,0
370309,1,1,0,0,0,0,0,0,0,0,0,0
370310,1,1,0,0,0,0,0,0,0,0,0,0
370311,1,1,0,0,0,0,0,0,0,0,0,0
370312,1,1,0,0,0,0,0,0,0,0,0,0
370312,2,1,0,0,0,0,0,0,0,0,0,0
370313,1,1,11,11,11,11,11,11,11,11,11,11
370314,1,1,0,0,0,0,0,0,0,0,0,0
370314,2,1,0,0,0,0,0,0,0,0,0,0
370315,1,1,0,0,0,0,0,0,0,0,0,0
370316,1,1,0,0,0,0,0,0,0,0,0,0
370317,1,1,0,0,0,0,0,0,0,0,0,0
370317,2,1,0,0,0,0,0,0,0,0,0,0
370318,1,1,25,25,25,25,25,25,25,25,25,25
370319,0,1,0,0,0,0,0,0,0,0,0,0
370319,1,1,0,0,0,0,6,0,0,0,0,26
370320,1,1,0,0,0,0,0,0,0,0,0,0
370321,0,1,13,13,13,13,13,13,13,13,13,13
370321,1,1,0,0,0,0,0,0,0,0,0,0
370322,1,1,30,30,30,30,30,30,30,30,30,30
370323,1,1,0,0,0,0,0,0,0,0,0,0
370324,1,1,0,0,0,0,0,0,0,0,0,0
370324,2,1,0,0,0,0,0,0,0,0,0,0
370325,1,1,0,0,0,0,0,0,0,0,0,0
370326,0,1,0,0,0,0,0,0,0,0,0,0
370326,1,1,0,0,0,0,0,0,0,0,0,0
370327,1,1,0,0,0,0,23,9,0,0,0,0
370328,1,1,0,18,31,13,16,15,17,12,10,13
370329,1,1,11,0,0,0,0,0,0,0,0,0
370330,1,1,0,0,0,0,0,0,0,0,21,0
370331,1,1,0,0,0,0,0,0,0,0,0,0
370331,2,1,0,0,0,0,0,0,0,0,0,0
370331,3,1,11,0,0,0,0,0,0,0,0,27
370332,1,1,0,0,0,0,0,0,0,0,0,0
370333,0,1,18,18,18,18,18,18,18,18,18,18
370333,1,1,0,0,0,0,0,0,22,0,0,0
370334,1,1,0,0,0,0,0,0,0,0,0,0
370334,2,1,0,0,0,0,0,0,0,0,0,0
370335,1,1,12,12,12,12,12,12,12,12,12,12
370335,2,1,0,0,0,0,0,0,0,0,0,0
370335,3,1,0,0,0,18,0,0,0,0,0,0
370336,1,1,0,0,0,0,0,0,0,0,0,0
370336,2,1,0,0,0,0,0,0,0,0,0,0
370337,1,1,18,18,18,18,18,18,18,18,18,18
370337,2,1,0,0,0,0,0,0,0,0,0,0
370338,1,1,0,0,0,0,0,0,0,0,0,0
370338,2,1,0,0,0,0,0,0,0,0,0,0
370339,0,1,12,12,12,12,12,12,12,12,12,12
370339,1,1,0,0,0,0,0,0,0,0,0,0
370340,1,1,0,0,0,0,0,0,0,0,0,0
370340,2,1,0,0,0,0,0,0,0,3,0,0
370341,1,1,0,0,0,0,0,0,0,0,0,0
370342,1,1,0,0,0,0,0,0,0,0,0,0
370343,1,1,0,0,0,0,13,0,0,0,0,0
370344,1,1,0,0,19,0,0,0,0,0,0,0
370344,2,1,0,0,0,0,0,0,0,0,0,0
370345,1,1,0,0,0,0,0,0,0,0,0,0
370345,2,1,0,0,8,0,0,0,0,0,0,0
370346,0,1,0,0,0,0,0,0,0,0,0,0
370346,1,1,0,0,24,0,0,0,0,0,0,0
370347,0,1,0,0,0,0,0,0,0,0,0,0
370347,1,1,0,0,0,0,0,0,0,18,0,0
370347,2,1,0,27,10,0,0,0,9,0,0,0
370348,1,1,0,0,0,0,0,0,0,0,0,0
370348,2,1,0,0,0,0,0,0,0,0,0,0
370349,1,1,0,0,0,0,0,0,0,0,0,0
370349,2,1,0,0,0,0,0,0,0,0,0,0
370350,1,1,30,30,30,30,30,30,30,30,30,30
370351,1,1,5,5,5,5,5,5,5,5,5,5
370352,1,1,24,24,24,24,24,24,24,24,24,24
370353,1,1,40,40,40,40,40,40,40,40,40,40
370353,2,1,0,0,0,23,23,14,0,7,0,0
370354,1,1,12,21,9,18,9,9,5,21,14,0
370354,2,1,0,0,0,0,0,0,0,10,0,0
370355,1,1,0,0,0,0,0,18,0,0,0,0
370355,2,1,0,0,0,0,0,0,0,0,0,0
370356,1,1,11,11,11,11,11,11,11,11,11,11
370357,1,1,0,0,0,0,0,0,0,0,0,0
370358,1,1,8,16,8,24,0,12,13,10,16,17
370359,1,1,0,16,0,0,0,26,0,0,0,0
370360,1,1,0,0,0,0,0,0,0,0,0,0
370361,1,1,0,0,0,0,0,0,0,0,0,0
370362,1,1,0,0,0,0,0,0,0,0,0,0
370362,2,1,0,0,0,0,0,0,0,0,0,0
370363,1,1,0,0,7,0,0,0,0,0,0,0
370364,1,1,0,0,26,0,0,0,0,0,0,0
370364,2,1,0,0,0,0,0,0,0,0,16,0
370365,0,1,0,0,0,0,0,0,0,0,0,0
370365,1,1,0,0,0,0,0,0,0,0,0,0
370366,0,1,6,6,6,6,6,6,6,6,6,6
370366,1,1,0,0,0,0,0,0,0,0,0,0
370367,1,1,0,0,0,0,0,0,0,0,0,0
370367,2,1,0,0,0,0,0,0,0,0,0,0
370368,0,1,20,20,20,20,20,20,20,20,20,20
370368,1,1,6,6,6,6,6,6,6,6,6,6
370369,1,1,0,0,0,0,0,0,0,0,0,0
370369,2,1,0,0,0,0,0,0,0,0,0,0
370370,1,1,17,17,17,17,17,17,17,17,17,17
370371,1,1,0,0,0,0,0,0,0,0,0,0
370371,2,1,0,0,0,0,0,0,0,0,0,0
370371,3,1,0,0,0,0,0,0,0,0,0,0
370373,1,1,16,16,16,16,16,16,16,16,16,16
370374,1,1,21,21,21,21,21,21,21,21,21,21
370374,2,1,0,0,0,0,0,9,0,0,0,0
370376,1,1,0,0,0,0,0,0,0,0,0,0
370376,2,1,0,0,0,0,0,0,0,0,0,0
370377,1,1,0,0,0,0,0,24,0,0,0,0
370378,1,1,0,0,0,0,0,0,0,0,0,10
370379,0,1,12,0,0,0,0,0,18,0,0,0
370379,1,1,0,13,0,0,0,0,7,0,0,0
370380,1,1,13,0,0,23,20,0,0,0,0,0
370381,1,1,0,0,0,0,0,0,0,0,31,0
370381,2,1,0,0,0,0,0,0,0,0,0,0
370382,1,1,0,2,0,0,0,0,0,0,0,0
370383,1,1,0,0,0,0,0,0,21,0,10,0
370383,2,1,0,0,5,2,0,6,0,0,0,0
370384,1,1,0,0,0,0,0,0,0,0,0,0
370384,2,1,0,0,0,0,0,0,0,0,0,0
370385,1,1,0,0,0,0,0,0,0,0,0,0
370385,2,1,0,0,0,9,0,0,23,0,0,0
370386,1,1,0,19,16,0,0,18,0,0,0,0
370387,1,1,0,0,0,0,0,0,0,0,0,0
370388,1,1,8,8,8,8,8,8,8,8,8,8
370389,1,1,4,4,4,4,4,4,4,4,4,4
370389,2,1,0,0,0,0,0,0,0,0,0,0
370390,1,1,0,0,0,0,0,0,0,0,0,0
370390,2,1,0,0,0,0,0,0,0,0,0,0
370391,1,1,0,0,0,0,0,0,0,0,0,0
370391,2,1,0,0,0,0,0,0,0,0,0,0
370391,3,1,0,0,2,0,0,0,0,0,0,0
370392,1,1,0,0,0,0,0,0,0,0,0,0
370393,0,1,0,0,0,0,0,0,0,0,0,0
370393,1,1,0,0,0,0,0,0,0,0,0,0
370394,1,1,0,0,0,0,0,0,0,0,0,0
370394,2,1,0,20,0,0,0,0,0,0,0,0
370395,1,1,0,0,0,0,0,0,0,0,0,0
370396,1,1,22,22,22,22,22,22,22,22,22,22
370397,1,1,16,16,16,16,16,16,16,16,16,16
370398,1,1,0,0,0,0,0,0,0,0,0,0
370398,2,1,0,0,0,0,0,0,0,0,0,0
370399,1,1,0,0,0,0,0,16,0,0,0,0
370400,1,1,18,18,18,18,18,18,18,18,18,18
370401,1,1,0,0,0,0,0,0,0,0,0,0
370402,1,1,0,0,0,0,0,0,0,0,0,0
370402,2,1,0,0,0,0,0,0,0,0,0,0
370403,1,1,15,15,15,15,15,15,15,15,15,15
370404,1,1,0,0,0,0,0,18,0,0,0,0
370405,0,1,0,0,0,0,0,0,0,0,13,0
370405,1,1,0,0,0,0,0,0,0,0,0,0
370406,0,1,13,13,13,13,13,13,13,13,13,13
370406,1,1,0,0,0,0,0,0,0,0,0,0
370407,0,1,0,0,0,0,0,0,0,0,0,0
370407,1,1,21,0,0,28,5,21,0,0,20,0
370408,1,1,0,0,0,0,0,0,0,0,0,0
370408,2,1,0,0,0,0,0,0,0,0,0,0
370409,1,1,0,0,0,0,0,0,0,0,0,0
370409,2,1,0,0,0,0,0,0,0,0,0,0
370410,1,1,0,0,0,0,0,0,0,0,0,0
370410,2,1,0,0,0,0,0,0,0,0,0,0
370411,1,1,0,0,0,0,0,0,0,0,0,0
370411,2,1,0,0,0,0,0,0,0,0,0,0
370412,1,1,0,0,0,0,0,0,0,0,0,0
370413,1,1,0,0,0,0,0,0,0,0,0,0
370414,1,1,0,0,0,0,0,0,0,0,0,0
370414,2,1,0,0,0,0,0,0,0,0,0,0
370414,3,1,0,0,0,0,0,0,0,0,0,0
370415,0,1,0,0,0,0,0,0,0,0,0,0
370415,0,2,0,0,0,0,0,0,0,0,0,0
370415,0,3,0,0,0,0,0,0,0,0,0,0
370415,2,1,0,0,0,0,0,0,0,0,0,0
370416,0,1,0,0,0,0,0,0,0,0,9,0
370416,0,2,0,0,0,0,0,0,0,0,0,0
370416,1,1,0,0,0,0,0,0,0,0,0,0
370417,1,1,0,0,0,0,0,0,5,0,0,0
370418,1,1,0,0,0,0,0,0,0,0,0,0
370418,2,1,0,0,0,0,0,0,0,0,0,0
370419,0,1,0,0,0,0,0,0,0,0,0,0
370419,0,2,0,0,0,0,0,0,0,0,0,0
370419,1,1,0,0,0,0,0,0,0,0,0,0
370420,1,1,21,21,21,21,21,21,21,21,21,21
370421,1,1,15,15,15,15,15,15,15,15,15,15
370422,1,1,6,6,6,6,6,6,6,6,6,6
370422,2,1,14,14,14,14,14,14,14,14,14,14
370423,1,1,11,11,11,11,11,11,11,11,11,11
370424,1,1,0,0,0,0,0,0,0,0,0,0
370425,1,1,0,10,0,0,0,5,0,0,7,0
370426,1,1,5,0,0,0,0,0,4,0,0,0
370427,1,1,8,8,8,8,8,8,8,8,8,8
370428,1,1,11,9,3,14,18,23,18,29,6,10
370429,0,1,0,0,0,0,0,0,0,0,0,0
370429,1,1,0,0,0,0,0,0,0,0,0,0