ST_CASE,VEH_NO,PER_NO,P1,P2,P3,P4,P5,P6,P7,P8,P9,P10
370430,0,1,0,0,0,0,0,0,0,0,0,0
370430,1,1,0,0,0,0,0,0,0,0,0,0
370431,1,1,0,0,0,0,0,0,0,0,0,0
370431,2,1,0,0,0,0,0,0,0,0,0,0
370432,1,1,0,0,0,0,0,0,0,0,0,0
370432,2,1,0,0,0,0,0,0,0,0,0,0
370432,3,1,25,0,0,0,0,0,0,0,0,0
370433,1,1,0,0,0,0,0,0,0,0,0,0
370433,2,1,0,0,0,0,0,0,0,0,0,0
370434,1,1,0,0,0,0,0,0,0,0,0,0
370435,1,1,0,0,0,0,0,0,0,0,0,0
370435,2,1,0,0,4,0,0,0,7,0,0,0
370436,1,1,13,13,13,13,13,13,13,13,13,13
370437,1,1,0,0,0,0,0,0,0,0,0,0
370437,2,1,0,0,0,0,0,0,0,0,0,0
370437,3,1,0,0,0,0,0,0,0,0,0,0
370438,1,1,0,0,18,0,0,0,0,0,0,0
370438,2,1,0,0,0,0,0,0,0,0,0,0
370439,1,1,26,25,14,19,8,17,21,34,27,26
370440,1,1,0,0,0,0,0,0,0,0,0,0
370440,2,1,0,0,0,0,0,0,0,0,0,0
370441,1,1,0,0,0,0,0,0,0,0,0,0
370442,1,1,24,24,24,24,24,24,24,24,24,24
370443,1,1,9,9,9,9,9,9,9,9,9,9
370444,1,1,0,0,0,0,0,0,0,0,0,0
370444,2,1,0,0,0,0,0,0,0,0,0,0
370445,1,1,7,7,7,7,7,7,7,7,7,7
370446,1,1,0,0,0,0,0,0,0,0,0,0
370446,2,1,0,18,0,0,0,0,0,0,0,0
370447,0,1,17,16,18,0,13,0,0,0,0,16
370447,1,1,0,0,11,0,0,0,0,0,0,0
370448,1,1,0,0,0,0,0,0,0,0,0,0
370448,2,1,0,0,0,0,0,0,0,0,0,0
370449,1,1,0,0,0,0,0,0,0,0,0,0
370449,2,1,0,0,0,0,0,0,0,0,0,0
370450,0,1,15,15,15,15,15,15,15,15,15,15
370450,1,1,0,0,0,0,0,0,0,0,0,0
370451,1,1,11,11,11,11,11,11,11,11,11,11
370452,1,1,0,0,0,0,0,0,0,0,0,0
370452,2,1,5,0,0,0,0,0,0,0,0,0
370452,3,1,0,0,0,0,0,0,0,0,0,0
370453,1,1,0,0,0,0,0,0,0,0,0,0
370453,2,1,0,0,0,0,0,0,0,0,0,0
370454,1,1,0,0,0,0,0,0,0,0,3,11
370455,1,1,0,0,0,0,0,0,0,0,0,0
370456,1,1,0,0,0,0,0,0,0,0,0,0
370457,0,1,0,0,0,10,0,0,10,0,42,0
370457,1,1,0,0,0,0,0,0,0,0,0,0
370458,1,1,9,9,9,9,9,9,9,9,9,9
370459,1,1,0,0,0,0,0,0,0,0,0,0
370459,2,1,0,0,0,0,0,0,0,0,0,0
370460,1,1,0,0,0,0,0,0,0,0,0,0
370460,2,1,0,0,0,0,0,0,0,0,0,0
370461,1,1,0,0,0,0,0,0,0,0,0,0
370461,2,1,0,0,0,0,0,0,0,0,0,0
370462,1,1,14,14,14,14,14,14,14,14,14,14
370463,1,1,0,0,0,0,0,0,0,0,0,0
370463,2,1,0,0,0,0,0,11,0,0,0,0
370463,3,1,0,0,0,0,0,0,0,0,0,0
370464,1,1,13,13,13,13,13,13,13,13,13,13
370465,0,1,20,20,20,20,20,20,20,20,20,20
370465,1,1,11,11,11,5,21,16,12,27,24,12
370466,1,1,0,0,0,0,0,0,0,0,0,0
370466,2,1,0,0,0,0,0,0,0,0,0,0
370467,1,1,0,0,0,0,0,0,0,0,0,0
370467,2,1,0,0,0,0,0,0,0,0,0,0
370468,1,1,26,26,26,26,26,26,26,26,26,26
370469,0,1,9,9,9,9,9,9,9,9,9,9
370469,1,1,0,0,0,0,0,0,0,0,0,0
370470,1,1,0,0,0,0,0,0,0,0,0,0
370470,2,1,0,0,0,0,0,0,0,0,0,0
370470,3,1,0,0,0,0,0,0,0,0,0,0
370471,1,1,0,0,0,0,0,0,0,6,0,0
370472,1,1,20,0,0,0,0,0,16,0,0,0
370473,1,1,8,8,8,8,8,8,8,8,8,8
370474,1,1,20,0,21,5,14,0,0,0,18,8
370474,2,1,0,0,0,0,0,9,9,0,0,0
370475,0,1,0,0,0,0,0,0,0,0,0,0
370475,1,1,0,0,0,7,0,0,0,0,2,0
370475,2,1,0,0,0,0,0,0,0,0,0,0
370476,1,1,0,0,0,0,0,0,0,0,0,0
370477,1,1,0,0,0,0,0,0,0,0,0,0
370478,0,1,0,0,0,0,0,0,0,0,0,0
370478,1,1,0,0,0,0,0,0,0,0,0,0
370479,1,1,25,25,25,25,25,25,25,25,25,25
370480,1,1,0,0,0,0,0,0,0,0,0,0
370480,2,1,0,0,0,0,0,0,0,0,0,0
370481,1,1,14,14,14,14,14,14,14,14,14,14
370482,1,1,23,23,23,23,23,23,23,23,23,23
370483,1,1,23,0,0,0,9,0,0,0,0,0
370484,1,1,0,0,0,0,0,0,0,0,0,0
370484,2,1,13,13,13,13,13,13,13,13,13,13
370485,1,1,12,12,10,16,12,17,27,0,14,17
370485,2,1,0,0,0,0,0,0,0,5,0,0
370486,1,1,0,0,0,0,0,0,0,0,0,0
370487,1,1,16,16,16,16,16,16,16,16,16,16
370488,1,1,26,26,26,26,26,26,26,26,26,26
370489,1,1,24,24,24,24,24,24,24,24,24,24
370490,1,1,21,21,21,21,21,21,21,21,21,21
370491,1,1,14,14,14,14,14,14,14,14,14,14
370492,1,1,0,0,0,0,0,0,0,0,0,0
370493,0,1,0,0,0,0,0,0,0,0,0,0
370493,1,1,0,0,0,0,0,0,0,0,0,0
370494,1,1,0,0,24,0,0,0,0,0,0,0
370495,1,1,22,22,22,22,22,22,22,22,22,22
370496,1,1,0,0,0,0,0,0,0,0,0,0
370496,2,1,0,0,29,0,0,0,0,0,0,0
370497,1,1,0,0,0,0,0,0,0,0,0,12
370498,1,1,14,14,14,14,14,14,14,14,14,14
370499,1,1,10,10,10,10,10,10,10,10,10,10
370500,1,1,3,3,3,3,3,3,3,3,3,3
370501,1,1,0,0,0,0,0,0,0,0,0,0
370501,2,1,0,0,0,0,0,0,0,0,0,0
370502,1,1,0,0,0,0,0,0,0,0,0,0
370503,1,1,0,0,0,0,0,0,0,0,0,0
370503,2,1,0,0,0,0,0,0,0,0,0,0
370504,1,1,17,17,17,17,17,17,17,17,17,17
370505,1,1,10,10,10,10,10,10,10,10,10,10
370505,2,1,0,0,0,0,0,0,0,0,0,0
370506,0,1,26,26,26,26,26,26,26,26,26,26
370506,1,1,0,0,0,0,0,0,0,0,0,0
370507,1,1,14,14,14,14,14,14,14,14,14,14
370508,0,1,0,0,0,0,0,0,0,0,0,0
370508,1,1,0,0,0,0,0,0,0,0,0,0
370509,0,1,0,0,0,16,0,27,0,16,15,13
370509,1,1,10,10,10,10,10,10,10,10,10,10
370510,1,1,10,10,10,10,10,10,10,10,10,10
370511,1,1,19,19,19,19,19,19,19,19,19,19
370511,2,1,0,0,0,0,0,0,0,0,0,0
370512,1,1,2,2,2,2,2,2,2,2,2,2
370513,1,1,0,0,0,0,0,0,0,0,0,0
370514,1,1,24,24,24,24,24,24,24,24,24,24
370515,1,1,13,13,13,13,13,13,13,13,13,13
370516,1,1,26,26,26,26,26,26,26,26,26,26
370517,1,1,0,0,0,0,0,0,0,0,0,0
370517,2,1,0,0,0,0,0,0,0,0,0,0
370518,1,1,0,0,0,0,0,0,29,0,0,0
370519,1,1,20,20,20,20,20,20,20,20,20,20
370519,2,1,0,24,0,0,0,0,0,14,0,0
370520,0,1,0,0,0,0,0,0,0,0,0,0
370520,1,1,19,0,0,0,0,0,0,0,0,0
370521,0,1,13,13,13,13,13,13,13,13,13,13
370521,1,1,0,0,0,0,0,0,0,0,0,23
370522,0,1,21,21,21,21,21,21,21,21,21,21
370522,1,1,13,0,0,0,0,0,0,0,0,0
370523,1,1,21,21,21,21,21,21,21,21,21,21
370524,0,1,0,0,0,0,0,0,0,0,0,0
370524,1,1,0,0,0,0,0,0,0,0,0,0
370525,1,1,0,0,0,0,0,0,0,0,0,0
370526,1,1,0,12,0,0,0,0,0,0,0,0
370526,3,1,0,0,0,0,0,0,0,0,0,14
370527,1,1,24,24,24,24,24,24,24,24,24,24
370528,1,1,0,0,0,0,0,0,13,0,0,12
370529,1,1,0,0,0,0,0,0,0,0,0,0
370529,2,1,0,0,0,0,0,0,0,0,0,0
370530,1,1,0,0,0,0,0,0,0,0,0,0
370531,0,1,0,0,0,0,0,0,0,0,0,0
370531,1,1,0,0,0,0,0,0,0,0,0,0
370532,1,1,19,16,18,0,23,19,20,15,7,0
370532,2,1,0,0,0,0,0,7,0,0,0,0
370533,1,1,0,0,0,0,0,0,0,0,0,0
370534,1,1,0,0,0,0,0,0,0,0,0,0
370535,1,1,16,16,16,16,16,16,16,16,16,16
370536,1,1,0,0,0,0,0,0,0,0,0,0
370537,1,1,0,0,0,0,0,0,0,0,0,0
370538,1,1,0,25,13,0,15,0,21,16,17,0
370538,2,1,26,0,0,0,0,0,0,14,0,0
370539,1,1,0,0,0,0,0,0,0,0,14,0
370539,2,1,0,0,0,0,0,0,0,0,0,7
370540,1,1,0,0,0,0,0,0,0,0,0,0
370540,2,1,0,0,0,0,0,0,0,0,0,0
370541,1,1,0,0,0,0,0,0,0,0,0,0
370541,2,1,0,0,0,0,0,0,0,0,0,0
370542,1,1,0,0,0,0,0,0,0,0,7,0
370543,1,1,14,14,14,14,14,14,14,14,14,14
370544,0,1,0,7,0,29,0,0,0,0,0,0
370544,1,1,0,0,0,0,0,0,0,20,0,0
370544,2,1,0,0,0,0,0,0,0,0,12,6
370545,1,1,0,0,0,0,0,0,0,0,0,0
370545,2,1,0,0,0,0,7,0,0,0,0,0
370546,1,1,0,0,0,0,0,0,0,0,0,0
370546,2,1,0,0,0,0,0,0,0,0,0,0
370547,1,1,27,27,27,27,27,27,27,27,27,27
370548,1,1,6,17,9,28,12,9,0,2,0,7
370549,1,1,16,16,16,16,16,16,16,16,16,16
370550,1,1,13,13,13,13,13,13,13,13,13,13
370551,1,1,32,32,32,32,32,32,32,32,32,32
370552,1,1,3,3,3,3,3,3,3,3,3,3
370552,2,1,0,0,0,0,0,18,0,0,0,9
370553,1,1,0,0,0,0,0,0,0,0,0,0
370553,2,1,0,0,0,0,0,0,0,0,0,0
370554,1,1,0,0,0,0,0,0,0,0,0,0
370555,1,1,0,0,0,0,0,0,0,0,0,0
370556,1,1,0,0,0,0,0,0,0,0,0,0
370556,2,1,0,0,0,0,0,0,0,0,0,0
370557,1,1,0,0,0,0,0,0,0,5,0,0
370557,2,1,0,0,0,0,0,0,0,0,0,0
370558,1,1,0,0,0,0,0,0,0,0,0,0
370559,1,1,0,0,0,0,0,0,0,0,0,0
370559,2,1,0,0,0,0,0,0,0,0,0,0
370559,3,1,0,0,0,0,0,0,0,0,0,0
370560,1,1,0,0,0,0,0,0,0,0,0,0
370561,1,1,0,0,0,0,0,0,0,0,0,0
370561,2,1,0,0,0,0,0,0,0,0,0,0
370562,1,1,0,21,37,0,14,0,0,0,0,0
370563,0,1,9,9,9,9,9,9,9,9,9,9
370563,1,1,19,19,19,19,19,19,19,19,19,19
370564,1,1,19,19,19,19,19,19,19,19,19,19
370565,1,1,8,8,8,8,8,8,8,8,8,8
370566,1,1,0,0,0,0,0,0,0,0,0,0
370566,2,1,0,0,0,0,0,0,0,0,0,0
370568,1,1,0,0,0,0,0,0,0,0,0,0
370569,1,1,0,0,0,0,0,0,0,0,0,0
370569,2,1,0,0,0,0,0,0,0,0,0,0
370570,1,1,0,0,0,0,0,0,0,0,0,0
370570,2,1,0,0,0,0,9,0,0,0,0,0
370571,0,1,0,0,0,0,0,0,0,0,0,0
370571,1,1,0,0,0,0,6,0,0,0,0,0
370572,1,1,0,0,0,0,0,0,0,0,0,0
370572,2,1,0,0,0,0,0,0,0,0,0,0
370573,1,1,16,16,16,16,16,16,16,16,16,16
370574,1,1,0,0,0,0,0,0,0,0,0,0
370575,1,1,19,19,19,19,19,19,19,19,19,19
370575,2,1,0,0,0,0,0,0,0,0,0,0
370576,1,1,0,0,0,0,0,0,0,0,0,0
370576,2,1,0,0,0,0,0,0,0,0,0,0
370577,0,1,0,0,0,0,0,0,0,0,0,0
370577,0,2,0,0,0,7,11,0,26,0,0,0
370577,1,1,0,0,0,0,0,0,0,0,0,0
370577,2,1,0,0,0,4,0,0,0,0,0,0
370578,0,1,2,2,2,2,2,2,2,2,2,2
370578,1,1,0,0,0,0,0,0,6,0,0,0
370579,0,1,23,23,23,23,23,23,23,23,23,23
370579,1,1,0,0,0,0,0,0,0,0,0,0
370580,0,1,19,19,19,19,19,19,19,19,19,19
370580,1,1,0,0,0,0,0,0,0,0,0,0
370581,1,1,0,0,0,0,0,0,0,0,0,0
370581,2,1,0,0,0,0,0,0,0,0,0,0
370582,1,1,10,10,10,10,10,10,10,10,10,10
370582,2,1,0,0,0,0,0,26,0,0,0,0
370583,1,1,18,18,18,18,18,18,18,18,18,18
370584,1,1,0,0,0,0,0,0,0,0,0,0
370585,1,1,13,0,8,20,0,0,0,0,18,26
370586,1,1,0,0,0,0,0,0,0,0,0,0
370586,2,1,0,0,0,0,0,0,0,0,0,0
370587,1,1,0,0,0,0,0,0,0,0,0,0
370587,2,1,0,0,0,0,0,0,0,0,0,0
370587,3,1,0,0,0,0,0,7,0,0,0,0
370588,1,1,12,12,12,12,12,12,12,12,12,12
370589,1,1,20,20,20,20,20,20,20,20,20,20
370589,2,1,0,0,0,0,0,0,0,0,0,0
370590,1,1,22,22,22,22,22,22,22,22,22,22
370591,1,1,0,0,0,0,0,0,0,0,0,0
370591,2,1,9,9,9,9,9,9,9,9,9,9
370591,3,1,0,0,0,0,0,0,0,0,0,0
370592,0,1,25,25,25,25,25,25,25,25,25,25
370592,1,1,0,0,0,0,0,0,0,0,0,0
370593,1,1,0,0,0,0,0,0,0,0,0,0
370594,1,1,0,0,0,0,0,0,0,0,0,0
370594,2,1,0,0,0,0,0,18,3,10,0,0
370594,3,1,4,4,4,4,4,4,4,4,4,4
370594,4,1,0,0,0,0,0,0,0,0,0,4
370595,0,1,28,28,28,28,28,28,28,28,28,28
370595,1,1,2,2,2,2,2,2,2,2,2,2
370596,0,1,0,0,0,0,0,0,0,0,0,0
370596,0,2,0,0,0,0,0,0,0,0,0,0
370596,1,1,0,7,0,11,6,0,0,0,0,0
370597,1,1,0,0,0,0,0,0,0,0,0,0
370598,0,1,0,0,0,0,0,0,0,0,0,0
370598,1,1,0,0,0,0,0,0,0,0,0,0
370599,0,1,0,0,0,0,0,0,0,0,0,0
370599,1,1,0,0,0,0,0,0,0,0,0,13
370600,0,1,25,25,25,25,25,25,25,25,25,25
370600,1,1,0,0,0,0,0,0,0,0,0,0
370601,1,1,0,23,0,18,0,31,0,0,14,13
370602,1,1,10,10,10,10,10,10,10,10,10,10
370603,1,1,0,0,0,0,0,0,0,0,0,0
370603,2,1,0,0,0,0,0,0,0,0,0,0
370604,1,1,4,4,4,4,4,4,4,4,4,4
370605,1,1,22,22,22,22,22,22,22,22,22,22
370606,1,1,23,23,23,23,23,23,23,23,23,23
370607,1,1,0,0,0,0,0,0,0,0,0,0
370608,1,1,0,0,0,0,0,0,0,0,0,0
370608,2,1,0,0,0,0,0,0,0,0,0,0
370609,1,1,0,0,0,0,0,0,0,0,0,0
370609,2,1,0,0,0,0,0,0,0,0,0,0
370610,1,1,0,0,0,0,0,0,0,0,0,0
370610,2,1,0,0,0,14,0,0,0,0,0,0
370611,1,1,0,0,36,0,0,0,0,0,0,0
370612,1,1,0,0,0,0,0,0,0,0,0,0
370612,2,1,0,0,0,0,0,0,0,0,0,0
370612,3,1,0,0,0,0,0,0,0,0,0,0
370612,4,1,0,0,0,0,0,0,0,0,0,0
370612,5,1,0,0,0,0,0,0,0,0,0,0
370613,0,1,13,13,13,13,13,13,13,13,13,13
370613,1,1,14,14,14,14,14,14,14,14,14,14
370614,0,1,0,4,0,0,0,0,0,0,0,0
370614,0,2,32,6,18,18,13,12,16,0,18,0
370614,1,1,0,0,7,0,0,0,0,0,0,0
370615,1,1,16,16,16,16,16,16,16,16,16,16
370615,2,1,6,6,6,6,6,6,6,6,6,6
370616,1,1,0,0,0,0,0,0,0,0,0,0
370617,1,1,0,0,0,0,0,0,0,16,0,0
370618,1,1,17,6,14,15,20,15,28,17,0,16
370619,1,1,20,20,20,20,20,20,20,20,20,20
370620,1,1,0,0,0,0,0,0,0,0,0,0
370621,1,1,0,0,0,0,0,0,0,0,0,0
370621,2,1,0,0,0,0,0,0,0,0,0,0
370622,1,1,0,0,0,0,0,0,0,0,0,0
370622,2,1,0,0,0,0,0,0,0,0,0,0
370623,1,1,0,0,0,0,0,0,0,0,0,0
370623,2,1,0,0,0,0,0,0,0,0,0,0
370624,1,1,0,0,0,0,0,0,0,0,0,0
370624,2,1,17,17,17,17,17,17,17,17,17,17
370625,0,1,27,25,33,20,15,16,26,37,20,38
370625,1,1,0,0,0,0,0,0,0,0,0,0
370625,2,1,0,0,0,0,0,0,0,0,0,0
370626,1,1,0,0,0,0,0,0,0,0,0,0
370627,1,1,18,18,18,18,18,18,18,18,18,18
370628,1,1,0,0,0,0,0,0,0,0,0,0
370629,0,1,26,26,26,26,26,26,26,26,26,26
370629,1,1,0,0,0,0,0,8,0,0,0,0
370630,1,1,16,16,16,16,16,16,16,16,16,16
370631,1,1,0,0,0,0,0,0,0,0,0,24
370632,1,1,0,0,7,6,0,0,0,17,0,17
370632,2,1,0,0,0,0,0,0,0,20,0,0
370632,3,1,0,10,6,0,4,0,34,3,7,0
370633,1,1,17,17,17,17,17,17,17,17,17,17
370634,1,1,0,0,0,0,0,0,0,0,0,0
370634,2,1,0,0,0,0,0,0,0,0,0,0
370635,1,1,17,17,17,17,17,17,17,17,17,17
370636,1,1,3,3,3,3,3,3,3,3,3,3
370637,1,1,0,0,0,0,0,0,0,0,0,0
370637,2,1,0,0,0,0,0,0,0,0,0,0
370638,1,1,0,0,0,0,0,0,0,0,0,0
370638,2,1,0,0,0,0,0,0,0,0,0,0
370639,1,1,0,0,0,0,0,0,0,0,0,0
370639,2,1,0,0,0,0,0,0,0,0,0,0
370640,1,1,23,23,23,23,23,23,23,23,23,23
370641,1,1,0,0,0,0,0,0,0,0,0,0
370641,2,1,0,0,0,0,0,0,0,0,0,0
370642,1,1,0,0,0,0,0,0,0,0,0,0
370643,1,1,0,0,0,0,0,0,0,0,0,0
370644,1,1,13,13,13,13,13,13,13,13,13,13
370645,0,1,0,0,0,0,0,0,0,0,0,0
370645,0,2,0,0,0,0,0,0,0,0,0,0
370645,1,1,0,0,0,0,0,0,8,0,6,0
370646,1,1,0,0,0,0,0,0,0,0,0,0
370646,2,1,0,0,0,0,0,10,0,0,0,0
370647,1,1,0,0,0,0,0,0,0,0,0,0
370647,2,1,0,0,0,0,0,0,0,0,0,0
370648,1,1,18,18,18,18,18,18,18,18,18,18
370648,2,1,0,0,0,0,0,0,0,0,0,0
370649,0,1,0,0,0,0,0,0,0,0,0,0
370649,1,1,0,0,0,0,0,0,0,0,0,0
370650,0,1,0,0,0,0,0,0,0,0,0,0
370650,1,1,0,0,0,0,0,0,0,0,0,0
370651,1,1,16,16,16,16,16,16,16,16,16,16
370652,0,1,10,10,10,10,10,10,10,10,10,10
370652,1,1,0,0,32,0,0,0,0,0,0,0
370653,1,1,25,25,25,25,25,25,25,25,25,25
370653,2,1,8,0,0,0,0,5,0,0,0,0
370654,1,1,15,15,15,15,15,15,15,15,15,15
370655,0,1,7,7,7,7,7,7,7,7,7,7
370655,1,1,0,0,0,0,0,0,0,0,0,0
370656,1,1,0,0,0,0,0,0,0,0,0,0
370656,2,1,0,0,0,0,0,0,0,0,0,0
370657,1,1,0,0,0,0,0,0,0,0,0,0
370657,2,1,0,0,0,0,0,0,0,0,0,0
370658,1,1,11,11,11,11,11,11,11,11,11,11
370658,2,1,0,0,0,0,0,0,0,0,0,0
370659,0,1,31,31,31,31,31,31,31,31,31,31
370659,1,1,0,0,0,0,0,0,0,0,0,0
370660,1,1,0,0,0,0,0,0,0,0,0,0
370660,2,1,0,0,0,0,0,0,0,0,0,0
370661,1,1,0,0,0,0,0,0,0,0,0,17
370662,1,1,0,0,0,0,8,0,0,9,15,0
370662,2,1,0,0,0,0,0,0,0,0,0,0
370663,0,1,0,0,0,0,0,0,0,0,0,0
370663,1,1,0,0,0,0,0,0,0,0,0,0
370664,1,1,0,0,0,0,0,0,0,0,0,0
370664,2,1,0,0,0,0,21,0,0,0,28,0
370665,0,1,27,27,27,27,27,27,27,27,27,27
370665,1,1,21,0,32,0,0,0,17,20,15,0
370666,1,1,16,16,16,16,16,16,16,16,16,16
370666,2,1,4,4,4,4,4,4,4,4,4,4
370667,1,1,0,0,0,0,0,0,0,0,0,0
370668,1,1,16,24,26,12,13,14,45,19,14,6
370669,1,1,0,25,0,0,0,0,0,0,0,0
370670,1,1,21,21,21,21,21,21,21,21,21,21
370671,1,1,0,0,0,0,0,0,0,0,0,0
370671,2,1,0,0,0,0,0,0,0,0,0,0
370671,3,1,0,0,0,0,0,0,0,0,0,0
370672,1,1,14,14,14,14,14,14,14,14,14,14
370673,1,1,0,0,0,0,0,14,22,14,0,0
370674,0,1,0,0,0,0,0,0,0,0,0,0
370674,0,2,0,0,0,0,0,0,0,0,0,0
370674,2,1,0,0,0,0,0,0,0,0,0,0
370675,1,1,0,0,0,0,0,0,0,0,0,0
370676,1,1,16,16,16,16,16,16,16,16,16,16
370677,1,1,7,7,7,7,7,7,7,7,7,7
370677,2,1,0,0,0,0,0,0,26,28,0,0
370678,1,1,0,0,0,0,0,0,0,0,0,0
370679,1,1,0,0,0,0,0,0,0,0,0,0
370679,2,1,0,0,0,0,0,0,0,0,0,0
370680,0,1,0,20,0,0,16,0,0,0,0,0
370680,1,1,0,0,0,0,0,0,0,0,0,0
370680,3,1,0,0,0,0,0,0,0,0,0,0
370681,0,1,0,0,0,0,0,0,0,0,0,0
370681,1,1,0,0,0,0,24,0,0,0,0,0
370682,1,1,0,0,0,0,0,0,0,0,0,0
370682,2,1,0,0,0,0,0,0,0,0,0,0
370683,0,1,0,0,0,0,0,0,0,0,0,0
370683,1,1,17,17,17,17,17,17,17,17,17,17
370684,1,1,0,0,0,0,0,0,0,0,0,0
370684,2,1,0,0,0,0,0,0,0,0,0,0
370685,1,1,26,26,26,26,26,26,26,26,26,26
370686,1,1,25,25,25,25,25,25,25,25,25,25
370687,1,1,26,26,26,26,26,26,26,26,26,26
370688,1,1,0,0,0,0,0,0,0,0,0,0
370688,2,1,0,0,0,0,2,0,0,0,0,0
370689,1,1,19,19,19,19,19,19,19,19,19,19
370690,1,1,17,0,0,0,0,2,0,0,0,0
370690,2,1,0,0,0,0,0,0,0,0,0,0
370691,1,1,0,0,0,0,0,0,0,0,0,0
370692,0,1,0,0,0,0,0,0,0,0,0,0
370692,1,1,0,0,0,0,0,0,0,0,0,0
370693,0,1,22,22,22,22,22,22,22,22,22,22
370693,1,1,0,0,0,23,0,27,0,0,14,10
370694,0,1,0,0,0,0,0,0,0,0,0,0
370694,1,1,0,0,0,0,0,0,0,0,0,0
370695,1,1,0,0,0,0,0,0,0,0,0,0
370696,1,1,0,0,0,0,0,0,0,0,0,0
370696,2,1,0,0,0,0,0,0,0,0,0,0
370697,1,1,0,0,0,0,0,0,0,0,0,0
370697,2,1,0,0,0,0,0,0,0,0,0,0
370698,1,1,0,0,0,0,0,0,0,0,0,0
370698,2,1,0,0,0,0,0,0,0,0,0,0
370699,1,1,7,7,7,7,7,7,7,7,7,7
370700,1,1,15,15,15,15,15,15,15,15,15,15
370701,1,1,0,0,0,0,0,0,0,0,0,0
370701,2,1,22,22,22,22,22,22,22,22,22,22
370702,1,1,18,18,18,18,18,18,18,18,18,18
370703,1,1,0,0,0,0,0,0,0,0,0,0
370703,2,1,0,0,0,0,0,0,0,0,0,0
370704,1,1,0,0,0,0,0,0,0,0,0,0
370704,2,1,0,0,0,0,0,0,8,0,0,0
370705,1,1,3,3,3,3,3,3,3,3,3,3
370706,1,1,0,0,0,0,0,0,0,0,0,0
370706,2,1,0,0,0,0,0,0,0,0,0,0
370706,3,1,0,0,0,0,0,0,0,0,0,0
370706,4,1,0,0,0,0,0,0,0,0,0,0
370706,5,1,0,0,0,0,0,0,0,0,0,0
370707,1,1,16,16,16,16,16,16,16,16,16,16
370708,1,1,13,13,13,13,13,13,13,13,13,13
370709,1,1,0,0,0,0,0,0,0,0,0,0
370709,2,1,0,0,0,0,0,0,0,0,0,0
370710,1,1,0,0,0,0,0,0,0,0,0,0
370711,1,1,0,0,16,0,0,0,25,0,0,0
370712,1,1,11,11,11,11,11,11,11,11,11,11
370713,1,1,0,0,0,0,0,0,0,0,0,0
370713,2,1,0,0,0,13,0,0,0,0,0,0
370714,0,1,40,40,40,40,40,40,40,40,40,40
370714,1,1,24,5,0,0,0,15,0,0,0,22
370715,1,1,0,0,0,0,0,0,0,0,0,0
370716,1,1,0,0,0,0,0,0,0,0,0,0
370717,1,1,0,0,0,0,0,0,0,0,0,0
370717,2,1,0,0,0,0,0,0,0,0,29,0
370718,1,1,0,0,0,0,0,0,0,0,0,0
370718,2,1,0,0,0,0,0,0,0,0,0,0
370718,3,1,0,0,0,0,0,0,0,0,0,3
370718,4,1,0,0,0,0,0,0,0,0,0,0
370718,5,1,0,0,0,0,0,21,0,0,0,0
370719,1,1,0,0,0,0,0,0,0,0,0,0
370720,0,1,0,0,0,0,0,0,0,0,0,0
370720,1,1,0,19,0,0,4,0,11,3,0,7
370721,1,1,23,23,23,23,23,23,23,23,23,23
370722,1,1,0,0,0,0,0,0,0,0,0,0
370722,2,1,0,0,0,0,0,0,0,0,0,0
370723,0,1,0,0,0,0,29,0,0,0,6,0
370723,1,1,14,14,14,14,14,14,14,14,14,14
370724,1,1,24,24,24,24,24,24,24,24,24,24
370725,0,1,26,26,26,26,26,26,26,26,26,26
370725,1,1,0,0,0,0,0,0,15,0,0,0
370726,1,1,6,6,6,6,6,6,6,6,6,6
370727,1,1,0,0,0,0,0,0,0,0,0,0
370728,0,1,0,0,0,0,0,0,0,18,0,0
370728,1,1,31,0,0,0,0,0,0,0,0,0
370729,1,1,0,0,0,0,0,0,0,0,0,0
370729,2,1,0,0,0,0,0,0,0,0,0,0
370730,1,1,0,0,0,0,0,0,0,0,0,0
370730,2,1,0,0,0,0,0,0,0,0,0,0
370731,0,1,28,28,28,28,28,28,28,28,28,28
370731,1,1,0,0,0,0,29,0,0,0,0,0
370732,0,1,0,0,0,0,0,0,0,0,0,0
370732,1,1,0,0,0,0,0,0,0,0,0,0
370733,0,1,15,15,15,15,15,15,15,15,15,15
370733,1,1,0,0,0,0,0,0,8,0,0,0
370734,0,1,17,17,17,17,17,17,17,17,17,17
370734,1,1,0,0,21,0,0,0,0,13,0,0
370735,1,1,0,0,0,0,0,0,0,0,0,0
370736,0,1,12,12,12,12,12,12,12,12,12,12
370736,1,1,0,0,0,17,0,0,0,0,0,0
370737,1,1,0,0,0,0,0,0,0,0,0,0
370738,1,1,0,0,0,0,0,0,0,0,0,0