ST_CASE,VEH_NO,PER_NO,P1,P2,P3,P4,P5,P6,P7,P8,P9,P10
370738,2,1,0,0,0,0,0,0,0,0,0,0
370739,0,1,21,21,21,21,21,21,21,21,21,21
370739,1,1,0,0,20,0,20,0,0,0,0,0
370740,1,1,0,0,0,0,0,0,0,0,0,0
370740,2,1,0,0,0,0,0,0,0,0,0,0
370741,1,1,7,7,7,7,7,7,7,7,7,7
370742,1,1,14,14,14,14,14,14,14,14,14,14
370743,1,1,0,0,0,0,0,0,0,0,0,0
370744,1,1,16,18,0,25,11,23,22,10,6,10
370745,1,1,0,0,0,0,0,0,0,0,0,0
370745,2,1,22,22,22,22,22,22,22,22,22,22
370746,1,1,4,4,4,4,4,4,4,4,4,4
370747,1,1,0,0,0,17,0,0,0,0,0,0
370747,2,1,0,0,0,0,0,0,0,0,0,0
370748,1,1,0,0,0,0,0,0,0,0,0,0
370748,2,1,0,0,0,0,0,0,0,0,0,0
370749,1,1,0,0,0,0,0,0,0,0,0,0
370750,0,1,0,0,0,0,0,0,0,0,0,0
370751,1,1,0,0,0,0,0,0,0,0,0,0
370751,2,1,0,0,0,0,0,0,0,0,0,0
370752,1,1,0,0,0,0,0,0,0,0,0,0
370752,2,1,0,0,0,0,0,0,0,0,0,0
370753,1,1,0,0,0,0,0,0,0,0,0,0
370754,1,1,0,0,0,0,0,0,0,0,0,0
370754,2,1,0,0,0,0,0,0,0,0,0,0
370755,1,1,0,0,0,0,0,0,0,0,0,0
370755,2,1,0,0,0,0,0,0,0,0,0,0
370756,0,1,21,21,21,21,21,21,21,21,21,21
370756,1,1,5,5,5,5,5,5,5,5,5,5
370757,1,1,0,0,0,0,0,0,0,0,0,0
370757,2,1,0,0,0,0,0,0,0,0,0,0
370757,3,1,0,0,0,0,0,0,0,0,0,0
370758,1,1,0,0,0,0,0,0,0,0,0,0
370758,2,1,0,0,0,0,0,0,0,0,0,0
370759,1,1,16,16,16,16,16,16,16,16,16,16
370760,1,1,0,0,0,0,0,0,0,0,0,0
370761,1,1,0,0,0,0,0,0,0,0,0,0
370761,2,1,0,0,0,0,0,0,0,0,0,0
370762,1,1,15,15,15,15,15,15,15,15,15,15
370763,1,1,0,0,0,0,13,0,0,23,0,0
370764,1,1,16,16,16,16,16,16,16,16,16,16
370764,2,1,0,0,0,0,0,0,0,0,0,0
370765,1,1,0,0,0,0,0,0,0,7,0,0
370765,2,1,0,0,0,0,0,0,0,0,0,0
370766,1,1,15,15,15,15,15,15,15,15,15,15
370767,1,1,0,0,0,0,0,0,0,0,0,0
370768,1,1,0,0,0,0,0,0,0,0,0,0
370768,2,1,0,20,0,0,0,0,0,0,0,0
370769,1,1,5,5,5,5,5,5,5,5,5,5
370769,2,1,15,15,15,15,15,15,15,15,15,15
370769,3,1,10,10,10,10,10,10,10,10,10,10
370770,1,1,22,22,22,22,22,22,22,22,22,22
370770,2,1,0,0,0,0,0,0,0,0,0,0
370771,1,1,0,0,0,0,0,0,0,0,0,0
370771,2,1,24,24,24,24,24,24,24,24,24,24
370772,0,1,0,0,0,0,0,0,0,0,0,0
370772,1,1,17,17,17,17,17,17,17,17,17,17
370773,0,1,11,11,11,11,11,11,11,11,11,11
370773,1,1,0,0,16,0,20,0,0,0,0,0
370774,1,1,0,0,0,0,0,0,0,0,0,0
370775,1,1,0,0,0,0,0,0,17,0,9,0
370776,1,1,0,0,0,0,0,0,0,0,0,0
370777,1,1,0,0,0,0,0,0,0,0,0,0
370777,2,1,0,0,0,0,0,0,0,0,0,0
370778,1,1,22,22,22,22,22,22,22,22,22,22
370779,1,1,19,19,19,19,19,19,19,19,19,19
370780,1,1,32,32,32,32,32,32,32,32,32,32
370781,1,1,4,4,4,4,4,4,4,4,4,4
370781,2,1,0,0,0,0,20,0,15,0,0,0
370782,1,1,0,0,0,0,0,0,0,0,0,0
370782,2,1,0,0,0,0,0,0,0,0,0,0
370782,3,1,0,0,0,0,0,0,0,14,0,0
370783,1,1,0,0,0,0,0,0,0,0,0,0
370784,1,1,12,0,0,0,0,0,0,0,0,0
370785,0,1,0,0,0,0,0,0,0,0,0,0
370785,1,1,0,0,0,0,0,0,0,0,0,0
370786,1,1,0,0,0,0,0,0,0,0,0,0
370786,2,1,0,0,0,0,0,0,0,0,0,0
370787,1,1,0,0,0,0,0,0,0,0,0,0
370788,1,1,0,0,0,0,0,0,0,0,0,0
370789,1,1,0,0,0,0,0,0,0,0,0,0
370790,1,1,0,0,0,0,0,0,0,0,0,0
370790,2,1,0,0,0,0,0,0,0,0,0,0
370791,1,1,0,0,0,0,0,0,0,0,0,0
370791,2,1,0,0,0,0,0,0,0,0,0,0
370792,1,1,11,11,11,11,11,11,11,11,11,11
370793,1,1,1,1,1,1,1,1,1,1,1,1
370793,2,1,24,24,24,24,24,24,24,24,24,24
370794,1,2,0,0,0,5,0,7,0,0,17,0
370795,1,1,0,0,9,0,0,0,0,0,23,0
370796,1,1,13,13,13,13,13,13,13,13,13,13
370796,2,1,0,0,0,0,0,22,0,0,0,0
370797,0,1,0,0,0,0,0,0,0,0,0,0
370797,1,1,0,0,10,0,0,0,0,0,0,0
370798,1,1,0,0,0,0,0,0,0,0,0,0
370799,1,1,17,17,17,17,17,17,17,17,17,17
370800,1,1,5,5,5,5,5,5,5,5,5,5
370801,1,1,5,6,4,16,0,7,22,0,0,9
370801,2,1,0,0,0,0,0,0,0,0,0,0
370802,1,1,0,0,0,0,0,0,0,0,0,0
370803,1,1,0,0,0,0,0,0,0,0,0,0
370803,2,1,0,0,0,0,0,0,0,0,0,0
370804,1,1,0,0,0,19,0,0,0,0,0,0
370804,2,1,0,0,0,0,0,0,0,0,0,0
370805,1,1,0,0,0,0,0,0,0,0,0,0
370805,2,1,0,13,0,0,0,0,0,0,0,0
370806,1,1,0,0,0,0,0,0,0,0,0,0
370807,0,1,0,0,0,0,17,0,0,0,0,0
370807,1,1,0,0,0,0,12,0,0,0,0,0
370808,1,1,0,0,0,0,0,0,0,0,0,0
370808,2,1,0,0,0,0,0,9,12,0,0,0
370809,1,1,18,18,18,18,18,18,18,18,18,18
370810,1,1,11,11,11,11,11,11,11,11,11,11
370811,1,1,5,5,5,5,5,5,5,5,5,5
370812,1,1,0,0,0,0,0,0,0,0,0,0
370813,1,1,0,0,0,0,0,0,0,0,0,0
370813,2,1,0,0,0,0,0,0,0,0,0,0
370814,1,1,0,0,0,0,0,0,0,0,0,0
370815,0,1,19,19,19,19,19,19,19,19,19,19
370815,1,1,0,0,0,0,0,0,0,0,0,0
370816,1,1,0,0,0,0,0,0,0,0,0,0
370816,2,1,0,0,0,0,0,0,0,0,0,0
370817,0,1,16,16,16,16,16,16,16,16,16,16
370817,1,1,8,8,8,8,8,8,8,8,8,8
370818,1,2,3,27,25,3,13,29,8,21,0,0
370819,1,1,0,0,0,0,0,0,0,0,0,8
370820,0,1,0,0,0,0,0,0,0,0,0,0
370820,1,1,0,0,0,0,0,0,14,0,0,0
370821,1,1,10,10,10,10,10,10,10,10,10,10
370822,1,1,0,0,0,0,0,0,0,0,0,0
370822,2,1,0,0,0,0,0,0,0,0,0,0
370822,3,1,0,0,0,0,0,0,0,0,0,0
370823,1,1,0,0,0,0,0,0,0,0,0,0
370823,2,1,0,0,0,0,0,0,0,0,0,0
370824,1,1,25,25,25,25,25,25,25,25,25,25
370825,1,1,11,11,11,11,11,11,11,11,11,11
370826,1,1,0,0,0,0,0,0,0,0,0,0
370827,1,1,0,0,0,0,0,0,0,0,0,0
370827,2,1,22,22,22,22,22,22,22,22,22,22
370828,0,1,0,0,0,0,0,0,0,0,0,0
370828,1,1,0,0,0,0,0,0,11,0,0,0
370829,0,1,0,0,0,0,0,0,0,0,0,0
370829,1,1,0,0,0,0,0,0,0,0,0,0
370830,1,1,0,0,0,0,0,0,0,0,0,0
370831,1,1,0,0,0,0,0,0,0,0,0,0
370831,2,1,0,0,0,0,0,0,0,0,0,0
370832,1,1,0,0,0,0,0,0,0,0,0,0
370833,1,1,0,0,0,0,0,0,0,0,0,0
370834,1,1,27,27,27,27,27,27,27,27,27,27
370835,1,1,11,11,11,11,11,11,11,11,11,11
370836,1,1,0,0,0,0,0,0,0,0,0,0
370836,2,1,0,0,0,0,0,0,0,0,0,0
370837,1,1,2,2,2,2,2,2,2,2,2,2
370837,2,1,0,0,0,0,0,0,0,0,0,0
370838,1,1,0,0,0,0,0,0,0,0,0,0
370839,1,1,0,0,0,0,0,0,0,0,0,0
370840,0,1,0,0,0,0,0,0,0,0,0,0
370840,1,1,0,0,0,0,0,0,0,0,0,0
370841,0,1,0,0,0,0,0,0,16,4,0,0
370841,1,1,0,0,0,0,0,0,0,0,0,0
370841,2,1,0,0,0,0,0,0,0,0,0,0
370842,0,1,0,17,0,0,11,0,17,20,16,0
370842,1,1,0,0,0,0,2,0,0,0,0,0
370843,1,1,3,3,3,3,3,3,3,3,3,3
370843,2,1,5,5,5,5,5,5,5,5,5,5
370844,0,1,0,0,0,0,0,0,0,0,0,0
370844,1,1,9,0,0,0,0,0,0,0,0,24
370845,1,1,3,3,3,3,3,3,3,3,3,3
370846,1,1,0,0,0,0,0,0,0,0,0,0
370847,1,1,0,0,0,0,0,0,0,0,0,0
370848,1,1,31,31,31,31,31,31,31,31,31,31
370848,2,1,0,0,0,0,0,0,0,0,0,0
370849,1,1,0,0,0,0,0,0,0,0,0,0
370850,0,1,24,24,24,24,24,24,24,24,24,24
370850,1,1,0,0,0,0,16,0,21,0,0,22
370851,1,1,0,0,0,0,0,0,0,0,0,0
370852,1,1,0,0,0,0,0,0,0,0,0,0
370852,2,1,0,0,0,0,0,0,0,0,0,0
370853,1,1,19,19,19,19,19,19,19,19,19,19
370853,2,1,16,16,16,16,16,16,16,16,16,16
370854,1,1,26,26,26,26,26,26,26,26,26,26
370855,1,1,0,0,0,0,0,0,0,0,0,0
370856,1,1,0,0,0,0,0,0,0,0,0,0
370856,2,1,0,0,0,0,0,0,0,0,0,0
370857,1,1,13,13,13,13,13,13,13,13,13,13
370858,1,1,0,0,0,0,0,0,0,0,0,0
370858,2,1,0,0,0,0,0,0,0,0,0,0
370859,1,1,0,0,0,0,0,0,0,0,0,0
370860,1,1,0,0,0,0,0,0,0,0,0,0
370860,2,1,0,0,0,0,0,0,0,0,0,0
370861,0,1,0,0,0,0,0,0,0,0,0,0
370861,1,1,0,0,0,0,0,0,0,0,0,0
370862,1,1,0,0,0,0,0,0,0,0,0,0
370863,1,1,0,0,0,0,0,0,0,0,0,0
370864,1,1,23,23,23,23,23,23,23,23,23,23
370864,2,1,12,12,12,12,12,12,12,12,12,12
370864,3,1,0,0,0,0,0,0,0,0,25,0
370865,1,1,22,22,22,22,22,22,22,22,22,22
370866,1,1,0,0,0,0,0,0,0,0,0,0
370866,2,1,0,14,0,0,0,0,0,0,0,0
370867,1,1,0,0,0,0,0,0,0,0,0,0
370868,0,1,3,3,3,3,3,3,3,3,3,3
370868,1,1,0,0,0,0,0,0,0,0,0,0
370869,1,1,0,0,0,0,0,0,0,11,0,0
370870,1,1,32,32,32,32,32,32,32,32,32,32
370871,1,1,0,0,0,0,0,0,0,0,0,0
370871,2,1,31,0,0,0,0,0,0,0,10,0
370872,1,1,0,0,0,0,0,0,0,0,0,0
370872,2,1,0,8,0,0,0,0,0,0,0,0
370873,1,1,0,0,0,0,0,0,0,0,0,0
370874,1,1,27,27,27,27,27,27,27,27,27,27
370875,1,1,20,20,20,20,20,20,20,20,20,20
370876,1,1,0,0,0,0,0,0,0,0,0,0
370876,2,1,0,0,0,0,0,0,0,0,0,0
370877,0,1,0,0,0,0,0,0,0,0,0,0
370877,1,1,0,0,0,0,0,0,0,0,0,20
370878,1,1,0,0,0,0,0,0,0,0,0,0
370878,2,1,0,0,0,0,0,0,0,0,0,0
370879,1,1,18,18,18,18,18,18,18,18,18,18
370880,1,1,0,0,0,0,0,0,0,0,0,0
370881,1,1,19,19,19,19,19,19,19,19,19,19
370882,0,1,0,0,0,0,0,0,0,0,0,0
370882,1,1,0,0,0,0,0,0,0,0,0,0
370883,0,1,0,0,0,0,0,0,0,0,0,0
370883,1,1,0,0,0,0,0,0,0,0,0,0
370884,1,1,0,0,0,0,0,0,0,0,0,0
370885,1,1,4,4,4,4,4,4,4,4,4,4
370886,1,1,0,0,0,0,0,0,0,0,0,0
370887,1,1,10,10,10,10,10,10,10,10,10,10
370888,1,1,0,0,0,0,0,0,0,0,0,0
370889,1,1,0,0,0,0,0,0,0,0,0,0
370889,2,1,0,0,0,0,0,0,0,0,0,0
370890,1,1,24,24,24,24,24,24,24,24,24,24
370891,2,1,26,26,26,26,26,26,26,26,26,26
370892,1,1,0,0,0,0,0,0,0,0,0,0
370892,2,1,0,0,11,0,0,0,0,0,0,0
370893,1,1,0,0,0,0,0,0,0,0,0,0
370894,1,1,17,30,15,0,21,0,0,0,0,0
370895,1,1,2,2,2,2,2,2,2,2,2,2
370896,0,1,24,24,24,24,24,24,24,24,24,24
370896,1,1,0,0,0,0,0,0,0,0,0,0
370897,1,1,0,0,0,0,0,0,0,0,0,0
370898,1,1,0,0,0,0,0,0,0,0,0,0
370899,1,1,0,0,0,0,0,0,0,0,0,0
370900,1,1,4,4,4,4,4,4,4,4,4,4
370901,0,1,0,0,0,0,0,0,0,0,0,0
370901,1,1,0,0,0,0,0,0,0,0,0,0
370902,0,1,0,0,0,0,0,0,0,0,0,0
370902,1,1,0,0,0,0,0,0,0,0,0,0
370903,1,1,0,0,0,0,0,0,0,0,0,0
370903,2,1,0,0,0,0,0,0,0,0,0,0
370904,1,1,0,0,0,0,0,0,0,0,0,0
370904,2,1,0,0,0,0,0,0,0,0,0,0
370904,3,1,0,0,0,0,0,0,0,0,0,0
370905,1,1,0,0,0,0,0,0,0,0,0,0
370906,1,1,0,0,0,0,0,19,0,0,0,4
370906,2,1,6,6,6,6,6,6,6,6,6,6
370907,1,1,0,0,0,0,0,0,0,0,0,0
370908,1,1,0,0,0,0,0,0,0,0,0,0
370909,1,1,0,0,0,0,0,0,0,0,0,0
370909,2,1,0,0,0,10,28,0,0,0,0,6
370910,1,1,26,26,26,26,26,26,26,26,26,26
370911,1,1,0,0,0,0,0,0,0,0,0,0
370912,1,1,0,0,0,0,0,0,0,0,0,0
370912,2,1,0,0,0,0,0,0,0,0,0,0
370912,3,1,0,0,0,0,0,0,0,0,0,0
370913,0,1,0,0,0,0,0,0,0,0,0,0
370913,1,1,0,0,0,0,0,0,0,0,0,0
370914,1,1,0,0,0,0,0,0,0,0,0,0
370914,2,1,0,0,0,0,0,0,0,0,0,0
370915,1,1,0,0,0,0,0,0,0,0,0,0
370915,2,1,0,0,0,0,0,0,0,0,0,0
370916,1,1,0,0,0,0,0,0,0,0,0,0
370917,0,1,32,32,32,32,32,32,32,32,32,32
370917,1,1,0,0,0,0,6,0,0,0,0,0
370918,1,1,11,11,11,11,11,11,11,11,11,11
370919,1,1,0,0,0,0,0,0,0,0,0,0
370920,1,1,0,0,0,0,0,0,0,0,0,0
370920,2,1,0,0,0,0,0,0,0,0,0,0
370921,1,1,31,31,31,31,31,31,31,31,31,31
370922,1,1,0,0,0,0,0,0,0,0,0,0
370922,2,1,0,0,0,0,0,0,0,0,0,0
370923,1,1,12,12,12,12,12,12,12,12,12,12
370924,1,1,0,0,0,0,0,0,0,0,0,0
370924,2,1,0,0,0,0,0,0,0,0,0,0
370925,1,1,0,0,0,0,0,0,0,0,0,0
370926,0,1,14,14,14,14,14,14,14,14,14,14
370926,1,1,0,0,0,0,0,0,0,0,0,0
370927,1,1,0,0,0,0,0,0,0,0,0,0
370928,1,1,0,0,0,0,0,0,0,0,0,0
370928,2,1,0,0,0,0,0,0,0,0,0,0
370928,3,1,0,0,0,0,0,0,0,0,0,0
370929,1,1,0,0,0,0,0,0,0,0,0,0
370930,0,1,39,39,39,39,39,39,39,39,39,39
370930,1,1,0,0,0,0,0,0,0,0,0,0
370930,2,1,0,0,0,0,0,0,0,0,0,0
370931,1,1,0,0,0,0,0,0,0,0,0,0
370931,2,1,0,0,0,0,0,0,0,0,0,0
370932,1,1,19,27,35,16,0,25,17,24,0,0
370932,2,1,0,0,0,0,0,0,0,0,18,0
370933,0,1,0,16,14,17,28,0,0,0,0,0
370933,1,1,0,0,0,0,0,0,0,0,0,0
370934,1,2,0,23,27,22,24,0,24,0,0,5
370935,1,1,0,0,0,0,0,0,0,0,0,0
370936,1,1,0,0,0,0,0,21,0,0,29,0
370936,2,1,0,0,0,0,0,0,0,0,0,0
370937,1,1,0,0,0,0,0,0,0,0,0,0
370937,2,1,0,0,0,0,0,0,0,0,0,0
370938,0,1,10,10,10,10,10,10,10,10,10,10
370938,1,1,0,0,0,0,0,0,0,0,0,0
370939,1,1,0,0,0,0,0,0,0,0,0,0
370939,2,1,0,0,0,0,0,0,0,0,0,0
370940,1,1,0,0,0,0,0,0,0,0,0,0
370940,2,1,22,22,22,22,22,22,22,22,22,22
370941,1,1,0,0,0,0,0,0,0,0,0,0
370942,0,1,33,33,33,33,33,33,33,33,33,33
370942,1,1,0,0,0,0,0,0,0,0,0,0
370943,1,1,0,0,0,0,0,0,0,0,0,0
370944,0,1,29,29,29,29,29,29,29,29,29,29
370944,1,1,0,0,0,16,0,0,0,0,0,0
370945,0,1,0,0,0,0,0,0,0,0,0,0
370945,1,1,0,0,0,0,0,0,0,0,0,0
370946,1,1,13,13,13,13,13,13,13,13,13,13
370946,2,1,0,0,0,0,0,0,18,0,0,0
370946,3,1,0,0,0,0,0,0,0,0,0,0
370946,4,1,0,0,0,24,0,0,0,0,0,0
370946,5,1,0,0,0,9,0,0,0,0,0,0
370946,6,1,0,0,0,0,0,0,0,0,0,0
370947,1,1,0,0,0,0,0,0,0,0,0,0
370947,2,1,0,0,0,0,0,0,0,0,0,0
370948,0,1,0,0,0,0,0,0,0,0,0,0
370948,1,1,0,0,0,0,0,0,0,0,0,0
370949,1,1,0,0,0,0,0,0,0,0,0,0
370950,1,1,0,0,0,0,0,0,0,0,0,0
370950,2,1,29,29,29,29,29,29,29,29,29,29
370951,1,1,0,0,0,0,0,0,0,0,0,0
370951,2,1,0,0,0,0,0,0,0,0,0,0
370952,1,1,10,10,10,10,10,10,10,10,10,10
370952,2,1,0,0,0,0,0,0,0,0,0,0
370953,1,1,3,3,3,3,3,3,3,3,3,3
370954,1,1,0,0,0,0,0,0,0,0,0,16
370954,2,1,0,0,0,0,0,0,0,0,0,0
370955,1,1,16,16,16,16,16,16,16,16,16,16
370956,1,1,0,0,0,0,0,0,0,0,6,0
370956,2,1,0,0,0,0,0,0,0,0,0,0
370957,1,1,0,0,0,0,0,0,0,0,0,0
370958,1,1,0,0,0,0,0,16,0,10,0,23
370959,1,1,0,0,0,0,0,0,0,0,0,0
370959,2,1,0,0,0,0,0,0,0,0,0,0
370960,0,1,38,38,38,38,38,38,38,38,38,38
370960,1,1,0,0,0,0,0,0,29,0,0,0
370961,1,1,21,0,0,0,0,0,0,0,0,0
370961,2,1,0,0,0,0,0,0,0,0,0,0
370961,3,1,0,0,0,0,0,0,0,0,0,0
370962,0,1,0,0,0,0,0,0,0,0,0,0
370962,1,1,0,0,24,0,0,0,0,0,0,0
370963,1,1,0,0,0,0,0,9,0,0,0,0
370963,2,1,10,0,0,0,0,0,0,0,0,0
370964,1,1,0,0,0,0,0,0,0,0,0,0
370964,2,1,0,0,0,0,0,0,0,0,0,0
370965,1,1,0,0,0,0,0,0,0,0,0,0
370965,2,1,0,0,0,0,0,0,0,0,0,0
370966,1,1,0,0,0,0,0,0,0,0,0,0
370966,2,1,12,12,12,12,12,12,12,12,12,12
370967,1,1,0,0,0,0,0,0,0,0,0,0
370967,2,1,0,0,0,0,0,0,0,0,0,0
370968,1,1,0,0,0,0,0,0,0,0,0,0
370968,2,1,0,0,0,0,0,0,0,0,0,0
370968,3,1,6,0,0,20,0,0,0,0,0,0
370969,0,1,30,30,30,30,30,30,30,30,30,30
370969,1,1,13,0,0,0,0,0,27,0,17,0
370970,1,1,0,0,0,0,0,0,0,0,0,0
370970,2,1,0,0,0,0,0,0,0,0,0,0
370971,1,1,0,0,0,0,0,0,0,0,0,0
370971,2,1,0,0,0,0,0,0,0,0,0,0
370972,1,1,0,0,0,0,0,0,0,0,0,0
370973,1,1,9,9,9,9,9,9,9,9,9,9
370974,1,1,0,0,0,0,0,0,0,0,0,0
370975,0,1,16,16,16,16,16,16,16,16,16,16
370975,1,1,0,0,0,0,0,0,0,0,0,0
370976,1,1,21,0,0,0,0,0,0,0,0,0
370977,1,1,0,0,0,0,0,0,0,0,0,0
370978,1,1,0,0,0,0,23,0,25,0,0,0
370979,1,1,0,0,0,0,0,0,0,0,0,0
370979,2,1,0,0,0,0,0,0,0,0,0,0
370980,1,1,0,0,0,0,0,0,0,0,0,0
370981,1,1,0,0,0,0,0,0,0,0,0,0
370981,3,1,0,0,0,0,0,0,0,0,0,0
370982,1,1,0,0,0,0,0,0,0,0,0,0
370983,1,1,22,22,22,22,22,22,22,22,22,22
370984,1,1,22,22,22,22,22,22,22,22,22,22
370985,1,1,0,0,0,0,0,0,0,0,0,0
370986,1,1,2,2,2,2,2,2,2,2,2,2
370987,1,1,0,0,0,0,0,0,0,0,0,0
370987,2,1,0,0,0,0,0,0,0,0,0,0
370988,0,1,0,0,0,0,0,0,0,0,0,0
370988,1,1,0,0,0,0,0,0,0,0,0,0
370989,1,1,16,16,16,16,16,16,16,16,16,16
370989,2,1,0,0,0,0,0,0,0,0,0,0
370990,1,1,36,36,36,36,36,36,36,36,36,36
370991,1,1,0,0,0,0,0,0,0,0,0,0
370992,1,1,12,12,12,12,12,12,12,12,12,12
370994,1,1,0,0,0,0,0,0,0,0,0,0
370994,2,1,0,0,0,0,0,0,0,0,0,0
370995,1,1,17,17,17,17,17,17,17,17,17,17
370996,1,1,0,0,0,0,0,0,0,0,0,0
370996,2,1,0,0,0,0,0,0,0,0,0,0
370997,0,1,0,0,0,0,0,0,0,0,0,0
370997,1,1,0,0,0,0,0,0,0,0,0,0
370998,0,1,0,0,0,0,0,0,0,0,0,0
370998,1,1,0,0,0,0,0,0,0,0,0,0
370999,1,1,0,5,0,32,0,0,15,0,0,0
371000,1,1,14,14,14,14,14,14,14,14,14,14
371001,1,1,0,0,0,0,0,0,0,0,0,0
371001,2,1,0,0,0,0,0,0,17,0,0,13
371002,1,1,11,11,11,11,11,11,11,11,11,11
371002,2,1,0,0,0,0,0,0,0,0,0,0
371003,1,1,0,0,0,0,0,0,0,0,0,0
371004,1,1,11,11,11,11,11,11,11,11,11,11
371005,1,1,0,0,0,0,0,0,0,0,0,0
371006,1,1,0,0,0,0,0,0,0,0,0,0
371006,2,1,0,0,0,0,0,0,0,0,0,0
371007,1,1,0,0,0,0,0,0,0,0,0,0
371008,1,1,0,0,0,0,0,0,0,0,0,0
371009,1,1,0,0,0,0,0,0,0,0,0,0
371009,2,1,0,0,0,0,0,0,0,0,0,0
371010,1,1,0,0,0,0,0,0,0,0,0,0
371011,0,1,0,0,0,0,0,0,0,0,0,0
371011,1,1,0,0,0,0,0,0,0,0,0,0
371012,1,1,0,0,0,0,0,0,0,0,0,0
371012,2,1,0,0,0,0,0,0,0,0,0,0
371014,1,1,0,0,0,0,0,0,0,0,0,0
371014,2,1,0,0,0,0,0,0,0,0,0,0
371015,1,1,0,0,0,0,0,0,0,0,0,0
371016,1,1,0,0,0,0,0,0,0,0,0,0
371017,1,1,0,0,0,0,0,0,0,0,0,0
371017,2,1,0,0,0,0,0,0,0,0,0,0
371018,1,1,0,0,0,0,0,0,0,0,0,0
371019,1,1,0,0,26,0,0,0,10,0,20,0
371020,1,1,0,0,0,0,0,0,0,0,0,0
371021,0,1,0,0,0,35,11,0,0,0,0,0
371021,0,2,0,0,0,0,0,0,0,0,0,27
371021,1,1,0,0,0,0,0,0,0,0,0,0
371022,0,1,0,12,0,0,0,0,0,0,17,0
371022,1,1,9,0,9,0,0,0,0,0,0,0
371022,2,1,0,0,0,0,0,0,0,0,0,0
371023,1,1,0,0,0,0,0,0,0,0,0,0
371023,2,1,0,0,0,0,0,0,0,0,0,0
371024,1,1,0,0,0,0,0,0,0,0,0,0
371024,2,1,0,0,0,0,0,0,0,0,0,0
371025,1,1,0,0,0,0,0,0,0,0,0,0
371025,2,1,0,0,0,0,0,0,0,0,0,0
371026,1,1,0,0,0,0,0,0,0,0,0,0
371026,2,1,0,7,0,0,0,0,0,0,0,0
371026,3,1,0,0,0,0,0,0,0,0,0,0
371027,1,1,18,18,18,18,18,18,18,18,18,18
371028,1,1,0,0,0,0,0,0,0,0,0,0
371028,2,1,0,0,0,0,0,0,0,0,0,0
371029,1,1,0,0,0,0,0,0,0,0,0,0
371030,1,1,0,0,0,0,0,0,0,0,0,0
371030,2,1,0,0,0,0,0,0,0,0,0,0
371031,1,1,0,0,0,0,0,0,0,0,0,0
371031,2,1,0,0,0,0,0,0,0,0,0,0
371032,1,1,0,0,0,0,0,0,0,0,0,0
371032,2,1,0,0,0,0,0,0,0,0,0,0
371032,3,1,0,0,0,23,0,0,0,0,0,0
371033,0,1,0,0,0,0,0,0,0,0,0,0
371033,1,1,0,0,0,0,0,0,0,0,0,0
371034,1,1,15,15,15,15,15,15,15,15,15,15
371035,0,1,0,0,0,0,0,0,0,0,0,0
371035,1,1,0,0,0,0,0,0,0,0,0,0
371036,0,1,24,24,24,24,24,24,24,24,24,24
371036,1,1,0,0,0,0,0,0,0,0,0,0
371037,1,1,0,0,0,0,0,0,0,0,0,0
371037,2,1,0,0,0,0,0,0,0,0,0,0
371038,1,1,0,0,0,0,0,0,0,14,0,0
371038,2,1,0,0,0,0,0,0,0,0,0,0
371039,1,1,0,0,0,0,0,0,0,0,0,0
371039,2,1,0,0,0,0,0,0,0,0,0,0
371039,3,1,0,0,0,0,0,0,0,0,0,0
371040,1,1,0,0,0,0,0,0,0,0,0,0
371041,1,1,24,24,24,24,24,24,24,24,24,24
371042,0,1,0,0,10,0,0,0,0,0,0,0
371042,1,1,0,0,0,0,0,0,0,0,0,0
371043,1,1,0,0,0,0,0,0,0,0,0,0
371043,2,1,0,0,0,0,0,0,0,0,0,0
371044,1,1,0,0,43,0,0,0,0,0,0,14
371045,1,1,0,0,0,0,0,0,0,0,0,23
371046,1,1,0,0,0,0,0,0,0,0,0,0
371046,2,1,0,0,0,0,0,0,0,0,0,0
371046,3,1,0,0,0,0,24,0,0,0,0,0
371046,4,1,0,0,0,0,0,0,0,0,19,15
371047,1,1,0,0,0,0,0,0,0,0,0,0
371048,1,1,26,26,26,26,26,26,26,26,26,26
371048,2,1,0,0,0,0,0,0,0,0,0,0
371049,1,1,17,17,17,17,17,17,17,17,17,17
371050,1,1,0,0,0,0,0,0,0,18,0,0
371051,1,1,0,0,0,0,0,0,0,0,0,0
371051,2,1,0,0,0,0,0,0,0,0,0,0
371052,1,1,0,0,0,0,0,0,0,0,0,0
371053,1,1,47,47,47,47,47,47,47,47,47,47
371054,1,1,0,0,0,0,0,0,0,0,0,0
371055,1,1,0,0,0,0,0,0,0,0,0,0
371056,1,1,0,0,0,0,0,0,0,0,0,0
371057,1,1,0,0,0,0,0,0,0,0,0,0
371057,2,1,0,0,0,0,0,0,0,0,0,0
371058,0,1,0,0,0,0,0,0,0,0,0,0
371058,1,1,0,0,0,0,0,0,0,0,0,0
371059,0,1,0,0,0,0,0,0,0,0,0,0
371059,1,1,0,0,0,0,0,0,0,0,0,0
371060,1,1,0,0,0,0,0,0,0,0,0,0
371060,2,1,0,0,0,0,0,0,0,3,0,0
371061,0,1,14,14,14,14,14,14,14,14,14,14