ST_CASE,VEH_NO,PER_NO,P1,P2,P3,P4,P5,P6,P7,P8,P9,P10
380130,1,1,0,0,0,0,0,0,0,0,0,0
380130,2,1,0,0,0,0,0,0,0,0,0,0
380131,1,1,0,0,0,0,0,0,0,0,0,0
380131,2,1,5,5,5,5,5,5,5,5,5,5
380132,1,1,23,12,0,27,12,0,14,0,36,0
380132,2,1,0,0,0,0,0,0,0,0,0,0
380133,1,1,12,23,22,17,6,8,31,17,4,27
380134,1,1,0,0,0,0,0,0,0,0,0,0
380134,2,1,0,0,0,0,0,0,0,0,0,0
380135,1,1,24,24,24,24,24,24,24,24,24,24
380136,1,1,9,9,9,9,9,9,9,9,9,9
380136,2,1,0,0,0,0,0,0,0,0,0,0
380137,1,1,37,37,37,37,37,37,37,37,37,37
380138,1,1,0,0,0,0,0,0,0,0,0,0
380138,2,1,0,0,0,0,0,0,0,0,0,0
380139,0,1,0,0,0,0,0,0,0,0,0,0
380139,1,1,0,0,0,0,0,0,0,0,0,0
380140,1,1,0,0,0,0,0,0,0,0,0,0
380140,2,1,0,0,0,0,0,0,0,0,0,0
380141,1,1,0,0,0,0,0,0,0,0,0,0
380141,2,1,0,0,0,0,0,0,0,0,0,0
380142,1,1,0,0,0,0,0,0,0,0,0,0
380142,2,1,0,0,0,0,0,0,0,0,0,0
380143,1,1,16,16,16,16,16,16,16,16,16,16
380143,2,1,0,0,0,0,0,0,0,0,0,0
380144,1,1,0,0,0,0,0,0,0,0,0,0
380144,2,1,0,0,0,0,0,0,0,0,0,0
380145,1,1,0,0,0,0,0,0,0,0,0,0
380145,2,1,21,0,0,0,0,0,0,0,0,0
380146,1,1,29,27,20,20,49,30,29,20,29,23
380147,1,1,0,0,0,0,31,0,0,0,0,0
390001,1,1,19,19,19,19,19,19,19,19,19,19
390002,1,1,0,0,0,0,0,0,0,0,0,0
390002,2,1,0,0,0,0,0,10,0,23,0,0
390003,1,1,0,0,0,0,0,0,0,0,0,12
390003,2,1,0,0,0,0,0,0,0,0,0,0
390005,1,1,11,0,0,0,0,0,0,0,0,0
390005,2,1,0,0,0,0,0,0,0,0,0,0
390005,3,1,0,0,0,0,0,0,0,9,0,0
390006,0,1,0,0,0,0,0,0,0,0,0,0
390006,1,1,0,0,0,0,0,0,0,0,0,0
390007,1,1,0,0,0,0,0,0,0,0,0,0
390007,2,1,0,0,0,0,0,0,0,0,0,0
390008,1,1,0,0,0,0,0,0,0,0,0,0
390008,2,1,0,0,0,0,0,0,0,0,0,0
390009,1,1,0,0,0,0,0,0,0,0,0,0
390010,1,1,20,20,20,20,20,20,20,20,20,20
390010,2,1,0,0,0,0,0,0,0,0,0,0
390011,1,1,23,23,23,23,23,23,23,23,23,23
390012,1,1,0,0,0,0,0,0,0,0,0,0
390013,1,1,0,0,0,0,0,0,0,0,0,0
390013,2,1,0,0,0,0,0,0,0,0,0,0
390014,1,1,0,0,0,0,0,0,0,0,0,0
390014,2,1,0,0,0,0,0,0,0,0,0,0
390015,1,1,0,0,0,0,0,0,0,0,0,0
390015,2,1,0,0,0,0,0,0,0,0,0,0
390016,1,1,0,0,0,0,0,0,0,0,0,0
390016,2,1,0,0,0,0,0,0,0,0,0,0
390017,1,1,0,0,0,0,0,0,0,0,0,0
390018,1,1,7,7,7,7,7,7,7,7,7,7
390019,1,1,0,0,0,0,0,0,0,0,0,0
390020,1,1,16,16,16,16,16,16,16,16,16,16
390021,1,1,0,0,0,0,0,0,0,0,0,0
390021,2,1,0,0,0,0,0,0,0,0,0,0
390022,0,1,22,22,22,22,22,22,22,22,22,22
390022,1,1,0,0,0,0,0,0,0,0,0,0
390023,1,1,0,0,0,0,0,0,0,0,0,0
390023,2,1,0,0,0,0,0,0,0,0,0,0
390024,1,1,2,2,2,2,2,2,2,2,2,2
390024,2,1,0,0,0,0,0,0,0,0,0,0
390025,1,1,0,0,0,0,0,0,0,0,0,0
390026,1,1,9,9,9,9,9,9,9,9,9,9
390027,1,1,0,0,0,0,0,0,0,0,0,0
390027,2,1,0,0,0,0,0,0,0,0,0,0
390028,1,1,0,0,0,0,0,0,0,0,0,0
390028,2,1,0,0,0,0,0,0,0,0,0,0
390029,1,1,0,0,0,0,0,0,0,0,0,0
390030,1,1,0,16,0,0,0,0,0,0,0,0
390031,1,1,0,0,0,0,0,0,0,0,0,0
390031,2,1,0,0,0,0,0,0,0,0,0,0
390032,0,1,37,37,37,37,37,37,37,37,37,37
390032,1,1,0,0,0,0,0,0,0,0,0,0
390032,2,1,0,0,0,0,0,0,0,0,0,0
390032,3,1,0,0,0,0,0,0,0,0,0,0
390032,4,1,0,0,14,0,0,0,0,0,0,0
390032,5,1,0,19,0,0,0,0,0,0,0,0
390032,6,1,0,0,0,0,0,0,0,0,0,0
390032,7,1,0,0,0,0,0,0,0,0,0,0
390033,1,1,0,0,0,0,0,0,0,0,0,0
390033,2,1,0,0,0,0,0,0,0,0,0,0
390033,3,1,0,0,0,0,0,7,0,0,0,11
390033,4,1,0,0,0,0,0,0,0,0,0,0
390034,1,1,25,25,25,25,25,25,25,25,25,25
390035,1,1,0,0,0,0,0,0,0,0,0,0
390035,2,1,0,0,0,0,0,0,0,0,0,0
390036,0,1,27,27,27,27,27,27,27,27,27,27
390036,1,1,0,0,0,0,0,0,0,0,0,16
390037,1,1,0,0,0,0,0,0,0,0,0,0
390037,2,1,0,0,0,0,0,0,0,0,0,0
390037,3,1,0,0,0,0,0,0,0,0,0,0
390037,4,1,0,0,0,0,0,0,0,0,0,0
390038,1,1,22,22,22,22,22,22,22,22,22,22
390039,1,1,15,15,15,15,15,15,15,15,15,15
390039,2,1,24,24,24,24,24,24,24,24,24,24
390040,1,1,16,16,16,16,16,16,16,16,16,16
390041,1,1,0,0,0,0,0,0,0,0,0,0
390041,2,1,0,0,0,0,0,0,0,0,0,0
390041,3,1,0,0,0,0,0,0,0,0,0,9
390041,4,1,0,0,0,0,0,0,0,0,0,0
390041,5,1,0,0,0,0,0,0,0,0,0,0
390042,1,1,20,20,20,20,20,20,20,20,20,20
390043,1,1,0,0,0,0,0,0,0,0,0,0
390043,2,1,0,0,0,0,0,0,12,0,0,0
390043,3,1,0,0,0,0,0,0,0,0,0,0
390044,0,1,0,0,0,0,0,0,0,0,0,0
390044,1,1,0,0,0,0,0,0,0,0,0,0
390044,2,1,14,14,14,14,14,14,14,14,14,14
390045,1,1,20,20,20,20,20,20,20,20,20,20
390045,2,1,0,0,0,26,0,0,0,0,0,0
390046,0,1,0,0,0,0,0,0,0,0,0,0
390046,1,1,0,0,0,0,0,0,19,0,0,0
390047,1,1,0,0,0,0,0,0,0,0,0,0
390047,2,1,0,0,0,0,0,0,0,0,0,0
390048,1,1,0,0,0,0,0,0,0,0,0,0
390048,2,1,0,0,0,0,0,0,0,0,0,0
390049,1,1,0,0,0,0,0,0,0,0,29,0
390050,1,1,0,0,0,0,0,0,0,0,0,0
390050,2,1,0,0,0,0,0,0,0,0,0,0
390051,0,1,0,0,0,0,0,0,0,0,0,0
390051,1,1,0,0,0,0,0,0,0,0,0,0
390052,1,1,0,0,0,0,0,0,0,0,0,0
390052,2,1,0,0,0,0,0,0,0,0,0,0
390053,0,1,2,2,2,2,2,2,2,2,2,2
390053,1,1,0,0,0,0,0,0,0,13,0,0
390054,1,1,0,0,0,0,0,0,0,0,0,0
390055,0,1,29,29,29,29,29,29,29,29,29,29
390055,1,1,0,0,0,0,0,0,0,0,0,0
390056,0,1,0,0,0,0,0,0,0,0,0,0
390056,0,2,0,0,0,0,0,0,0,0,0,0
390056,1,1,18,18,18,18,18,18,18,18,18,18
390057,0,1,0,0,0,0,0,0,0,0,0,0
390057,0,2,0,0,0,0,0,22,0,0,0,0
390057,1,1,0,0,0,0,0,0,0,0,0,0
390057,2,1,4,4,4,4,4,4,4,4,4,4
390058,1,1,25,25,25,25,25,25,25,25,25,25
390059,1,1,0,0,0,0,0,0,0,0,0,0
390060,1,1,25,20,11,5,12,19,12,23,21,12
390061,1,1,20,20,20,20,20,20,20,20,20,20
390062,1,1,15,22,41,26,29,11,20,14,14,31
390063,1,1,0,0,0,0,0,0,0,0,0,0
390063,2,1,17,0,0,0,0,0,0,27,36,0
390064,1,1,0,0,0,0,0,0,0,0,0,0
390064,2,1,0,0,0,0,0,0,0,0,0,0
390065,0,1,18,18,18,18,18,18,18,18,18,18
390065,1,1,0,0,0,0,0,0,0,0,0,0
390066,1,1,0,0,0,0,0,0,0,0,0,0
390066,2,1,13,13,13,13,13,13,13,13,13,13
390067,1,1,0,0,0,0,0,0,0,0,0,0
390067,2,1,0,0,0,0,0,0,0,0,0,0
390068,1,1,0,0,0,0,0,0,0,0,0,0
390069,1,1,0,0,0,0,0,0,0,0,0,0
390069,2,1,16,16,16,16,16,16,16,16,16,16
390070,1,1,0,0,0,0,0,0,0,0,0,0
390070,2,1,0,0,0,0,0,0,0,0,0,0
390071,1,1,0,0,0,0,0,0,0,0,0,0
390072,1,1,0,0,0,0,0,0,0,0,0,0
390072,2,1,0,0,0,0,0,0,0,0,0,0
390073,1,1,0,0,0,0,0,0,0,0,0,0
390074,0,1,0,0,0,0,0,0,0,0,0,0
390074,1,1,0,0,0,0,0,0,0,0,0,0
390075,1,1,0,0,0,0,4,0,0,0,0,0
390075,2,1,0,0,0,0,0,0,0,0,0,0
390076,1,1,23,20,16,8,2,3,27,9,16,9
390077,1,1,0,0,0,0,0,0,0,0,0,0
390077,2,1,0,0,0,0,0,0,0,0,0,0
390078,1,1,30,30,30,30,30,30,30,30,30,30
390079,1,1,0,0,0,0,0,0,0,0,0,0
390080,1,1,19,16,26,11,6,13,7,25,37,16
390081,1,1,0,0,0,0,0,0,0,0,0,0
390081,2,1,0,16,0,0,0,0,0,40,0,0
390082,1,1,0,0,0,0,0,0,0,0,0,0
390082,2,1,8,8,8,8,8,8,8,8,8,8
390083,1,1,0,0,0,0,0,0,0,0,0,0
390084,1,1,0,0,0,0,0,0,0,0,0,0
390085,1,1,0,0,0,0,0,0,0,0,0,0
390085,2,1,0,0,0,0,0,0,0,0,0,0
390086,1,1,7,7,7,7,7,7,7,7,7,7
390087,1,1,0,0,0,0,0,0,0,0,0,0
390087,2,1,0,0,0,0,0,0,0,0,0,0
390087,3,1,0,0,0,0,0,0,0,0,0,0
390088,1,1,21,21,21,21,21,21,21,21,21,21
390089,1,1,31,31,31,31,31,31,31,31,31,31
390090,1,1,12,12,12,12,12,12,12,12,12,12
390091,1,1,22,22,22,22,22,22,22,22,22,22
390091,2,1,12,12,12,12,12,12,12,12,12,12
390092,1,1,0,0,0,0,0,0,0,0,0,0
390093,1,1,0,0,0,0,0,0,0,0,0,0
390093,2,1,0,0,0,0,0,0,0,0,0,0
390094,1,1,0,0,0,0,0,0,0,0,0,0
390094,2,1,0,0,0,0,0,11,0,0,0,0
390095,1,1,0,0,0,0,0,0,0,0,0,0
390096,1,1,0,0,0,0,0,0,0,0,0,0
390096,2,1,0,0,0,0,0,0,0,0,0,0
390097,1,1,0,0,0,0,0,0,0,0,0,0
390098,0,1,0,0,0,0,0,0,0,0,0,0
390098,1,1,24,14,30,21,24,21,26,0,6,8
390099,0,1,21,21,21,21,21,21,21,21,21,21
390099,0,2,14,12,35,9,18,30,10,21,11,11
390099,1,1,0,0,0,0,0,0,0,0,0,0
390100,1,1,26,26,26,26,26,26,26,26,26,26
390101,1,1,4,4,4,4,4,4,4,4,4,4
390102,1,1,0,0,0,0,0,0,0,0,0,0
390103,1,1,0,0,0,0,0,0,0,0,0,0
390103,2,1,0,0,0,0,0,0,0,0,0,0
390105,1,1,18,18,18,18,18,18,18,18,18,18
390106,1,1,0,0,0,0,0,0,0,0,0,0
390107,1,1,13,13,13,13,13,13,13,13,13,13
390108,1,1,0,0,0,0,0,0,0,0,0,0
390108,2,1,0,0,0,0,0,0,0,0,0,0
390109,1,1,0,0,0,0,0,0,0,0,0,0
390110,0,1,0,0,0,0,0,0,0,0,0,0
390110,1,1,0,0,0,0,0,0,0,0,0,0
390110,2,1,0,0,0,0,0,0,0,0,0,0
390111,1,1,19,19,19,19,19,19,19,19,19,19
390112,0,1,0,0,0,0,0,0,0,0,0,0
390112,1,1,16,0,0,0,0,0,0,0,10,0
390113,1,1,0,0,0,0,0,0,0,0,0,0
390113,2,1,0,0,0,0,0,0,0,0,0,0
390114,1,1,19,19,19,19,19,19,19,19,19,19
390115,1,1,0,0,0,0,0,0,0,0,0,0
390115,2,1,0,0,0,0,0,0,0,0,0,0
390117,1,1,0,0,0,0,0,0,0,0,0,0
390117,2,1,0,0,0,0,0,0,0,0,0,0
390118,1,1,10,7,11,30,18,22,12,0,22,13
390119,1,1,23,23,23,23,23,23,23,23,23,23
390120,1,1,0,8,0,0,0,11,0,39,0,0
390120,2,1,0,0,0,0,0,0,0,0,0,0
390121,1,1,0,0,0,0,6,0,0,0,0,0
390122,0,1,32,43,32,0,31,35,21,28,20,42
390122,1,1,0,0,0,0,0,0,0,0,0,0
390123,0,1,0,0,0,0,0,0,0,0,0,0
390123,1,1,19,0,0,0,0,0,0,0,0,0
390124,1,1,22,22,22,22,22,22,22,22,22,22
390125,1,1,4,4,4,4,4,4,4,4,4,4
390126,1,1,0,0,0,0,0,0,0,0,0,0
390126,2,1,0,0,0,0,0,0,0,0,0,0
390127,0,1,4,0,0,0,0,8,0,0,0,0
390127,1,1,0,0,0,0,0,0,0,0,0,0
390128,1,1,20,20,20,20,20,20,20,20,20,20
390129,1,1,30,30,30,30,30,30,30,30,30,30
390129,2,1,0,0,0,0,0,0,0,0,0,0
390130,0,1,0,0,0,0,0,0,0,0,0,0
390130,1,1,0,0,0,0,0,0,0,0,0,0
390131,1,1,0,0,0,0,0,0,0,0,0,0
390131,2,1,10,0,0,0,13,12,7,0,21,0
390132,1,1,0,0,0,0,0,0,0,0,0,0
390132,2,1,0,0,0,0,0,0,0,0,0,0
390133,0,1,28,28,28,28,28,28,28,28,28,28
390133,1,1,0,0,0,0,0,0,0,0,0,0
390134,1,1,0,0,0,0,0,0,0,0,0,0
390134,2,1,0,0,0,0,0,0,0,0,0,0
390136,1,1,14,14,14,14,14,14,14,14,14,14
390137,1,1,0,0,0,0,0,0,0,0,0,0
390138,1,1,0,0,0,0,0,0,0,0,0,0
390138,2,1,0,0,0,0,0,0,0,0,0,0
390139,1,1,17,17,17,17,17,17,17,17,17,17
390139,2,1,0,0,0,0,0,0,0,0,0,0
390140,1,1,0,0,0,0,0,0,0,0,0,0
390141,1,1,0,0,0,0,0,0,0,0,0,0
390141,2,1,0,0,0,0,0,0,0,0,0,0
390142,1,1,0,0,0,0,0,0,0,0,0,0
390142,2,1,0,0,0,0,0,0,0,0,0,0
390143,0,1,0,0,0,0,0,0,0,0,0,0
390143,1,1,0,0,0,0,0,0,0,0,0,0
390144,0,1,0,0,0,0,0,0,0,0,0,0
390144,1,1,22,0,0,0,0,0,0,2,17,0
390145,1,1,0,0,0,0,0,0,0,0,0,0
390145,2,1,0,0,0,0,0,0,0,0,0,0
390146,1,1,0,0,0,0,0,0,0,0,0,0
390146,2,1,0,0,0,0,0,0,0,0,0,0
390147,0,1,14,14,14,14,14,14,14,14,14,14
390147,1,1,0,18,0,0,0,13,0,0,0,0
390147,2,1,11,0,0,24,0,0,0,16,0,0
390148,1,1,0,0,0,0,0,0,0,0,0,0
390148,2,1,0,0,0,0,0,0,0,0,0,0
390150,1,1,27,27,27,27,27,27,27,27,27,27
390151,1,1,15,0,0,0,0,0,0,0,0,0
390151,2,1,0,0,0,0,0,0,0,0,0,0
390153,0,1,0,0,0,0,0,0,0,0,0,0
390153,1,1,0,0,0,0,0,0,0,0,0,0
390154,0,1,0,0,0,0,0,0,0,0,0,0
390154,1,1,0,0,0,0,0,0,0,0,0,0
390155,1,1,23,23,23,23,23,23,23,23,23,23
390156,1,1,0,0,0,0,0,0,0,0,0,0
390156,2,1,12,12,12,12,12,12,12,12,12,12
390157,1,1,14,14,14,14,14,14,14,14,14,14
390158,1,1,0,0,0,0,0,0,0,0,0,0
390158,2,1,0,0,0,0,0,0,0,0,0,0
390159,1,1,0,0,0,9,0,0,0,0,0,0
390159,2,1,0,0,0,0,0,0,0,0,0,0
390160,1,1,17,17,17,17,17,17,17,17,17,17
390161,1,1,0,0,0,0,0,0,0,0,0,0
390161,2,1,0,0,40,0,0,0,0,0,0,0
390162,1,1,8,8,8,8,8,8,8,8,8,8
390163,0,1,0,0,0,0,0,0,0,0,0,0
390163,1,1,0,0,0,0,0,0,0,0,0,0
390164,1,1,16,16,16,16,16,16,16,16,16,16
390165,1,1,0,0,0,0,0,0,0,0,0,0
390166,1,1,22,22,22,22,22,22,22,22,22,22
390167,1,1,0,0,0,0,0,0,0,0,0,0
390168,1,1,0,0,0,0,0,0,0,0,0,0
390169,1,1,0,0,0,0,0,0,0,0,0,0
390169,2,1,0,0,0,0,0,0,0,0,0,0
390170,1,1,0,0,0,0,0,0,0,0,0,0
390170,2,1,29,0,0,0,0,7,0,27,0,0
390171,1,1,0,0,0,0,0,0,0,0,0,0
390172,1,1,0,0,0,0,0,0,0,0,0,0
390172,2,1,0,0,0,0,0,0,0,0,0,0
390173,1,1,0,0,0,0,0,22,0,0,0,0
390174,1,1,13,0,4,7,16,4,0,9,4,22
390175,1,1,0,0,0,0,0,0,0,0,0,0
390175,2,1,0,0,0,0,0,0,0,0,0,0
390175,3,1,0,0,0,0,0,0,0,0,0,0
390175,4,1,0,0,0,0,0,0,0,0,0,0
390176,0,1,34,34,34,34,34,34,34,34,34,34
390176,1,1,0,0,0,0,0,0,0,0,0,0
390177,0,1,30,30,30,30,30,30,30,30,30,30
390177,1,1,0,0,0,0,0,25,0,0,0,0
390178,1,1,32,32,32,32,32,32,32,32,32,32
390179,1,1,4,4,4,4,4,4,4,4,4,4
390180,1,1,11,11,11,11,11,11,11,11,11,11
390181,1,1,0,0,0,0,0,0,0,0,0,0
390182,1,1,18,18,18,18,18,18,18,18,18,18
390183,1,1,0,0,0,0,0,0,0,0,0,0
390183,2,1,8,11,19,0,0,0,0,8,0,0
390184,0,1,0,0,0,0,0,0,0,0,0,0
390184,1,1,0,0,0,0,0,0,0,0,0,0
390185,1,1,0,0,0,0,0,0,0,0,0,0
390186,0,1,0,0,0,0,0,0,0,0,0,0
390186,1,1,0,0,0,0,0,0,0,0,0,0
390186,2,1,0,0,0,3,0,0,0,0,0,0
390187,1,1,2,2,2,2,2,2,2,2,2,2
390188,1,1,0,0,0,0,0,0,0,0,0,0
390188,2,1,0,0,0,0,0,0,0,0,0,0
390189,1,1,0,0,0,0,0,0,0,0,0,0
390189,2,1,0,0,0,0,0,0,0,0,0,0
390190,1,1,0,0,0,0,0,0,0,0,0,0
390190,2,1,0,0,0,0,0,0,0,0,0,0
390191,1,1,0,0,0,0,0,0,0,0,0,0
390191,2,1,24,24,24,24,24,24,24,24,24,24
390192,1,1,0,0,0,0,0,0,0,0,0,0
390192,2,1,0,0,0,0,0,0,0,0,0,0
390193,1,1,14,0,0,0,0,0,0,0,0,19
390193,2,1,0,0,0,0,0,0,0,0,0,0
390194,1,1,0,0,0,0,0,0,0,0,0,13
390194,2,1,0,0,0,0,0,0,0,0,0,0
390196,1,1,16,16,16,16,16,16,16,16,16,16
390197,1,1,0,0,0,0,0,0,0,0,0,0
390197,2,1,0,0,0,0,0,0,0,0,0,0
390198,1,1,11,0,0,0,0,0,12,0,0,0
390198,2,1,0,0,0,0,0,0,0,0,0,0
390199,1,1,0,0,0,0,0,0,0,0,0,0
390200,1,1,0,0,0,0,0,0,0,0,0,0
390200,2,1,0,0,0,0,0,0,0,0,0,0
390202,1,1,0,0,0,0,0,0,0,0,0,0
390203,0,1,0,0,0,0,0,0,0,0,0,0
390203,1,1,0,0,0,0,0,0,0,0,0,0
390204,1,1,24,24,24,24,24,24,24,24,24,24
390205,1,1,2,2,2,2,2,2,2,2,2,2
390206,1,1,0,0,0,0,4,12,0,0,0,0
390206,2,1,0,0,0,0,0,0,0,0,0,0
390207,0,1,0,0,0,0,0,0,0,0,0,0
390207,1,1,0,0,0,0,0,0,0,0,0,0
390208,1,1,0,0,0,0,0,0,0,0,0,0
390208,2,1,0,0,0,0,0,0,0,0,0,0
390209,1,1,16,16,16,16,16,16,16,16,16,16
390210,1,1,20,20,20,20,20,20,20,20,20,20
390211,1,1,0,0,0,0,0,0,0,0,0,0
390212,1,1,22,22,22,22,22,22,22,22,22,22
390213,1,1,13,13,13,13,13,13,13,13,13,13
390214,1,1,0,0,0,0,0,0,0,0,0,0
390215,1,1,11,11,11,11,11,11,11,11,11,11
390216,1,1,0,0,0,0,0,0,0,0,0,0
390216,2,1,0,0,0,0,0,0,0,0,0,0
390217,1,1,0,0,0,0,0,0,0,0,0,0
390217,2,1,0,0,0,0,0,0,0,0,0,0
390218,1,1,0,0,0,0,0,0,0,0,0,0
390220,0,1,24,32,13,26,14,24,0,37,11,16
390220,1,1,0,0,0,0,0,0,16,0,0,0
390221,0,1,13,13,13,13,13,13,13,13,13,13
390221,1,1,0,0,0,16,0,0,0,0,0,0
390221,2,1,0,0,0,0,0,0,0,0,29,0
390222,1,1,0,17,0,3,9,0,5,16,6,11
390222,2,1,0,0,0,0,0,0,0,0,0,0
390222,3,1,0,0,0,0,0,0,0,0,0,0
390223,1,1,0,0,0,0,0,0,0,0,0,0
390223,2,1,0,0,0,0,0,0,0,0,0,0
390224,1,1,0,0,0,0,0,0,0,0,0,0
390224,2,1,0,0,0,0,0,0,0,0,0,0
390225,1,1,0,0,0,0,0,0,0,0,0,0
390226,1,1,0,0,0,0,0,0,0,0,0,0
390226,2,1,0,0,0,0,0,0,0,0,0,0
390227,1,1,31,31,31,31,31,31,31,31,31,31
390228,1,1,17,17,17,17,17,17,17,17,17,17
390229,1,1,0,0,0,0,0,0,0,0,0,0
390229,2,1,0,0,0,0,0,0,0,0,0,0
390230,2,1,11,11,11,11,11,11,11,11,11,11
390231,1,1,0,0,0,0,0,0,0,0,0,0
390232,1,1,0,20,18,0,0,11,0,0,0,0
390234,1,1,0,0,0,0,0,0,0,0,0,0
390234,2,1,0,0,0,0,0,0,0,0,0,0
390235,0,1,21,21,21,21,21,21,21,21,21,21
390235,1,1,0,0,0,0,0,0,0,0,0,0
390236,1,1,0,0,0,0,0,0,0,0,0,0
390237,0,1,1,1,1,1,1,1,1,1,1,1
390237,1,1,0,0,0,0,0,0,9,0,0,17
390238,1,1,19,13,14,30,14,11,12,26,18,12
390239,1,1,0,0,0,0,0,0,0,0,0,0
390239,2,1,0,0,0,0,0,0,0,0,0,0
390240,1,1,33,33,33,33,33,33,33,33,33,33
390241,1,1,0,0,0,0,0,0,0,0,0,0
390241,2,1,0,0,0,0,0,0,0,0,0,11
390242,1,1,0,0,24,0,0,0,0,0,0,0
390242,2,1,0,0,0,0,0,0,0,0,0,0
390243,1,1,17,17,17,17,17,17,17,17,17,17
390244,1,1,13,0,33,0,20,22,6,0,16,8
390245,1,1,34,34,34,34,34,34,34,34,34,34
390245,2,1,0,0,0,0,0,0,0,0,0,0
390246,1,1,0,0,0,0,0,0,0,0,0,0
390246,2,1,0,0,0,0,0,0,0,0,0,0
390247,1,1,0,0,0,0,0,0,0,0,0,0
390248,1,1,0,0,0,0,0,0,0,0,15,0
390249,1,1,18,18,18,18,18,18,18,18,18,18
390251,1,1,0,0,0,0,0,0,0,0,0,0
390252,1,1,0,0,0,0,0,0,0,0,0,0
390252,2,1,0,0,0,0,0,0,0,0,0,0
390253,1,1,0,0,0,0,0,4,0,0,0,13
390254,1,1,0,0,0,0,0,0,0,0,0,0
390254,2,1,0,0,0,0,0,0,0,0,0,0
390255,1,1,0,0,0,0,0,0,0,0,0,0
390255,2,1,0,0,0,0,0,0,0,0,0,0
390256,1,1,1,1,1,1,1,1,1,1,1,1
390256,2,1,0,0,0,0,0,0,0,0,0,0
390256,3,1,5,0,0,0,0,0,0,21,0,0
390257,0,1,0,0,0,0,0,0,0,0,0,0
390257,1,1,0,0,0,0,0,0,0,0,0,0
390258,0,1,0,0,0,0,0,0,0,0,0,0
390258,1,1,0,0,0,0,0,0,0,0,0,0
390259,1,1,0,0,8,0,15,0,19,0,0,0
390259,2,1,14,28,6,0,11,0,3,12,9,10
390260,0,1,0,0,0,0,0,0,0,0,0,0
390260,1,2,16,16,16,16,16,16,16,16,16,16
390262,1,1,0,0,0,0,0,0,0,0,0,0
390262,2,1,27,0,0,0,0,0,0,0,0,0
390262,3,1,0,0,0,0,0,18,0,0,0,0
390263,0,1,35,35,35,35,35,35,35,35,35,35
390263,1,1,3,9,28,28,0,17,19,13,9,17
390264,1,1,0,0,0,0,0,0,0,0,0,0
390265,0,1,0,0,0,0,0,0,0,0,0,0
390265,1,1,13,0,0,0,0,20,0,0,0,0
390266,1,1,0,0,0,0,0,0,0,0,0,0
390266,2,1,0,0,0,0,0,0,0,0,0,0
390267,1,1,22,22,22,22,22,22,22,22,22,22
390267,2,1,0,0,0,0,0,0,0,0,0,0
390269,1,1,0,0,0,0,0,0,0,0,0,0
390269,2,1,0,0,0,0,0,0,0,0,0,0
390269,3,1,0,0,0,0,0,0,0,0,0,0
390270,0,1,0,0,0,0,0,0,0,0,0,0
390270,1,1,0,0,0,0,0,0,0,0,0,0
390271,0,1,0,0,0,0,0,0,0,0,0,0
390271,1,1,0,0,12,0,0,0,0,0,0,0
390272,1,1,11,15,12,2,0,0,13,12,1,9
390273,1,1,0,0,0,0,0,0,0,0,0,0
390273,2,1,0,0,0,0,0,0,0,0,0,0
390274,1,1,0,0,0,0,0,0,0,0,0,0
390274,2,1,0,0,0,0,0,0,16,0,0,0
390275,1,1,4,16,13,12,7,32,26,35,13,20
390276,1,1,22,22,22,22,22,22,22,22,22,22
390277,1,1,0,0,0,0,0,0,0,0,0,0
390277,2,1,0,0,0,0,0,0,0,0,0,0
390277,3,1,0,0,0,0,0,0,0,0,0,0
390278,1,1,0,0,0,0,0,0,0,0,0,0
390278,2,1,0,0,0,0,0,0,0,0,0,0
390279,1,1,9,6,12,15,12,16,18,17,0,4
390280,1,1,0,0,0,0,0,0,0,0,0,0
390281,1,1,0,0,0,0,0,0,0,0,0,0
390281,2,1,0,0,0,0,0,0,0,0,0,0
390282,1,1,0,0,0,0,0,0,0,0,0,0
390282,2,1,24,24,24,24,24,24,24,24,24,24
390283,1,1,0,0,0,0,0,0,0,0,0,0
390284,1,1,27,27,27,27,27,27,27,27,27,27
390285,1,1,17,11,13,5,0,12,48,20,11,5
390286,1,1,0,0,0,0,0,0,0,0,0,0
390286,2,1,0,0,0,0,0,0,0,0,0,0
390287,1,1,11,11,11,11,11,11,11,11,11,11
390288,0,1,17,17,17,17,17,17,17,17,17,17
390288,1,1,0,0,0,0,0,0,0,0,0,0
390289,1,1,0,0,0,0,0,11,0,0,0,0
390289,2,1,0,0,0,0,0,0,0,0,0,0
390290,0,1,0,0,0,0,0,0,0,0,0,0
390290,1,1,0,0,0,0,0,0,0,0,0,0
390292,1,1,0,0,0,0,0,0,0,0,0,0
390293,1,1,0,0,0,0,0,0,0,0,0,0
390293,2,1,0,0,0,0,0,0,0,0,0,0
390293,3,1,29,29,29,29,29,29,29,29,29,29
390294,1,1,21,21,21,21,21,21,21,21,21,21
390295,1,1,0,0,0,0,0,0,0,0,0,0
390296,1,1,0,0,0,0,8,0,0,0,0,0
390296,2,1,0,0,0,0,0,0,0,9,0,0
390297,1,1,15,15,15,15,15,15,15,15,15,15