ST_CASE,VEH_NO,PER_NO,P1,P2,P3,P4,P5,P6,P7,P8,P9,P10
390298,1,1,27,27,27,27,27,27,27,27,27,27
390298,2,1,0,0,0,0,0,0,0,0,0,0
390298,3,1,0,0,0,0,4,0,0,2,0,3
390298,4,1,0,0,0,0,0,0,0,0,0,0
390298,5,1,0,0,3,0,0,0,0,0,0,0
390299,1,1,5,5,5,5,5,5,5,5,5,5
390300,1,1,24,22,16,13,5,27,10,11,7,16
390301,1,1,0,0,0,0,0,0,0,0,0,0
390302,1,1,19,25,28,26,19,0,20,29,24,26
390303,1,1,0,0,0,15,8,0,0,0,0,0
390303,2,1,0,0,0,0,0,0,0,0,0,0
390304,1,1,21,21,21,21,21,21,21,21,21,21
390305,1,1,0,0,0,0,0,0,0,0,0,0
390305,2,1,0,0,0,0,0,0,0,0,0,0
390306,1,1,0,0,0,0,0,0,0,0,0,0
390306,2,1,0,0,0,0,0,0,0,0,0,0
390307,1,1,0,0,0,0,0,0,0,0,0,0
390307,2,1,0,0,0,0,0,0,0,0,0,0
390308,1,1,0,0,0,0,0,0,0,0,0,0
390308,2,1,0,0,0,0,0,0,0,0,0,0
390309,1,1,6,6,6,6,6,6,6,6,6,6
390309,2,1,14,14,14,14,14,14,14,14,14,14
390310,1,1,0,0,0,0,0,0,0,0,0,0
390312,1,1,0,0,0,0,0,0,0,0,0,0
390313,1,1,0,0,0,11,0,0,0,0,0,0
390313,2,1,0,0,0,0,0,0,0,0,0,0
390314,1,1,23,23,23,23,23,23,23,23,23,23
390315,0,1,0,0,0,0,0,0,0,0,0,0
390315,1,1,0,0,0,0,0,0,0,0,0,0
390316,1,1,0,0,0,0,0,0,0,0,0,0
390316,2,1,0,0,0,0,0,0,0,0,0,0
390317,0,1,28,28,28,28,28,28,28,28,28,28
390317,1,1,0,0,0,0,0,0,0,0,0,0
390318,1,1,0,0,0,0,0,0,0,0,0,0
390318,2,1,0,0,0,0,0,0,0,0,0,0
390319,1,1,0,0,15,17,34,12,13,33,18,13
390319,2,1,0,0,0,0,0,0,0,0,0,0
390320,1,1,0,0,7,0,13,0,0,0,0,0
390321,1,1,0,0,0,0,0,0,0,0,0,0
390321,2,1,0,0,0,0,0,0,0,0,0,0
390322,1,1,12,12,12,12,12,12,12,12,12,12
390322,2,1,0,0,0,0,0,0,0,0,0,0
390323,1,1,0,0,0,0,0,0,0,0,0,0
390324,0,1,25,25,25,25,25,25,25,25,25,25
390324,1,1,15,8,9,50,0,0,10,0,0,0
390325,1,1,0,0,0,0,0,0,0,0,0,0
390325,2,1,0,0,0,0,0,0,0,0,0,0
390326,1,1,0,0,0,0,0,0,0,0,0,0
390326,2,1,0,0,0,0,0,0,0,0,0,0
390327,1,1,0,0,0,0,0,0,0,0,0,0
390327,2,1,0,0,0,0,0,0,0,0,0,0
390328,1,1,9,9,9,9,9,9,9,9,9,9
390329,1,1,0,0,0,0,0,0,0,0,0,0
390329,2,1,0,0,0,0,0,0,0,0,0,0
390330,1,1,24,24,24,24,24,24,24,24,24,24
390331,1,1,0,0,0,0,0,0,0,0,0,0
390333,1,1,19,0,0,0,0,0,0,0,0,13
390334,1,1,0,0,0,0,0,0,0,0,0,0
390334,2,1,0,0,0,0,0,0,0,0,0,0
390335,1,1,17,17,17,17,17,17,17,17,17,17
390336,0,1,0,0,0,0,0,0,0,0,0,26
390336,1,1,0,0,0,0,0,0,0,0,0,0
390337,1,1,26,26,26,26,26,26,26,26,26,26
390338,1,1,0,0,0,0,0,0,0,0,0,0
390338,2,1,0,0,0,0,0,0,0,0,0,0
390339,1,1,26,26,26,26,26,26,26,26,26,26
390340,1,1,0,0,0,0,0,0,0,0,0,0
390340,2,1,0,0,0,0,0,0,0,0,0,0
390341,1,1,15,15,15,15,15,15,15,15,15,15
390342,1,1,21,21,21,21,21,21,21,21,21,21
390343,1,1,0,7,5,0,0,29,0,4,0,0
390344,1,1,9,2,16,0,5,4,8,23,0,8
390345,1,1,0,0,0,0,0,0,0,0,0,0
390345,2,1,0,0,0,0,6,0,0,0,0,0
390346,1,1,16,11,21,20,28,23,10,0,8,21
390347,1,1,0,0,0,0,0,0,0,0,0,0
390348,1,1,0,0,0,0,0,0,0,0,0,0
390348,2,1,0,0,0,0,0,0,0,0,0,0
390349,1,1,2,2,2,2,2,2,2,2,2,2
390349,2,1,0,0,0,0,0,0,0,0,0,0
390350,1,1,19,19,19,19,19,19,19,19,19,19
390351,1,1,0,13,7,0,0,6,17,0,10,0
390352,1,1,0,0,0,0,0,0,0,0,0,0
390353,1,1,0,0,0,0,0,0,0,0,0,0
390354,1,1,0,0,0,0,0,0,0,0,0,0
390354,2,1,0,0,0,0,0,0,0,0,0,0
390355,1,1,18,18,18,18,18,18,18,18,18,18
390356,1,1,26,26,26,26,26,26,26,26,26,26
390357,1,1,15,15,15,15,15,15,15,15,15,15
390357,2,1,0,0,0,0,0,0,0,0,0,0
390357,3,1,0,0,0,0,0,0,0,0,0,0
390358,0,1,28,28,28,28,28,28,28,28,28,28
390358,1,1,0,0,0,0,0,0,0,0,0,0
390359,1,1,0,0,0,0,0,0,0,0,0,0
390359,2,1,0,0,0,0,0,0,0,0,0,0
390360,1,1,0,0,0,0,0,0,0,0,0,0
390360,2,1,0,0,0,0,0,0,0,0,0,0
390361,1,1,24,24,24,24,24,24,24,24,24,24
390361,2,1,0,0,0,0,0,0,0,0,0,0
390362,1,1,0,0,0,0,0,0,0,0,0,0
390363,1,1,25,13,15,36,24,8,12,13,32,15
390364,1,1,0,0,0,0,0,0,0,0,0,0
390364,2,1,0,0,0,0,0,0,0,0,0,0
390365,1,1,0,0,0,0,0,0,0,0,0,0
390365,2,1,0,0,0,0,0,0,0,0,0,0
390366,1,1,0,0,0,0,0,0,0,0,0,0
390366,2,1,0,0,0,0,0,0,0,0,0,0
390367,1,1,0,0,0,0,0,0,0,0,0,0
390367,2,1,0,0,0,0,0,0,0,0,0,0
390368,1,1,0,0,0,0,0,0,0,0,0,0
390368,2,1,0,0,0,0,0,0,0,0,0,0
390369,1,1,0,0,34,0,0,19,0,0,0,0
390370,1,1,0,0,0,0,0,0,0,0,0,0
390370,2,1,0,0,0,0,0,0,0,0,0,0
390371,1,1,34,34,34,34,34,34,34,34,34,34
390373,1,1,0,0,0,0,0,0,0,22,7,0
390374,1,1,0,0,0,0,0,0,0,0,0,0
390374,2,1,0,0,0,0,0,0,0,0,0,0
390375,1,1,0,0,0,0,0,0,0,0,0,0
390375,2,1,17,17,17,17,17,17,17,17,17,17
390376,1,1,18,18,18,18,18,18,18,18,18,18
390377,1,1,0,0,0,0,0,0,0,6,0,0
390377,2,1,15,15,15,15,15,15,15,15,15,15
390378,1,1,0,0,0,0,0,0,0,0,0,0
390379,1,1,11,21,18,16,13,20,23,18,30,8
390380,1,1,0,0,0,0,0,0,0,0,0,0
390381,1,1,0,0,0,0,0,0,0,0,0,0
390381,2,1,0,0,0,0,0,0,0,0,0,0
390381,3,1,0,0,0,0,0,0,0,0,0,0
390382,1,1,21,21,21,21,21,21,21,21,21,21
390382,2,1,0,0,0,0,0,0,0,0,0,0
390383,1,1,0,0,0,0,0,0,0,24,0,0
390384,1,1,0,0,0,0,0,0,0,0,0,0
390384,2,1,0,0,0,0,0,0,0,0,0,0
390385,1,1,18,17,11,6,9,9,13,9,17,27
390386,1,1,0,0,0,0,0,0,0,0,0,0
390386,2,1,0,0,0,0,0,0,0,0,0,0
390387,1,1,0,0,0,0,0,0,0,0,0,0
390388,1,1,18,18,18,18,18,18,18,18,18,18
390389,0,1,20,20,20,20,20,20,20,20,20,20
390389,1,1,0,13,0,0,0,0,0,9,0,0
390390,0,1,6,6,6,6,6,6,6,6,6,6
390390,1,1,0,0,0,0,0,0,0,0,0,0
390391,1,1,0,0,0,0,0,0,0,0,0,0
390392,1,1,0,0,0,0,0,0,0,0,0,0
390392,2,1,0,0,0,0,0,0,0,0,0,0
390392,3,1,0,0,0,0,0,0,0,0,0,0
390393,1,1,0,0,0,0,0,0,0,0,0,0
390393,2,1,0,0,0,0,0,0,0,0,0,0
390394,1,1,0,0,0,0,0,0,0,0,0,0
390395,1,1,0,0,0,0,0,0,0,0,0,0
390395,2,1,0,0,0,0,0,0,0,0,0,0
390396,1,1,0,9,0,28,0,0,11,0,0,21
390397,1,1,0,0,0,2,0,0,0,0,0,0
390397,2,1,0,0,0,0,0,0,0,0,0,0
390398,1,1,0,0,0,0,0,0,0,0,0,0
390398,2,1,0,0,0,0,0,0,0,11,0,0
390399,1,1,16,16,16,16,16,16,16,16,16,16
390400,1,1,26,26,26,26,26,26,26,26,26,26
390401,1,1,0,0,0,0,0,0,0,0,0,0
390402,1,1,0,0,0,0,0,0,0,0,0,0
390402,2,1,0,0,0,0,0,0,0,0,0,0
390403,1,1,25,25,25,25,25,25,25,25,25,25
390404,1,1,13,13,13,13,13,13,13,13,13,13
390405,1,1,30,30,30,30,30,30,30,30,30,30
390406,1,1,14,14,14,14,14,14,14,14,14,14
390407,1,1,1,1,1,1,1,1,1,1,1,1
390407,2,1,0,0,0,0,0,0,0,0,0,0
390407,3,1,0,0,0,0,0,0,0,0,0,0
390408,1,1,8,8,8,8,8,8,8,8,8,8
390409,1,1,8,0,0,0,0,0,0,0,0,0
390410,1,1,0,0,0,0,0,0,0,0,0,0
390410,2,1,0,0,0,0,0,0,0,0,0,0
390410,3,1,0,0,0,0,0,0,0,0,0,0
390410,4,1,0,0,0,0,0,0,0,0,0,0
390411,1,1,0,0,0,0,0,0,0,0,0,0
390411,2,1,0,0,0,0,0,0,0,0,0,0
390413,1,1,8,8,8,8,8,8,8,8,8,8
390413,2,1,0,0,0,0,0,0,0,0,0,0
390413,3,1,0,0,0,0,0,0,0,0,0,4
390414,1,1,16,10,0,0,0,17,0,7,0,0
390415,1,1,5,5,5,5,5,5,5,5,5,5
390416,1,1,23,0,0,3,2,0,19,17,14,10
390416,2,1,0,0,0,0,0,0,0,0,0,0
390416,3,1,0,0,0,0,0,0,0,0,0,0
390416,4,1,0,0,0,0,0,0,0,0,0,0
390416,5,1,0,0,0,0,0,0,0,0,0,0
390417,1,1,24,24,24,24,24,24,24,24,24,24
390418,1,1,23,23,23,23,23,23,23,23,23,23
390419,0,1,0,0,0,0,0,0,0,0,0,0
390419,1,1,0,0,0,0,0,0,0,0,0,0
390420,1,1,0,0,0,0,0,0,0,0,0,0
390420,2,1,0,0,0,0,0,0,0,0,0,0
390421,1,1,0,0,0,0,0,0,0,0,0,0
390422,1,1,29,29,29,29,29,29,29,29,29,29
390423,1,1,0,0,0,0,0,0,0,0,8,0
390423,2,1,0,0,0,0,0,0,0,0,0,0
390424,1,1,0,19,0,0,0,19,17,0,0,0
390425,1,1,0,0,0,0,0,0,0,0,0,0
390425,2,1,0,0,0,0,0,0,0,0,0,0
390426,1,1,0,0,0,0,0,0,0,0,0,0
390426,2,1,0,0,0,0,0,0,0,0,0,0
390428,1,1,30,30,30,30,30,30,30,30,30,30
390429,1,1,10,10,10,10,10,10,10,10,10,10
390430,1,1,0,0,0,0,0,0,0,0,0,0
390430,2,1,0,0,0,0,29,0,0,0,0,0
390431,0,1,0,0,0,0,0,0,0,0,0,0
390431,1,1,0,0,0,0,0,0,0,0,0,0
390432,1,1,30,30,30,30,30,30,30,30,30,30
390433,1,1,0,0,0,0,0,0,0,0,0,0
390433,2,1,0,0,0,0,0,0,0,0,0,0
390433,3,1,0,0,0,0,0,0,0,0,0,0
390434,1,1,0,0,0,0,0,0,0,0,0,0
390435,2,1,20,20,20,20,20,20,20,20,20,20
390436,1,1,0,0,0,0,0,0,0,0,0,0
390437,1,1,0,0,0,0,0,0,0,0,0,0
390437,2,1,0,0,0,0,0,0,0,0,0,0
390438,1,1,22,22,22,22,22,22,22,22,22,22
390438,2,1,0,0,0,0,0,0,0,0,0,0
390439,1,1,25,25,25,25,25,25,25,25,25,25
390440,0,1,0,0,0,0,0,0,0,0,0,0
390440,1,1,0,0,0,0,0,0,0,0,0,0
390441,1,1,0,0,0,0,0,0,0,0,0,0
390442,1,1,0,0,0,0,0,0,0,0,0,0
390442,2,1,0,0,0,0,0,0,0,0,0,0
390442,3,1,0,0,0,0,0,0,0,0,0,0
390443,1,1,4,4,4,4,4,4,4,4,4,4
390443,2,1,9,9,9,9,9,9,9,9,9,9
390444,1,1,0,0,0,0,0,0,0,0,0,0
390445,1,1,0,0,0,0,0,0,0,0,0,0
390446,1,1,0,0,0,0,0,0,0,0,0,0
390446,2,1,0,0,18,0,5,16,24,0,12,12
390447,1,1,0,0,0,0,0,0,0,7,0,0
390447,2,1,0,0,0,0,0,0,0,0,0,0
390447,3,1,0,0,0,0,8,0,0,0,0,0
390448,1,1,16,16,16,16,16,16,16,16,16,16
390449,1,1,8,8,8,8,8,8,8,8,8,8
390450,1,1,0,0,0,0,0,0,0,0,0,0
390450,2,1,0,0,0,0,0,0,0,0,0,0
390451,1,1,0,0,0,0,29,0,0,0,0,0
390451,2,1,0,0,0,0,0,0,0,0,0,0
390452,1,1,20,20,20,20,20,20,20,20,20,20
390453,1,1,0,0,0,0,0,0,0,0,0,0
390453,2,1,0,0,0,0,0,0,0,0,0,0
390454,1,1,0,0,0,0,0,0,0,0,0,0
390455,1,1,0,0,0,0,0,0,0,0,0,0
390456,1,1,0,0,0,0,0,0,0,0,0,0
390457,1,1,18,18,18,18,18,18,18,18,18,18
390458,1,1,0,0,0,0,0,0,0,0,0,0
390458,2,1,0,0,0,0,0,0,0,0,0,0
390459,1,1,0,0,0,0,0,0,0,0,0,0
390459,2,1,0,0,0,0,0,0,0,0,0,0
390460,1,1,0,0,0,0,0,0,0,0,0,0
390461,1,1,0,0,0,0,0,0,0,0,0,0
390461,2,1,0,0,0,0,0,0,0,0,0,0
390462,1,1,0,0,0,0,0,0,0,0,0,0
390462,2,1,0,0,0,0,0,0,0,0,0,0
390462,3,1,0,0,0,0,0,0,0,0,0,0
390463,1,1,13,13,13,13,13,13,13,13,13,13
390464,2,1,16,16,16,16,16,16,16,16,16,16
390465,1,1,0,0,0,0,0,0,0,0,0,0
390466,1,1,15,15,15,15,15,15,15,15,15,15
390467,1,1,0,0,0,0,0,0,0,0,0,0
390467,2,1,0,0,0,0,0,0,0,0,0,0
390468,0,1,0,0,0,0,0,0,0,0,0,0
390468,1,1,0,16,0,14,0,0,13,17,0,0
390469,0,1,23,23,23,23,23,23,23,23,23,23
390469,1,1,0,0,0,0,0,0,0,0,0,0
390470,1,1,17,17,17,17,17,17,17,17,17,17
390471,1,1,0,0,0,0,0,0,0,0,0,0
390472,1,1,11,11,11,11,11,11,11,11,11,11
390473,1,1,0,0,0,0,0,0,0,0,0,0
390473,2,1,0,0,0,0,0,0,0,0,0,0
390474,1,1,0,0,0,0,0,0,0,0,0,0
390475,4,1,0,0,0,0,7,0,0,10,17,3
390476,1,1,20,25,5,23,0,17,7,15,0,11
390477,1,1,0,0,0,11,0,0,0,0,0,0
390478,1,1,20,20,20,20,20,20,20,20,20,20
390479,1,1,17,17,17,17,17,17,17,17,17,17
390480,1,1,11,11,11,11,11,11,11,11,11,11
390480,2,1,14,0,0,31,0,0,0,0,20,0
390481,1,1,0,0,0,0,0,0,0,0,0,0
390481,2,1,0,0,0,0,0,0,0,0,0,0
390482,1,1,0,0,0,0,0,0,0,0,0,0
390482,2,1,0,0,0,0,0,0,0,0,0,0
390483,1,1,0,0,0,0,0,0,0,0,0,0
390483,2,1,0,0,0,0,0,0,0,0,0,0
390484,1,1,0,0,0,0,0,0,0,0,0,0
390485,1,1,0,0,0,0,0,0,0,0,0,0
390485,2,1,0,0,0,0,0,0,0,0,0,0
390486,1,1,33,33,33,33,33,33,33,33,33,33
390486,2,1,0,0,0,0,0,0,0,0,0,0
390488,1,1,21,45,22,17,7,20,16,10,0,17
390489,1,1,0,0,0,0,0,0,0,0,0,0
390490,1,1,0,0,0,0,0,0,0,0,0,0
390490,2,1,0,0,0,0,0,0,0,0,0,0
390491,1,1,0,14,13,0,0,0,0,6,0,0
390492,1,1,0,0,0,0,0,0,0,0,0,0
390493,1,1,7,7,7,7,7,7,7,7,7,7
390494,1,1,0,0,0,0,0,0,0,0,0,0
390494,2,1,5,5,5,5,5,5,5,5,5,5
390495,1,1,3,3,3,3,3,3,3,3,3,3
390495,2,1,26,0,7,35,9,18,5,4,13,16
390496,1,1,0,0,21,18,0,0,19,16,24,14
390497,1,1,7,7,7,7,7,7,7,7,7,7
390498,1,1,0,0,0,0,0,0,0,0,0,0
390499,1,1,0,0,0,0,0,0,0,0,0,0
390499,2,1,0,0,0,0,0,0,0,0,0,0
390500,1,1,0,0,0,0,0,0,0,7,0,0
390500,2,1,0,0,0,0,0,0,0,0,0,0
390502,1,1,0,0,0,0,0,0,0,0,0,0
390502,2,1,0,0,0,0,0,0,0,0,0,0
390503,0,1,31,31,31,31,31,31,31,31,31,31
390503,1,1,0,0,0,0,0,0,0,0,0,0
390504,1,1,0,0,0,0,0,0,0,0,0,0
390504,2,1,0,0,0,0,0,0,0,0,0,0
390505,1,1,14,14,14,14,14,14,14,14,14,14
390506,1,1,31,31,31,31,31,31,31,31,31,31
390507,1,1,0,0,0,0,0,0,0,0,0,0
390507,2,1,0,0,0,0,0,0,0,0,0,0
390508,1,1,24,24,24,24,24,24,24,24,24,24
390509,1,1,15,15,15,15,15,15,15,15,15,15
390510,1,1,12,12,12,12,12,12,12,12,12,12
390511,1,1,0,0,7,0,0,0,0,0,16,10
390512,1,1,0,0,0,0,0,0,0,0,0,0
390513,1,1,0,0,0,0,0,0,0,0,0,0
390513,2,1,0,0,0,0,0,0,0,0,0,0
390514,1,1,0,0,0,0,0,0,0,0,0,0
390515,1,1,0,0,0,0,0,0,0,0,0,0
390516,1,1,17,29,18,11,16,23,9,10,18,20
390517,1,1,19,19,19,19,19,19,19,19,19,19
390518,1,1,25,25,25,25,25,25,25,25,25,25
390518,2,1,0,0,0,0,0,0,0,0,0,0
390519,1,1,0,0,0,0,0,0,0,0,0,0
390519,2,1,0,0,0,0,0,0,0,0,0,0
390520,1,1,0,0,0,0,0,0,0,0,0,0
390520,2,1,0,0,0,0,0,0,0,0,0,0
390521,0,1,12,12,12,12,12,12,12,12,12,12
390521,1,1,0,0,0,0,0,0,0,0,0,0
390522,1,1,0,0,11,0,20,0,0,0,18,2
390523,1,1,23,23,23,23,23,23,23,23,23,23
390523,2,1,0,0,0,0,0,0,0,10,0,7
390523,3,1,30,0,0,0,0,0,0,0,0,0
390523,4,1,0,0,0,0,0,0,0,0,0,0
390523,5,1,0,0,0,0,0,0,0,0,0,0
390524,1,1,0,0,0,0,0,0,0,0,0,0
390525,1,1,0,0,0,0,0,0,0,0,0,0
390525,2,1,0,0,0,0,0,0,0,0,0,0
390526,1,1,0,0,0,0,0,0,0,0,0,0
390527,1,1,11,8,23,24,16,17,19,17,17,9
390528,1,1,0,0,0,0,0,0,0,0,0,0
390529,0,1,0,0,0,0,0,0,0,0,0,0
390529,1,1,0,0,6,38,27,0,0,0,0,0
390530,0,1,28,28,28,28,28,28,28,28,28,28
390530,1,1,0,0,0,0,0,0,0,0,0,0
390531,0,1,0,0,0,0,0,0,0,0,0,0
390531,0,2,0,0,0,0,0,0,9,11,0,0
390531,1,1,0,0,0,0,0,0,0,0,0,11
390532,1,1,0,21,0,0,0,0,0,2,0,0
390532,2,1,0,0,0,0,0,0,0,0,0,0
390533,1,1,0,0,0,0,0,0,0,0,0,0
390533,2,1,0,0,0,0,0,0,0,0,0,0
390534,1,1,21,21,21,21,21,21,21,21,21,21
390534,2,1,0,0,0,0,0,0,0,0,0,0
390535,1,1,0,0,0,0,0,0,0,0,0,0
390535,2,1,0,0,0,0,0,0,0,0,0,0
390535,3,1,0,0,0,0,0,0,0,0,0,0
390536,1,1,0,0,0,0,0,0,43,0,0,0
390536,2,1,0,0,0,0,12,0,0,7,0,0
390537,1,1,0,0,0,0,0,0,0,0,0,0
390539,1,1,0,0,0,0,0,0,0,0,0,0
390539,2,1,0,0,8,11,0,0,0,9,0,0
390540,0,1,0,0,0,0,0,0,0,0,0,0
390540,1,1,21,12,26,2,18,0,13,18,14,0
390541,1,1,5,0,0,0,0,0,0,0,0,0
390541,2,1,0,0,0,0,0,0,0,0,0,0
390542,1,1,0,0,0,0,0,0,0,0,0,0
390542,2,1,18,7,0,37,17,0,0,20,8,0
390543,1,1,19,21,11,26,0,10,18,14,21,31
390544,1,1,0,0,0,0,0,0,0,0,0,0
390544,2,1,18,18,18,18,18,18,18,18,18,18
390545,1,1,0,0,0,0,0,0,0,0,0,0
390546,0,1,0,0,0,0,0,0,0,0,0,0
390546,1,1,0,0,0,0,0,0,0,0,0,0
390547,1,1,26,26,26,26,26,26,26,26,26,26
390548,1,1,28,28,28,28,28,28,28,28,28,28
390549,0,1,19,19,19,19,19,19,19,19,19,19
390549,1,1,0,0,0,0,0,0,0,0,0,0
390550,1,1,19,19,19,19,19,19,19,19,19,19
390551,1,1,0,0,0,0,0,0,0,0,0,0
390551,2,1,0,0,0,0,0,0,0,0,0,0
390552,1,1,0,0,0,0,0,0,0,15,0,0
390552,2,1,0,0,0,0,0,0,0,0,0,0
390553,1,1,23,23,23,23,23,23,23,23,23,23
390553,2,1,0,0,0,0,0,0,0,0,0,0
390554,1,1,27,0,0,0,0,0,0,0,0,0
390554,2,1,0,0,0,0,0,0,0,0,0,0
390555,1,1,0,0,0,0,0,0,24,0,0,0
390555,2,1,0,0,0,0,0,0,0,0,0,0
390555,3,1,0,0,0,0,0,0,0,0,0,0
390556,1,1,0,0,0,0,0,0,0,0,0,0
390557,1,1,0,0,0,0,0,0,0,0,0,0
390558,1,1,0,0,0,0,0,0,0,0,0,0
390558,2,1,35,20,18,11,16,16,19,14,9,21
390559,1,1,0,0,0,0,0,0,0,0,0,0
390559,2,1,11,11,11,11,11,11,11,11,11,11
390560,1,1,20,20,20,20,20,20,20,20,20,20
390560,2,1,0,0,0,0,0,0,0,0,0,0
390561,1,1,0,27,0,0,0,0,29,0,0,0
390561,2,1,0,0,0,0,0,0,0,0,15,0
390562,1,1,0,0,15,0,8,4,0,24,0,35
390563,1,1,0,0,0,0,0,0,0,0,0,0
390563,2,1,0,0,0,0,0,0,0,0,0,0
390564,1,1,13,0,3,7,0,0,14,14,0,21
390564,2,1,0,0,0,0,0,0,0,0,0,0
390565,1,1,18,18,18,18,18,18,18,18,18,18
390565,2,1,0,0,0,0,0,0,0,0,0,0
390566,1,1,0,0,0,0,0,0,0,0,0,0
390567,1,1,0,0,9,0,4,11,0,16,12,0
390568,1,1,0,0,0,0,0,0,0,0,0,0
390568,2,1,0,0,0,0,0,0,0,0,0,0
390569,1,1,0,0,0,0,0,0,0,0,0,0
390569,2,1,0,0,0,0,0,0,0,0,0,0
390570,1,1,0,0,0,0,0,0,0,0,0,0
390570,2,1,0,0,0,0,0,0,0,0,0,0
390571,1,1,0,0,0,0,0,0,0,0,0,0
390572,1,1,0,32,0,0,0,0,0,0,0,0
390572,2,1,0,0,0,0,0,0,0,0,0,0
390573,1,1,17,13,0,13,15,17,13,23,19,7
390574,0,1,0,0,0,0,0,0,0,0,0,0
390574,1,1,17,20,22,12,0,0,0,0,0,0
390575,1,1,15,15,15,15,15,15,15,15,15,15
390575,2,1,0,0,0,0,0,0,0,0,0,0
390576,1,1,0,0,0,0,0,0,0,0,0,0
390576,2,1,0,0,0,0,0,0,0,0,0,0
390577,1,1,0,0,0,0,0,0,0,0,0,0
390577,2,1,2,2,2,2,2,2,2,2,2,2
390578,0,1,18,18,18,18,18,18,18,18,18,18
390578,0,2,11,11,11,11,11,11,11,11,11,11
390578,1,1,0,0,0,0,24,0,0,0,0,0
390579,1,1,18,18,18,18,18,18,18,18,18,18
390580,0,1,0,0,0,0,0,0,0,0,0,0
390580,1,1,0,0,0,0,0,0,0,0,0,0
390581,1,1,0,0,0,0,0,0,0,0,0,0
390582,1,1,0,0,0,0,21,0,0,0,0,0
390583,1,1,0,0,0,0,0,0,0,0,0,0
390584,1,1,22,22,22,22,22,22,22,22,22,22
390584,2,1,0,0,0,0,0,0,0,0,0,0
390585,1,1,0,0,0,0,0,0,0,0,0,0
390585,2,1,0,0,0,0,0,0,0,0,0,0
390586,1,1,0,0,0,0,0,0,0,0,0,0
390586,2,1,0,0,0,0,0,0,0,0,0,0
390586,3,1,0,0,0,0,0,0,0,0,0,0
390587,1,1,0,0,0,0,0,0,0,0,0,0
390587,2,1,0,0,0,0,0,0,0,0,0,0
390588,1,1,0,0,0,0,0,0,0,0,0,0
390589,1,1,0,0,0,0,0,0,0,0,0,0
390589,2,1,0,0,0,0,0,0,0,0,0,0
390590,0,1,17,17,17,17,17,17,17,17,17,17
390590,1,1,0,0,0,0,0,0,0,0,0,3
390591,1,1,0,0,0,0,0,0,0,9,0,9
390592,1,1,0,0,0,0,0,0,0,0,0,0
390593,1,1,31,31,31,31,31,31,31,31,31,31
390593,2,1,0,0,0,0,0,0,0,0,0,0
390593,3,1,0,0,0,0,5,0,14,0,0,0
390594,1,1,0,0,0,0,0,0,0,0,0,0
390595,1,1,0,0,0,0,7,12,0,0,0,23
390595,2,1,0,0,0,0,0,0,0,0,0,0
390596,1,1,15,15,15,15,15,15,15,15,15,15
390596,2,1,0,0,0,0,0,0,0,0,0,0
390597,1,1,0,0,0,0,0,0,0,0,0,0
390597,2,1,0,0,0,0,0,19,0,0,0,0
390598,0,1,0,0,0,0,0,0,0,0,0,0
390598,1,1,0,0,0,0,0,0,0,0,0,0
390599,1,1,0,0,0,0,0,0,0,0,0,0
390599,2,1,0,0,0,0,0,0,0,0,0,0
390600,1,1,0,0,0,0,0,0,0,0,0,0
390601,0,1,17,17,17,17,17,17,17,17,17,17
390601,1,1,0,0,0,28,0,0,0,0,0,0
390602,1,1,0,0,0,0,0,0,0,0,0,0
390602,2,1,0,0,0,0,0,0,0,0,0,0
390603,1,1,18,18,18,18,18,18,18,18,18,18
390604,0,1,1,1,1,1,1,1,1,1,1,1
390604,0,2,0,0,0,0,0,0,0,0,0,0
390604,1,1,0,0,0,16,0,6,0,0,0,14
390605,1,1,0,0,0,0,0,0,0,0,0,20
390605,2,1,22,22,22,22,22,22,22,22,22,22
390606,1,1,14,14,14,14,14,14,14,14,14,14
390606,2,1,0,0,0,0,0,0,0,0,0,0
390607,1,1,1,1,1,1,1,1,1,1,1,1
390608,1,1,0,0,0,0,0,0,0,0,0,0
390608,2,1,0,0,0,0,0,0,0,0,0,0
390609,1,1,0,0,0,0,0,0,0,0,0,0
390609,2,1,0,0,0,0,0,0,0,0,0,0
390611,1,1,11,11,11,11,11,11,11,11,11,11
390612,0,1,21,21,21,21,21,21,21,21,21,21
390612,1,1,14,22,0,0,0,17,12,0,14,0
390612,2,1,0,19,0,0,22,0,0,0,0,0
390613,1,1,8,8,8,8,8,8,8,8,8,8
390614,1,1,14,14,14,14,14,14,14,14,14,14
390615,1,1,0,0,0,0,0,0,0,0,0,0
390616,1,1,0,0,0,0,0,0,0,0,0,0
390618,0,1,5,5,5,5,5,5,5,5,5,5
390618,1,1,0,0,0,0,0,0,0,0,0,0
390619,0,1,18,18,18,18,18,18,18,18,18,18
390619,1,1,0,0,0,0,0,0,25,0,0,0
390620,1,1,0,0,0,0,21,0,0,0,0,0