ST_CASE,VEH_NO,PER_NO,P1,P2,P3,P4,P5,P6,P7,P8,P9,P10
390620,2,1,2,2,2,2,2,2,2,2,2,2
390621,1,1,0,16,24,12,31,0,0,32,0,0
390622,1,1,0,0,0,0,0,0,0,0,0,0
390622,2,1,0,0,0,0,0,0,0,0,0,0
390623,1,1,0,0,17,25,0,0,0,0,0,0
390624,0,1,0,0,0,0,0,0,0,0,0,0
390624,1,1,0,0,0,0,0,0,0,0,0,0
390625,1,1,0,0,0,0,0,11,0,0,0,0
390625,2,1,0,0,0,0,0,0,0,0,0,0
390626,1,1,0,0,4,0,0,0,0,0,0,0
390626,2,1,0,0,0,0,0,0,0,0,0,0
390627,1,1,0,0,0,0,0,0,0,0,0,0
390627,2,1,0,0,0,0,0,0,0,0,0,0
390628,1,1,27,27,27,27,27,27,27,27,27,27
390629,1,1,19,19,19,19,19,19,19,19,19,19
390630,1,1,0,0,0,0,0,0,0,13,0,0
390631,1,1,0,0,0,0,0,0,0,0,0,0
390632,0,1,0,0,0,0,0,0,0,0,0,0
390632,1,1,20,8,11,11,0,10,7,27,7,9
390633,1,1,0,0,0,0,0,0,0,0,0,0
390633,2,1,1,1,1,1,1,1,1,1,1,1
390634,1,1,0,0,0,0,0,0,0,0,0,0
390635,1,1,0,0,0,0,0,0,0,0,0,0
390635,2,1,0,0,0,0,0,0,0,0,0,0
390636,1,1,0,0,0,0,0,0,0,0,0,0
390636,2,1,0,0,0,0,0,0,0,10,0,0
390637,1,1,0,0,0,0,0,0,0,0,0,0
390638,0,1,0,0,0,0,0,0,0,0,0,0
390638,1,1,19,19,19,19,19,19,19,19,19,19
390639,1,1,14,14,14,14,14,14,14,14,14,14
390640,1,1,12,0,0,0,0,13,0,0,0,0
390641,1,1,0,0,0,0,16,29,0,0,0,24
390642,1,1,0,0,0,0,0,0,0,0,0,0
390642,2,1,4,4,4,4,4,4,4,4,4,4
390643,1,1,0,0,0,0,0,0,0,0,0,0
390644,1,1,21,21,21,21,21,21,21,21,21,21
390646,1,1,0,0,0,0,0,0,0,0,0,0
390646,2,1,0,0,0,0,0,0,0,0,0,0
390647,1,1,0,0,0,0,0,0,3,0,0,0
390648,1,1,9,0,18,0,0,8,12,0,23,19
390649,1,1,0,0,0,0,0,0,0,0,0,0
390649,2,1,0,0,0,0,0,0,0,0,0,0
390650,1,1,0,0,0,0,0,0,0,0,0,0
390650,2,1,0,0,0,0,0,0,0,0,0,0
390651,1,1,0,0,0,0,0,0,0,0,0,0
390651,2,1,0,0,0,0,0,0,0,0,0,0
390652,1,1,0,0,0,0,0,0,0,0,0,0
390652,2,1,0,0,0,0,0,0,0,0,0,0
390654,1,1,0,0,0,0,0,0,0,0,0,0
390655,1,1,19,19,19,19,19,19,19,19,19,19
390657,1,1,0,0,0,0,0,0,0,0,0,0
390657,2,1,0,0,0,0,0,0,0,0,0,0
390658,1,1,0,0,0,0,0,0,0,0,0,0
390658,2,1,0,0,0,0,0,0,0,0,0,0
390658,3,1,0,0,0,0,0,0,0,0,0,0
390658,4,1,0,0,0,0,0,0,0,0,0,0
390658,5,1,0,6,0,0,0,0,0,0,0,0
390658,6,1,0,0,0,0,0,0,0,0,0,0
390659,1,1,0,0,0,0,0,0,0,0,0,0
390659,2,1,0,0,0,0,0,12,0,0,0,0
390660,1,1,0,0,0,0,0,0,0,0,0,0
390661,0,1,7,7,7,7,7,7,7,7,7,7
390661,1,1,13,5,3,0,10,11,13,5,19,9
390662,1,1,23,23,23,23,23,23,23,23,23,23
390662,2,1,0,0,0,0,0,0,0,0,0,0
390663,1,1,0,0,0,0,0,0,0,0,0,0
390664,1,1,0,0,0,0,0,0,0,0,0,0
390664,2,1,0,0,0,0,0,0,0,0,0,0
390665,1,1,0,0,0,0,0,0,0,0,0,0
390665,2,1,0,0,0,0,0,0,0,0,0,0
390665,3,1,0,0,0,0,0,0,0,0,0,0
390666,1,1,17,17,17,17,17,17,17,17,17,17
390668,1,1,0,0,0,0,0,0,0,0,0,0
390669,0,1,19,19,19,19,19,19,19,19,19,19
390669,1,1,28,28,28,28,28,28,28,28,28,28
390669,2,1,0,0,0,0,0,0,0,0,0,0
390671,1,1,9,0,16,0,0,0,0,0,0,0
390672,1,1,14,14,14,14,14,14,14,14,14,14
390673,1,1,23,23,23,23,23,23,23,23,23,23
390674,0,1,16,16,16,16,16,16,16,16,16,16
390674,1,1,0,0,7,13,0,0,0,0,0,0
390675,1,1,20,20,20,20,20,20,20,20,20,20
390676,1,1,19,19,19,19,19,19,19,19,19,19
390676,2,1,0,0,0,0,0,0,0,0,0,0
390677,1,1,13,13,13,13,13,13,13,13,13,13
390677,2,1,0,0,0,0,0,0,0,4,0,0
390677,3,1,0,0,0,0,0,0,0,0,0,0
390678,1,1,9,9,9,9,9,9,9,9,9,9
390679,1,1,16,16,16,16,16,16,16,16,16,16
390679,2,1,0,0,0,0,0,0,0,0,0,0
390680,1,1,19,19,19,19,19,19,19,19,19,19
390682,1,1,0,0,0,0,0,0,0,0,0,0
390683,1,1,0,0,0,0,0,0,0,0,0,0
390684,1,1,8,36,26,7,0,0,0,10,44,0
390685,1,1,0,0,0,0,0,0,0,0,0,0
390685,2,1,0,0,0,0,0,0,0,0,0,0
390685,3,1,0,0,0,0,0,0,0,0,0,0
390686,1,1,46,0,16,0,16,0,6,42,0,16
390687,1,1,0,0,0,0,0,0,0,0,0,0
390688,1,1,0,0,0,0,0,0,0,0,0,0
390688,2,1,0,0,0,0,0,0,0,0,0,0
390689,1,1,0,0,0,0,0,0,0,0,0,0
390689,2,1,0,0,0,0,0,0,0,0,0,0
390690,1,1,0,0,0,0,0,0,0,0,0,0
390690,2,1,0,0,0,0,0,0,0,0,0,0
390691,1,1,0,0,0,0,0,0,0,0,0,0
390692,1,1,0,0,0,0,0,0,0,0,0,0
390692,2,1,0,0,0,0,0,0,0,0,0,0
390693,1,1,0,0,0,0,0,0,0,0,0,0
390694,0,1,21,21,21,21,21,21,21,21,21,21
390694,1,1,0,0,0,0,0,0,0,0,0,0
390695,1,1,0,0,0,0,0,0,0,0,0,0
390695,2,1,0,0,0,0,0,0,0,0,0,0
390695,3,1,0,0,0,0,0,0,0,0,0,0
390697,1,1,0,0,0,0,0,0,0,0,0,0
390698,1,1,0,0,0,0,0,0,0,0,0,0
390698,2,1,0,0,0,0,0,0,0,0,0,0
390699,1,1,0,0,0,0,0,0,0,0,0,0
390699,2,1,0,0,0,0,0,0,0,0,0,0
390700,1,1,1,1,1,1,1,1,1,1,1,1
390701,1,1,0,0,0,0,0,0,0,0,0,0
390701,2,1,0,0,0,0,0,0,0,0,6,0
390702,0,1,33,10,0,0,0,19,0,0,0,29
390702,1,1,14,0,0,0,0,0,0,0,0,0
390703,1,1,0,0,0,0,0,0,0,0,0,0
390703,2,1,0,0,0,0,0,0,0,0,0,0
390704,1,1,0,0,0,0,0,0,0,0,0,0
390705,1,1,9,9,9,9,9,9,9,9,9,9
390706,1,1,11,5,8,0,0,12,10,16,8,7
390707,1,1,0,0,0,0,0,0,0,0,0,0
390707,2,1,0,0,0,0,0,0,0,0,0,0
390708,1,1,0,0,0,0,0,0,0,0,0,0
390708,2,1,0,0,0,0,0,0,0,0,0,0
390709,1,1,0,0,0,0,0,0,0,0,0,0
390709,2,1,0,0,0,0,0,0,0,0,0,0
390710,0,1,35,0,0,3,0,0,28,13,20,0
390710,1,1,0,16,14,4,0,0,4,21,6,0
390711,1,1,0,0,0,0,0,0,0,0,0,0
390711,2,1,0,0,0,0,0,0,0,0,0,0
390712,1,1,0,0,0,0,0,0,0,0,0,0
390712,2,1,0,0,0,0,0,0,0,0,0,21
390713,0,1,0,0,0,0,0,14,14,0,0,0
390713,0,2,0,0,0,0,0,8,0,0,0,0
390713,0,3,0,0,0,0,0,0,0,0,0,0
390713,0,4,0,0,0,0,5,0,0,0,0,0
390713,1,1,11,15,32,14,26,7,0,11,2,7
390714,0,1,2,2,2,2,2,2,2,2,2,2
390714,1,1,20,20,20,20,20,20,20,20,20,20
390715,1,1,0,0,0,0,0,0,0,0,0,0
390715,2,1,0,0,0,0,0,0,0,0,0,0
390716,1,1,14,14,14,14,14,14,14,14,14,14
390717,1,1,21,21,21,21,21,21,21,21,21,21
390718,1,1,18,14,5,13,15,10,23,10,25,25
390719,1,1,8,0,0,0,0,0,0,0,0,0
390719,2,1,0,0,0,0,0,0,0,0,0,0
390720,1,1,11,21,0,22,9,0,5,0,0,8
390721,1,1,0,0,0,0,0,0,0,0,0,0
390721,2,1,0,0,0,0,0,0,0,0,0,0
390722,1,1,0,26,28,21,0,12,0,28,17,5
390722,2,1,0,0,0,0,0,0,0,0,0,0
390723,1,1,16,23,16,36,28,23,10,24,25,14
390724,0,1,0,4,16,28,20,0,0,34,0,27
390724,1,1,0,0,0,0,0,0,0,0,0,0
390724,2,1,0,0,0,0,0,0,0,0,0,0
390725,1,1,0,0,0,0,0,0,0,0,0,0
390725,2,1,0,0,10,0,0,0,0,0,0,0
390725,3,1,16,11,0,6,0,0,0,0,16,17
390726,0,1,0,0,0,0,0,0,0,0,0,0
390727,1,1,0,0,0,0,0,0,0,0,0,0
390727,2,1,0,0,0,0,0,0,0,0,0,0
390728,1,1,15,12,23,8,34,6,14,32,6,30
390728,2,1,0,0,17,0,0,0,0,0,0,0
390729,1,1,5,15,4,19,16,13,15,11,17,14
390730,1,1,13,23,0,0,0,0,0,0,10,0
390731,1,1,23,8,15,13,19,13,5,19,30,10
390732,1,1,0,0,0,0,0,0,0,0,0,0
390732,2,1,0,0,0,0,0,0,0,0,0,0
390733,1,1,0,0,0,0,0,0,0,0,0,0
390733,2,1,0,0,0,0,0,0,0,0,0,0
390734,1,1,0,0,0,0,0,0,0,0,0,0
390734,2,1,0,0,0,0,0,0,0,0,0,0
390734,3,1,0,0,0,0,0,2,0,0,0,0
390735,1,1,34,10,26,16,21,13,13,17,12,37
390736,1,1,0,0,0,0,0,0,0,0,0,0
390736,2,1,0,0,0,0,0,0,0,0,12,0
390737,1,1,0,0,0,0,0,0,0,0,0,0
390737,2,1,0,0,0,0,0,0,0,0,0,0
390738,1,1,0,0,0,0,0,0,0,0,0,0
390738,2,1,0,0,0,0,0,0,0,0,0,0
390739,1,1,0,0,0,0,0,0,0,0,0,0
390739,2,1,0,0,0,0,0,0,0,0,0,11
390740,1,1,0,0,0,0,0,0,0,0,0,0
390740,2,1,0,0,0,0,0,0,0,0,0,0
390741,1,1,9,9,9,9,9,9,9,9,9,9
390742,0,1,0,0,0,0,0,0,0,0,0,0
390742,1,1,5,13,8,17,33,22,26,19,14,9
390743,1,1,0,0,0,0,0,0,0,0,0,0
390743,2,1,0,0,0,0,0,0,0,0,0,0
390744,2,1,0,0,19,0,0,0,23,0,0,0
390745,1,1,0,0,0,0,0,0,0,0,15,0
390745,2,1,0,0,0,0,0,0,0,0,0,0
390746,1,1,23,16,26,25,14,0,20,20,25,16
390747,1,1,13,14,13,11,29,19,23,9,16,18
390748,1,1,12,13,25,23,28,17,10,31,13,29
390749,1,1,0,0,0,0,0,0,0,0,0,0
390749,2,1,0,0,0,8,0,0,0,0,0,0
390750,1,1,20,14,31,31,11,47,0,20,24,5
390751,1,1,0,0,0,0,0,0,0,8,0,0
390751,2,1,0,0,0,0,0,0,0,0,0,0
390752,1,1,0,10,12,6,0,23,21,9,22,6
390753,1,1,27,27,27,27,27,27,27,27,27,27
390754,1,1,0,0,0,0,0,0,0,21,0,0
390754,2,1,23,23,23,23,23,23,23,23,23,23
390755,1,1,0,0,0,0,0,0,0,0,0,0
390755,2,1,0,0,0,0,0,0,0,0,0,0
390756,1,1,0,0,0,0,0,0,0,0,0,0
390757,1,1,0,26,18,23,19,33,0,0,0,18
390758,1,1,28,28,28,28,28,28,28,28,28,28
390759,0,1,0,0,0,0,0,0,0,0,0,0
390759,1,1,0,6,0,0,0,0,0,0,0,0
390760,1,1,0,0,0,0,0,0,0,0,0,0
390762,1,1,19,19,19,19,19,19,19,19,19,19
390762,2,1,0,0,0,0,0,0,0,0,0,0
390763,1,1,0,0,0,0,0,0,0,0,0,0
390763,2,1,0,0,0,0,0,0,0,0,0,0
390764,1,1,0,0,0,0,0,0,0,0,0,0
390764,2,1,0,0,0,0,0,0,0,0,0,0
390765,1,1,0,0,0,0,0,0,0,0,0,0
390765,2,1,0,0,0,0,0,0,0,0,0,0
390766,1,1,0,0,0,0,0,0,0,0,12,0
390766,2,1,0,0,0,0,0,0,0,0,0,0
390767,1,1,0,0,0,0,0,0,0,0,0,0
390768,1,1,0,0,0,0,0,0,0,0,0,0
390768,2,1,0,0,0,0,0,0,0,0,0,0
390769,1,1,10,20,27,0,23,6,9,0,9,6
390769,2,1,6,0,0,0,0,0,0,0,0,0
390769,3,1,0,0,0,0,0,0,0,0,0,0
390770,1,1,0,0,0,0,0,0,0,0,0,0
390770,2,1,0,0,0,0,0,0,0,0,0,0
390771,1,1,0,0,0,0,0,0,0,0,0,0
390771,2,1,0,0,0,0,0,0,0,0,0,0
390772,1,1,1,1,1,1,1,1,1,1,1,1
390772,2,1,0,0,0,0,0,15,0,0,0,25
390772,3,1,0,0,0,0,15,0,0,19,0,0
390773,1,1,18,18,18,18,18,18,18,18,18,18
390774,1,1,0,0,0,0,0,0,0,0,0,0
390774,2,1,0,0,0,0,0,0,0,0,0,0
390774,3,1,0,0,0,0,0,0,0,0,0,0
390774,4,1,0,0,0,0,35,0,28,0,0,0
390775,1,1,0,0,0,0,0,0,0,0,0,0
390775,2,1,0,0,0,0,0,0,0,0,0,0
390776,1,1,0,0,0,0,0,0,0,0,0,0
390777,1,1,0,0,0,0,0,0,0,0,0,0
390777,2,1,0,0,0,0,0,0,0,0,0,0
390777,3,1,0,0,0,0,0,0,0,0,0,0
390778,1,1,20,15,7,10,26,23,20,16,18,16
390779,1,1,0,0,0,0,0,0,0,0,0,0
390779,2,1,0,0,0,0,19,0,0,0,0,0
390780,1,1,0,0,0,0,0,0,0,0,0,0
390780,2,1,0,0,0,0,0,0,0,0,7,0
390781,1,1,10,10,10,10,10,10,10,10,10,10
390782,1,1,0,0,0,0,0,0,0,20,0,0
390782,2,1,15,15,15,15,15,15,15,15,15,15
390783,0,1,0,0,0,0,0,0,0,0,0,0
390783,1,1,0,0,0,0,0,0,0,0,0,0
390783,2,1,0,0,18,7,25,0,20,25,11,15
390784,1,1,0,0,0,0,0,0,0,0,0,0
390784,2,1,0,0,0,0,0,0,0,0,0,0
390785,1,1,0,0,0,0,0,0,0,0,0,0
390785,2,1,0,0,0,0,0,0,0,0,0,0
390786,1,1,15,15,15,15,15,15,15,15,15,15
390787,1,1,25,0,3,0,0,0,21,12,9,19
390787,2,1,0,0,0,0,0,0,0,0,10,0
390788,1,1,0,0,0,0,0,0,0,0,0,0
390788,2,1,0,0,0,0,0,0,0,0,0,0
390789,1,1,0,0,0,0,0,0,0,0,0,0
390789,2,1,0,0,0,0,0,0,0,0,0,0
390790,1,1,0,0,0,0,0,0,0,0,0,0
390791,0,1,27,27,27,27,27,27,27,27,27,27
390791,1,1,0,0,0,14,0,12,0,0,0,0
390792,1,1,0,0,0,0,0,0,0,0,0,0
390792,2,1,0,0,0,0,0,0,0,0,0,0
390793,1,1,0,0,0,0,0,0,0,0,0,0
390794,1,1,10,0,0,0,0,0,0,0,0,0
390794,2,1,0,0,0,0,0,0,0,0,0,0
390795,0,1,0,0,0,0,0,0,0,0,0,0
390795,1,1,0,0,0,0,0,0,0,0,0,0
390796,1,1,13,21,0,20,0,0,0,0,19,19
390797,1,1,0,0,0,0,0,0,0,0,0,0
390797,2,1,0,0,0,0,0,0,0,0,0,0
390798,1,1,15,15,15,15,15,15,15,15,15,15
390799,1,1,0,0,0,11,0,0,9,0,0,0
390799,2,1,1,1,1,1,1,1,1,1,1,1
390800,1,1,0,0,0,0,0,0,0,0,0,0
390800,2,1,0,0,0,0,0,0,0,0,0,0
390801,1,1,0,0,0,0,0,0,0,0,0,0
390801,2,1,0,0,0,0,0,0,0,11,0,0
390802,1,1,0,0,0,10,0,0,0,0,0,0
390802,2,1,0,0,0,0,0,0,0,0,0,0
390802,3,1,0,0,0,0,0,0,0,0,0,0
390803,1,1,0,0,0,0,0,0,0,0,0,0
390804,1,1,0,0,0,0,0,0,0,0,0,0
390805,1,1,0,0,0,0,0,0,0,0,0,0
390806,1,1,26,26,26,26,26,26,26,26,26,26
390807,1,1,0,0,0,0,0,0,20,0,12,0
390807,2,1,0,19,17,14,8,24,0,3,7,9
390808,1,1,26,20,6,16,23,24,15,27,18,0
390808,2,1,0,0,0,0,0,0,0,0,0,0
390809,1,1,16,16,16,16,16,16,16,16,16,16
390809,2,1,0,0,0,0,0,0,0,0,0,0
390809,3,1,0,23,0,0,0,0,0,0,0,0
390810,0,1,26,16,35,19,19,9,22,14,19,17
390810,1,1,0,0,0,0,0,0,0,0,0,0
390810,2,1,0,0,0,0,0,0,0,0,0,0
390811,1,1,27,22,32,13,17,15,12,19,22,16
390812,1,1,32,11,18,18,4,27,26,10,0,16
390813,1,1,0,0,0,0,0,0,0,0,0,0
390813,2,1,0,0,0,0,0,0,0,0,0,0
390814,1,1,0,0,0,0,0,0,0,0,0,0
390814,2,1,11,11,11,11,11,11,11,11,11,11
390815,1,1,0,0,0,0,0,0,0,0,0,0
390815,2,1,0,0,0,0,0,0,0,0,0,0
390816,1,1,23,10,17,26,23,13,21,40,28,18
390816,2,1,0,0,0,0,0,0,0,0,0,0
390817,0,1,0,0,0,0,0,0,0,0,0,0
390817,1,1,0,0,0,0,0,0,0,0,0,0
390818,1,1,0,0,0,0,0,0,0,0,0,0
390818,2,1,0,0,0,0,0,0,0,0,0,0
390818,3,1,0,0,0,0,0,0,0,0,0,0
390819,0,1,29,8,9,17,26,16,45,17,18,24
390819,1,1,28,0,0,0,0,29,0,0,0,0
390820,1,1,16,14,13,8,28,15,7,14,18,18
390821,1,1,0,0,0,0,0,0,0,0,0,0
390821,2,1,0,0,0,0,0,0,0,0,0,0
390822,1,1,16,16,16,16,16,16,16,16,16,16
390823,1,1,0,0,0,0,0,0,0,0,0,0
390823,2,1,0,0,0,0,0,0,0,0,0,0
390824,0,1,0,0,0,0,0,0,10,0,0,0
390824,1,1,0,0,0,0,0,0,0,0,0,0
390825,1,1,0,0,29,0,0,0,0,0,0,0
390827,0,1,0,0,0,0,0,0,0,0,0,0
390827,0,2,0,0,0,0,0,0,0,0,0,0
390827,1,1,0,0,0,0,0,0,0,0,0,0
390828,0,1,27,0,27,20,21,19,2,17,27,32
390828,1,1,0,0,0,0,0,0,0,0,0,0
390829,1,1,0,0,0,0,0,0,0,0,0,4
390829,2,1,0,0,0,0,0,0,0,0,0,0
390829,3,1,0,0,0,0,0,0,0,0,0,0
390830,1,1,10,35,22,0,12,10,23,14,24,19
390831,0,1,0,0,0,0,0,0,0,0,0,0
390831,1,1,0,0,0,0,0,0,0,0,0,0
390832,1,1,0,0,0,0,0,0,0,0,0,0
390833,1,1,12,36,38,21,35,18,27,10,27,12
390833,2,1,6,6,6,6,6,6,6,6,6,6
390834,1,1,0,0,9,0,7,0,0,0,0,10
390835,1,1,0,0,0,0,17,0,0,0,0,20
390835,2,1,0,0,0,0,0,0,0,0,0,0
390836,1,1,0,0,0,0,0,0,0,0,0,0
390836,2,1,18,18,18,18,18,18,18,18,18,18
390837,1,1,0,14,0,0,0,24,0,0,0,0
390837,2,1,0,0,0,0,0,0,0,0,0,12
390838,1,1,0,0,0,0,0,0,0,0,0,0
390839,1,1,22,0,24,17,12,18,0,25,11,27
390840,1,1,0,0,0,0,0,0,0,0,0,0
390841,1,1,0,0,0,0,0,0,0,0,0,0
390842,1,1,14,12,13,23,27,25,13,14,9,22
390842,2,1,0,0,0,0,0,0,0,0,0,0
390843,1,1,0,0,0,0,0,0,0,0,0,0
390844,1,1,0,0,0,0,0,0,0,0,15,0
390844,2,1,0,0,0,0,0,0,0,0,0,0
390845,1,1,0,0,0,0,0,0,0,0,0,0
390845,2,1,9,9,9,9,9,9,9,9,9,9
390845,3,1,0,0,0,0,18,0,0,3,0,0
390846,1,1,11,15,26,18,6,16,32,14,28,13
390847,0,1,30,23,14,26,10,14,20,20,12,6
390847,1,1,0,0,0,0,0,0,0,0,0,0
390848,1,1,5,0,24,0,13,12,20,21,13,9
390848,2,1,0,0,0,0,0,0,0,0,0,0
390849,1,1,0,23,11,0,11,13,21,21,29,23
390849,2,1,0,0,0,0,0,0,0,0,0,0
390850,1,1,0,0,0,0,0,0,0,0,0,0
390850,2,1,0,0,0,0,0,0,8,0,0,0
390851,1,1,0,0,0,0,0,0,0,17,0,0
390852,0,1,0,0,0,0,0,0,0,0,0,0
390852,1,1,0,0,0,0,0,0,0,0,0,0
390853,1,1,0,0,0,0,0,0,0,0,0,0
390853,2,1,0,0,0,0,0,0,0,0,0,0
390854,1,1,0,0,0,0,0,0,0,0,0,0
390854,2,1,0,0,0,0,0,0,0,0,0,0
390855,1,1,0,0,0,0,0,0,0,0,0,0
390855,2,1,0,0,0,0,0,0,0,0,0,0
390856,1,1,0,0,0,0,0,0,0,0,0,0
390856,2,1,0,0,14,0,0,0,0,0,0,0
390857,1,1,20,20,20,20,20,20,20,20,20,20
390858,1,1,0,0,0,0,0,0,0,0,0,0
390859,1,1,0,0,0,0,0,0,0,0,0,0
390859,2,1,0,0,0,0,0,0,0,0,0,0
390859,3,1,0,0,0,0,0,0,0,0,0,0
390860,1,1,0,0,0,0,0,0,25,0,0,13
390861,0,1,0,0,0,0,0,0,0,0,0,0
390861,1,1,17,14,17,0,10,15,0,11,26,25
390862,1,1,0,0,0,0,0,0,0,0,0,0
390863,1,1,0,0,0,0,0,0,0,0,0,0
390863,2,1,0,0,0,0,0,0,0,0,0,0
390864,1,1,5,5,5,5,5,5,5,5,5,5
390865,1,1,0,0,0,0,0,0,0,0,0,0
390865,2,1,27,27,27,27,27,27,27,27,27,27
390866,1,1,0,0,0,0,0,0,0,0,0,0
390866,2,1,0,0,0,0,0,0,0,0,0,0
390867,1,1,11,16,12,20,23,25,19,17,16,14
390868,1,1,0,0,0,0,0,0,0,0,0,0
390869,1,1,0,0,0,0,0,0,0,0,0,0
390869,2,1,0,0,0,0,0,0,0,0,0,0
390870,1,1,6,9,15,8,31,12,0,0,10,18
390871,1,1,22,22,22,22,22,22,22,22,22,22
390872,1,1,15,15,15,15,15,15,15,15,15,15
390873,1,1,18,37,28,17,23,16,32,9,14,16
390874,1,1,0,0,0,0,0,0,0,0,0,0
390874,2,1,7,9,33,22,22,0,8,36,8,16
390875,0,1,0,0,0,0,0,0,0,0,0,14
390875,1,1,0,0,0,0,0,0,0,0,0,0
390876,1,1,21,21,21,21,21,21,21,21,21,21
390876,2,1,0,2,0,0,0,0,0,0,0,0
390876,3,1,0,0,0,0,0,0,0,0,0,0
390876,4,1,0,0,0,0,6,0,0,0,0,0
390877,1,1,0,0,0,0,0,0,0,0,0,0
390877,2,1,0,0,0,0,0,0,0,0,0,0
390877,3,1,0,0,0,0,0,0,0,0,0,0
390878,1,1,0,0,0,0,0,0,0,0,0,0
390878,2,1,0,0,0,0,0,0,0,0,0,0
390879,1,1,27,13,13,30,20,31,28,13,23,30
390880,1,1,15,15,15,15,15,15,15,15,15,15
390880,2,1,0,0,0,0,0,0,0,0,9,0
390880,3,1,0,0,0,0,15,0,0,0,0,0
390881,1,1,0,0,0,0,0,0,0,0,0,0
390881,2,1,0,0,0,0,0,0,0,0,0,0
390882,1,1,0,0,0,0,0,0,0,0,0,0
390882,2,1,0,0,0,0,0,7,0,0,0,0
390882,3,1,0,0,0,0,0,0,0,0,0,0
390882,4,1,0,0,0,0,0,0,0,0,0,0
390882,5,1,0,0,0,0,0,0,0,0,0,0
390883,0,1,0,0,0,0,0,0,0,0,0,0
390883,1,1,0,0,0,0,0,0,0,0,0,0
390884,1,1,0,0,0,0,0,0,0,0,0,0
390885,0,1,0,0,0,0,0,0,0,0,0,0
390885,1,1,0,0,0,0,0,0,0,0,0,0
390886,1,1,22,22,22,22,22,22,22,22,22,22
390887,1,1,0,0,0,0,0,0,0,0,0,0
390888,1,1,25,25,25,25,25,25,25,25,25,25
390889,1,1,0,0,0,0,0,0,0,0,0,0
390890,0,1,0,0,0,0,0,0,0,0,0,0
390890,1,1,0,0,0,0,0,0,0,0,0,0
390891,1,1,0,0,17,0,0,20,19,0,0,0
390892,1,1,0,0,0,0,0,0,0,0,0,0
390892,2,1,28,28,28,28,28,28,28,28,28,28
390893,0,1,11,11,11,11,11,11,11,11,11,11
390893,1,1,0,0,0,0,0,0,0,0,0,0
390894,1,2,0,14,0,0,26,15,0,3,37,26
390896,1,1,27,27,27,27,27,27,27,27,27,27
390897,0,1,0,0,0,0,0,0,0,0,0,0
390897,1,1,0,0,0,0,0,0,0,0,0,0
390898,1,1,0,0,0,0,0,0,0,0,0,0
390898,2,1,0,0,0,0,0,0,0,0,0,0
390899,1,1,30,30,30,30,30,30,30,30,30,30
390900,1,1,10,14,29,29,18,18,9,5,35,19
390901,1,1,24,23,27,30,14,32,17,24,10,8
390902,0,1,24,24,24,24,24,24,24,24,24,24
390902,1,1,0,0,0,0,0,0,0,0,0,0
390903,1,1,0,0,0,0,0,0,0,0,0,0
390903,2,1,0,0,0,0,0,0,0,0,0,0
390903,3,1,0,0,0,0,0,0,0,0,0,0
390904,1,1,13,17,22,24,5,16,11,16,30,14
390905,1,1,19,16,20,10,0,15,24,21,0,31
390907,1,1,0,0,0,0,0,0,0,0,0,0
390907,2,1,0,0,0,0,0,0,0,0,0,0
390907,3,1,0,0,0,0,0,0,0,0,0,0
390907,4,1,0,0,0,0,0,0,0,0,0,0
390907,5,1,0,0,0,0,0,0,0,0,0,0
390908,1,1,0,0,0,0,0,0,0,0,0,0
390908,2,1,0,0,0,0,0,0,0,0,0,0
390909,1,1,0,0,17,0,5,0,0,0,0,35
390909,2,1,0,0,0,0,0,0,0,0,0,0
390910,1,1,0,0,0,0,0,0,0,0,0,0
390910,2,1,0,0,0,0,0,0,0,0,0,0
390911,1,1,6,21,14,0,0,29,6,5,0,7
390912,1,1,25,25,25,25,25,25,25,25,25,25
390913,0,1,0,0,0,0,0,0,0,0,0,0
390913,1,1,0,0,0,0,0,0,0,0,0,0
390914,1,1,0,0,0,0,0,0,0,0,0,0
390914,2,1,0,0,0,0,0,0,0,0,0,0
390915,1,1,0,0,0,0,0,0,0,0,0,0
390916,1,1,0,0,0,0,0,0,0,0,0,0
390917,1,1,0,0,0,0,0,0,0,0,0,0
390918,0,1,0,0,0,0,0,0,0,0,0,0
390918,1,1,0,0,0,0,0,0,0,0,0,0
390919,0,1,0,0,0,0,0,0,0,0,0,0
390919,1,1,0,0,0,0,0,0,0,0,0,0
390920,1,1,0,0,0,0,0,0,0,0,21,0
390921,1,1,34,34,34,34,34,34,34,34,34,34
390922,1,1,21,21,21,21,21,21,21,21,21,21
390924,1,1,0,0,0,0,8,12,0,0,0,0
390926,1,1,27,27,27,27,27,27,27,27,27,27
390927,1,1,22,22,22,22,22,22,22,22,22,22
390928,1,1,0,0,0,0,0,0,0,0,0,0
390928,2,1,19,19,19,19,19,19,19,19,19,19
390929,0,1,16,16,16,16,16,16,16,16,16,16
390929,1,1,0,20,0,0,0,5,0,7,0,0
390930,1,1,0,0,0,0,0,0,0,0,0,0
390930,2,1,0,0,0,0,0,0,0,0,0,0