ST_CASE,VEH_NO,PER_NO,P1,P2,P3,P4,P5,P6,P7,P8,P9,P10
390931,1,1,0,0,0,0,0,0,0,0,0,0
390932,1,1,4,14,0,3,14,23,16,15,12,29
390933,1,1,0,0,0,0,0,0,0,0,0,0
390933,2,1,0,0,0,0,0,0,0,0,0,0
390934,1,1,0,0,0,0,0,0,0,0,0,5
390934,2,1,0,0,0,0,0,0,0,0,0,0
390935,1,1,10,22,6,12,17,6,29,25,23,10
390937,1,1,9,13,11,13,33,19,31,15,15,28
390937,2,1,0,0,20,0,0,0,38,0,20,0
390938,1,1,0,0,0,0,0,0,17,0,0,0
390938,2,1,0,0,0,0,0,0,0,0,0,0
390939,1,1,22,22,22,22,22,22,22,22,22,22
390940,1,1,18,18,18,18,18,18,18,18,18,18
390941,1,1,0,0,0,0,0,0,0,0,0,0
390942,1,1,0,0,0,0,0,0,0,0,0,0
390942,2,1,0,0,9,0,0,0,0,0,28,0
390943,1,1,21,21,21,21,21,21,21,21,21,21
390944,1,1,34,34,34,34,34,34,34,34,34,34
390944,2,1,0,0,0,0,0,0,0,0,0,0
390944,3,1,0,0,0,0,0,0,0,0,0,0
390945,1,1,0,0,0,0,0,0,0,0,0,0
390945,2,1,0,0,0,0,0,0,0,0,0,0
390946,1,1,24,24,24,24,24,24,24,24,24,24
390947,1,1,28,28,28,28,28,28,28,28,28,28
390948,1,1,0,0,0,0,0,15,0,0,0,0
390948,2,1,0,0,0,0,0,0,0,0,0,0
390949,1,1,0,0,0,0,0,0,0,0,0,0
390949,2,1,0,0,0,0,0,0,12,0,0,0
390950,1,1,0,0,0,4,0,0,0,0,0,0
390950,2,1,0,0,0,0,0,0,0,0,0,0
390951,1,1,0,0,0,0,0,0,0,0,0,0
390951,2,1,4,0,0,0,0,0,31,0,0,11
390952,1,1,0,0,0,0,0,0,0,0,0,0
390952,2,1,30,12,8,12,19,25,0,29,0,24
390953,1,1,0,0,0,0,0,0,0,0,0,0
390953,2,1,0,0,0,0,0,0,0,0,0,0
390954,0,1,0,0,0,0,0,0,0,0,0,0
390954,1,1,0,0,0,0,0,0,0,0,0,0
390955,1,1,0,0,0,0,0,0,0,0,0,0
390955,2,1,0,0,0,0,11,0,0,0,0,0
390956,1,1,0,9,23,0,14,11,0,24,28,8
390956,2,1,0,0,0,0,0,0,0,0,0,0
390956,3,1,0,0,0,0,0,0,0,0,0,0
390957,1,1,0,0,0,0,0,0,0,0,0,0
390958,1,1,0,0,0,0,0,0,0,0,0,0
390958,2,1,0,0,0,0,0,0,0,0,0,0
390958,3,1,0,0,0,0,0,0,0,0,0,0
390958,4,1,0,0,0,0,0,0,0,0,0,0
390959,1,1,0,0,0,0,0,0,0,0,0,0
390959,2,1,0,0,0,0,0,0,0,0,0,0
390960,1,1,14,12,9,27,0,21,17,13,8,17
390961,0,1,0,0,0,0,0,0,0,0,0,0
390961,1,1,0,0,0,0,0,0,0,0,0,0
390961,2,1,0,0,0,0,0,0,0,0,0,0
390961,3,1,0,0,0,0,0,0,0,0,0,0
390962,0,1,0,0,0,0,0,0,0,0,0,0
390962,1,1,27,27,27,27,27,27,27,27,27,27
390963,1,1,0,0,0,8,13,0,0,0,0,0
390963,2,1,0,0,0,0,0,0,0,0,0,0
390964,1,1,0,0,0,0,0,0,0,0,0,0
390964,2,1,0,0,0,0,0,0,0,0,0,0
390965,1,1,34,34,34,34,34,34,34,34,34,34
390965,2,1,0,0,0,0,0,0,0,0,0,0
390966,1,1,0,0,0,17,0,0,0,0,12,0
390967,1,1,0,23,0,0,0,0,0,0,11,0
390967,2,1,0,0,0,0,0,0,0,0,0,0
390968,0,1,33,33,33,33,33,33,33,33,33,33
390968,1,1,0,12,23,0,0,19,8,18,26,0
390969,1,1,0,0,0,0,0,6,0,30,18,0
390970,1,1,0,0,0,0,0,0,0,0,0,0
390970,2,1,0,0,0,0,0,0,0,0,0,0
390971,0,1,12,12,12,12,12,12,12,12,12,12
390971,1,1,0,0,0,0,0,0,0,0,0,0
390972,1,1,0,0,0,0,0,0,0,0,0,0
390973,1,1,0,0,0,0,0,0,0,0,0,0
390973,2,1,0,0,0,0,0,0,0,0,0,0
390974,1,1,31,31,31,31,31,31,31,31,31,31
390975,1,1,0,0,0,0,0,0,0,0,0,0
390975,2,1,0,0,0,0,0,0,0,0,0,0
390976,0,1,9,9,9,9,9,9,9,9,9,9
390976,1,1,14,14,14,14,14,14,14,14,14,14
390977,1,1,0,0,0,0,0,0,0,0,0,0
390977,2,1,0,0,0,0,0,0,0,0,0,0
390978,1,1,0,21,0,0,0,0,0,0,0,0
390978,2,1,0,5,12,23,11,0,7,0,8,17
390980,1,1,19,19,19,19,19,19,19,19,19,19
390980,2,1,0,0,0,0,0,0,0,0,0,0
390981,1,1,0,0,0,0,0,0,0,0,0,0
390982,1,1,12,12,12,12,12,12,12,12,12,12
390982,2,1,0,0,0,0,0,0,0,0,0,12
390983,1,1,16,22,8,15,15,9,26,8,26,13
390983,2,1,22,22,22,22,22,22,22,22,22,22
390984,1,1,2,11,13,19,11,13,0,0,5,27
390985,1,1,0,0,0,0,0,0,0,0,0,0
390985,2,1,0,0,0,0,0,0,0,0,0,17
390986,0,1,0,0,0,0,0,0,0,0,0,0
390986,1,1,9,9,9,9,9,9,9,9,9,9
390987,1,1,0,0,0,0,0,0,0,0,0,0
390987,2,1,0,0,0,0,0,0,0,0,0,0
390988,1,1,0,0,0,0,0,0,0,0,0,0
390988,2,1,0,0,0,0,0,0,0,0,0,0
390989,1,1,0,0,0,0,0,0,0,0,0,0
390990,1,1,0,0,0,0,0,0,0,0,0,0
390990,2,1,0,0,0,0,0,0,0,0,0,0
390990,3,1,0,0,0,0,0,0,0,0,0,0
390991,1,1,0,0,0,0,0,0,0,0,0,0
390991,2,1,0,0,0,0,0,0,0,0,0,0
390992,1,1,0,0,0,0,0,0,0,0,0,0
390992,2,1,0,0,0,0,14,0,0,0,0,0
390992,3,1,0,0,0,0,0,0,0,0,0,0
390993,1,1,22,22,22,22,22,22,22,22,22,22
390994,1,1,0,0,0,0,0,0,0,0,0,0
390994,2,1,0,0,0,0,0,0,0,0,0,0
390995,1,1,14,14,14,14,14,14,14,14,14,14
390995,2,1,0,0,0,0,0,0,0,0,0,0
390996,1,1,25,25,25,25,25,25,25,25,25,25
390997,1,1,0,0,0,0,0,0,0,0,0,0
390997,2,1,0,0,0,0,0,0,0,0,0,0
390998,1,1,0,0,0,0,0,0,0,0,0,0
390999,1,1,20,20,20,20,20,20,20,20,20,20
391000,1,1,23,23,23,23,23,23,23,23,23,23
391001,1,1,0,0,0,0,0,0,0,0,7,0
391002,0,1,33,33,33,33,33,33,33,33,33,33
391002,1,1,0,0,20,17,0,0,20,10,0,0
391003,0,1,0,0,0,0,0,0,0,0,0,0
391003,0,2,0,0,0,0,0,0,0,0,0,0
391003,0,3,0,0,0,0,0,0,0,0,0,0
391003,1,1,13,13,13,13,13,13,13,13,13,13
391004,1,1,0,0,0,0,0,0,0,0,0,0
391004,2,1,0,0,0,0,0,0,0,0,0,0
391004,3,1,0,0,0,0,0,0,0,0,0,0
391004,4,1,0,0,0,0,32,0,0,0,0,0
391006,1,1,0,0,0,15,0,0,0,0,0,0
391006,3,1,2,2,2,2,2,2,2,2,2,2
391007,1,1,0,0,0,0,0,0,0,0,0,0
391007,2,1,0,0,0,0,11,0,0,0,0,0
391008,1,1,14,14,14,14,14,14,14,14,14,14
391009,1,1,0,0,0,0,0,0,0,0,0,0
391009,2,1,0,0,0,0,0,0,0,0,0,0
391010,1,1,0,36,17,5,21,15,19,19,0,5
391010,2,1,0,0,0,0,0,0,4,0,0,40
391011,1,1,26,26,26,26,26,26,26,26,26,26
391012,1,1,0,0,0,0,0,0,0,0,0,0
391012,2,1,6,13,12,0,14,16,21,0,0,20
391013,1,1,0,0,0,0,0,0,0,0,0,0
391013,2,1,12,13,19,8,16,22,8,16,12,0
391014,0,1,0,0,0,0,0,0,0,4,0,0
391014,1,1,0,0,0,0,0,4,0,0,0,0
391015,1,1,0,0,0,0,0,0,0,0,0,0
391015,2,1,0,0,0,0,0,0,0,0,0,0
391016,1,1,23,23,23,23,23,23,23,23,23,23
391017,1,1,0,0,0,0,13,0,0,0,0,0
391018,1,1,0,0,0,0,0,0,0,0,0,0
391018,2,1,0,0,0,0,0,0,0,0,0,0
391019,1,1,0,0,0,0,0,0,0,0,0,0
391019,2,1,0,0,0,0,0,0,0,0,0,0
391020,1,1,15,15,15,15,15,15,15,15,15,15
391021,1,1,23,23,23,23,23,23,23,23,23,23
391022,1,1,0,0,0,0,0,0,0,0,0,0
391023,1,1,20,20,20,20,20,20,20,20,20,20
391024,1,1,18,18,18,18,18,18,18,18,18,18
391025,1,1,0,0,0,0,0,0,0,0,0,0
391025,2,1,0,0,0,0,0,0,0,0,0,0
391025,3,1,0,0,0,0,0,0,0,0,0,0
391026,1,1,0,0,0,0,0,0,0,0,0,0
391026,2,1,0,0,0,0,0,0,0,0,0,0
391027,1,1,0,0,0,0,0,0,0,0,0,0
391027,2,1,0,0,0,0,0,0,0,0,0,0
391028,1,1,0,0,0,0,0,0,0,0,0,0
391028,2,1,10,0,0,0,0,0,0,21,0,0
391029,1,1,0,0,0,0,0,0,0,0,0,0
391029,2,1,0,0,0,0,0,0,0,0,0,0
391030,1,1,0,0,0,0,0,0,0,0,0,0
391030,2,1,0,0,0,0,0,0,0,0,0,0
391031,0,1,0,0,0,0,0,0,0,0,0,0
391031,1,1,0,0,0,0,0,0,0,0,0,0
391032,1,1,14,14,14,14,14,14,14,14,14,14
391033,1,1,0,0,0,0,0,0,0,0,0,19
391034,1,1,0,0,0,0,0,0,0,0,0,0
391034,2,1,0,0,0,0,0,6,0,0,0,0
391035,1,1,0,0,0,0,0,0,0,0,0,0
391036,1,1,19,0,0,0,0,17,0,0,0,0
391037,1,1,23,23,23,23,23,23,23,23,23,23
391038,1,1,0,0,0,0,0,0,16,0,0,0
391038,2,1,0,0,0,0,0,0,0,0,0,0
391039,1,1,0,0,0,0,0,0,0,0,0,0
391040,1,1,0,0,0,0,0,0,0,0,0,0
391041,1,1,0,0,0,0,0,0,0,0,0,0
391042,1,1,0,0,0,0,0,0,0,0,0,0
391042,2,1,0,0,0,0,0,0,0,0,0,0
391043,1,1,18,18,18,18,18,18,18,18,18,18
391044,1,1,18,11,19,32,23,22,17,16,27,19
391045,1,1,7,7,7,7,7,7,7,7,7,7
391046,1,1,0,0,0,0,0,0,9,15,0,0
391046,2,1,19,19,19,19,19,19,19,19,19,19
391047,1,1,0,0,0,0,0,0,0,0,0,0
391049,1,1,0,0,0,0,0,0,0,0,0,0
391049,2,1,0,0,0,0,0,20,12,0,0,0
391049,3,1,0,0,0,0,0,0,0,0,0,0
391050,1,1,3,3,3,3,3,3,3,3,3,3
391051,1,1,26,26,26,26,26,26,26,26,26,26
391052,1,1,0,0,0,0,0,0,0,0,0,0
391052,2,1,0,0,0,0,0,0,0,0,0,0
391053,0,1,16,16,16,16,16,16,16,16,16,16
391053,1,1,0,0,0,0,0,0,0,0,0,0
391054,0,1,3,0,0,0,0,0,0,0,0,0
391054,1,1,0,0,0,0,0,0,0,31,0,0
391055,1,1,29,27,24,49,24,15,17,10,41,39
391056,1,1,0,0,0,0,0,0,0,0,0,0
391056,2,1,0,0,0,0,0,0,0,0,0,0
391057,1,1,0,21,0,0,0,0,0,0,0,0
391058,1,1,0,0,0,0,0,0,0,0,0,0
391058,2,1,0,0,19,0,0,16,0,0,0,0
391059,1,1,0,0,0,0,0,0,0,0,0,0
391060,0,1,0,0,0,0,0,0,0,0,0,0
391060,1,1,0,0,0,0,0,12,0,0,0,0
391061,0,1,0,0,0,0,0,0,15,0,0,0
391061,1,1,0,0,0,0,0,0,0,0,0,0
391062,1,1,0,0,0,0,0,0,0,0,0,0
391063,1,1,0,0,0,0,0,0,0,0,0,12
391063,2,1,0,0,0,0,0,0,0,0,0,0
400002,1,1,0,0,0,0,0,0,0,0,0,0
400003,1,1,25,25,25,25,25,25,25,25,25,25
400004,1,1,22,22,22,22,22,22,22,22,22,22
400004,2,1,0,0,0,0,34,0,0,0,22,0
400005,1,1,0,0,0,0,0,0,0,0,0,0
400005,2,1,0,0,0,0,0,0,0,0,0,0
400006,1,1,0,0,0,0,0,0,0,0,0,0
400007,1,1,0,0,0,0,0,0,0,0,0,0
400008,1,1,9,9,9,9,9,9,9,9,9,9
400009,1,1,0,0,0,0,0,0,0,0,0,0
400009,2,1,0,0,0,0,0,0,0,0,0,0
400010,1,1,0,0,0,0,0,0,0,0,0,0
400010,2,1,0,0,0,0,0,0,0,0,0,0
400011,1,1,0,0,0,0,0,0,0,0,0,0
400011,2,1,0,0,0,0,0,0,0,0,0,0
400012,0,1,29,29,29,29,29,29,29,29,29,29
400012,1,1,0,0,0,0,0,0,0,0,0,0
400013,0,1,26,26,26,26,26,26,26,26,26,26
400013,1,1,0,0,0,0,0,0,0,0,0,0
400013,2,1,0,0,0,0,0,0,15,0,0,0
400014,1,1,19,19,19,19,19,19,19,19,19,19
400014,2,1,0,0,0,0,0,13,0,0,0,0
400015,1,1,0,0,0,0,0,0,0,0,0,0
400016,0,1,0,0,0,0,0,0,0,0,0,0
400016,1,1,0,12,0,0,0,0,0,0,0,0
400017,1,1,0,0,0,0,0,0,0,0,0,0
400018,1,1,8,8,8,8,8,8,8,8,8,8
400019,0,1,0,0,0,0,0,0,0,0,0,0
400019,1,1,0,0,0,0,12,0,0,0,0,0
400020,1,1,0,0,0,0,0,0,0,0,0,0
400021,1,1,0,0,0,0,0,0,0,0,0,0
400022,1,1,0,0,0,0,0,0,0,0,0,0
400023,1,1,0,0,0,0,0,0,0,0,0,0
400023,2,1,0,0,0,0,0,0,0,0,0,0
400023,3,1,0,0,0,0,0,0,0,0,0,0
400024,1,1,16,16,16,16,16,16,16,16,16,16
400025,1,1,11,11,11,11,11,11,11,11,11,11
400026,1,1,0,0,0,0,0,0,0,0,0,0
400026,2,1,0,0,0,0,0,0,0,0,0,0
400026,3,1,0,0,0,0,0,0,0,0,0,0
400027,0,1,10,10,10,10,10,10,10,10,10,10
400027,1,1,0,0,0,0,0,0,22,31,32,0
400028,1,1,42,42,42,42,42,42,42,42,42,42
400029,1,1,0,0,0,0,0,0,0,0,0,0
400029,2,1,0,0,0,0,0,0,0,0,14,0
400030,1,1,0,0,0,0,0,0,0,0,0,0
400031,0,1,0,0,0,0,0,0,0,0,0,0
400031,1,1,0,0,0,0,0,0,0,0,0,0
400032,1,1,24,0,29,17,20,14,0,28,20,0
400033,1,1,0,0,0,0,0,0,0,0,0,0
400034,1,1,10,10,10,10,10,10,10,10,10,10
400035,1,1,0,0,0,0,0,0,0,0,0,0
400036,1,1,0,0,0,0,0,0,0,0,0,0
400036,2,1,18,0,0,0,0,0,0,0,0,0
400037,0,1,21,21,21,21,21,21,21,21,21,21
400037,1,1,0,0,0,0,0,0,0,0,0,0
400038,1,1,11,11,11,11,11,11,11,11,11,11
400038,2,1,0,0,0,0,0,0,0,0,0,0
400038,3,1,0,0,0,0,0,0,0,0,0,0
400038,4,1,0,0,0,0,0,0,0,0,0,0
400039,1,1,0,0,0,0,0,0,0,0,0,0
400039,2,1,0,0,0,0,0,0,0,0,0,0
400040,1,1,0,0,0,0,0,0,0,0,0,0
400041,1,1,9,9,9,9,9,9,9,9,9,9
400042,1,1,0,0,0,0,0,0,0,0,0,0
400042,2,1,0,0,0,0,0,0,0,0,0,0
400043,1,1,0,0,0,0,0,0,0,0,0,0
400043,2,1,0,0,0,0,0,0,0,0,0,0
400044,1,1,0,0,0,0,0,0,0,0,0,0
400044,2,1,15,15,15,15,15,15,15,15,15,15
400045,1,1,0,0,0,0,0,0,0,0,0,0
400046,1,1,0,0,0,0,0,0,0,0,0,0
400047,1,1,0,0,0,0,0,0,0,0,0,0
400048,1,1,0,0,0,0,0,0,0,0,0,0
400048,2,1,8,8,8,8,8,8,8,8,8,8
400049,1,1,0,0,0,0,0,0,0,0,0,0
400049,2,1,0,0,0,0,0,0,0,0,0,0
400050,1,1,0,0,0,0,0,0,0,0,0,0
400050,2,1,0,0,0,0,0,0,0,0,0,0
400050,3,1,0,0,0,0,0,0,9,0,0,0
400050,4,1,0,4,0,0,0,0,0,0,0,0
400051,1,1,0,0,0,0,0,0,0,0,0,0
400052,1,1,0,0,0,0,0,0,0,0,0,0
400052,2,1,0,0,0,0,0,0,0,0,0,0
400055,1,1,0,0,0,0,0,0,0,0,0,0
400056,1,1,4,4,4,4,4,4,4,4,4,4
400057,1,1,0,0,0,0,0,0,0,0,0,0
400057,2,1,0,0,0,0,0,0,0,0,0,0
400058,1,1,32,32,32,32,32,32,32,32,32,32
400059,1,1,0,0,0,0,0,0,0,0,0,0
400059,2,1,0,0,0,0,0,0,0,0,0,0
400060,1,1,0,0,0,0,0,0,0,0,0,0
400060,2,1,0,0,0,0,0,0,0,0,0,0
400060,3,1,0,0,0,0,0,0,15,0,0,0
400060,4,1,0,0,0,0,0,0,0,0,0,0
400060,5,1,0,0,0,0,0,0,0,0,0,0
400060,6,1,0,0,0,0,0,0,0,0,0,0
400061,1,1,0,0,0,0,0,0,0,0,0,0
400062,1,1,0,0,0,0,0,0,0,0,0,0
400063,1,1,0,0,0,0,0,0,0,0,0,0
400063,2,1,0,0,0,0,0,0,0,0,0,0
400064,1,1,11,11,11,11,11,11,11,11,11,11
400065,1,1,0,0,0,0,0,0,0,0,0,0
400066,0,1,0,0,0,0,0,0,0,0,0,0
400066,1,1,0,0,0,0,0,0,0,0,0,0
400067,1,1,18,18,18,18,18,18,18,18,18,18
400068,1,1,0,0,0,0,0,0,0,0,0,0
400068,2,1,0,0,0,0,0,0,0,0,0,0
400069,1,1,0,0,0,0,0,0,0,0,0,0
400069,2,1,0,0,0,0,0,0,0,0,0,0
400070,1,1,0,0,0,0,0,0,0,0,0,0
400071,1,1,0,0,0,0,0,0,0,0,0,0
400072,0,1,0,0,0,0,0,0,0,0,0,0
400072,1,1,0,0,0,0,0,0,0,0,0,0
400073,1,1,28,28,28,28,28,28,28,28,28,28
400073,2,1,0,0,0,0,0,0,0,0,0,0
400074,1,1,0,0,0,0,0,0,0,0,0,0
400075,1,1,0,0,0,0,0,0,0,0,0,0
400076,0,1,0,0,0,0,0,0,0,0,0,0
400076,1,1,0,0,0,0,0,0,0,0,0,0
400077,1,1,0,0,0,0,0,0,25,6,0,9
400078,1,1,0,0,0,11,0,0,0,0,0,0
400078,2,1,0,0,0,0,0,0,28,0,0,0
400079,0,1,0,0,0,0,0,0,0,0,0,0
400079,1,1,0,0,0,0,0,0,0,0,4,21
400080,0,1,10,10,10,10,10,10,10,10,10,10
400080,1,1,0,0,0,0,0,0,0,0,0,0
400081,1,1,0,0,0,0,0,0,0,0,0,0
400081,2,1,0,0,0,0,0,0,0,0,0,0
400082,1,1,0,0,0,0,0,0,0,0,0,0
400082,2,1,0,0,0,0,0,5,0,0,0,0
400083,0,1,0,0,0,0,0,0,0,0,0,0
400083,1,1,0,0,0,0,0,0,0,0,0,0
400084,1,1,0,0,0,0,0,0,0,0,0,0
400084,2,1,23,23,23,23,23,23,23,23,23,23
400085,1,1,0,0,0,26,0,0,17,0,0,23
400086,1,1,0,0,0,0,0,0,0,0,0,0
400086,2,1,0,0,0,0,0,0,0,0,0,0
400086,3,1,0,0,0,0,0,0,0,0,0,0
400087,1,1,0,0,0,0,0,0,0,0,0,0
400088,1,1,0,0,0,0,0,0,0,0,0,0
400089,1,1,0,0,0,0,0,0,0,0,0,0
400090,1,1,24,24,24,24,24,24,24,24,24,24
400091,1,1,0,0,0,0,0,0,0,0,0,0
400091,2,1,0,0,0,0,0,0,0,0,0,0
400092,1,1,24,24,24,24,24,24,24,24,24,24
400093,1,1,0,0,0,0,0,0,0,0,0,0
400093,2,1,0,0,0,0,0,0,0,0,0,0
400094,1,1,0,0,0,0,0,0,0,0,0,0
400095,1,1,0,0,0,0,0,0,0,0,0,0
400095,2,1,0,0,0,0,0,0,0,0,0,0
400095,3,1,0,0,0,0,0,0,0,0,6,0
400096,1,1,23,23,23,23,23,23,23,23,23,23
400096,2,1,0,0,0,0,0,0,0,0,0,0
400097,1,1,0,0,0,0,0,0,0,0,0,0
400098,1,1,27,27,27,27,27,27,27,27,27,27
400099,1,1,0,0,0,0,0,0,0,0,0,0
400100,1,1,0,0,0,0,0,0,0,0,0,0
400101,0,1,3,3,3,3,3,3,3,3,3,3
400101,1,1,0,0,0,0,0,0,0,0,0,0
400102,1,1,0,0,0,0,0,0,0,0,0,0
400103,1,1,20,20,20,20,20,20,20,20,20,20
400104,1,1,21,21,21,21,21,21,21,21,21,21
400105,1,1,21,21,21,21,21,21,21,21,21,21
400106,1,1,0,0,0,0,0,0,0,0,0,0
400106,2,1,0,0,0,0,0,0,0,0,0,0
400107,0,1,0,0,0,0,0,0,0,0,0,0
400107,1,1,0,0,0,0,0,0,0,0,0,0
400108,1,1,24,24,24,24,24,24,24,24,24,24
400109,1,1,18,18,18,18,18,18,18,18,18,18
400110,1,1,0,0,0,0,0,0,0,0,0,0
400111,1,1,0,0,0,0,0,0,0,0,0,0
400111,2,1,0,0,0,0,0,0,0,0,0,0
400112,1,1,0,0,0,0,0,0,0,0,0,0
400113,0,1,6,6,6,6,6,6,6,6,6,6
400113,1,1,0,0,0,0,5,0,0,0,0,0
400114,1,1,0,0,0,0,0,0,0,0,0,0
400114,2,1,0,0,0,0,0,0,0,0,0,0
400114,3,1,0,0,0,0,0,0,0,0,0,0
400115,1,1,0,0,0,18,0,0,0,0,0,0
400116,1,1,25,25,25,25,25,25,25,25,25,25
400116,2,1,0,0,0,0,0,0,0,0,0,0
400117,1,1,0,0,5,0,10,0,0,0,0,0
400117,2,1,0,0,0,0,0,0,0,0,0,0
400118,1,1,25,25,25,25,25,25,25,25,25,25
400119,0,1,0,0,0,0,0,0,15,0,22,0
400119,1,1,0,0,0,0,0,0,0,0,28,0
400120,0,1,0,0,0,0,0,0,0,0,0,0
400120,1,1,0,0,0,0,0,0,0,0,0,0
400121,1,1,0,0,0,0,0,0,0,0,0,0
400122,1,1,0,0,0,0,0,0,0,0,0,0
400123,1,1,0,0,0,0,0,0,0,0,0,0
400123,2,1,0,0,0,0,0,0,0,0,0,0
400124,1,1,24,24,24,24,24,24,24,24,24,24
400125,1,1,0,0,0,0,0,0,0,0,0,0
400125,2,1,0,0,0,0,0,0,0,0,0,0
400126,1,1,0,0,39,0,0,0,0,0,8,0
400127,1,1,0,0,0,0,0,0,0,0,0,0
400127,2,1,0,0,0,0,0,0,0,0,0,0
400128,1,1,23,23,23,23,23,23,23,23,23,23
400129,1,1,0,0,0,0,0,0,0,0,0,0
400130,1,1,0,0,0,0,0,0,0,0,0,0
400130,2,1,0,0,0,0,0,0,0,0,0,0
400131,1,1,24,24,24,24,24,24,24,24,24,24
400132,1,1,14,14,14,14,14,14,14,14,14,14
400133,1,1,0,0,0,0,0,0,0,0,0,0
400134,1,1,0,0,0,0,0,0,0,0,0,0
400134,2,1,0,0,0,0,0,0,0,0,0,0
400135,1,1,0,0,0,0,0,0,0,0,0,0
400136,1,1,17,17,17,17,17,17,17,17,17,17
400137,1,1,22,22,22,22,22,22,22,22,22,22
400140,1,1,0,0,0,0,0,0,0,0,0,0
400141,1,1,8,8,8,8,8,8,8,8,8,8
400141,2,1,0,5,0,0,0,0,0,0,0,0
400142,1,1,35,35,35,35,35,35,35,35,35,35
400142,2,1,0,0,0,0,0,0,0,0,0,0
400143,1,1,9,9,9,9,9,9,9,9,9,9
400144,0,1,21,21,21,21,21,21,21,21,21,21
400144,1,1,0,0,0,0,0,0,0,17,17,0
400145,1,1,0,0,0,0,0,0,0,0,0,0
400145,2,1,0,0,0,0,0,0,0,0,0,0
400146,1,1,0,0,0,0,0,0,0,0,0,0
400147,1,1,6,6,6,6,6,6,6,6,6,6
400147,2,1,29,0,0,0,0,0,0,8,0,0
400148,1,1,0,0,0,0,0,14,0,0,0,0
400148,2,1,0,0,0,0,0,0,0,0,0,0
400149,1,1,28,28,28,28,28,28,28,28,28,28
400149,2,1,0,0,0,0,0,0,0,0,0,0
400150,1,1,0,0,0,0,0,0,0,0,0,0
400150,2,1,0,0,0,0,0,0,0,0,0,0
400151,1,1,0,0,0,0,0,0,0,0,0,0
400151,2,1,0,0,0,0,0,0,0,0,0,0
400152,1,1,0,0,0,0,0,0,0,0,0,0
400152,2,1,0,0,0,0,0,0,0,0,0,0
400153,0,1,20,20,20,20,20,20,20,20,20,20
400153,1,1,0,0,0,0,0,0,0,0,0,0
400154,1,1,0,0,0,0,0,0,0,0,0,0
400155,1,1,13,13,13,13,13,13,13,13,13,13
400156,1,1,3,3,3,3,3,3,3,3,3,3
400157,1,1,0,0,0,0,0,0,0,0,0,0
400158,1,1,25,25,25,25,25,25,25,25,25,25
400159,1,1,23,23,23,23,23,23,23,23,23,23
400160,1,1,0,0,0,0,0,0,0,0,0,0
400161,1,1,0,0,0,0,0,0,0,0,0,0
400161,2,1,0,0,0,0,0,0,0,0,0,0
400162,1,1,0,0,0,0,0,0,0,0,0,0
400162,2,1,0,0,0,0,0,0,0,0,0,0
400163,1,1,0,0,0,0,0,0,0,0,0,0
400163,2,1,0,0,0,0,0,5,0,0,0,0
400164,1,1,0,0,0,0,0,0,0,0,0,0
400164,2,1,0,0,0,0,0,8,0,0,0,0
400165,1,1,0,0,0,0,0,0,0,0,0,0
400165,2,1,0,0,0,0,0,0,0,0,0,0
400166,1,1,16,16,16,16,16,16,16,16,16,16
400167,1,1,0,0,0,0,0,0,0,0,0,0
400168,1,1,15,15,15,15,15,15,15,15,15,15
400169,1,1,0,0,0,0,0,0,0,0,0,0
400170,1,1,28,28,28,28,28,28,28,28,28,28
400171,1,1,0,0,0,0,0,0,0,0,0,0
400172,1,1,0,0,0,0,0,0,0,0,0,0
400173,1,1,0,0,0,0,0,0,0,0,0,0
400174,1,1,0,0,0,0,0,0,0,0,0,0
400174,2,1,0,0,0,0,0,0,0,0,0,0
400175,1,1,0,0,0,0,0,0,0,0,0,0
400175,2,1,0,0,0,0,0,0,0,0,0,0
400176,1,1,0,0,0,0,0,0,0,0,0,0
400177,1,1,0,0,0,0,0,0,0,0,0,0
400177,2,1,0,0,0,0,0,0,0,0,0,0
400178,1,1,0,0,0,0,0,0,0,0,0,0
400179,0,1,34,34,34,34,34,34,34,34,34,34
400179,1,1,0,0,0,0,0,0,0,0,0,6
400180,1,1,0,0,0,0,0,0,0,0,0,0
400180,2,1,0,0,0,0,0,0,0,0,0,0
400181,1,1,0,0,0,0,0,0,0,0,0,0
400181,2,1,0,0,0,0,0,0,0,0,0,0
400182,1,1,14,14,14,14,14,14,14,14,14,14
400183,0,1,20,20,20,20,20,20,20,20,20,20
400183,1,1,0,0,0,0,3,0,0,0,0,0
400184,1,1,0,18,0,5,0,21,0,0,0,12
400184,2,1,0,0,0,0,0,0,0,0,0,10
400185,1,1,4,4,4,4,4,4,4,4,4,4
400185,2,1,0,0,0,0,0,0,0,0,0,0
400186,1,1,28,28,28,28,28,28,28,28,28,28
400187,1,1,0,15,0,0,0,20,0,0,0,0
400188,1,1,0,0,0,0,0,0,0,0,0,0
400189,1,1,0,0,0,0,0,0,0,0,0,0
400190,1,1,0,0,0,0,0,0,0,0,0,0
400191,1,1,21,21,21,21,21,21,21,21,21,21
400192,1,1,26,26,26,26,26,26,26,26,26,26