ST_CASE,VEH_NO,PER_NO,P1,P2,P3,P4,P5,P6,P7,P8,P9,P10
400193,1,1,0,0,0,0,0,0,0,0,0,0
400193,2,1,0,0,0,0,0,0,0,0,0,0
400194,1,1,0,0,0,0,0,0,0,0,0,2
400194,2,1,0,0,0,0,0,0,0,0,0,0
400195,1,1,0,0,0,0,0,0,0,0,0,0
400196,1,1,0,0,0,0,0,0,0,0,0,0
400197,1,1,14,14,14,14,14,14,14,14,14,14
400198,1,1,0,0,0,0,0,21,0,0,0,0
400199,1,1,0,0,0,0,0,0,0,0,0,0
400199,2,1,0,0,0,0,0,0,0,0,0,0
400200,0,1,0,0,0,0,0,0,0,0,0,0
400200,1,1,0,0,0,0,0,0,0,0,0,0
400201,1,1,0,0,0,0,0,0,0,0,0,0
400202,1,1,0,0,0,0,0,0,0,0,0,0
400203,1,1,0,0,0,0,0,0,0,0,0,0
400204,0,1,38,5,29,18,17,5,15,29,18,23
400204,1,1,0,0,0,0,0,0,0,0,0,0
400205,1,1,0,0,0,0,0,0,0,0,0,0
400205,2,1,0,0,0,0,0,0,0,0,0,0
400206,1,1,0,0,0,0,0,0,0,0,0,0
400207,1,1,0,0,0,0,0,0,0,0,0,0
400207,2,1,29,29,29,29,29,29,29,29,29,29
400208,1,1,0,0,0,0,0,0,0,0,0,0
400208,2,1,11,11,11,11,11,11,11,11,11,11
400209,1,1,9,9,9,9,9,9,9,9,9,9
400210,1,1,0,0,0,0,0,0,0,0,0,0
400211,1,1,0,0,0,0,0,0,0,0,0,0
400212,1,1,25,25,25,25,25,25,25,25,25,25
400213,1,1,0,0,0,0,0,0,0,0,0,0
400214,1,1,27,27,27,27,27,27,27,27,27,27
400215,1,1,0,0,0,0,0,0,0,0,0,0
400215,2,1,0,0,0,0,0,0,0,0,0,0
400216,1,1,0,0,0,0,0,0,0,0,0,0
400216,2,1,0,0,0,0,0,0,0,0,0,0
400216,3,1,0,0,0,0,0,0,0,0,0,0
400217,0,1,13,13,13,13,13,13,13,13,13,13
400217,1,1,0,0,0,0,0,0,0,0,43,0
400218,1,1,0,0,0,0,0,0,0,0,0,0
400218,2,1,0,0,0,0,0,0,0,0,0,0
400219,1,1,0,0,0,0,0,0,0,0,0,0
400219,2,1,0,0,0,0,0,0,0,0,0,0
400220,1,1,0,0,0,0,0,0,0,0,0,0
400220,2,1,0,0,0,0,0,0,0,0,0,0
400221,1,1,0,0,0,0,0,0,0,0,0,0
400221,2,1,0,0,0,0,0,0,0,0,0,0
400222,1,1,0,0,0,0,0,0,0,0,0,0
400222,2,1,0,0,0,0,0,0,18,0,0,0
400223,1,1,0,0,0,0,0,0,0,0,0,0
400224,1,1,17,17,17,17,17,17,17,17,17,17
400225,1,1,22,22,22,22,22,22,22,22,22,22
400226,1,1,0,0,0,0,0,0,0,0,0,0
400227,0,1,0,0,0,0,0,0,0,0,0,0
400227,1,1,3,3,3,3,3,3,3,3,3,3
400228,0,1,32,32,32,32,32,32,32,32,32,32
400228,1,1,0,17,0,10,0,0,0,0,0,0
400229,0,1,0,16,0,0,0,0,0,0,0,0
400229,1,1,0,0,0,0,0,0,0,0,0,0
400229,2,1,0,0,0,0,0,0,0,0,0,0
400230,1,1,0,0,0,0,0,0,0,0,0,0
400230,2,1,0,0,0,0,0,0,0,0,0,0
400231,1,1,0,0,0,0,0,0,0,0,0,0
400232,1,1,21,21,21,21,21,21,21,21,21,21
400233,1,1,0,0,0,0,0,0,0,0,0,0
400234,1,1,0,0,0,0,0,0,0,0,0,0
400235,1,1,22,22,22,22,22,22,22,22,22,22
400236,1,1,12,12,12,12,12,12,12,12,12,12
400236,2,1,0,0,0,0,0,0,0,0,0,0
400237,1,1,0,0,0,0,0,0,0,0,0,0
400237,2,1,14,14,14,14,14,14,14,14,14,14
400238,1,1,20,20,20,20,20,20,20,20,20,20
400238,2,1,10,10,10,10,10,10,10,10,10,10
400239,1,1,6,6,6,6,6,6,6,6,6,6
400240,1,1,12,12,12,12,12,12,12,12,12,12
400241,1,1,0,0,0,0,0,0,0,0,0,0
400242,1,1,0,0,0,0,0,0,0,0,0,0
400243,1,1,0,0,0,0,0,0,0,0,0,0
400244,1,1,15,15,15,15,15,15,15,15,15,15
400245,0,1,0,0,0,0,0,0,0,0,0,0
400245,1,1,0,0,0,0,0,0,0,0,0,0
400246,1,1,0,0,0,0,0,0,0,0,0,0
400247,1,1,0,0,0,0,0,0,0,0,0,0
400247,2,1,0,0,0,0,0,0,0,0,0,0
400248,0,1,20,20,20,20,20,20,20,20,20,20
400248,1,1,0,22,0,0,0,0,33,6,25,0
400249,1,1,0,0,0,0,0,0,0,0,0,0
400250,1,1,0,0,0,0,0,0,0,0,0,0
400251,1,1,0,0,0,0,0,0,0,0,0,0
400251,2,1,0,0,0,0,0,0,0,0,0,0
400252,1,1,0,0,0,0,0,0,0,0,0,0
400252,2,1,25,0,0,15,0,0,26,21,0,0
400253,1,1,0,0,0,0,0,0,0,0,0,0
400253,2,1,0,0,0,0,0,0,0,0,0,0
400254,1,1,0,0,0,0,0,0,0,0,0,0
400254,2,1,0,0,0,0,0,0,0,0,0,0
400255,0,1,12,12,12,12,12,12,12,12,12,12
400255,1,1,0,0,0,0,0,0,0,0,16,0
400256,1,1,0,0,0,0,0,0,0,0,0,0
400256,2,1,0,0,0,0,0,0,0,0,3,0
400257,1,1,20,20,20,20,20,20,20,20,20,20
400258,1,1,0,0,0,0,0,0,0,0,0,0
400258,2,1,0,0,0,0,0,0,0,0,0,0
400259,1,1,0,0,0,0,0,0,0,0,0,0
400259,2,1,0,0,0,0,0,0,0,0,0,0
400260,1,1,23,23,23,23,23,23,23,23,23,23
400261,1,1,0,0,0,0,0,0,0,0,0,0
400261,2,1,0,0,0,0,0,0,0,0,0,0
400262,1,1,0,0,0,0,0,0,0,0,0,0
400263,1,1,0,0,0,0,0,0,0,0,0,0
400264,1,1,21,21,21,21,21,21,21,21,21,21
400265,1,1,0,0,0,0,0,0,0,0,0,0
400266,1,1,25,25,25,25,25,25,25,25,25,25
400267,1,1,14,14,14,14,14,14,14,14,14,14
400268,1,1,0,0,0,0,0,9,0,0,0,7
400269,1,1,0,0,0,0,0,0,0,0,0,0
400270,1,1,23,23,23,23,23,23,23,23,23,23
400271,1,1,0,0,0,0,0,0,0,0,0,0
400272,1,1,0,0,0,0,0,0,0,0,0,0
400273,1,1,9,9,9,9,9,9,9,9,9,9
400273,2,1,0,0,0,0,0,0,0,0,0,0
400274,1,1,0,0,0,0,0,0,0,0,0,0
400274,2,1,0,0,0,0,0,0,0,0,0,0
400274,3,1,0,0,0,0,0,0,0,0,0,0
400275,1,1,0,0,0,0,0,0,0,0,0,0
400275,2,1,0,0,0,0,0,0,0,0,0,0
400275,3,1,0,0,0,0,0,0,0,0,0,0
400276,1,1,0,0,0,0,0,0,0,0,0,0
400276,2,1,0,0,0,0,0,0,0,0,0,0
400277,1,1,25,0,0,0,0,0,0,0,0,0
400277,2,1,0,0,16,0,12,0,0,0,7,0
400278,1,1,0,0,0,0,0,0,0,0,0,0
400278,2,1,0,0,0,0,0,0,0,0,0,5
400279,1,1,19,19,19,19,19,19,19,19,19,19
400279,2,1,0,0,0,0,0,0,4,0,0,0
400280,1,1,19,19,19,19,19,19,19,19,19,19
400281,1,1,0,0,0,0,0,0,0,0,0,0
400281,2,1,0,0,0,0,0,0,0,0,0,0
400282,1,1,0,0,0,0,0,0,0,0,0,0
400283,1,1,0,0,0,0,0,0,0,0,0,0
400284,1,1,0,0,0,0,0,0,0,0,0,0
400285,1,1,0,0,0,0,0,0,0,0,0,0
400285,2,1,0,0,0,0,0,0,0,0,0,0
400286,1,1,26,26,26,26,26,26,26,26,26,26
400287,1,1,0,0,0,0,0,0,0,0,0,0
400287,2,1,3,3,3,3,3,3,3,3,3,3
400288,1,1,20,20,20,20,20,20,20,20,20,20
400289,1,1,0,0,0,0,0,0,0,0,0,0
400290,1,1,1,1,1,1,1,1,1,1,1,1
400290,2,1,0,0,0,0,0,0,0,0,0,0
400291,1,1,20,0,0,0,0,0,0,0,17,0
400292,1,1,0,0,0,0,0,0,0,0,0,0
400292,2,1,21,21,21,21,21,21,21,21,21,21
400293,1,1,19,19,19,19,19,19,19,19,19,19
400294,0,1,0,0,0,0,0,0,0,0,0,0
400294,1,1,0,0,0,0,0,0,0,0,0,0
400294,2,1,0,0,0,0,0,0,0,0,0,0
400294,4,1,0,0,0,0,0,0,0,0,0,0
400295,1,1,0,0,0,0,0,0,0,0,0,0
400295,2,1,0,0,0,0,0,0,0,0,0,0
400296,1,1,11,3,4,11,13,10,25,14,28,18
400297,1,1,0,0,0,0,0,0,0,0,0,0
400298,1,1,0,0,0,0,0,0,0,0,0,0
400298,2,1,0,0,0,26,0,0,0,0,0,0
400299,1,1,23,23,23,23,23,23,23,23,23,23
400300,1,1,0,0,0,0,0,0,0,0,0,0
400300,2,1,0,0,0,0,0,0,0,0,0,0
400301,1,1,0,0,0,0,0,0,0,0,0,0
400302,1,1,0,0,0,0,0,0,0,0,0,0
400303,1,1,2,2,2,2,2,2,2,2,2,2
400303,2,1,0,0,0,0,0,0,0,0,0,0
400304,1,1,0,0,0,0,0,0,0,0,0,0
400305,0,1,33,33,33,33,33,33,33,33,33,33
400305,1,1,0,0,0,0,0,0,0,0,0,0
400306,1,1,3,3,3,3,3,3,3,3,3,3
400307,1,1,16,16,16,16,16,16,16,16,16,16
400308,1,1,0,0,0,0,0,0,0,0,3,0
400309,1,1,12,12,12,12,12,12,12,12,12,12
400310,1,1,0,0,0,0,0,0,0,0,0,0
400311,1,1,8,8,8,8,8,8,8,8,8,8
400312,1,1,0,0,0,0,0,0,0,0,0,0
400313,1,1,0,0,0,0,0,0,0,0,0,0
400314,0,1,0,0,0,0,0,0,0,0,0,0
400314,0,2,0,0,0,0,0,0,0,0,0,0
400314,1,1,0,0,0,0,0,0,0,10,0,0
400315,1,1,0,0,0,0,0,0,0,0,0,0
400316,0,1,0,0,0,0,0,0,0,0,0,0
400316,1,1,0,0,0,0,0,0,0,0,0,0
400317,1,1,0,0,0,0,0,0,19,0,0,9
400317,2,1,9,0,0,0,0,0,0,0,0,0
400318,1,1,31,31,31,31,31,31,31,31,31,31
400318,2,1,0,0,0,0,0,0,0,0,0,0
400319,1,1,16,16,16,16,16,16,16,16,16,16
400320,1,1,0,0,0,0,0,0,0,0,0,0
400321,1,1,8,8,8,8,8,8,8,8,8,8
400322,1,1,0,0,0,0,0,0,0,0,0,0
400322,2,1,8,8,8,8,8,8,8,8,8,8
400322,3,1,0,0,0,0,0,0,0,0,0,0
400323,1,1,0,0,0,0,0,0,0,0,0,0
400324,1,1,25,25,25,25,25,25,25,25,25,25
400325,1,1,5,5,5,5,5,5,5,5,5,5
400325,2,1,0,0,0,0,0,0,0,0,0,0
400326,1,1,0,0,0,0,0,0,0,0,0,0
400327,1,1,0,0,0,0,0,0,0,0,0,0
400329,1,1,3,3,3,3,3,3,3,3,3,3
400330,1,1,18,18,18,18,18,18,18,18,18,18
400331,1,1,0,0,0,0,0,0,0,0,0,0
400331,2,1,0,0,0,0,0,0,0,0,0,0
400332,1,1,0,0,0,0,0,0,0,0,0,0
400333,1,1,13,25,16,15,6,0,29,21,10,20
400334,1,1,21,21,21,21,21,21,21,21,21,21
400335,1,1,29,29,29,29,29,29,29,29,29,29
400336,1,1,0,0,0,0,0,0,0,0,0,0
400337,1,1,18,18,18,18,18,18,18,18,18,18
400338,1,1,24,20,21,32,18,30,10,16,18,14
400339,1,1,14,14,14,14,14,14,14,14,14,14
400340,1,1,30,30,30,30,30,30,30,30,30,30
400341,1,1,16,16,16,16,16,16,16,16,16,16
400341,2,1,0,0,0,0,0,0,0,0,0,0
400342,1,1,0,0,0,0,8,0,0,0,0,0
400342,2,1,0,0,0,0,0,0,0,0,0,0
400343,1,1,0,0,0,0,0,0,0,0,0,0
400343,2,1,0,0,0,0,0,0,0,0,0,0
400344,1,1,0,0,0,0,0,0,0,0,0,0
400345,1,1,0,0,0,0,0,0,0,0,0,0
400345,2,1,0,0,0,0,0,0,0,0,0,0
400346,1,1,12,12,12,12,12,12,12,12,12,12
400347,1,1,0,0,0,0,0,0,0,0,0,0
400348,1,1,0,0,0,0,0,0,0,0,0,0
400348,2,1,0,0,0,0,0,0,0,0,0,0
400349,1,1,0,0,0,0,0,0,0,0,0,19
400351,1,1,23,23,23,23,23,23,23,23,23,23
400352,1,1,0,0,0,0,0,0,0,0,0,0
400353,1,1,0,0,0,0,0,0,0,0,0,0
400354,1,1,0,0,0,0,0,0,0,0,0,0
400354,2,1,0,0,0,0,0,0,0,0,0,0
400355,1,1,0,0,0,0,0,0,0,0,0,0
400355,2,1,0,0,0,0,0,0,0,0,0,0
400356,1,1,20,20,20,20,20,20,20,20,20,20
400357,1,1,0,0,0,0,0,0,0,0,0,0
400358,1,1,3,3,3,3,3,3,3,3,3,3
400358,2,1,0,0,0,0,0,0,0,0,0,0
400359,1,1,0,0,0,0,0,0,0,0,0,0
400360,1,1,0,0,0,0,0,0,0,0,0,0
400361,1,1,0,0,0,0,0,0,0,0,0,0
400362,1,1,0,0,0,0,0,0,0,0,0,0
400362,2,1,0,0,0,0,0,0,0,0,0,0
400363,1,1,0,0,0,0,0,0,0,0,0,0
400363,2,1,0,0,0,0,0,0,0,0,0,0
400364,1,1,0,0,0,0,0,0,0,0,0,0
400364,2,1,0,0,0,0,0,0,0,0,0,0
400365,1,1,21,21,21,21,21,21,21,21,21,21
400365,2,1,18,18,18,18,18,18,18,18,18,18
400366,1,1,0,0,0,0,0,0,0,0,0,0
400366,2,1,0,0,0,0,0,0,0,0,0,0
400367,1,1,16,16,16,16,16,16,16,16,16,16
400368,1,1,32,32,32,32,32,32,32,32,32,32
400369,1,1,0,0,0,0,0,0,0,0,0,0
400370,0,1,6,6,6,6,6,6,6,6,6,6
400370,1,1,0,0,13,0,0,0,9,36,19,0
400371,1,1,0,0,0,0,0,0,0,0,0,0
400371,2,1,0,0,0,0,0,0,0,0,0,0
400372,0,1,32,0,24,0,0,23,25,19,8,0
400372,1,1,21,16,0,7,0,14,0,14,22,0
400373,1,1,0,0,0,0,0,0,0,0,0,0
400373,2,1,0,0,0,0,0,0,0,0,0,9
400374,1,1,0,0,0,0,0,0,0,0,0,0
400374,2,1,0,0,0,0,0,0,0,0,0,0
400374,3,1,0,0,0,0,0,0,0,0,0,0
400374,4,1,0,0,0,0,0,0,0,0,0,0
400374,5,1,0,0,0,0,0,0,20,0,0,0
400374,6,1,0,0,0,0,0,0,0,0,0,0
400374,7,1,0,8,0,3,0,0,0,0,0,0
400374,8,1,0,0,0,0,0,0,0,0,0,0
400374,9,1,0,0,0,0,0,0,0,0,0,0
400374,10,1,0,0,0,0,0,0,0,0,0,0
400374,11,1,0,0,0,0,0,0,0,0,0,0
400374,12,1,3,3,3,3,3,3,3,3,3,3
400374,13,1,0,0,0,0,0,0,20,0,0,0
400374,14,1,0,0,0,8,0,0,0,0,0,0
400374,15,1,0,0,0,0,0,0,0,0,0,0
400375,1,1,0,0,0,0,0,0,0,0,0,0
400376,1,1,0,0,0,0,0,0,0,0,3,0
400376,2,1,0,0,0,0,0,0,0,0,0,0
400377,0,1,20,20,20,20,20,20,20,20,20,20
400377,1,1,0,0,26,0,0,25,0,0,0,21
400378,1,1,0,0,0,0,0,0,0,0,0,0
400378,2,1,0,0,0,0,0,0,0,0,0,0
400378,3,1,0,0,0,0,0,0,0,0,0,0
400379,1,1,0,0,0,0,0,0,0,0,0,0
400380,1,1,0,0,0,0,0,0,0,0,0,0
400381,1,1,0,0,0,0,0,0,0,0,0,0
400381,2,1,0,0,0,0,0,0,0,0,0,0
400382,1,1,0,0,0,0,0,0,0,0,0,0
400383,1,1,0,0,0,0,0,0,0,0,0,0
400383,2,1,0,0,0,0,0,0,0,0,0,0
400384,1,1,23,23,23,23,23,23,23,23,23,23
400385,1,1,27,27,27,27,27,27,27,27,27,27
400386,1,1,0,0,0,0,0,0,0,0,0,0
400386,2,1,0,0,0,0,0,0,0,0,0,0
400387,1,1,0,0,0,0,0,0,0,0,0,0
400387,2,1,0,0,0,0,0,0,0,0,0,0
400388,1,1,19,19,19,19,19,19,19,19,19,19
400389,1,1,0,0,0,0,0,0,0,0,0,0
400389,2,1,0,0,0,0,0,0,0,0,0,0
400390,1,1,0,0,0,0,0,0,0,0,0,0
400390,2,1,0,0,0,0,0,0,0,0,0,0
400390,3,1,0,0,0,0,0,0,0,0,0,0
400391,1,1,18,18,18,18,18,18,18,18,18,18
400392,1,1,23,23,23,23,23,23,23,23,23,23
400392,2,1,0,0,0,0,0,0,0,0,0,0
400393,1,1,0,0,0,0,0,0,0,0,0,0
400393,2,1,0,0,0,17,0,0,0,0,22,0
400394,0,1,40,40,40,40,40,40,40,40,40,40
400394,1,1,34,0,15,0,0,0,0,19,10,8
400396,0,1,0,0,0,0,0,0,0,0,0,0
400396,1,1,0,0,0,0,0,0,0,0,0,0
400397,1,1,0,0,0,0,0,0,0,0,0,0
400398,1,1,0,0,0,0,0,0,0,0,0,0
400399,1,1,26,26,26,26,26,26,26,26,26,26
400400,1,1,0,0,0,0,0,0,0,0,0,0
400400,2,1,0,0,0,0,0,0,0,0,0,0
400401,1,1,0,0,0,0,0,0,0,0,0,0
400402,1,1,0,0,0,0,0,0,0,0,0,0
400403,1,1,0,0,0,0,0,0,0,0,0,0
400403,2,1,0,0,0,0,0,0,0,0,0,0
400404,1,1,0,0,0,0,0,0,0,0,0,0
400405,1,1,0,0,0,0,0,0,0,0,0,0
400405,2,1,0,0,0,0,0,0,0,0,0,0
400406,1,1,10,10,10,10,10,10,10,10,10,10
400406,2,1,0,0,0,24,0,0,0,0,0,0
400406,3,1,16,0,13,0,0,0,0,0,0,0
400407,1,1,0,0,0,0,0,0,0,0,0,0
400407,2,1,8,0,0,0,0,0,0,0,0,0
400407,3,1,0,0,0,0,0,0,0,0,0,0
400408,1,1,16,35,8,15,15,8,11,37,24,0
400409,1,1,0,0,0,0,0,0,0,0,0,0
400409,2,1,17,17,17,17,17,17,17,17,17,17
400410,1,1,4,27,23,26,21,13,15,15,3,25
400411,1,1,0,0,0,0,0,0,0,0,0,0
400411,2,1,21,21,21,21,21,21,21,21,21,21
400412,1,1,0,0,0,0,0,0,0,0,0,0
400412,2,1,0,0,0,0,0,0,0,0,0,0
400413,1,1,26,26,26,26,26,26,26,26,26,26
400413,2,1,0,0,0,0,0,0,0,0,6,0
400413,3,1,0,0,0,12,0,0,0,8,0,0
400413,4,1,5,5,5,5,5,5,5,5,5,5
400414,1,1,0,0,0,0,0,0,0,0,0,0
400414,2,1,0,0,0,0,0,0,0,0,0,0
400415,1,1,0,0,0,0,0,0,0,0,0,0
400416,1,1,0,0,0,0,0,0,0,0,0,0
400417,1,1,0,0,0,0,0,0,0,0,0,0
400417,2,1,0,0,0,0,0,0,0,0,0,0
400418,1,1,0,0,0,0,0,0,0,0,0,0
400419,1,1,0,0,0,0,0,0,0,0,0,0
400420,1,1,20,20,20,20,20,20,20,20,20,20
400421,1,1,17,17,17,17,17,17,17,17,17,17
400422,1,1,0,0,0,0,0,0,0,0,0,0
400423,1,1,29,29,29,29,29,29,29,29,29,29
400423,2,1,0,0,0,0,0,0,0,0,0,0
400423,3,1,0,0,0,0,0,27,0,0,0,0
400424,1,1,0,0,0,0,0,0,0,0,0,0
400425,1,1,33,33,33,33,33,33,33,33,33,33
400425,2,1,0,0,0,0,0,0,0,0,0,0
400426,1,1,12,12,12,12,12,12,12,12,12,12
400427,1,1,23,23,23,23,23,23,23,23,23,23
400428,1,1,30,30,30,30,30,30,30,30,30,30
400428,2,1,0,0,0,0,0,0,0,0,0,0
400429,1,1,0,0,0,0,0,0,0,0,0,0
400429,2,1,14,14,14,14,14,14,14,14,14,14
400430,0,1,17,17,17,17,17,17,17,17,17,17
400430,1,1,0,0,0,0,0,0,0,0,0,0
400431,1,1,15,15,15,15,15,15,15,15,15,15
400432,1,1,0,0,0,0,0,0,0,0,0,0
400432,2,1,0,0,0,0,0,0,0,0,0,0
400433,1,1,0,0,0,0,0,0,0,0,0,0
400434,1,1,0,0,0,0,0,0,0,0,0,0
400435,1,1,0,0,0,0,0,0,0,0,0,0
400435,2,1,0,0,0,0,0,0,0,0,0,0
400436,1,1,0,0,0,0,0,0,0,0,0,0
400436,2,1,0,0,0,0,0,0,0,0,0,0
400437,1,1,0,0,0,0,0,0,0,0,0,0
400438,1,1,0,0,0,0,0,0,0,0,0,0
400439,1,1,2,2,2,2,2,2,2,2,2,2
400440,0,1,26,26,26,26,26,26,26,26,26,26
400440,1,1,0,0,0,0,0,0,0,0,0,0
400441,1,1,0,0,0,0,0,0,0,0,0,0
400442,1,1,0,0,0,27,21,0,0,26,0,0
400443,1,1,31,31,31,31,31,31,31,31,31,31
400444,1,1,0,0,0,0,0,0,0,0,0,0
400444,2,1,0,0,0,0,0,0,0,0,0,0
400445,0,1,0,0,0,0,0,0,0,0,0,0
400445,1,1,13,0,0,0,0,28,0,0,0,0
400446,1,1,0,0,0,0,0,0,0,0,0,0
400447,1,1,2,2,2,2,2,2,2,2,2,2
400448,1,1,0,0,0,0,0,0,0,0,0,0
400449,1,1,0,0,0,0,0,0,0,0,0,0
400449,2,1,0,0,0,0,0,0,0,0,0,0
400450,1,1,0,0,0,0,0,0,0,0,0,0
400451,1,1,0,0,0,0,0,0,0,0,0,0
400452,1,1,0,0,0,0,0,0,0,0,0,0
400452,2,1,0,0,0,0,0,0,0,0,0,0
400453,1,1,0,0,0,0,0,0,0,0,0,0
400453,2,1,0,0,0,0,0,0,9,0,0,0
400454,1,1,0,0,0,0,0,0,0,0,0,0
400454,2,1,0,0,0,0,0,0,0,0,0,0
400455,1,1,0,0,0,0,0,0,0,0,0,0
400456,1,1,0,15,0,15,0,12,33,0,0,5
400457,1,1,0,0,0,0,0,0,0,0,0,0
400457,2,1,0,0,0,0,0,15,0,0,0,0
400457,3,1,0,0,0,0,0,0,20,0,0,0
400457,4,1,0,0,24,0,0,3,0,0,0,0
400458,1,1,0,0,0,0,0,0,0,0,0,0
400458,2,1,0,0,0,0,0,0,0,0,0,0
400459,1,1,0,0,0,0,0,0,0,0,0,0
400459,2,1,9,9,9,9,9,9,9,9,9,9
400460,1,1,22,22,22,22,22,22,22,22,22,22
400461,1,1,0,0,0,0,0,0,0,0,0,0
400461,2,1,0,0,0,0,0,0,0,0,0,0
400462,1,1,0,0,0,0,0,0,0,0,0,0
400462,2,1,0,0,0,0,0,0,0,0,0,0
400463,0,1,0,0,0,0,0,0,0,0,0,0
400463,1,1,0,0,0,24,0,0,22,19,0,0
400464,1,1,16,16,16,16,16,16,16,16,16,16
400465,1,1,19,19,19,19,19,19,19,19,19,19
400466,1,1,0,0,0,0,0,0,0,0,0,0
400467,1,1,0,0,0,0,0,0,0,0,0,0
400468,1,1,0,0,0,0,0,0,0,0,0,0
400468,2,1,0,0,0,0,18,0,0,0,0,0
400469,1,1,0,0,0,0,0,0,0,0,0,0
400469,2,1,0,0,0,0,0,0,0,0,0,0
400469,3,1,0,0,0,0,0,0,0,0,0,0
400470,1,1,26,26,26,26,26,26,26,26,26,26
400471,1,1,20,20,20,20,20,20,20,20,20,20
400472,1,1,22,22,22,22,22,22,22,22,22,22
400472,2,1,0,0,0,0,0,0,0,0,0,0
400473,1,1,25,25,25,25,25,25,25,25,25,25
400474,1,1,16,16,16,16,16,16,16,16,16,16
400475,1,1,12,0,0,0,0,7,0,0,0,0
400475,2,1,0,0,0,0,0,0,0,0,0,0
400476,1,1,0,0,0,0,0,0,0,0,0,0
400477,1,1,0,0,0,0,0,0,0,0,0,0
400477,2,1,0,0,0,0,0,0,0,0,0,0
400478,0,1,0,0,0,0,0,0,0,0,0,0
400478,1,1,0,0,0,0,0,0,0,0,0,0
400479,1,1,0,0,0,0,0,0,0,0,0,0
400479,2,1,0,0,0,0,0,0,0,0,0,0
400480,1,1,0,0,0,0,0,0,0,0,0,0
400481,1,1,0,0,0,0,0,0,0,0,0,0
400481,2,1,0,0,0,0,0,0,0,0,0,0
400482,1,1,16,16,16,16,16,16,16,16,16,16
400483,1,1,28,28,28,28,28,28,28,28,28,28
400484,1,1,42,42,42,42,42,42,42,42,42,42
400485,1,1,0,0,0,0,0,0,0,0,0,0
400486,1,1,0,0,0,0,0,0,0,0,0,0
400486,2,1,0,0,0,0,0,0,0,0,0,0
400487,1,1,0,0,0,0,0,0,0,0,0,0
400488,1,1,0,0,0,0,0,0,0,0,0,0
400488,2,1,0,0,0,0,0,0,0,0,0,0
400489,1,1,16,16,16,16,16,16,16,16,16,16
400490,1,1,0,28,0,0,0,0,0,0,0,0
400491,1,1,25,25,25,25,25,25,25,25,25,25
400492,1,1,16,16,16,16,16,16,16,16,16,16
400493,1,1,0,0,0,0,0,0,0,0,0,0
400493,2,1,0,0,0,0,0,0,0,0,0,0
400494,1,1,0,0,0,0,0,0,0,0,0,0
400494,2,1,0,0,0,0,0,0,0,0,0,0
400495,0,1,0,0,0,0,0,0,0,0,0,0
400495,1,1,0,0,0,0,0,0,0,0,0,0
400496,1,1,16,16,16,16,16,16,16,16,16,16
400497,1,1,0,0,0,0,0,0,0,0,0,0
400497,2,1,0,0,0,0,23,8,0,0,16,0
400498,1,1,8,8,8,8,8,8,8,8,8,8
400499,1,1,32,32,32,32,32,32,32,32,32,32
400500,1,1,0,0,0,0,0,0,0,0,0,0
400500,2,1,0,0,0,0,0,0,0,0,0,0
400500,3,1,0,0,0,0,0,0,0,0,0,0
400501,1,1,0,0,0,0,0,0,0,0,0,0
400501,2,1,0,0,0,0,0,0,0,0,0,0
400502,1,1,0,0,0,0,0,0,0,0,0,0
400502,2,1,0,11,0,0,0,0,0,0,0,0
400503,1,1,0,0,0,0,0,17,0,0,13,13
400503,2,1,0,0,0,0,0,0,0,0,0,0
400504,0,1,0,0,0,0,0,0,0,0,0,0
400504,1,1,0,0,0,0,0,0,0,0,0,0
400505,1,1,0,0,0,0,0,0,0,0,0,0
400506,1,1,0,0,0,0,0,0,0,0,0,0
400507,1,1,0,14,0,0,11,0,0,4,0,0
400507,2,1,0,15,6,0,0,0,0,0,0,0
400507,3,1,0,0,0,12,0,0,0,0,0,0
400508,1,1,0,0,0,0,0,0,0,0,0,0
400508,2,1,0,0,0,0,0,0,0,0,0,0
400509,1,1,23,23,23,23,23,23,23,23,23,23
400510,0,1,0,0,0,0,0,0,0,0,0,0
400510,1,1,0,4,0,0,28,0,0,0,0,0
400511,1,1,0,0,0,0,0,0,0,0,0,0
400511,2,1,0,0,0,0,0,0,0,0,0,0
400512,1,1,23,23,23,23,23,23,23,23,23,23
400513,1,1,0,0,0,0,0,0,0,0,0,0
400514,1,1,0,0,0,0,0,0,0,0,0,0
400515,1,1,0,0,0,0,0,0,0,0,0,0
400516,0,1,0,0,0,0,0,0,0,0,0,0
400516,1,1,0,0,0,0,0,0,0,0,0,0
400517,1,1,0,0,0,0,0,0,0,0,0,0
400517,2,1,0,0,0,0,0,0,0,0,0,0
400518,1,1,17,17,17,17,17,17,17,17,17,17
400519,0,1,9,9,9,9,9,9,9,9,9,9
400519,1,1,16,15,0,0,0,0,0,7,0,0
400520,1,1,0,0,0,0,0,20,3,0,0,0
400520,2,1,0,0,0,0,0,0,0,0,0,0
400521,1,1,20,20,20,20,20,20,20,20,20,20