ST_CASE,VEH_NO,PER_NO,P1,P2,P3,P4,P5,P6,P7,P8,P9,P10
400521,2,1,0,0,0,0,0,0,0,0,0,0
400522,1,1,0,0,0,0,0,0,0,0,0,0
400523,1,1,0,0,0,0,0,0,0,0,0,0
400524,1,1,0,0,0,0,0,0,0,0,0,0
400525,1,1,27,30,12,25,23,28,40,17,26,26
400526,1,1,0,0,0,0,0,0,0,0,0,0
400526,2,1,0,0,0,0,0,0,0,0,0,0
400527,0,1,0,0,0,0,0,0,0,0,0,0
400527,1,1,0,0,0,0,0,0,0,0,0,0
400528,1,1,17,0,17,10,0,6,0,0,0,3
400529,0,1,13,0,0,5,18,0,14,20,0,15
400529,1,1,0,17,6,0,0,25,18,0,0,14
400529,2,1,0,0,0,0,0,0,0,0,0,0
400530,1,1,0,0,0,0,0,0,0,0,0,0
400531,1,1,5,5,5,5,5,5,5,5,5,5
400531,2,1,0,0,0,0,0,0,0,0,0,0
400532,1,1,0,0,0,0,0,0,0,0,0,0
400532,2,1,0,0,0,0,0,0,0,0,0,0
400534,1,1,15,15,15,15,15,15,15,15,15,15
400535,1,1,0,0,0,0,0,0,0,0,25,8
400536,1,1,0,0,0,0,0,0,0,0,0,0
400537,1,1,0,0,0,0,0,0,0,0,0,0
400537,2,1,0,0,0,0,0,0,0,0,0,0
400538,1,1,19,19,19,19,19,19,19,19,19,19
400539,1,1,7,7,7,7,7,7,7,7,7,7
400540,1,1,0,0,0,0,0,0,0,0,0,0
400540,2,1,0,0,0,0,0,0,0,0,0,0
400541,1,1,15,15,15,15,15,15,15,15,15,15
400542,0,1,42,42,42,42,42,42,42,42,42,42
400542,1,1,0,0,0,0,0,0,0,0,0,0
400543,1,1,0,0,0,0,0,0,0,0,0,0
400543,2,1,0,0,0,0,0,0,0,0,0,0
400544,1,1,18,18,18,18,18,18,18,18,18,18
400544,2,1,0,0,0,0,0,0,0,0,0,0
400545,1,1,0,0,0,0,0,0,0,9,0,0
400546,1,1,0,0,0,0,0,0,0,0,0,0
400547,1,1,30,30,30,30,30,30,30,30,30,30
400548,0,1,0,0,0,0,0,0,0,0,0,0
400548,1,1,0,0,0,0,0,0,0,0,0,0
400549,1,1,2,2,2,2,2,2,2,2,2,2
400549,2,1,0,0,0,0,0,0,0,0,0,0
400550,0,1,0,0,0,0,0,0,0,0,0,0
400550,1,1,0,0,0,0,0,0,0,0,0,0
400551,1,1,24,24,24,24,24,24,24,24,24,24
400552,1,1,0,0,0,0,0,0,0,0,0,0
400552,2,1,0,0,0,0,0,0,0,0,0,0
400552,3,1,0,0,0,0,0,0,0,0,0,0
400553,1,1,31,31,31,31,31,31,31,31,31,31
400554,1,1,17,17,17,17,17,17,17,17,17,17
400555,1,1,0,0,0,0,0,0,0,0,0,0
400555,2,1,0,0,0,0,0,0,0,0,0,0
400556,1,1,0,0,0,0,0,0,0,0,0,0
400557,1,1,0,0,0,0,0,0,0,0,0,0
400557,2,1,0,0,0,0,0,0,0,0,0,0
400557,3,1,0,0,0,0,0,0,0,0,0,0
400558,1,1,0,0,0,0,0,0,0,0,0,0
400558,2,1,0,0,0,0,0,0,0,0,0,0
400559,1,1,0,0,0,0,0,0,0,0,0,0
400559,2,1,0,0,0,9,0,0,0,0,0,0
400559,3,1,0,0,0,0,0,0,0,0,0,0
400560,1,1,23,23,23,23,23,23,23,23,23,23
400561,1,1,18,18,18,18,18,18,18,18,18,18
400562,1,1,0,0,0,0,0,0,0,0,0,0
400562,2,1,0,0,0,0,0,0,0,0,0,0
400563,0,1,0,0,0,0,0,0,0,0,0,0
400563,1,1,0,0,8,0,0,0,0,0,0,0
400564,0,1,42,42,42,42,42,42,42,42,42,42
400564,1,1,0,0,0,0,0,0,0,0,0,0
400565,1,1,0,0,0,0,0,0,0,0,0,0
400565,2,1,0,0,0,0,0,0,0,11,0,0
400566,1,1,0,0,0,0,0,0,0,0,0,0
400567,1,1,0,0,0,0,0,0,0,0,0,0
400567,2,1,0,0,15,0,0,0,0,0,0,0
400567,3,1,0,0,0,0,0,0,0,0,0,0
400568,1,1,12,12,12,12,12,12,12,12,12,12
400569,1,1,0,0,0,0,0,0,0,0,0,0
400570,1,1,21,21,21,21,21,21,21,21,21,21
400571,1,1,13,13,13,13,13,13,13,13,13,13
400572,1,1,1,1,1,1,1,1,1,1,1,1
400572,2,1,0,0,0,0,0,0,0,0,0,0
400573,1,1,0,0,0,0,0,0,0,0,0,0
400573,2,1,0,0,0,0,0,0,0,0,0,0
400573,3,1,0,0,0,0,0,0,0,0,0,0
400573,4,1,0,0,0,0,12,8,0,0,0,0
400574,1,1,0,0,0,0,0,0,0,0,0,0
400574,2,1,0,0,8,0,0,0,0,0,0,0
400575,0,1,28,28,28,28,28,28,28,28,28,28
400575,1,1,8,0,16,0,0,8,0,0,4,29
400576,1,1,0,0,0,0,0,0,0,0,0,0
400576,2,1,0,0,0,0,0,0,0,0,0,0
400577,1,1,20,20,20,20,20,20,20,20,20,20
400578,1,1,0,0,0,0,0,0,0,0,0,0
400579,1,1,0,0,0,0,0,0,0,0,0,0
400579,2,1,0,0,0,0,0,0,0,0,0,0
400580,0,1,0,0,0,0,0,0,0,0,0,0
400580,1,1,24,0,0,0,0,0,0,0,0,22
400581,1,1,0,0,0,0,0,0,0,0,0,0
400581,2,1,0,0,0,0,0,0,0,17,0,0
400581,3,1,0,0,0,0,0,0,0,0,0,0
400582,0,1,0,0,0,0,0,0,0,0,0,0
400582,1,1,0,0,0,0,0,0,0,0,0,0
400583,1,1,26,26,26,26,26,26,26,26,26,26
400584,0,1,0,0,0,0,0,0,0,0,0,0
400584,1,1,0,0,0,0,0,0,0,0,0,0
400585,1,1,18,18,18,18,18,18,18,18,18,18
400586,1,1,32,32,32,32,32,32,32,32,32,32
400587,1,1,0,0,0,0,0,0,0,0,0,0
400588,0,1,38,4,9,19,27,2,13,14,9,7
400588,1,1,0,0,0,0,0,11,0,0,0,0
400589,1,1,0,0,0,0,0,0,0,0,0,0
400590,1,1,24,24,24,24,24,24,24,24,24,24
400591,1,1,0,0,0,0,0,0,0,0,0,0
400592,1,1,0,0,0,0,0,0,0,0,0,0
400592,2,1,0,0,0,0,0,0,0,0,0,0
400593,0,1,24,24,24,24,24,24,24,24,24,24
400593,1,1,0,16,0,0,19,0,30,0,0,12
400594,1,1,4,4,4,4,4,4,4,4,4,4
400595,1,1,22,0,0,0,0,29,0,0,0,0
400596,0,1,0,0,0,0,0,0,0,0,0,0
400596,1,1,0,0,20,0,0,0,0,0,0,0
400597,0,1,0,0,0,0,0,0,0,0,0,0
400597,1,1,0,0,0,0,0,0,0,0,0,0
400598,1,1,33,33,33,33,33,33,33,33,33,33
400599,1,1,0,0,0,0,0,0,0,0,0,0
400599,2,1,0,0,0,0,0,0,0,0,0,0
400599,3,1,0,0,0,0,0,0,0,0,0,0
400600,1,1,0,0,0,0,0,0,0,0,0,0
400601,1,1,0,0,0,0,0,0,0,0,0,0
400601,2,1,0,0,0,0,0,0,0,0,0,0
400602,1,1,0,0,0,0,0,0,0,0,0,0
400603,1,1,0,0,0,0,0,0,0,0,0,0
400604,1,1,0,0,0,0,0,0,0,0,0,0
400604,2,1,0,0,0,0,0,0,0,0,0,0
400605,1,1,0,0,0,0,0,0,0,11,0,0
400605,2,1,0,0,0,0,0,0,0,0,0,0
400606,0,1,45,45,45,45,45,45,45,45,45,45
400606,1,1,24,0,0,0,0,0,0,0,0,0
400607,1,1,16,16,16,16,16,16,16,16,16,16
400608,1,1,16,16,16,16,16,16,16,16,16,16
400608,2,1,0,0,0,0,0,0,0,0,0,0
400609,0,1,0,0,0,0,0,0,0,0,0,0
400609,1,1,0,0,0,0,0,0,0,0,0,0
400610,1,1,0,0,0,0,0,0,0,0,0,0
400611,1,1,19,19,19,19,19,19,19,19,19,19
400611,2,1,0,0,0,0,0,0,0,0,0,0
400612,1,1,0,0,0,0,0,0,0,0,0,0
400613,0,1,51,51,51,51,51,51,51,51,51,51
400613,2,1,0,0,0,0,0,0,0,0,0,0
400614,1,1,0,0,0,0,0,0,0,0,0,0
400615,1,1,0,0,0,0,0,0,0,0,0,0
400615,2,1,0,0,0,0,0,0,0,0,0,0
400616,1,1,0,0,0,0,0,0,0,0,0,0
400616,2,1,0,0,0,0,0,0,0,0,0,0
400617,2,1,0,0,0,25,0,0,0,0,0,0
400619,1,1,32,32,32,32,32,32,32,32,32,32
400620,1,1,0,0,0,0,0,0,0,0,0,0
400620,2,1,0,0,0,0,0,0,0,0,0,0
400621,1,1,0,0,0,0,0,0,0,0,0,0
400621,2,1,0,0,0,0,0,0,0,0,0,0
400622,1,1,18,0,0,0,8,0,0,0,0,11
400623,1,1,0,0,22,0,0,0,0,0,4,16
400624,1,1,0,0,0,0,0,0,0,0,0,0
400624,2,1,0,0,0,0,0,0,0,0,0,0
400625,1,1,0,0,0,0,0,0,0,0,0,0
400625,2,1,0,0,0,0,0,0,0,0,0,0
400626,1,1,11,11,11,11,11,11,11,11,11,11
400627,1,1,0,0,0,0,0,0,0,0,0,0
400627,2,1,0,0,0,0,0,0,0,0,0,0
400628,1,1,0,0,0,0,0,0,0,0,0,0
400628,2,1,0,0,0,0,0,0,0,0,0,0
400628,3,1,0,0,0,0,0,0,0,0,0,0
400629,1,1,0,0,0,0,0,0,0,0,0,0
400629,2,1,0,0,0,0,0,0,0,0,0,0
400630,1,1,6,0,29,0,0,9,16,0,26,0
400630,2,1,0,0,0,0,0,0,0,0,0,0
400631,1,1,0,0,0,0,0,0,0,0,0,0
400631,2,1,0,0,0,0,0,0,0,0,0,0
400632,1,1,31,31,31,31,31,31,31,31,31,31
400633,0,1,3,3,3,3,3,3,3,3,3,3
400633,1,1,0,0,0,0,0,0,0,0,0,0
400634,0,1,0,0,0,0,0,0,0,0,0,0
400634,1,1,14,0,0,0,0,0,0,21,0,0
400635,1,1,0,0,0,0,0,0,0,0,0,0
400635,2,1,8,8,8,8,8,8,8,8,8,8
400636,0,1,0,0,0,0,0,0,0,0,0,0
400636,1,1,0,0,0,0,0,0,0,0,0,0
400636,2,1,0,0,0,0,0,0,0,0,0,0
400637,1,1,3,3,3,3,3,3,3,3,3,3
400638,1,1,0,0,0,0,0,0,0,0,0,0
400639,0,1,0,0,0,0,0,0,0,0,0,0
400639,1,1,0,0,0,0,0,0,0,0,0,0
400640,1,1,0,0,0,0,0,0,0,0,0,0
400640,2,1,0,0,0,0,0,0,0,0,0,0
400641,1,1,0,0,0,0,0,0,0,0,0,0
400641,2,1,0,0,0,0,0,0,0,0,0,0
400642,1,1,0,0,0,0,0,0,0,0,0,0
400643,1,1,22,22,22,22,22,22,22,22,22,22
400644,1,1,0,0,0,0,0,0,0,0,0,0
400644,2,1,0,0,0,0,0,0,0,0,0,0
400644,3,1,0,0,0,0,0,0,0,0,0,0
400644,4,1,0,0,0,0,0,0,0,0,0,0
400644,5,1,0,0,0,0,0,0,0,0,0,0
400644,6,1,0,0,0,0,0,0,0,0,0,0
400646,1,1,21,21,21,21,21,21,21,21,21,21
400647,1,1,21,21,21,21,21,21,21,21,21,21
400647,2,1,0,0,0,0,0,0,0,0,0,0
400648,1,1,0,0,0,0,0,0,0,0,0,0
400648,2,1,0,0,0,0,0,0,0,0,0,0
400649,1,1,19,19,19,19,19,19,19,19,19,19
400650,1,1,0,0,0,0,30,0,24,0,0,0
400651,2,1,0,0,0,0,0,0,0,0,0,0
400652,1,1,0,0,0,0,0,0,0,0,0,0
400653,1,1,0,0,0,0,0,0,0,0,0,0
400653,2,1,0,0,0,0,0,0,0,0,0,0
400655,1,1,0,0,0,0,0,0,0,0,0,0
400655,2,1,0,0,0,0,0,0,0,0,0,0
400655,3,1,0,0,10,0,0,0,7,0,0,0
400655,4,1,0,0,0,0,0,0,0,0,0,0
400655,5,1,0,0,0,0,0,0,0,0,0,0
410001,1,1,7,7,7,7,7,7,7,7,7,7
410001,2,1,0,0,0,0,0,0,0,0,0,0
410002,0,1,25,25,25,25,25,25,25,25,25,25
410002,1,1,0,0,0,0,0,0,0,0,0,0
410003,1,1,14,14,14,14,14,14,14,14,14,14
410003,2,1,0,0,0,8,0,0,0,0,0,0
410004,1,1,0,0,0,0,0,0,0,0,0,0
410004,2,1,0,0,0,0,0,0,0,0,0,0
410006,1,1,14,14,14,14,14,14,14,14,14,14
410006,2,1,5,5,5,5,5,5,5,5,5,5
410007,0,1,0,0,0,0,0,0,0,0,0,0
410007,1,1,0,0,0,0,0,0,0,0,0,0
410008,0,1,0,0,0,0,0,0,0,0,0,0
410008,1,1,0,0,0,0,0,0,0,0,0,0
410009,0,1,8,8,8,8,8,8,8,8,8,8
410009,1,1,0,0,30,0,0,0,0,0,0,0
410010,1,1,19,19,19,19,19,19,19,19,19,19
410010,2,1,0,0,0,0,0,0,0,0,0,0
410011,1,1,0,0,0,0,0,0,0,0,0,0
410012,1,1,19,19,19,19,19,19,19,19,19,19
410013,1,1,19,19,19,19,19,19,19,19,19,19
410013,2,1,0,0,0,0,0,0,0,36,0,17
410013,3,1,0,0,0,0,0,0,0,0,0,0
410014,0,1,0,0,0,18,0,0,0,12,0,0
410014,1,1,0,0,0,0,0,0,0,0,0,0
410015,0,1,40,40,40,40,40,40,40,40,40,40
410015,1,1,0,0,4,5,10,0,20,11,0,0
410016,0,1,0,0,0,0,0,0,0,0,0,0
410016,1,1,0,0,0,0,0,0,0,0,0,0
410017,1,1,0,0,0,0,0,0,0,0,0,0
410018,0,1,0,0,0,0,0,0,0,0,0,0
410018,1,1,0,0,0,0,0,0,0,0,0,0
410019,1,1,0,0,0,0,0,0,0,0,0,0
410020,1,1,5,5,5,5,5,5,5,5,5,5
410021,0,1,0,0,0,0,0,0,0,0,0,0
410021,1,1,0,0,0,0,0,0,0,0,0,0
410022,1,1,35,35,35,35,35,35,35,35,35,35
410023,1,1,0,0,0,0,0,0,0,0,0,0
410023,2,1,0,0,0,0,0,0,0,0,0,0
410023,3,1,0,0,0,0,0,0,0,0,0,0
410024,1,1,0,18,21,11,11,30,0,22,0,0
410025,1,1,15,15,15,15,15,15,15,15,15,15
410026,0,1,0,0,0,0,0,0,0,0,0,0
410026,1,1,0,0,0,0,0,0,0,0,0,0
410027,1,1,0,0,0,0,0,0,0,0,0,0
410027,2,1,0,0,0,0,0,0,0,0,0,0
410028,1,1,0,0,0,0,0,0,0,0,0,0
410028,2,1,0,0,0,0,0,0,0,0,0,0
410029,1,1,1,1,1,1,1,1,1,1,1,1
410029,2,1,0,0,0,0,0,0,0,0,0,0
410030,1,1,17,17,17,17,17,17,17,17,17,17
410031,0,1,1,1,1,1,1,1,1,1,1,1
410031,1,1,0,0,0,0,0,0,0,0,0,0
410032,1,1,0,0,0,0,0,0,0,0,0,0
410033,1,1,43,43,43,43,43,43,43,43,43,43
410034,1,1,0,0,0,0,0,0,0,0,0,0
410035,0,1,0,0,0,0,0,0,0,0,0,0
410035,1,1,0,0,0,26,0,0,0,0,0,0
410036,1,1,0,0,0,0,0,0,0,0,0,0
410038,0,1,30,30,30,30,30,30,30,30,30,30
410038,1,1,22,3,8,0,0,0,0,0,0,0
410039,0,1,0,0,0,0,0,0,0,0,0,0
410039,1,1,0,0,0,0,0,0,0,0,0,0
410040,0,1,0,0,0,0,0,0,0,0,0,0
410040,1,1,0,0,0,0,0,0,0,0,0,0
410041,1,1,0,0,0,0,0,0,0,0,0,0
410042,0,1,16,16,16,16,16,16,16,16,16,16
410042,1,1,0,0,0,0,0,0,0,0,0,0
410043,0,1,26,26,26,26,26,26,26,26,26,26
410043,1,1,0,0,0,0,0,0,0,0,0,0
410044,1,1,0,0,0,0,0,0,0,0,0,0
410045,1,1,17,17,17,17,17,17,17,17,17,17
410046,0,1,31,31,31,31,31,31,31,31,31,31
410046,1,1,7,7,7,7,7,7,7,7,7,7
410047,1,1,0,0,0,0,0,0,0,0,0,0
410047,2,1,0,0,0,0,0,0,0,0,0,0
410048,1,1,31,31,31,31,31,31,31,31,31,31
410048,2,1,13,13,13,13,13,13,13,13,13,13
410049,1,1,0,0,0,0,0,0,0,0,0,0
410049,2,1,0,0,0,0,0,0,0,0,0,0
410050,1,1,0,0,0,0,0,0,0,0,0,0
410050,2,1,0,0,0,0,0,0,0,0,0,0
410051,0,1,0,0,0,0,0,0,0,0,0,0
410051,1,1,0,0,0,0,0,0,0,0,0,0
410052,1,1,0,0,0,0,0,0,0,0,0,0
410052,2,1,0,0,0,0,0,0,0,0,0,0
410053,0,1,6,6,6,6,6,6,6,6,6,6
410053,1,1,15,8,19,13,9,14,14,21,16,11
410054,1,1,0,0,0,0,0,0,0,0,0,0
410054,2,1,0,0,0,0,0,0,0,0,0,0
410054,3,1,0,0,0,0,0,0,0,0,0,0
410055,1,1,0,0,0,0,0,0,0,0,0,0
410055,2,1,0,0,0,0,0,0,0,38,0,26
410056,1,1,0,0,0,0,0,0,0,0,0,0
410056,2,1,0,0,0,0,0,0,0,0,0,0
410057,0,1,13,13,13,13,13,13,13,13,13,13
410057,1,1,0,0,0,0,0,0,0,0,0,0
410058,0,1,26,26,26,26,26,26,26,26,26,26
410058,1,1,0,0,0,0,0,0,0,0,0,0
410059,1,1,0,0,0,0,0,0,0,0,0,0
410059,2,1,0,0,0,0,0,0,0,0,0,0
410060,1,1,0,0,0,0,0,0,0,0,0,0
410061,1,1,0,0,0,0,0,0,0,0,0,0
410061,2,1,0,0,0,0,0,0,0,5,0,0
410062,1,1,32,32,32,32,32,32,32,32,32,32
410062,2,1,0,0,0,0,0,0,0,0,0,0
410063,1,1,0,0,0,0,0,0,0,0,0,0
410063,2,1,0,0,0,0,0,0,0,0,0,0
410064,1,1,0,0,0,0,0,0,0,0,0,0
410065,1,1,0,0,0,0,0,0,0,0,0,0
410065,2,1,0,0,0,0,0,0,0,0,0,0
410066,1,1,0,0,0,0,0,0,0,0,0,0
410067,1,1,14,14,14,14,14,14,14,14,14,14
410067,2,1,0,0,0,0,0,0,0,0,0,0
410068,0,1,7,7,7,7,7,7,7,7,7,7
410068,1,1,0,0,0,0,0,0,0,0,0,0
410069,1,1,16,16,16,16,16,16,16,16,16,16
410070,1,1,0,0,0,0,0,0,0,0,0,0
410070,2,1,0,0,0,0,0,0,0,0,0,0
410071,1,1,1,1,1,1,1,1,1,1,1,1
410072,1,1,8,8,8,8,8,8,8,8,8,8
410074,1,1,0,0,0,11,13,0,0,0,7,0
410074,2,1,0,0,0,0,0,0,0,0,0,0
410075,1,1,0,18,5,16,12,0,0,0,0,0
410076,0,1,0,0,0,0,0,0,0,0,0,0
410076,1,1,0,0,0,0,0,0,0,0,0,0
410077,1,1,0,0,0,0,0,0,0,0,0,0
410077,2,1,0,0,0,0,0,0,0,0,8,0
410078,1,1,0,0,0,0,0,0,0,0,0,0
410079,1,1,0,0,0,0,0,0,0,0,0,0
410080,1,1,0,0,0,0,0,0,0,0,0,0
410081,1,1,6,6,6,6,6,6,6,6,6,6
410081,2,1,0,0,0,0,0,0,0,0,0,0
410082,0,1,24,24,24,24,24,24,24,24,24,24
410082,1,1,0,0,0,0,0,0,0,0,0,0
410083,1,1,16,16,16,16,16,16,16,16,16,16
410084,1,1,14,14,14,14,14,14,14,14,14,14
410085,0,1,0,0,0,0,0,0,0,0,0,0
410085,1,1,0,0,0,0,0,0,0,0,0,0
410086,1,1,0,0,0,0,0,0,0,0,0,0
410087,0,1,0,0,0,0,0,0,0,0,0,0
410087,1,1,0,0,0,0,0,0,0,0,0,0
410088,1,1,0,0,0,0,0,0,0,0,0,0
410088,2,1,0,0,13,0,0,0,0,0,0,0
410089,1,1,16,16,16,16,16,16,16,16,16,16
410090,1,1,0,0,0,0,0,0,0,0,0,0
410090,2,1,0,0,0,0,0,0,0,0,0,0
410091,1,1,0,0,0,0,0,0,0,0,0,0
410091,2,1,0,0,0,0,0,0,0,0,0,0
410092,0,1,5,5,5,5,5,5,5,5,5,5
410092,1,1,0,0,0,0,0,0,0,0,0,0
410093,0,1,22,22,22,22,22,22,22,22,22,22
410093,1,1,18,0,0,8,0,23,0,0,17,0
410094,1,1,0,0,0,0,27,0,0,0,0,0
410094,2,1,0,0,0,0,0,0,0,0,0,0
410094,3,1,0,0,0,0,12,0,0,0,0,0
410095,0,1,7,7,7,7,7,7,7,7,7,7
410095,1,1,0,0,0,0,0,12,0,4,0,0
410096,1,1,21,21,21,21,21,21,21,21,21,21
410097,1,1,0,0,0,0,0,0,0,0,0,0
410097,2,1,0,0,0,0,0,0,0,0,0,0
410098,1,1,24,6,16,17,7,25,18,31,12,13
410099,1,1,0,0,0,0,0,0,0,0,0,0
410100,0,1,0,0,0,0,0,0,0,30,0,0
410100,1,1,0,0,0,0,0,0,0,0,0,0
410101,1,1,16,16,16,16,16,16,16,16,16,16
410102,0,1,0,0,0,0,0,0,0,0,0,0
410102,1,1,0,15,25,0,0,20,0,0,0,0
410104,0,1,32,32,32,32,32,32,32,32,32,32
410104,1,1,0,0,0,0,0,0,0,0,0,0
410105,1,1,10,10,10,10,10,10,10,10,10,10
410105,2,1,0,0,0,0,0,0,0,0,0,0
410106,1,1,0,0,0,0,0,0,0,0,0,0
410106,2,1,0,0,0,0,0,0,0,0,0,0
410107,1,1,21,21,21,21,21,21,21,21,21,21
410108,1,1,20,20,20,20,20,20,20,20,20,20
410109,1,1,0,0,0,0,0,0,0,0,0,0
410110,0,1,0,0,0,0,0,0,0,0,0,0
410110,1,1,0,0,0,0,0,0,0,0,0,0
410111,1,1,38,38,38,38,38,38,38,38,38,38
410112,1,1,0,0,0,0,0,0,0,0,0,0
410112,2,1,0,0,0,0,0,0,0,0,0,0
410113,1,1,0,0,0,0,0,0,0,0,0,0
410113,2,1,0,0,0,0,0,0,0,0,0,0
410113,3,1,0,0,0,0,0,0,0,0,0,0
410114,1,1,0,0,0,0,0,0,0,0,0,0
410114,2,1,0,0,0,0,0,0,0,0,0,0
410114,3,1,0,0,0,0,0,0,0,0,0,0
410115,1,1,18,18,18,18,18,18,18,18,18,18
410116,1,1,0,0,0,0,0,0,0,0,0,0
410116,2,1,0,0,0,0,0,25,24,0,0,0
410117,1,1,0,0,0,0,0,0,0,0,0,0
410117,2,1,0,0,0,0,0,0,0,0,0,0
410118,1,1,0,0,0,0,0,0,0,0,0,0
410118,2,1,0,0,0,0,0,0,0,0,0,0
410121,1,1,0,0,0,0,0,0,0,0,11,0
410122,1,1,0,0,0,0,0,0,0,0,0,0
410123,1,1,0,0,0,0,0,0,0,0,0,0
410123,2,1,0,0,0,0,0,0,0,0,0,0
410124,0,1,0,0,0,0,0,0,0,26,0,19
410124,1,1,8,0,0,19,0,0,0,0,0,0
410125,1,1,0,0,0,0,0,0,0,0,0,0
410126,0,1,15,0,15,0,0,0,0,14,0,0
410126,1,1,0,0,0,0,0,0,0,0,0,0
410127,1,1,15,15,15,15,15,15,15,15,15,15
410128,1,1,0,0,0,0,0,0,0,0,0,0
410129,1,1,0,0,0,0,0,0,0,0,0,0
410129,2,1,0,0,0,0,0,0,0,0,0,0
410129,3,1,0,0,0,0,0,0,0,0,0,0
410131,1,1,0,0,0,0,0,0,0,0,0,0
410132,1,1,0,0,0,0,0,0,0,0,0,0
410133,1,1,0,33,0,0,0,0,0,0,0,0
410134,0,1,0,0,0,0,0,0,0,0,0,0
410134,1,1,0,0,0,0,0,0,0,0,0,0
410135,1,1,24,24,24,24,24,24,24,24,24,24
410135,2,1,0,0,0,0,0,0,0,0,0,0
410136,1,1,13,13,13,13,13,13,13,13,13,13
410138,1,1,0,0,0,0,0,0,0,0,0,0
410139,1,1,0,0,0,0,0,0,0,0,0,0
410140,1,1,0,0,0,0,0,0,0,0,0,0
410140,2,1,0,0,0,0,0,0,0,0,0,0
410141,0,1,0,0,0,0,0,0,0,0,0,0
410141,1,1,0,0,25,0,0,0,0,0,0,0
410143,1,1,0,0,0,0,0,0,0,0,0,0
410143,2,1,0,0,0,0,0,0,0,0,0,0
410144,1,1,0,0,24,0,0,0,0,0,0,0
410144,2,1,0,0,0,0,0,0,0,0,0,0
410145,1,1,0,0,0,0,0,0,0,0,0,0
410146,1,1,0,0,0,0,0,0,0,0,0,0
410147,1,1,12,12,12,12,12,12,12,12,12,12
410147,2,1,0,0,0,0,0,0,0,0,0,0
410148,1,1,0,0,0,0,0,0,0,0,0,0
410149,1,1,13,13,13,13,13,13,13,13,13,13
410150,1,1,0,0,0,0,0,0,0,0,0,0
410151,1,1,0,0,0,0,0,0,0,0,0,0
410151,2,1,0,0,0,0,0,0,0,0,0,0
410152,1,1,0,0,0,0,0,0,0,0,0,0
410153,1,1,0,0,0,0,0,0,0,0,0,0
410154,1,1,6,0,0,0,0,0,0,0,0,0
410155,1,1,15,15,15,15,15,15,15,15,15,15
410156,1,1,13,13,13,13,13,13,13,13,13,13
410156,2,1,0,0,0,0,0,0,0,0,0,0
410157,1,1,0,0,0,0,0,0,0,0,0,0
410157,2,1,0,0,0,0,0,0,0,0,3,0
410158,1,1,0,0,0,0,0,0,0,0,0,0
410159,1,1,0,0,0,0,0,0,0,0,0,0
410159,2,1,0,0,0,0,0,0,0,0,0,0
410160,1,1,0,0,0,0,0,0,0,0,0,0
410160,2,1,0,0,0,0,0,0,0,0,0,0
410161,1,1,0,0,0,0,0,0,0,0,0,0
410161,2,1,0,0,0,0,0,0,0,0,0,0
410162,1,1,0,0,0,0,0,0,0,0,0,0
410162,2,1,0,0,0,0,0,0,0,0,0,0
410163,0,1,9,9,9,9,9,9,9,9,9,9
410163,1,1,0,0,0,0,0,0,0,0,0,0
410164,1,1,0,0,0,0,0,0,0,0,0,0
410164,2,1,0,0,0,0,0,0,0,0,0,0
410165,1,1,0,0,0,0,0,0,0,0,0,0
410165,2,1,0,0,0,0,0,0,0,0,0,0
410165,3,1,0,0,0,0,0,0,0,0,0,0
410166,1,1,0,0,0,0,0,0,0,0,0,0
410167,0,1,26,26,26,26,26,26,26,26,26,26
410167,1,1,0,0,0,0,0,0,0,0,0,0
410168,1,1,7,7,7,7,7,7,7,7,7,7
410168,2,1,0,0,0,0,0,0,0,0,0,0
410169,1,1,20,20,20,20,20,20,20,20,20,20
410169,2,1,0,0,0,0,0,0,0,0,0,0
410170,1,1,11,11,11,11,11,11,11,11,11,11
410170,2,1,0,0,0,0,0,0,0,0,0,0
410170,3,1,0,0,0,0,0,0,0,0,0,0
410170,4,1,0,0,0,12,0,0,25,0,0,0
410170,5,1,0,0,0,0,0,0,0,0,0,0
410171,1,1,0,0,0,0,0,0,0,0,0,0
410172,1,1,21,21,21,21,21,21,21,21,21,21
410173,1,1,23,23,23,23,23,23,23,23,23,23
410174,1,1,0,0,0,0,0,0,0,0,0,0
410174,2,1,0,0,0,0,0,0,0,0,0,0
410175,1,1,0,0,0,0,0,0,0,0,0,0
410176,1,1,0,0,0,0,0,0,0,0,0,0
410176,2,1,0,0,0,0,0,0,0,0,0,0
410177,1,1,7,7,7,7,7,7,7,7,7,7
410178,1,1,0,0,0,0,0,0,0,0,0,0
410179,1,1,9,9,9,9,9,9,9,9,9,9
410179,2,1,0,0,0,0,0,0,0,0,0,0
410180,1,1,0,0,0,0,0,0,0,13,10,17
410181,0,1,18,18,18,18,18,18,18,18,18,18
410181,1,1,0,0,0,0,0,0,0,0,0,0
410182,0,1,0,0,0,0,0,0,0,0,0,0
410182,1,1,0,0,0,0,0,0,10,0,0,0
410183,1,1,0,0,0,0,0,0,0,0,0,0
410184,1,1,12,4,0,0,6,9,17,0,13,10
410185,1,1,0,0,0,0,0,0,0,0,0,0
410185,2,1,0,0,0,0,0,0,0,0,0,0
410185,3,1,0,0,0,0,0,0,0,0,0,0