ST_CASE,VEH_NO,PER_NO,P1,P2,P3,P4,P5,P6,P7,P8,P9,P10
410186,1,1,1,1,1,1,1,1,1,1,1,1
410187,1,1,0,0,0,0,0,0,0,0,0,0
410188,1,1,0,0,0,0,0,0,0,0,0,0
410188,2,1,6,0,25,6,0,20,51,15,0,0
410189,1,1,1,1,1,1,1,1,1,1,1,1
410190,1,1,14,14,14,14,14,14,14,14,14,14
410191,0,1,32,32,32,32,32,32,32,32,32,32
410191,1,1,0,0,0,0,0,0,0,0,0,0
410192,1,1,0,13,0,0,0,11,15,0,0,0
410193,0,1,0,0,0,0,0,0,0,0,0,0
410193,1,1,0,0,27,0,0,24,0,0,13,0
410195,0,1,0,0,0,0,0,0,0,0,0,0
410195,1,1,0,0,0,0,0,0,0,0,0,0
410196,1,1,0,0,0,0,0,0,0,0,0,0
410196,2,1,0,0,0,0,0,0,0,0,0,0
410197,0,1,0,0,0,0,0,0,0,0,0,0
410197,1,1,0,0,0,0,0,0,0,0,0,0
410198,1,1,0,0,0,0,0,0,0,0,0,0
410199,1,1,28,28,28,28,28,28,28,28,28,28
410200,1,1,38,38,38,38,38,38,38,38,38,38
410201,1,1,0,0,0,0,0,0,0,0,0,0
410201,2,1,0,0,0,0,0,0,0,0,0,0
410202,1,1,0,0,0,0,0,0,0,0,0,0
410203,1,1,0,0,0,0,0,0,0,0,0,0
410203,2,1,0,0,0,0,0,0,0,0,0,0
410204,1,1,0,0,0,0,0,0,0,0,0,0
410204,2,1,0,0,0,0,0,0,0,0,0,0
410205,1,1,9,9,9,9,9,9,9,9,9,9
410206,1,1,0,0,0,0,0,0,0,0,0,0
410207,1,1,10,0,0,7,0,0,9,0,0,0
410208,1,1,0,0,6,0,0,0,4,0,0,0
410209,1,1,0,0,0,0,0,0,0,0,0,0
410210,1,1,0,0,0,0,0,0,0,0,0,0
410211,1,1,5,5,5,5,5,5,5,5,5,5
410212,1,1,0,0,0,0,0,0,0,0,0,0
410212,2,1,0,0,0,0,0,0,0,0,0,0
410213,1,1,0,0,0,6,0,0,0,0,0,0
410213,2,1,0,0,0,0,0,0,0,0,0,0
410215,1,1,0,0,0,0,0,0,0,0,0,0
410216,1,1,0,0,0,0,0,0,0,0,0,0
410216,2,1,0,0,0,0,0,0,0,0,0,0
410217,1,1,0,0,0,0,0,0,0,0,0,0
410218,0,1,0,0,0,0,0,0,0,0,0,0
410218,1,1,11,11,11,11,11,11,11,11,11,11
410219,1,1,0,0,0,0,0,0,0,0,0,0
410219,2,1,0,0,0,0,0,0,0,0,0,0
410220,1,1,0,0,0,0,0,0,0,0,0,0
410221,0,1,0,0,0,0,0,0,0,0,0,0
410221,1,1,0,0,0,0,0,0,0,0,0,0
410222,1,1,0,0,0,0,0,0,0,0,0,0
410223,1,1,0,0,0,0,0,0,0,0,0,0
410223,2,1,0,0,0,0,0,0,0,0,0,0
410223,3,1,0,0,0,0,0,0,0,0,0,0
410224,0,1,2,2,2,2,2,2,2,2,2,2
410224,1,1,0,0,0,0,0,0,0,0,0,0
410225,1,1,24,24,24,24,24,24,24,24,24,24
410226,1,1,26,26,26,26,26,26,26,26,26,26
410227,1,1,0,0,0,0,0,0,0,0,0,0
410227,2,1,0,0,0,0,0,0,0,0,0,0
410228,0,1,0,0,0,0,0,0,0,0,0,0
410228,1,1,0,0,0,0,0,0,0,0,0,0
410229,1,1,0,0,0,0,0,0,0,0,0,0
410230,1,1,8,8,8,8,8,8,8,8,8,8
410230,2,1,0,0,0,0,0,0,0,0,0,0
410231,1,1,9,9,9,9,9,9,9,9,9,9
410232,0,1,8,8,8,8,8,8,8,8,8,8
410232,1,1,23,17,12,25,14,14,12,12,26,22
410233,1,1,17,17,17,17,17,17,17,17,17,17
410234,1,1,0,0,0,0,0,0,0,0,0,0
410234,2,1,0,0,0,0,0,0,0,0,0,0
410235,0,1,23,23,23,23,23,23,23,23,23,23
410235,1,1,4,28,16,12,10,11,20,14,2,27
410237,1,1,10,10,10,10,10,10,10,10,10,10
410238,1,1,0,0,0,0,0,0,0,0,0,0
410238,2,1,0,0,0,0,0,0,0,0,0,0
410239,1,1,6,6,6,6,6,6,6,6,6,6
410239,2,1,0,0,0,0,0,0,0,0,0,0
410240,1,1,0,0,0,0,0,0,0,0,0,0
410240,2,1,0,0,0,0,0,0,0,0,0,0
410240,3,1,0,0,0,0,0,0,0,0,0,0
410241,1,1,0,0,0,0,0,0,0,0,0,0
410241,2,1,0,0,0,0,0,0,0,0,0,0
410242,1,1,0,0,0,0,0,13,0,0,0,0
410242,2,1,0,0,0,0,0,0,0,0,0,0
410243,1,1,0,0,29,0,6,0,0,0,14,0
410244,1,1,19,19,19,19,19,19,19,19,19,19
410245,1,1,11,11,11,11,11,11,11,11,11,11
410246,1,1,0,0,0,19,0,0,0,0,0,0
410247,1,1,0,0,0,0,0,0,0,0,0,0
410247,2,1,0,0,0,0,0,0,0,0,0,0
410248,1,1,0,0,0,0,0,0,0,0,0,0
410248,2,1,0,0,0,0,0,0,0,0,0,0
410249,0,1,0,0,0,0,0,0,0,0,0,0
410249,1,1,0,0,0,0,0,0,0,0,0,0
410250,1,1,0,0,0,0,0,0,0,0,0,0
410251,1,1,14,14,14,14,14,14,14,14,14,14
410252,1,1,0,0,0,0,0,0,0,0,0,0
410252,2,1,0,0,0,0,0,0,0,0,0,0
410253,0,1,0,0,0,0,0,0,0,0,0,0
410253,1,1,0,17,0,0,0,0,0,15,13,25
410254,0,1,0,0,0,0,0,0,0,0,0,0
410254,1,1,0,0,0,0,0,0,0,0,0,0
410255,1,1,0,0,0,0,0,0,0,0,0,0
410255,2,1,0,0,0,0,0,0,0,0,0,0
410256,1,1,0,0,0,0,0,0,0,0,0,0
410256,2,1,0,0,0,0,0,0,0,0,0,0
410257,1,1,0,0,0,0,12,0,0,0,0,0
410258,0,1,0,0,0,0,0,0,0,0,0,0
410258,1,1,0,0,0,0,0,0,0,0,0,0
410259,0,1,15,15,15,15,15,15,15,15,15,15
410259,1,1,0,7,0,0,0,0,0,0,0,0
410260,1,1,11,11,11,11,11,11,11,11,11,11
410261,1,1,0,0,0,0,0,0,0,0,0,0
410262,0,1,15,15,15,15,15,15,15,15,15,15
410262,1,1,0,0,0,0,0,0,0,0,0,0
410263,1,1,13,13,13,13,13,13,13,13,13,13
410264,1,1,0,0,0,0,0,0,0,0,0,0
410264,2,1,0,0,0,0,0,0,0,0,0,0
410265,1,1,13,13,13,13,13,13,13,13,13,13
410266,1,1,0,0,0,0,0,0,0,0,0,0
410266,2,1,0,0,0,0,0,0,0,0,0,0
410267,1,1,0,0,0,0,0,0,0,0,0,0
410267,2,1,0,0,0,0,0,0,0,0,0,0
410268,1,1,0,0,0,0,0,0,0,0,0,0
410269,1,1,28,28,28,28,28,28,28,28,28,28
410270,1,1,0,0,0,0,0,0,0,0,0,0
410270,2,1,0,0,0,0,0,0,0,0,0,0
410271,1,1,25,25,25,25,25,25,25,25,25,25
410271,2,1,0,0,0,0,0,0,0,0,0,0
410272,0,1,0,0,14,0,0,0,0,0,0,0
410272,0,2,10,10,10,10,10,10,10,10,10,10
410272,1,1,0,0,0,0,0,0,0,0,0,0
410273,1,1,0,0,0,0,0,0,0,0,0,0
410273,2,1,0,0,0,0,0,0,0,0,0,0
410274,1,1,0,0,0,0,0,0,0,0,0,0
410275,1,1,0,0,0,0,0,0,0,0,0,0
410275,2,1,0,0,0,0,0,0,0,0,0,0
410276,0,1,0,0,0,0,0,0,0,0,0,0
410276,0,2,25,0,0,0,0,0,0,0,0,0
410276,0,3,0,0,0,0,0,22,0,0,0,15
410276,1,1,0,0,0,0,0,0,0,0,0,0
410277,1,1,28,28,28,28,28,28,28,28,28,28
410278,1,1,17,17,17,17,17,17,17,17,17,17
410279,0,1,22,22,22,22,22,22,22,22,22,22
410279,1,1,0,0,0,0,0,0,0,0,0,0
410281,0,1,28,28,28,28,28,28,28,28,28,28
410281,1,1,0,0,0,0,0,0,0,0,0,0
410282,1,1,23,23,23,23,23,23,23,23,23,23
410282,2,1,0,8,28,0,0,9,16,22,0,9
410283,1,1,0,0,0,0,0,0,0,0,0,0
410284,0,1,3,3,3,3,3,3,3,3,3,3
410284,1,1,0,33,0,18,0,0,0,0,0,0
410285,0,1,0,0,0,0,0,0,0,0,0,0
410285,1,1,0,0,0,19,0,0,0,0,0,0
410286,1,1,0,0,0,0,0,0,0,0,0,0
410286,2,1,0,0,0,0,0,0,0,0,0,0
410287,1,1,20,20,20,20,20,20,20,20,20,20
410288,1,1,1,1,1,1,1,1,1,1,1,1
410288,2,1,0,0,0,0,0,0,0,0,0,0
410289,1,1,9,9,9,9,9,9,9,9,9,9
410290,1,1,23,23,23,23,23,23,23,23,23,23
410291,1,1,21,21,21,21,21,21,21,21,21,21
410292,1,1,0,0,0,0,0,0,0,0,0,0
410293,0,1,18,18,18,18,18,18,18,18,18,18
410293,1,1,0,0,0,0,0,0,0,0,0,0
410294,0,1,0,0,0,0,0,0,0,0,0,0
410294,1,1,18,18,18,18,18,18,18,18,18,18
410295,1,1,0,0,0,0,0,0,0,0,0,0
410296,1,1,0,0,0,0,0,0,0,0,0,0
410296,2,1,0,0,0,0,0,0,0,0,0,0
410297,1,1,0,0,0,0,0,0,0,0,5,0
410298,0,1,0,0,0,0,0,0,0,0,0,0
410298,1,1,0,0,0,0,0,0,0,0,0,0
410299,1,1,0,0,0,0,0,0,0,0,0,0
410299,2,1,0,0,0,0,0,0,0,0,0,0
410300,1,1,31,31,31,31,31,31,31,31,31,31
410300,2,1,0,24,0,0,0,0,0,0,0,0
410301,1,1,14,14,14,14,14,14,14,14,14,14
410302,1,1,22,15,11,7,15,14,2,16,28,3
410303,1,1,0,0,0,0,0,0,0,0,0,0
410303,2,1,0,0,0,0,0,0,0,0,0,0
410304,1,1,18,18,18,18,18,18,18,18,18,18
410305,1,1,0,0,0,0,0,0,0,0,0,0
410305,2,1,0,0,0,0,0,0,0,0,0,0
410306,1,1,0,0,0,0,0,0,0,0,0,0
410306,2,1,0,0,0,0,0,0,0,0,0,0
410307,1,1,0,0,0,0,0,0,0,0,21,0
410307,2,1,0,0,0,0,0,0,0,0,0,20
410308,1,1,0,0,0,0,0,0,0,0,0,5
410309,1,1,0,0,0,0,0,0,0,0,0,0
410310,0,1,0,0,0,0,0,0,0,0,0,0
410310,1,1,0,0,0,11,0,0,0,0,13,0
410311,1,1,0,0,0,0,0,0,0,0,0,0
410312,0,1,0,0,0,0,0,0,0,0,0,0
410312,1,1,0,0,0,0,0,0,0,0,0,0
410313,1,1,0,0,0,0,0,0,0,0,0,0
410314,1,1,0,0,0,0,0,0,0,0,0,0
410314,2,1,0,0,0,0,0,0,0,0,0,0
410315,0,1,0,0,0,0,0,0,0,0,0,0
410315,1,1,0,0,0,0,0,0,0,0,0,0
410316,1,1,0,0,0,0,0,0,0,0,0,0
410317,1,1,23,15,4,14,13,10,20,21,5,25
410318,1,1,0,0,0,0,0,0,0,0,0,0
410318,2,1,17,25,24,0,0,0,0,18,0,0
410319,1,1,0,0,0,0,0,0,0,0,0,0
420001,1,1,15,15,15,15,15,15,15,15,15,15
420002,1,1,0,0,0,0,0,0,0,0,0,0
420003,1,1,11,11,11,11,11,11,11,11,11,11
420004,1,1,18,18,18,18,18,18,18,18,18,18
420005,1,1,18,18,18,18,18,18,18,18,18,18
420006,1,1,0,0,0,0,0,0,0,0,0,0
420007,1,1,0,0,0,0,0,0,0,0,0,0
420008,1,1,24,24,24,24,24,24,24,24,24,24
420009,0,1,31,31,31,31,31,31,31,31,31,31
420009,1,1,0,0,0,0,0,0,0,0,0,0
420010,1,1,0,0,0,0,0,0,0,0,0,0
420011,1,1,43,43,43,43,43,43,43,43,43,43
420012,0,1,0,0,0,0,0,0,0,0,0,0
420012,1,1,0,0,46,0,0,0,0,0,0,0
420013,1,1,0,0,0,0,0,0,0,0,0,0
420013,2,1,0,0,0,0,0,0,0,0,0,0
420014,1,1,0,0,0,0,0,0,0,0,0,0
420015,1,1,28,28,28,28,28,28,28,28,28,28
420016,1,1,0,0,0,0,0,0,5,0,0,0
420017,1,1,0,0,0,0,0,0,0,0,0,0
420018,0,1,0,0,0,0,16,0,28,21,27,0
420018,1,1,0,0,0,0,0,0,0,0,0,0
420019,0,1,0,0,0,0,0,0,0,0,0,0
420019,1,1,0,0,0,0,0,0,0,0,0,0
420020,1,1,0,0,0,0,0,0,0,13,0,16
420021,1,1,7,0,0,19,18,33,0,14,17,0
420022,1,1,0,0,0,0,0,0,0,0,0,0
420023,1,1,0,0,0,0,0,11,0,0,0,0
420024,1,1,0,0,0,0,0,0,0,0,0,0
420025,0,1,0,0,0,0,0,0,0,0,0,0
420025,1,1,0,0,0,0,0,0,0,0,0,0
420026,0,1,0,0,0,0,0,0,0,0,0,0
420026,1,1,0,0,0,0,0,0,0,0,0,0
420027,1,1,29,29,29,29,29,29,29,29,29,29
420028,0,1,0,0,0,0,0,0,0,0,0,0
420028,1,1,1,1,1,1,1,1,1,1,1,1
420029,1,1,0,0,0,0,0,0,0,0,0,0
420030,0,1,0,0,0,0,0,0,0,0,0,0
420030,1,1,22,7,17,25,31,6,18,7,16,15
420031,1,1,0,0,0,0,0,0,0,0,0,0
420032,1,1,0,0,0,0,0,0,0,0,0,0
420033,0,1,31,31,31,31,31,31,31,31,31,31
420033,1,1,16,0,0,0,0,0,0,0,0,0
420034,0,1,22,22,22,22,22,22,22,22,22,22
420034,1,1,0,0,29,0,0,0,0,0,0,0
420035,0,1,0,0,0,0,0,0,0,0,0,0
420035,1,1,0,0,0,0,0,0,0,0,0,0
420036,1,1,10,10,10,10,10,10,10,10,10,10
420037,0,1,22,20,0,12,10,12,34,15,33,0
420037,1,1,0,0,0,0,0,0,0,0,0,0
420038,1,1,0,0,0,0,0,0,0,0,0,0
420038,2,1,0,0,0,0,0,0,0,0,0,0
420039,1,1,0,0,0,0,0,0,0,0,0,0
420039,2,1,0,0,0,0,0,0,0,0,0,0
420040,1,1,24,24,24,24,24,24,24,24,24,24
420040,2,1,1,1,1,1,1,1,1,1,1,1
420041,1,1,0,27,24,20,13,11,24,17,19,30
420042,1,1,0,0,0,0,0,0,0,0,0,0
420043,1,1,0,0,0,0,0,0,0,0,0,0
420044,1,1,9,9,9,9,9,9,9,9,9,9
420045,1,1,0,0,0,0,0,0,0,0,0,0
420046,1,1,26,26,26,26,26,26,26,26,26,26
420047,1,1,0,0,0,0,0,0,0,0,0,0
420047,2,1,0,0,0,0,0,0,0,0,0,0
420048,1,1,0,0,0,0,0,7,0,0,0,0
420048,2,1,1,1,1,1,1,1,1,1,1,1
420049,1,1,0,0,0,0,0,0,0,0,0,0
420049,2,1,0,0,0,0,0,0,0,0,0,0
420050,1,1,0,0,0,0,0,0,0,0,0,0
420051,1,1,0,0,0,0,0,0,0,0,0,0
420051,2,1,0,0,0,0,0,0,0,0,0,0
420052,1,1,17,17,17,17,17,17,17,17,17,17
420052,2,1,0,0,0,0,0,0,0,0,0,0
420053,1,1,0,0,0,0,0,0,0,0,0,0
420053,2,1,0,0,0,0,0,0,0,0,0,0
420054,1,1,14,14,14,14,14,14,14,14,14,14
420054,2,1,0,0,0,0,0,0,0,0,0,0
420055,1,1,0,0,0,23,0,0,0,0,0,0
420056,1,1,26,26,26,26,26,26,26,26,26,26
420056,2,1,0,0,0,0,0,0,0,0,0,0
420057,1,1,0,0,0,0,16,0,0,0,0,0
420057,2,1,0,0,15,0,0,17,0,12,0,0
420057,3,1,0,0,0,0,0,0,0,0,0,0
420058,1,1,30,14,14,28,13,28,21,8,26,17
420058,2,1,11,11,11,11,11,11,11,11,11,11
420059,1,1,0,0,0,0,0,0,0,0,0,0
420060,1,1,0,0,0,0,0,0,0,0,0,0
420060,2,1,0,0,0,0,0,0,0,0,0,0
420061,1,2,0,0,0,0,0,0,0,0,0,0
420061,2,1,0,0,7,0,0,0,0,0,0,0
420062,1,1,0,0,19,0,18,0,0,0,0,8
420062,2,1,16,16,16,16,16,16,16,16,16,16
420063,1,1,0,0,0,0,0,0,0,0,0,0
420063,2,1,0,0,0,15,8,0,0,0,0,0
420064,1,1,0,0,0,0,0,0,0,0,0,0
420065,1,2,0,0,0,0,0,0,0,0,0,0
420065,2,2,0,0,0,0,0,0,0,0,0,0
420066,1,1,0,0,0,0,0,0,0,0,0,0
420066,2,1,0,0,0,0,0,0,0,0,0,0
420067,1,1,0,0,0,0,0,0,0,0,0,0
420067,2,1,0,0,0,0,0,0,0,0,0,0
420068,1,1,0,0,0,0,0,0,0,0,0,0
420069,1,1,0,0,0,0,0,0,0,0,0,0
420069,2,1,0,0,0,0,0,0,0,0,0,0
420069,3,1,0,0,0,0,0,0,0,0,0,0
420070,1,1,34,34,34,34,34,34,34,34,34,34
420071,1,1,0,0,0,0,0,0,0,0,0,0
420072,1,1,0,0,0,0,0,0,0,0,0,0
420072,3,1,0,0,0,0,16,0,0,0,0,0
420073,1,1,17,0,0,32,0,5,0,0,0,0
420074,1,1,0,0,0,0,0,0,0,0,0,0
420074,2,1,0,0,0,0,0,0,0,0,0,0
420075,1,1,0,0,0,0,0,0,0,0,0,0
420076,1,1,18,18,18,18,18,18,18,18,18,18
420076,2,1,0,0,0,0,0,9,0,0,0,0
420076,3,1,0,0,0,0,0,0,0,0,0,0
420077,1,1,0,0,0,0,0,0,0,0,0,0
420078,1,1,0,0,0,0,0,0,0,0,0,0
420079,1,1,7,7,7,7,7,7,7,7,7,7
420079,2,1,0,0,0,0,0,0,0,0,0,0
420079,3,1,0,0,0,16,0,0,0,0,13,0
420080,1,1,27,27,27,27,27,27,27,27,27,27
420081,1,1,18,18,18,18,18,18,18,18,18,18
420082,1,1,0,0,0,0,0,0,0,0,0,0
420082,2,1,0,0,0,0,0,0,0,0,0,0
420083,1,1,0,0,0,0,0,0,0,0,0,0
420084,1,1,2,2,2,2,2,2,2,2,2,2
420085,1,1,8,8,8,8,8,8,8,8,8,8
420086,1,1,0,0,0,0,0,0,0,0,0,0
420086,2,1,0,0,0,0,0,8,0,0,0,0
420086,3,1,0,0,0,0,0,0,0,0,0,0
420087,1,1,21,21,21,21,21,21,21,21,21,21
420088,1,1,23,23,23,23,23,23,23,23,23,23
420088,2,1,0,0,0,0,0,0,0,0,18,0
420089,1,1,0,0,0,0,0,0,0,0,0,0
420089,2,1,0,0,0,0,0,0,0,0,0,0
420090,1,1,17,17,17,17,17,17,17,17,17,17
420091,1,1,21,21,21,21,21,21,21,21,21,21
420092,1,1,21,28,15,29,0,47,0,12,0,0
420093,1,1,0,0,0,0,0,0,0,0,0,0
420093,2,1,0,0,0,0,0,0,0,0,0,0
420094,1,1,0,0,0,0,0,0,0,0,0,0
420095,1,1,0,0,0,0,0,0,0,0,0,0
420095,2,1,0,0,0,0,0,0,0,0,0,0
420096,1,1,0,12,0,0,0,21,0,0,0,0
420096,2,1,0,0,0,0,0,0,0,0,0,0
420097,1,1,0,0,0,0,0,0,0,0,0,0
420098,1,1,0,0,0,0,0,0,0,0,0,0
420098,2,1,0,0,0,0,0,0,0,0,0,0
420099,1,1,29,29,29,29,29,29,29,29,29,29
420099,2,1,0,0,0,0,0,0,0,0,0,0
420100,1,1,32,32,32,32,32,32,32,32,32,32
420100,2,1,0,0,0,0,0,0,0,0,0,0
420100,3,1,0,0,0,0,0,0,0,0,0,0
420101,1,1,0,0,0,0,0,0,0,0,0,0
420102,1,1,0,0,0,0,0,0,0,0,0,0
420103,0,1,0,0,0,0,0,0,0,0,0,0
420103,1,1,0,0,0,0,0,0,0,0,0,0
420104,1,1,18,18,18,18,18,18,18,18,18,18
420104,2,1,0,0,0,0,0,0,0,0,0,0
420105,1,1,0,0,0,0,0,0,0,0,0,0
420106,1,1,0,0,0,0,0,0,0,0,0,0
420107,0,1,0,0,0,5,0,0,0,0,0,8
420107,1,1,0,0,0,0,0,0,0,0,0,0
420108,1,1,11,11,11,11,11,11,11,11,11,11
420109,1,1,32,32,32,32,32,32,32,32,32,32
420109,2,1,0,0,0,0,0,0,0,0,0,0
420109,3,1,21,0,24,0,0,0,0,0,5,0
420110,0,1,20,20,20,20,20,20,20,20,20,20
420110,1,1,0,0,0,0,0,0,0,0,0,0
420111,1,1,21,21,21,21,21,21,21,21,21,21
420112,1,1,15,15,15,15,15,15,15,15,15,15
420113,1,1,0,0,0,0,0,0,0,0,0,0
420114,1,1,18,18,18,18,18,18,18,18,18,18
420114,2,1,0,0,0,0,0,0,0,0,0,0
420115,0,1,0,0,0,0,0,0,0,0,0,0
420115,1,1,0,0,0,0,0,0,0,0,0,0
420116,1,1,10,10,10,10,10,10,10,10,10,10
420117,1,1,0,0,0,0,0,0,0,0,0,0
420119,0,1,0,0,0,0,0,0,0,0,0,0
420119,1,1,0,0,0,0,0,0,0,0,0,0
420120,0,1,33,33,33,33,33,33,33,33,33,33
420120,1,1,0,0,0,0,7,0,0,0,0,0
420121,0,1,0,0,0,0,0,0,0,0,0,0
420121,1,1,0,0,0,0,0,0,0,0,0,0
420122,1,1,0,0,0,0,0,0,0,0,0,0
420123,0,1,3,24,0,0,0,0,12,0,0,0
420123,1,1,0,0,0,0,0,0,0,0,0,0
420124,1,1,13,13,13,13,13,13,13,13,13,13
420125,0,1,15,15,15,15,15,15,15,15,15,15
420125,1,1,0,0,0,0,0,0,0,0,0,0
420126,0,1,0,0,0,0,0,0,0,0,0,0
420126,1,1,0,0,12,0,0,0,0,0,13,0
420127,0,1,0,0,0,0,0,0,0,0,0,0
420127,1,1,0,0,0,0,0,0,0,0,0,0
420128,1,1,0,0,0,0,0,0,0,0,0,0
420129,0,1,0,0,0,0,0,0,0,0,0,0
420129,1,1,0,0,25,0,0,17,0,0,0,0
420130,0,1,25,7,32,24,0,18,0,28,22,0
420130,1,1,0,0,0,0,0,0,0,0,0,0
420131,1,1,0,0,0,0,0,0,0,0,0,0
420131,2,1,0,0,0,0,0,0,0,0,0,0
420132,1,1,0,0,0,0,0,0,0,0,0,0
420132,2,1,0,0,0,0,0,0,0,0,0,0
420133,1,1,0,0,0,0,0,0,0,0,0,0
420133,2,1,0,0,0,0,0,0,0,0,0,0
420134,1,1,0,0,0,0,0,0,0,0,0,12
420134,2,1,0,0,0,0,0,0,0,0,0,0
420135,1,1,0,0,0,0,0,0,0,0,0,0
420135,2,1,0,0,0,0,0,0,0,0,0,0
420136,1,1,12,12,12,12,12,12,12,12,12,12
420136,2,1,0,0,0,0,0,0,0,0,0,0
420137,1,1,6,6,6,6,6,6,6,6,6,6
420138,1,1,0,0,0,0,0,0,0,0,0,0
420139,1,1,13,22,16,3,20,8,24,31,17,2
420140,1,1,0,0,0,0,0,0,0,0,0,0
420140,2,1,0,0,0,0,0,0,0,0,0,0
420141,1,1,0,0,0,0,0,0,0,0,0,0
420141,2,1,0,0,0,0,0,0,0,0,0,0
420142,1,1,0,0,0,0,0,0,0,0,0,0
420142,2,1,0,0,0,0,0,0,0,0,0,0
420143,1,1,0,0,0,0,0,0,0,0,0,0
420143,2,1,14,14,14,14,14,14,14,14,14,14
420144,1,1,0,0,0,0,0,0,0,0,0,0
420144,2,1,0,0,0,0,0,0,0,0,0,0
420145,1,1,0,0,0,0,0,0,0,0,0,0
420145,2,1,0,0,0,0,0,0,0,0,0,0
420146,1,1,0,0,0,0,0,0,0,0,0,0
420146,2,1,0,0,0,0,0,0,0,0,0,0
420147,1,1,0,0,0,0,0,0,0,0,0,0
420147,2,1,0,0,0,0,0,0,0,0,0,0
420147,3,1,0,0,0,0,0,0,0,0,0,0
420147,4,1,0,0,0,0,0,0,0,0,0,0
420147,5,1,0,0,0,0,0,0,0,0,0,0
420147,6,1,0,0,0,0,0,0,0,0,0,0
420147,7,1,0,0,0,0,0,0,0,0,0,0
420147,8,1,0,0,0,0,0,0,0,0,0,0
420147,9,1,0,0,0,0,0,0,0,0,0,0
420148,1,1,20,20,20,20,20,20,20,20,20,20
420148,2,1,0,0,0,20,0,0,0,0,0,38
420149,1,1,0,0,0,0,0,0,0,0,0,0
420150,1,1,25,19,0,19,27,6,21,13,28,32
420151,0,1,3,3,3,3,3,3,3,3,3,3
420151,1,1,0,22,29,20,0,0,30,10,17,15
420151,2,1,0,0,0,0,0,0,0,7,35,0
420152,1,1,24,24,24,24,24,24,24,24,24,24
420153,1,1,0,0,0,0,0,0,0,0,0,0
420154,1,1,0,0,0,0,0,0,0,0,0,0
420154,2,1,0,0,0,0,0,0,0,0,0,0
420155,1,1,0,0,0,0,0,0,0,0,0,0
420155,2,1,0,0,0,0,0,0,0,0,0,0
420155,3,1,0,0,0,0,0,0,0,0,0,0
420155,4,1,0,0,0,0,0,0,0,0,0,0
420156,0,1,0,0,0,0,0,0,0,0,0,0
420156,1,1,19,30,0,0,0,27,0,19,12,0
420156,2,1,0,0,0,0,0,15,25,11,0,0
420157,1,1,0,0,0,0,0,0,0,0,0,0
420158,0,1,23,23,23,23,23,23,23,23,23,23
420158,0,2,27,27,27,27,27,27,27,27,27,27
420158,1,1,14,14,14,14,14,14,14,14,14,14
420159,1,1,0,0,0,0,0,0,0,0,0,0
420160,1,1,20,20,20,20,20,20,20,20,20,20
420161,0,1,0,0,0,0,7,4,0,0,0,0
420161,1,1,0,0,0,0,0,0,0,0,0,0
420162,1,1,18,18,18,18,18,18,18,18,18,18
420163,1,1,10,10,10,10,10,10,10,10,10,10
420164,1,1,0,0,0,0,0,0,0,0,0,0
420165,0,1,0,0,22,0,9,0,0,0,0,0
420165,1,1,17,17,17,17,17,17,17,17,17,17
420166,1,1,0,0,0,0,0,0,0,0,0,0
420167,1,1,0,0,0,0,0,0,0,0,0,0
420168,1,1,29,29,29,29,29,29,29,29,29,29
420169,1,1,0,0,0,0,0,0,0,0,0,0
420170,1,1,18,18,18,18,18,18,18,18,18,18
420171,1,1,0,0,0,0,0,0,0,0,0,0
420171,2,1,2,2,2,2,2,2,2,2,2,2
420172,1,1,24,24,24,24,24,24,24,24,24,24
420173,1,1,0,0,0,0,0,0,0,0,0,0
420174,1,1,0,0,0,0,0,0,0,0,0,0
420175,0,1,0,0,0,0,0,0,0,0,0,0
420175,1,1,0,0,0,0,0,0,0,0,0,0
420176,0,1,0,0,0,0,0,0,0,0,0,0
420176,1,1,0,0,0,0,0,0,0,0,0,0
420177,0,1,0,0,0,0,0,0,0,0,0,0
420177,1,1,0,0,0,0,0,0,0,0,0,0
420178,1,1,24,24,24,24,24,24,24,24,24,24
420179,1,1,12,12,12,12,12,12,12,12,12,12
420180,1,1,0,0,0,0,0,0,0,0,0,0
420180,2,1,0,0,0,0,0,0,0,0,0,0
420180,3,1,0,0,0,0,0,0,0,0,0,0
420180,4,1,0,0,0,0,0,0,0,0,0,0
420180,5,1,0,0,0,2,0,0,0,0,0,0
420180,6,1,0,0,0,0,0,0,0,0,0,0
420180,7,1,0,0,0,0,0,0,0,0,0,0
420181,1,1,0,0,0,0,0,0,0,0,0,0
420182,1,1,11,11,11,11,11,11,11,11,11,11
420182,2,1,0,0,0,0,0,0,0,0,0,0
420183,0,1,22,0,0,0,0,35,17,0,0,0
420183,1,1,15,15,15,15,15,15,15,15,15,15
420184,1,1,0,0,0,0,0,0,0,0,0,0
420185,0,1,0,0,0,0,0,0,0,0,0,0
420185,1,1,0,0,0,0,0,0,0,0,0,0
420186,1,1,0,0,0,0,0,0,0,0,0,0
420186,2,1,0,0,0,0,0,0,0,0,0,0