ST_CASE,VEH_NO,PER_NO,P1,P2,P3,P4,P5,P6,P7,P8,P9,P10
420187,1,1,0,0,0,0,0,0,0,0,0,0
420187,2,1,0,0,0,0,0,0,0,0,0,0
420188,1,1,0,0,0,0,0,0,0,0,0,0
420188,2,1,0,0,0,0,0,0,0,0,0,0
420188,3,1,0,0,0,0,0,0,0,0,0,0
420189,0,1,0,0,0,0,0,0,0,0,0,0
420189,0,2,0,0,0,0,0,0,0,0,0,0
420189,0,3,0,0,0,0,0,0,0,0,0,0
420189,0,4,0,0,0,0,0,0,0,0,0,0
420189,1,1,0,0,0,0,0,0,0,0,0,0
420189,2,1,0,0,17,0,0,0,0,0,0,0
420190,1,1,0,0,0,0,0,0,0,0,0,0
420191,1,1,0,0,0,0,0,0,0,0,0,0
420192,1,1,0,0,0,0,0,0,0,0,0,0
420193,1,1,0,0,0,0,0,0,0,0,0,0
420194,1,1,0,0,0,0,0,0,0,0,0,0
420195,1,1,0,0,0,0,0,14,0,0,0,0
420195,2,1,0,0,0,0,0,0,0,0,0,0
420196,1,1,33,33,33,33,33,33,33,33,33,33
420196,2,1,0,0,0,0,0,0,0,0,0,0
420197,1,1,0,11,0,0,0,0,28,0,0,0
420198,1,1,10,10,10,10,10,10,10,10,10,10
420199,1,1,27,27,27,27,27,27,27,27,27,27
420200,0,1,0,0,0,0,0,0,0,0,0,0
420200,1,1,19,0,0,0,0,0,0,29,0,0
420201,1,1,0,0,0,0,0,0,0,0,0,0
420202,1,1,0,0,0,0,0,0,0,0,0,0
420202,2,1,0,0,0,0,0,0,0,0,0,0
420203,1,1,0,0,0,0,0,0,0,0,0,0
420204,0,1,0,0,0,0,0,0,0,0,0,0
420204,1,1,0,0,0,0,0,0,0,0,0,0
420205,1,1,0,0,0,0,0,0,0,0,0,0
420206,1,1,22,21,0,0,0,23,0,19,24,0
420207,1,1,0,28,0,0,0,0,0,0,0,0
420207,2,1,0,0,0,0,0,0,0,0,25,0
420208,1,1,0,0,0,0,0,0,0,0,0,0
420209,1,1,19,19,19,19,19,19,19,19,19,19
420210,1,1,0,20,0,0,0,3,0,0,0,15
420211,1,1,0,0,0,0,0,0,0,0,0,0
420211,2,1,0,0,0,0,0,0,0,0,0,0
420212,0,1,0,0,0,0,0,0,0,0,0,0
420212,1,1,0,0,0,0,0,0,0,0,0,0
420213,1,1,15,11,0,19,0,31,0,0,24,0
420213,2,1,0,5,0,0,0,24,0,17,0,0
420214,0,1,0,0,0,0,0,0,0,0,0,0
420214,1,1,0,0,0,0,0,0,0,0,0,0
420215,0,1,0,0,0,0,0,0,0,0,0,0
420215,1,1,0,0,0,0,0,0,0,0,0,0
420216,1,1,25,25,25,25,25,25,25,25,25,25
420217,1,1,17,17,17,17,17,17,17,17,17,17
420217,2,1,0,0,0,0,0,0,0,0,0,0
420218,0,1,0,0,4,0,0,0,0,0,0,0
420218,1,1,0,0,0,0,0,0,0,0,0,0
420219,0,1,0,0,0,0,0,0,0,0,0,0
420219,1,1,0,0,0,0,0,0,0,0,0,0
420220,0,1,0,0,0,0,0,0,0,0,0,0
420220,1,1,0,0,0,0,0,0,0,0,0,0
420221,1,1,12,12,12,12,12,12,12,12,12,12
420222,1,1,13,13,13,13,13,13,13,13,13,13
420223,1,1,1,1,1,1,1,1,1,1,1,1
420224,1,1,16,12,19,11,22,3,15,10,25,29
420225,1,1,17,17,17,17,17,17,17,17,17,17
420226,1,1,0,0,0,0,0,0,0,0,0,0
420227,1,1,0,0,0,0,0,0,0,0,0,0
420228,1,2,0,0,0,0,0,0,0,0,0,0
420229,1,1,0,0,0,0,0,0,0,0,0,0
420230,1,1,0,0,0,0,0,0,0,0,0,0
420231,0,1,0,0,0,0,0,0,0,0,0,0
420231,1,1,0,0,0,0,0,0,0,0,0,0
420232,0,1,0,0,0,0,0,0,0,0,0,0
420232,1,1,0,0,0,0,0,0,30,0,0,0
420233,0,1,0,0,0,0,0,0,0,0,0,0
420233,1,1,0,0,0,0,0,0,0,0,0,0
420234,0,1,0,0,0,0,0,0,0,0,0,0
420234,1,1,0,0,0,0,0,0,0,0,0,7
420235,0,1,0,0,0,0,0,0,0,0,0,0
420235,1,1,0,0,0,0,0,0,0,0,0,0
420236,1,1,0,0,0,0,0,0,0,0,0,0
420236,2,1,0,0,0,0,0,0,0,0,0,13
420237,1,1,0,0,0,0,0,0,0,0,0,0
420238,0,1,4,4,4,4,4,4,4,4,4,4
420238,1,1,0,0,0,0,0,0,0,0,0,0
420239,1,3,7,27,9,15,40,31,14,10,10,10
420240,1,1,21,17,12,15,8,14,18,19,18,16
420241,1,1,0,0,0,0,0,0,0,0,0,0
420241,2,1,0,0,0,0,0,0,0,0,0,0
420242,1,1,0,0,0,0,0,0,0,0,0,0
420242,2,1,0,0,0,0,0,0,0,0,14,0
420243,0,1,49,0,0,0,11,16,0,0,8,20
420243,1,1,0,0,0,0,0,0,0,0,0,0
420244,1,1,0,0,0,0,0,0,0,0,0,0
420244,2,1,0,0,0,0,0,0,0,0,0,0
420245,1,1,0,0,0,0,0,0,0,0,0,0
420245,2,1,0,0,0,0,0,0,0,0,0,0
420246,1,1,0,0,0,0,0,0,0,0,0,0
420246,2,1,0,0,0,0,0,0,0,0,0,0
420247,1,1,0,0,0,0,0,0,0,0,23,0
420247,2,1,0,0,0,0,0,0,0,0,0,0
420248,0,1,18,18,18,18,18,18,18,18,18,18
420248,1,1,0,0,0,0,0,0,0,0,0,0
420248,2,1,0,0,0,0,0,0,0,0,0,0
420249,0,1,0,0,0,0,0,0,0,0,0,0
420249,2,1,0,0,0,0,0,0,0,0,0,0
420250,1,1,19,19,19,19,19,19,19,19,19,19
420250,2,1,0,0,0,14,0,0,0,0,0,0
420251,1,1,0,0,0,0,0,0,0,0,0,0
420252,1,1,21,21,21,21,21,21,21,21,21,21
420253,1,1,0,0,0,0,0,0,0,0,0,0
420253,2,1,0,0,0,0,0,0,0,0,0,0
420254,1,1,16,16,16,16,16,16,16,16,16,16
420254,2,1,0,0,0,0,0,0,0,0,2,7
420255,1,1,0,0,0,0,0,0,0,0,0,0
420255,2,1,0,0,0,0,0,0,0,0,0,0
420256,1,1,22,22,22,22,22,22,22,22,22,22
420257,1,1,18,18,18,18,18,18,18,18,18,18
420257,2,1,0,0,0,0,0,0,0,0,0,0
420258,1,1,0,0,0,0,0,0,0,0,0,0
420258,2,1,0,0,0,0,0,0,0,0,0,0
420259,1,1,0,0,0,0,0,0,0,0,0,0
420260,1,1,0,0,0,0,0,0,0,0,0,0
420260,2,1,0,0,0,0,0,0,0,0,0,0
420261,1,1,0,0,0,0,0,0,0,0,0,0
420261,2,1,0,0,0,0,0,0,0,0,0,0
420262,1,1,0,0,0,0,0,0,0,0,0,0
420262,2,1,0,0,0,0,0,20,0,0,0,0
420263,1,1,26,26,26,26,26,26,26,26,26,26
420263,2,1,0,0,0,0,0,0,0,0,0,0
420263,3,1,0,0,0,0,0,0,0,0,0,0
420264,1,1,0,0,0,0,0,0,0,0,0,0
420264,2,1,0,0,0,0,0,0,0,0,0,0
420265,0,1,0,0,0,0,0,0,0,0,0,0
420265,1,1,23,0,0,0,0,6,9,8,0,0
420266,1,1,0,0,0,0,0,0,0,0,0,0
420267,1,1,21,21,21,21,21,21,21,21,21,21
420268,1,1,23,23,23,23,23,23,23,23,23,23
420269,1,1,0,0,0,0,0,0,0,0,0,0
420270,0,1,0,0,0,0,0,0,0,0,0,0
420270,1,1,0,0,0,0,0,0,0,0,0,0
420271,0,1,17,0,31,20,0,0,0,20,0,26
420271,1,1,22,0,0,19,0,0,0,0,0,0
420272,1,1,23,23,23,23,23,23,23,23,23,23
420273,1,1,17,17,17,17,17,17,17,17,17,17
420274,1,1,0,0,0,0,0,0,0,0,0,0
420275,1,1,0,0,0,0,0,0,0,0,0,0
420276,1,1,0,0,0,0,0,0,0,0,0,0
420277,1,1,20,15,15,26,26,21,23,16,15,29
420278,1,1,0,0,0,0,0,0,0,0,0,0
420278,2,1,0,0,0,0,0,0,0,0,0,0
420279,0,1,29,38,12,33,27,20,49,44,31,25
420279,1,1,0,0,13,0,0,0,0,0,0,22
420279,2,1,12,0,0,0,0,0,0,7,0,23
420280,1,1,0,0,0,0,0,0,0,0,0,0
420280,2,1,0,0,0,0,0,10,0,0,0,37
420281,1,1,29,13,12,10,30,20,30,29,29,27
420282,1,1,0,0,0,0,0,0,0,0,0,0
420283,1,1,0,0,0,0,0,0,0,0,0,0
420284,1,1,0,0,0,0,0,0,0,0,0,0
420285,1,1,0,0,0,0,0,0,0,0,0,0
420286,1,1,0,0,0,0,0,0,0,0,0,0
420286,2,1,7,7,7,7,7,7,7,7,7,7
420287,1,1,0,0,0,0,0,0,0,0,0,0
420287,2,1,13,13,13,13,13,13,13,13,13,13
420288,0,1,0,0,0,0,0,0,0,0,0,0
420288,1,1,0,0,12,0,0,0,0,0,0,0
420290,1,1,22,22,22,22,22,22,22,22,22,22
420291,1,1,19,19,19,19,19,19,19,19,19,19
420292,1,1,0,0,0,0,0,0,0,0,0,0
420292,2,1,0,0,0,0,0,0,0,0,0,0
420292,3,1,0,0,0,0,0,0,0,0,0,0
420292,4,1,0,0,0,0,0,0,0,0,0,0
420292,5,1,0,0,0,0,0,0,0,0,0,0
420292,6,1,0,0,0,0,0,0,0,0,0,0
420293,1,1,20,20,20,20,20,20,20,20,20,20
420293,2,1,0,0,0,0,0,0,0,0,0,0
420294,1,1,0,0,0,0,0,0,0,0,0,0
420294,2,1,0,0,0,0,0,0,0,0,0,0
420295,1,1,17,17,17,17,17,17,17,17,17,17
420295,2,1,0,0,0,0,0,0,0,0,0,0
420296,1,1,0,0,0,0,0,0,0,0,0,0
420296,2,1,0,0,0,0,0,0,0,0,0,0
420297,1,1,20,20,20,20,20,20,20,20,20,20
420297,2,1,0,0,0,0,0,0,0,0,0,16
420298,1,1,10,10,10,10,10,10,10,10,10,10
420298,2,1,3,3,3,3,3,3,3,3,3,3
420299,1,1,0,0,0,0,0,0,0,0,0,0
420299,2,1,0,22,0,0,0,0,0,0,0,0
420300,1,1,0,0,0,0,0,0,0,0,0,0
420300,2,1,0,0,0,0,0,0,0,0,0,0
420301,1,1,0,0,0,0,0,0,0,0,0,0
420302,1,1,25,25,25,25,25,25,25,25,25,25
420303,1,1,10,10,10,10,10,10,10,10,10,10
420304,0,1,0,0,0,0,0,0,0,0,0,0
420304,1,1,0,0,0,0,0,0,0,0,0,0
420305,1,1,20,20,20,20,20,20,20,20,20,20
420305,2,1,0,9,0,0,0,0,18,0,0,29
420305,3,1,0,0,0,0,0,0,0,0,0,0
420306,1,1,18,18,18,18,18,18,18,18,18,18
420306,2,1,0,0,0,0,20,0,0,0,0,0
420307,1,1,0,0,0,0,0,0,0,0,0,0
420308,1,1,21,21,21,21,21,21,21,21,21,21
420309,1,1,15,15,15,15,15,15,15,15,15,15
420309,2,1,0,0,18,20,0,0,0,21,23,0
420310,1,1,0,0,0,0,0,0,0,18,0,0
420311,1,1,0,0,0,0,0,0,0,0,0,0
420312,0,1,0,0,0,0,0,0,0,0,0,0
420312,1,1,0,0,0,0,0,0,0,0,0,0
420313,1,1,0,0,0,0,0,0,0,0,0,14
420314,1,1,0,0,0,0,0,0,0,0,0,0
420314,2,1,0,0,0,0,0,0,0,0,0,0
420315,1,1,0,0,0,0,0,0,0,0,0,0
420315,2,1,0,0,0,0,0,0,0,0,0,0
420316,1,1,0,0,0,0,0,0,0,0,0,0
420316,2,1,0,0,0,0,0,0,0,0,0,0
420317,1,1,0,0,0,0,0,0,0,0,0,0
420317,2,1,0,0,0,0,0,0,0,0,0,0
420318,1,1,5,5,5,5,5,5,5,5,5,5
420319,1,1,0,0,0,0,0,0,0,0,0,0
420320,1,1,0,0,0,0,0,0,0,0,0,0
420320,2,1,0,0,0,0,0,0,0,0,0,0
420321,1,1,22,22,22,22,22,22,22,22,22,22
420321,2,1,11,11,11,11,11,11,11,11,11,11
420322,1,1,0,0,0,0,0,0,0,0,0,0
420322,2,1,19,19,19,19,19,19,19,19,19,19
420323,1,1,0,0,0,0,0,0,0,0,0,0
420323,2,1,0,0,0,0,0,0,0,0,0,0
420324,0,1,2,2,2,2,2,2,2,2,2,2
420324,0,2,0,0,0,0,25,0,0,0,0,0
420324,1,1,0,0,0,0,0,0,0,0,0,0
420325,1,1,0,0,0,0,0,0,0,0,0,0
420325,2,1,0,0,0,0,0,0,0,0,0,0
420326,1,1,0,0,0,0,0,0,0,0,0,0
420327,1,1,16,16,16,16,16,16,16,16,16,16
420328,1,1,0,0,0,0,0,0,0,0,0,0
420328,2,1,0,0,0,0,21,0,0,0,0,0
420329,1,1,0,0,0,0,0,0,0,0,0,0
420329,2,1,0,0,5,0,0,0,0,0,0,0
420330,1,1,0,6,28,15,21,28,17,16,12,2
420331,1,1,10,10,10,10,10,10,10,10,10,10
420332,1,1,0,0,0,0,0,0,0,0,0,0
420332,2,1,0,0,0,0,0,0,0,0,0,0
420333,1,1,0,0,0,0,0,0,0,0,0,0
420333,2,1,0,0,0,14,0,0,0,0,0,0
420333,3,1,0,0,0,0,0,0,0,0,0,0
420334,1,1,21,21,21,21,21,21,21,21,21,21
420335,1,1,19,19,19,19,19,19,19,19,19,19
420336,1,1,0,0,0,0,0,0,0,0,0,0
420336,2,1,0,0,0,0,0,0,0,0,0,0
420337,1,1,5,5,5,5,5,5,5,5,5,5
420338,1,1,0,0,0,0,0,0,0,0,0,0
420338,2,1,0,0,0,0,0,0,0,0,0,0
420339,1,1,0,0,0,0,0,0,0,0,0,0
420339,2,1,0,0,0,0,0,0,0,0,0,4
420340,1,1,0,0,0,0,0,0,0,0,0,0
420340,2,1,0,0,0,0,0,0,0,0,0,0
420341,1,1,16,16,16,16,16,16,16,16,16,16
420341,2,1,0,0,0,0,0,0,0,0,0,0
420342,1,1,0,0,0,0,0,0,0,0,0,0
420342,2,1,0,0,0,0,0,0,0,0,0,0
420343,1,1,0,0,0,0,0,0,0,0,0,0
420344,1,1,14,14,14,14,14,14,14,14,14,14
420344,2,1,0,0,0,0,0,21,0,0,0,0
420345,1,1,0,0,0,0,0,0,0,0,0,0
420346,1,1,19,0,12,0,0,0,0,0,0,0
420346,2,1,0,0,0,0,0,0,0,0,0,0
420347,0,1,20,0,0,0,0,0,12,0,0,11
420347,1,1,0,0,0,0,0,0,0,0,0,0
420348,0,1,19,19,19,19,19,19,19,19,19,19
420348,1,1,0,0,0,0,0,11,0,0,0,0
420349,1,1,0,0,0,34,0,0,0,0,0,0
420349,2,1,0,0,0,0,0,0,0,0,0,0
420350,1,1,21,21,21,21,21,21,21,21,21,21
420351,1,1,0,0,0,0,0,0,0,0,0,0
420352,1,1,0,0,0,0,0,0,0,0,0,0
420353,1,1,0,0,0,0,0,0,0,0,0,0
420353,2,1,0,0,0,0,0,0,0,0,0,0
420354,1,1,0,0,0,0,21,0,0,0,0,0
420354,2,1,0,0,0,0,0,0,14,0,0,20
420355,1,1,3,3,3,3,3,3,3,3,3,3
420356,1,1,8,38,17,20,20,14,7,4,8,9
420357,1,1,19,19,19,19,19,19,19,19,19,19
420358,1,1,5,14,21,14,0,0,14,37,25,0
420359,1,1,23,15,13,2,18,13,4,7,7,10
420359,2,1,14,14,14,14,14,14,14,14,14,14
420360,1,1,23,23,23,23,23,23,23,23,23,23
420361,1,1,0,17,39,20,6,0,4,0,0,5
420361,2,1,0,0,0,0,0,0,0,0,0,0
420362,1,1,0,0,0,0,0,0,0,0,0,0
420363,1,1,31,31,31,31,31,31,31,31,31,31
420364,1,1,17,17,17,17,17,17,17,17,17,17
420365,1,1,0,0,0,0,0,0,0,0,0,0
420366,1,1,0,0,0,0,0,0,0,0,0,0
420367,1,1,2,2,2,2,2,2,2,2,2,2
420368,1,1,2,2,2,2,2,2,2,2,2,2
420369,1,1,0,0,0,0,0,0,0,0,0,0
420370,0,1,0,0,0,0,0,0,0,0,0,0
420370,1,1,36,16,0,13,0,9,38,21,6,0
420371,1,1,0,0,0,0,0,0,0,0,0,12
420371,2,1,0,0,0,0,0,0,0,0,0,0
420372,1,1,0,0,0,0,0,0,0,0,0,0
420372,2,1,0,0,0,0,0,0,0,0,0,0
420372,3,1,0,0,0,0,0,0,0,0,0,0
420373,1,1,0,0,0,0,0,0,0,0,0,0
420373,2,1,0,0,0,0,0,0,0,0,0,0
420374,1,1,12,12,12,12,12,12,12,12,12,12
420375,1,1,0,0,0,0,0,0,0,0,0,0
420375,2,1,0,0,0,0,0,0,0,0,0,0
420376,1,1,11,11,11,11,11,11,11,11,11,11
420377,1,1,28,28,28,28,28,28,28,28,28,28
420378,1,1,0,0,0,0,0,0,0,0,0,0
420378,2,1,0,0,0,17,0,0,0,0,0,0
420379,1,1,0,0,0,0,0,0,0,0,0,0
420379,2,1,0,0,0,0,0,0,0,0,0,0
420380,1,1,29,29,29,29,29,29,29,29,29,29
420381,1,1,0,0,0,0,0,0,0,0,0,0
420381,2,1,0,0,0,0,0,0,0,0,0,0
420382,1,1,25,25,25,25,25,25,25,25,25,25
420383,1,1,0,0,0,0,0,0,0,0,0,0
420383,2,1,0,0,0,0,0,0,0,0,0,0
420384,1,1,30,18,13,16,3,18,18,0,13,6
420385,1,1,0,0,0,0,0,0,0,0,0,0
420385,2,1,0,0,0,0,0,0,0,0,0,0
420386,1,1,0,18,0,0,0,0,0,0,0,0
420387,1,1,0,0,0,0,0,23,0,0,0,0
420387,2,1,0,0,0,0,0,0,0,0,0,0
420388,1,1,0,0,0,0,0,0,0,0,0,0
420388,2,1,0,0,0,0,0,0,0,0,0,0
420389,1,1,0,0,0,0,0,0,0,0,0,0
420390,1,1,0,0,0,0,0,0,0,0,0,0
420390,2,1,0,0,0,0,0,0,0,0,0,0
420391,1,1,0,0,0,0,0,0,0,0,0,0
420391,2,1,0,0,0,0,0,0,0,0,0,0
420392,1,1,0,0,9,0,0,0,0,6,0,16
420392,2,1,11,0,0,0,0,0,0,0,0,0
420393,1,1,12,11,21,0,12,15,5,25,21,14
420393,2,1,0,0,0,0,0,0,17,13,5,0
420394,1,1,0,0,0,0,0,0,0,0,0,0
420394,2,1,0,0,0,0,0,0,0,0,0,0
420394,3,1,0,0,0,0,0,0,0,0,0,0
420395,1,1,0,0,0,0,0,0,0,0,0,0
420395,2,1,0,0,0,0,0,0,0,0,0,0
420395,3,1,0,0,0,0,0,0,0,0,0,0
420396,1,1,10,10,10,10,10,10,10,10,10,10
420396,2,1,0,0,0,0,0,0,0,0,0,0
420397,1,1,0,0,0,0,0,0,0,0,0,0
420397,2,1,0,0,0,0,0,0,0,0,6,7
420397,3,1,0,0,0,0,0,0,0,0,0,0
420398,1,1,0,0,0,0,0,0,0,0,0,0
420399,0,1,0,0,0,0,0,0,0,0,0,0
420399,1,1,25,0,0,0,18,0,0,31,0,0
420400,1,1,0,0,0,0,0,0,0,0,0,0
420400,2,1,18,18,18,18,18,18,18,18,18,18
420400,3,1,0,0,0,0,0,0,0,0,0,0
420401,0,1,39,0,0,0,15,25,9,19,4,0
420401,1,1,0,0,0,14,0,0,0,9,19,0
420402,1,1,0,0,0,0,0,14,0,0,0,0
420403,0,1,0,0,0,0,0,0,0,0,0,0
420403,1,1,0,0,0,0,0,0,0,0,0,0
420404,1,1,0,0,0,0,0,9,0,0,0,0
420405,1,1,27,27,27,27,27,27,27,27,27,27
420406,1,1,1,1,1,1,1,1,1,1,1,1
420407,1,1,0,0,0,0,0,0,0,0,0,0
420408,1,1,0,0,0,0,0,4,0,0,0,0
420408,2,1,0,0,0,0,0,0,0,0,0,0
420409,1,1,0,0,0,0,0,19,0,0,0,0
420410,1,1,0,0,0,0,0,0,0,0,5,0
420411,1,1,17,17,17,17,17,17,17,17,17,17
420412,1,1,0,0,0,0,0,0,0,0,0,0
420412,2,1,7,0,0,0,0,0,0,0,0,0
420413,1,1,25,25,25,25,25,25,25,25,25,25
420414,1,1,18,18,18,18,18,18,18,18,18,18
420415,1,1,2,2,2,2,2,2,2,2,2,2
420416,1,1,1,1,1,1,1,1,1,1,1,1
420416,2,1,0,0,0,0,0,0,0,0,0,16
420417,1,1,0,0,0,0,0,0,0,0,0,0
420417,2,1,0,0,0,0,0,0,0,0,0,13
420417,3,1,0,0,0,0,33,0,0,0,0,0
420417,4,1,0,0,0,0,0,0,0,0,0,0
420418,0,1,0,0,0,0,0,0,0,0,0,0
420418,1,1,20,20,20,20,20,20,20,20,20,20
420419,1,1,0,0,0,0,0,0,0,0,0,0
420420,0,1,6,6,6,6,6,6,6,6,6,6
420420,1,1,2,2,2,2,2,2,2,2,2,2
420421,1,1,24,24,24,24,24,24,24,24,24,24
420422,1,1,0,0,0,0,0,0,0,0,0,0
420423,1,1,0,0,0,0,0,0,0,0,0,0
420424,1,1,25,25,25,25,25,25,25,25,25,25
420425,0,1,0,0,0,0,0,0,0,0,0,0
420425,1,1,0,0,0,0,0,0,0,0,0,0
420426,1,1,0,0,0,32,0,0,0,0,5,0
420427,1,1,0,0,0,0,0,0,0,0,0,0
420427,2,1,0,0,0,11,0,0,0,0,0,0
420428,1,1,0,0,0,0,0,0,0,0,0,0
420429,1,1,0,0,0,0,0,0,0,0,0,0
420429,2,1,0,0,15,0,0,0,13,0,0,0
420430,1,1,0,0,0,0,0,0,0,0,0,0
420430,2,1,0,0,0,0,0,0,0,0,0,0
420431,1,1,11,11,11,11,11,11,11,11,11,11
420431,2,1,0,0,0,0,0,0,0,0,0,0
420432,1,1,0,0,0,0,0,0,0,0,0,0
420432,2,1,0,0,0,0,0,0,0,0,0,0
420433,0,1,0,0,0,35,19,0,22,25,0,0
420433,1,1,1,0,23,0,0,0,20,15,0,15
420434,1,1,0,0,0,0,0,0,0,0,0,0
420434,2,1,0,0,0,0,0,0,0,0,0,0
420435,1,1,26,26,26,26,26,26,26,26,26,26
420435,2,1,0,0,0,0,0,0,0,0,0,0
420436,1,1,0,0,0,0,0,0,0,0,0,0
420436,2,1,0,0,0,0,0,0,0,0,0,0
420437,1,1,0,0,0,0,0,0,0,0,0,0
420437,2,1,0,0,0,0,0,0,0,0,0,0
420438,1,1,0,0,0,0,0,0,0,0,0,0
420439,1,1,0,0,0,0,0,0,0,0,0,0
420439,2,1,0,0,0,0,0,0,0,0,0,0
420440,1,1,0,0,0,0,0,0,0,0,0,0
420441,1,1,0,0,0,0,0,0,0,0,0,0
420442,0,1,0,13,0,0,0,8,20,40,21,26
420442,1,1,3,32,22,0,0,0,0,0,0,0
420443,1,1,21,21,21,21,21,21,21,21,21,21
420444,0,1,0,0,0,0,0,0,0,0,0,0
420444,0,2,0,0,0,0,0,0,0,0,0,0
420444,0,3,0,0,0,0,0,0,0,0,0,0
420444,1,1,0,0,0,0,0,0,0,0,0,0
420445,1,1,16,16,16,16,16,16,16,16,16,16
420445,2,1,0,0,0,0,0,0,0,0,0,0
420446,0,1,0,0,0,0,0,0,0,0,0,0
420446,0,2,0,0,0,14,0,0,0,0,0,0
420446,0,3,0,0,0,0,0,0,0,0,0,0
420446,1,1,0,0,0,0,0,0,0,0,0,0
420447,1,1,0,0,0,0,0,0,0,0,0,0
420447,2,1,0,0,0,0,0,0,0,0,0,0
420447,3,1,9,9,0,0,0,0,0,0,0,0
420448,1,1,10,10,10,10,10,10,10,10,10,10
420448,2,1,0,0,0,0,0,0,0,0,0,0
420448,3,1,0,0,0,0,7,0,0,8,29,35
420448,4,1,0,0,0,0,0,0,0,0,0,0
420448,5,1,13,0,0,0,0,0,15,0,0,0
420449,1,1,7,7,7,7,7,7,7,7,7,7
420450,1,1,16,16,16,16,16,16,16,16,16,16
420451,1,1,20,20,20,20,20,20,20,20,20,20
420451,2,1,0,0,0,0,0,0,0,0,0,0
420452,1,1,0,0,0,0,19,0,0,16,15,0
420453,1,1,24,24,24,24,24,24,24,24,24,24
420454,1,1,20,20,20,20,20,20,20,20,20,20
420455,0,1,0,8,15,0,0,17,0,0,40,23
420455,1,1,1,1,1,1,1,1,1,1,1,1
420456,1,1,16,16,16,16,16,16,16,16,16,16
420457,1,1,17,17,17,17,17,17,17,17,17,17
420458,1,1,0,0,0,0,0,0,0,0,0,0
420459,1,1,0,0,0,0,0,18,6,0,6,7
420460,1,1,0,0,0,2,0,0,0,0,0,0
420461,1,1,0,0,0,0,0,0,0,0,0,0
420462,1,1,0,0,0,0,0,0,0,0,0,0
420462,2,1,0,0,0,0,0,0,0,0,0,0
420462,3,1,0,0,0,0,0,0,0,0,0,0
420462,4,1,0,0,0,0,0,0,0,0,0,0
420463,1,1,19,19,19,19,19,19,19,19,19,19
420464,0,1,0,0,0,0,0,0,0,0,0,0
420464,1,1,0,0,0,0,0,0,0,0,0,0
420465,1,1,0,0,0,0,0,0,0,0,0,0
420466,1,1,0,0,0,0,0,0,0,7,0,0
420467,1,1,9,0,0,0,0,21,13,0,0,0
420468,1,1,32,32,32,32,32,32,32,32,32,32
420469,1,1,5,9,0,5,0,0,11,16,0,12
420470,1,1,13,13,13,13,13,13,13,13,13,13
420471,1,1,4,12,15,8,16,22,33,18,17,3
420472,1,1,0,0,0,0,0,0,0,0,0,0
420473,1,1,0,0,0,0,0,0,0,0,0,0
420473,2,1,0,0,0,0,0,0,0,16,0,0
420474,1,1,0,0,0,0,0,0,0,0,0,0
420474,2,1,0,0,0,0,0,0,0,0,0,0
420475,1,1,0,0,0,0,0,0,0,0,0,0
420475,2,1,0,0,0,0,0,0,0,0,0,0
420476,1,1,0,0,0,0,0,0,0,0,0,0
420477,1,1,0,0,0,0,0,0,0,0,0,0
420478,1,1,25,25,25,25,25,25,25,25,25,25
420479,1,1,0,0,0,0,0,0,0,0,0,0
420479,2,1,0,0,0,0,0,0,0,0,0,0
420480,1,1,23,23,23,23,23,23,23,23,23,23
420481,1,1,12,22,14,8,32,10,0,28,21,26
420482,1,1,0,0,0,0,0,0,0,0,0,0
420483,1,1,6,13,14,20,14,19,0,13,22,0
420484,1,1,0,0,0,0,0,0,0,0,0,0
420485,1,1,0,0,0,0,0,0,0,0,0,0
420485,2,1,0,0,0,0,0,0,0,0,0,0
420486,1,1,0,0,0,0,0,0,0,0,0,0
420487,1,1,0,0,0,0,0,0,0,0,0,0
420487,2,1,0,0,0,0,0,0,0,0,0,0
420488,1,1,9,9,9,9,9,9,9,9,9,9
420489,1,1,21,21,21,21,21,21,21,21,21,21
420489,2,1,0,0,0,0,0,0,0,0,0,0
420490,1,1,0,0,0,0,0,0,0,0,0,0
420490,2,1,0,0,0,0,0,0,0,0,0,0
420491,1,1,0,0,0,0,0,0,0,0,0,0
420491,2,1,0,0,0,0,0,0,0,0,0,0
420492,1,1,0,0,0,0,0,0,0,0,0,0
420492,2,1,0,0,0,0,0,0,0,0,0,0
420493,1,1,0,0,0,0,0,0,0,0,0,0
420493,2,1,0,0,0,0,0,0,0,0,0,0
420494,1,1,0,0,0,0,0,0,0,0,0,0
420494,2,1,0,0,0,0,0,0,0,0,0,0
420495,1,1,0,23,6,0,0,0,0,0,0,0
420496,1,1,0,0,0,0,0,0,0,0,0,0
420497,1,1,10,10,10,10,10,10,10,10,10,10
420498,1,1,0,0,0,0,0,0,0,0,0,0
420499,1,1,0,0,0,0,0,0,0,0,0,0
420500,1,1,12,0,0,0,0,0,0,0,0,0
420501,1,1,0,0,0,0,0,0,0,0,0,0
420501,2,1,0,0,0,0,0,0,0,0,0,0
420502,1,1,0,0,0,0,0,0,0,0,0,0
420502,2,1,0,0,0,0,0,0,0,0,0,0