ST_CASE,VEH_NO,PER_NO,P1,P2,P3,P4,P5,P6,P7,P8,P9,P10
420503,1,1,0,0,0,0,0,0,0,0,0,0
420504,1,1,13,13,13,13,13,13,13,13,13,13
420504,2,1,0,0,0,0,0,0,0,0,0,0
420505,1,1,39,39,39,39,39,39,39,39,39,39
420505,2,1,0,0,3,0,0,0,0,0,0,0
420506,1,1,10,10,10,10,10,10,10,10,10,10
420507,0,1,0,0,0,0,0,0,0,0,0,0
420507,0,2,0,0,0,0,0,0,0,0,0,0
420507,2,1,0,0,0,0,0,0,0,0,0,0
420508,1,1,0,0,10,0,0,0,0,0,0,0
420509,1,1,16,16,16,16,16,16,16,16,16,16
420510,1,1,31,31,31,31,31,31,31,31,31,31
420510,2,1,0,0,0,0,0,0,0,0,0,0
420511,1,1,0,0,25,0,25,11,16,0,0,20
420511,2,1,0,0,0,0,0,0,0,0,0,0
420512,1,1,16,19,22,11,16,10,10,13,23,30
420512,2,1,0,0,0,0,0,0,0,0,0,0
420513,1,1,24,24,24,24,24,24,24,24,24,24
420514,1,1,0,0,0,0,0,0,0,0,0,0
420514,2,1,0,0,0,0,0,0,0,0,0,0
420515,1,1,0,0,0,0,0,0,0,0,0,0
420515,2,1,0,0,0,0,0,0,0,0,0,0
420516,1,1,0,0,0,0,0,0,0,0,0,0
420516,2,1,0,0,0,0,0,0,0,0,0,0
420517,1,1,0,0,0,0,0,0,0,0,0,0
420517,2,1,0,0,0,0,0,0,0,0,0,0
420518,1,1,18,18,18,18,18,18,18,18,18,18
420518,2,1,0,0,0,0,0,0,0,0,0,0
420519,1,1,0,0,0,0,0,0,0,0,0,0
420519,2,1,0,0,0,0,0,0,0,0,0,0
420520,1,1,0,0,0,0,0,0,0,0,0,0
420520,2,1,26,26,26,26,26,26,26,26,26,26
420521,1,1,0,0,0,0,0,0,0,0,0,0
420521,2,1,0,0,0,0,0,0,0,0,0,0
420522,1,1,0,0,0,0,0,0,0,0,0,0
420522,2,1,0,0,0,0,0,0,0,0,0,11
420523,1,1,19,19,19,19,19,19,19,19,19,19
420523,2,1,0,0,0,0,0,0,0,0,0,0
420524,1,1,0,0,0,19,0,0,0,27,0,0
420525,0,1,0,0,0,0,0,0,0,0,0,0
420525,1,1,0,0,0,0,0,0,0,0,0,0
420526,1,1,28,28,28,28,28,28,28,28,28,28
420526,2,1,0,0,0,0,0,0,0,0,0,0
420527,1,1,0,14,13,9,14,0,28,14,0,10
420528,1,1,5,5,5,5,5,5,5,5,5,5
420529,1,1,5,5,5,5,5,5,5,5,5,5
420530,1,1,13,0,0,7,12,0,0,8,0,10
420531,1,1,14,14,14,14,14,14,14,14,14,14
420532,1,1,0,0,0,0,0,0,0,0,0,0
420532,2,1,0,0,0,0,0,0,0,0,0,0
420532,3,1,0,0,0,0,0,0,0,0,0,0
420533,1,1,0,0,0,0,0,0,0,0,0,0
420534,0,1,0,0,0,0,0,0,0,0,0,0
420534,1,1,0,0,0,0,0,0,0,0,0,0
420535,0,1,0,0,0,0,0,0,0,0,0,0
420535,1,1,0,0,0,0,0,0,0,0,0,0
420536,1,1,0,0,0,0,0,0,0,0,0,0
420536,2,1,0,0,0,0,0,0,0,0,0,0
420536,3,1,0,0,0,0,0,0,0,0,0,0
420537,1,1,0,0,0,0,0,0,0,0,0,0
420538,1,1,18,18,18,18,18,18,18,18,18,18
420538,2,1,0,0,0,0,0,0,0,0,0,0
420539,1,1,0,0,0,0,0,0,0,0,0,0
420539,2,1,0,0,0,0,0,0,0,0,0,0
420540,0,1,0,0,0,0,3,0,0,0,0,17
420540,1,1,25,0,0,12,0,30,19,0,0,0
420541,0,1,0,0,0,0,0,0,0,0,0,0
420541,1,1,29,20,0,0,0,14,12,14,0,0
420542,1,1,0,0,0,0,0,0,0,0,0,0
420542,2,1,0,0,0,0,0,0,0,0,0,0
420543,0,1,0,0,0,0,0,0,0,0,0,0
420543,1,1,0,0,0,0,0,0,7,0,0,0
420544,0,1,24,24,24,24,24,24,24,24,24,24
420544,1,1,15,15,15,15,15,15,15,15,15,15
420545,1,1,0,0,0,0,0,0,0,0,0,0
420545,2,1,0,0,0,0,0,0,0,0,0,0
420546,1,1,25,25,25,25,25,25,25,25,25,25
420547,0,1,0,0,0,0,0,0,0,0,0,0
420547,1,1,0,7,0,0,0,0,0,8,0,0
420548,1,1,0,0,0,0,0,0,0,4,0,0
420548,2,1,0,0,0,0,0,0,0,0,0,0
420549,1,1,0,0,0,0,0,0,0,0,0,0
420549,2,1,0,0,0,0,0,0,0,0,0,0
420549,3,1,0,0,0,0,0,6,0,0,0,0
420550,1,1,30,30,30,30,30,30,30,30,30,30
420551,1,1,22,22,22,22,22,22,22,22,22,22
420552,1,1,0,0,0,0,0,0,0,0,0,0
420552,2,1,0,0,0,0,0,0,0,0,0,0
420552,3,1,0,0,0,0,6,0,0,8,0,0
420552,4,1,0,0,0,0,0,0,0,0,0,0
420553,1,1,0,0,0,0,0,0,0,0,0,0
420553,2,1,0,0,0,0,0,0,0,0,0,0
420553,3,1,0,0,0,0,0,0,0,0,0,0
420554,0,1,0,0,0,0,0,0,0,0,0,0
420554,1,1,0,0,20,0,0,0,0,0,0,0
420555,1,1,5,5,5,5,5,5,5,5,5,5
420556,1,1,0,0,0,0,0,0,0,0,0,0
420556,2,1,0,0,0,0,0,0,0,0,0,0
420557,1,1,0,0,0,0,0,0,0,0,0,0
420557,2,1,0,0,0,0,0,0,0,0,0,0
420558,1,1,0,0,0,0,0,0,0,0,0,0
420558,2,1,0,0,0,0,0,0,0,0,0,0
420559,1,1,0,0,0,0,0,0,0,0,0,0
420559,2,1,0,0,0,0,0,0,0,0,0,0
420559,3,1,0,0,0,0,0,0,0,0,0,0
420559,4,1,0,0,0,0,0,0,0,0,0,0
420559,5,1,0,0,0,16,0,0,0,0,0,0
420559,6,1,0,0,0,0,0,0,0,0,0,0
420559,7,1,0,0,0,12,0,0,0,0,0,0
420560,1,1,0,0,0,0,0,21,0,0,0,0
420560,2,1,0,0,0,13,0,11,0,0,6,0
420561,1,1,0,0,0,0,0,0,0,0,0,0
420561,2,1,0,0,0,0,0,0,0,0,16,0
420562,1,1,0,0,0,0,0,0,0,0,0,0
420563,1,1,0,0,0,0,0,0,0,0,0,0
420564,1,1,20,20,20,20,20,20,20,20,20,20
420565,1,1,13,13,13,13,13,13,13,13,13,13
420566,1,1,16,16,16,16,16,16,16,16,16,16
420567,1,1,0,0,0,0,0,0,0,0,0,0
420568,1,1,0,0,0,0,0,0,0,0,0,0
420569,1,1,67,67,67,67,67,67,67,67,67,67
420570,1,1,0,0,0,0,0,0,0,0,0,0
420571,1,1,15,15,15,15,15,15,15,15,15,15
420572,1,1,20,20,20,20,20,20,20,20,20,20
420573,1,1,0,0,0,0,0,0,0,0,0,0
420573,2,1,0,0,0,0,0,0,0,0,0,0
420574,1,1,0,0,0,0,6,0,0,0,0,0
420574,2,1,0,0,0,0,0,0,0,0,0,0
420575,1,1,13,13,13,13,13,13,13,13,13,13
420576,1,1,0,3,0,0,0,0,0,0,0,0
420576,2,1,0,0,0,0,0,0,0,0,0,0
420577,1,1,11,11,11,11,11,11,11,11,11,11
420578,1,1,0,0,0,0,0,0,0,0,0,0
420579,1,1,8,8,8,8,8,8,8,8,8,8
420580,1,1,0,0,0,0,0,0,0,0,0,0
420580,2,1,0,16,0,0,0,0,0,0,0,0
420581,1,1,0,0,0,0,0,0,0,0,0,0
420581,2,1,0,0,0,0,0,0,0,0,0,0
420582,1,1,0,0,0,0,0,0,0,0,0,0
420582,2,1,0,0,0,0,0,0,0,0,0,0
420583,1,1,3,3,3,3,3,3,3,3,3,3
420584,1,1,0,0,0,0,0,0,0,0,0,0
420585,0,1,0,0,0,0,0,0,0,0,0,0
420585,1,1,16,4,0,0,0,0,0,0,0,0
420586,1,1,0,0,0,29,0,0,0,0,0,0
420587,1,1,0,17,0,0,0,0,0,0,0,0
420588,1,1,20,20,20,20,20,20,20,20,20,20
420589,1,1,0,0,0,0,0,0,0,0,0,0
420589,2,1,0,0,0,0,0,0,0,0,0,0
420590,1,1,0,0,0,0,0,0,0,0,0,0
420590,2,1,0,0,0,0,0,0,0,0,0,0
420590,3,1,0,0,0,0,8,0,0,0,0,0
420591,1,1,0,0,0,0,0,0,0,0,0,0
420591,2,1,0,0,0,0,0,0,0,0,0,0
420592,1,1,10,10,10,10,10,10,10,10,10,10
420592,2,1,0,0,0,0,0,0,0,0,2,0
420593,1,1,18,18,18,18,18,18,18,18,18,18
420594,1,1,0,0,0,0,0,0,0,0,0,0
420594,2,2,0,0,0,0,0,0,0,0,0,0
420595,1,1,3,3,3,3,3,3,3,3,3,3
420595,2,1,0,0,0,0,0,0,0,0,0,0
420596,1,1,0,0,0,0,0,0,0,0,0,0
420596,2,1,0,0,0,0,0,0,0,0,0,0
420597,1,1,0,0,0,0,0,0,0,0,0,0
420597,2,1,0,0,0,0,0,0,0,0,0,0
420598,1,1,0,0,0,0,0,0,0,0,0,0
420598,2,1,0,0,0,0,0,0,0,0,0,0
420599,1,1,0,0,0,0,0,0,0,0,0,0
420599,2,1,0,0,0,0,0,0,0,0,0,0
420600,1,1,0,0,0,0,0,0,0,0,0,0
420601,1,1,0,0,0,0,0,0,0,0,0,0
420601,2,1,0,0,0,0,0,0,0,0,0,0
420601,3,1,0,0,0,0,0,0,0,0,0,0
420602,1,1,0,0,0,0,0,0,0,0,0,0
420602,2,1,0,0,0,10,0,0,0,0,0,0
420603,1,1,21,21,21,21,21,21,21,21,21,21
420603,2,1,0,0,0,0,0,0,0,0,0,0
420604,1,1,0,0,0,0,0,0,0,0,0,0
420604,2,1,0,0,0,0,10,0,0,0,0,0
420605,1,1,0,0,0,0,0,0,0,0,0,0
420605,2,1,0,0,0,0,0,0,0,0,0,0
420606,1,1,0,0,0,0,0,0,0,0,0,0
420607,1,1,0,0,0,0,0,0,0,0,0,0
420608,1,1,22,22,22,22,22,22,22,22,22,22
420608,2,1,0,0,0,0,0,0,0,0,12,0
420609,0,1,0,0,0,0,0,0,0,0,0,0
420609,1,1,0,0,0,0,0,0,0,0,0,0
420610,1,1,0,0,0,0,0,0,0,0,0,0
420611,1,1,0,0,0,0,0,0,0,0,0,0
420612,1,1,24,24,24,24,24,24,24,24,24,24
420613,1,1,20,20,20,20,20,20,20,20,20,20
420613,2,1,0,0,0,0,0,0,0,0,0,0
420614,1,1,19,19,19,19,19,19,19,19,19,19
420615,1,1,0,0,0,0,0,0,0,0,0,0
420616,1,1,0,0,0,0,0,0,0,0,0,0
420616,2,1,0,0,0,0,0,0,0,0,0,0
420617,1,1,11,11,11,11,11,11,11,11,11,11
420618,1,1,0,0,0,0,0,0,0,0,0,0
420619,1,1,8,8,8,8,8,8,8,8,8,8
420620,1,1,8,22,14,22,22,11,31,29,15,11
420621,1,1,0,0,0,0,0,0,0,0,0,0
420622,1,1,15,15,15,15,15,15,15,15,15,15
420623,1,1,26,26,26,26,26,26,26,26,26,26
420624,1,1,0,0,0,0,0,0,0,0,0,0
420625,1,1,6,6,6,6,6,6,6,6,6,6
420626,1,1,0,0,0,0,0,0,0,0,0,0
420626,2,1,0,0,0,0,0,0,0,0,0,0
420627,1,1,15,15,15,15,15,15,15,15,15,15
420628,1,1,0,0,0,0,0,0,0,0,0,0
420629,1,1,22,22,22,22,22,22,22,22,22,22
420630,1,1,0,0,0,0,0,0,0,0,0,0
420631,1,1,0,0,0,0,0,0,0,0,0,0
420632,1,1,9,16,38,21,19,29,40,22,14,27
420633,1,1,30,30,30,30,30,30,30,30,30,30
420634,1,1,25,25,25,25,25,25,25,25,25,25
420635,1,1,27,27,27,27,27,27,27,27,27,27
420636,1,1,5,5,5,5,5,5,5,5,5,5
420636,2,1,0,0,0,0,0,0,0,0,0,0
420638,1,1,0,0,0,0,0,0,0,0,0,0
420639,1,1,0,0,0,0,0,0,0,0,0,0
420640,1,1,0,0,9,0,0,10,0,0,4,0
420641,0,1,1,1,1,1,1,1,1,1,1,1
420641,1,1,0,0,0,0,0,0,0,0,0,0
420642,1,1,0,0,0,0,0,0,0,0,0,0
420642,2,1,0,0,0,0,0,0,0,0,0,0
420642,3,1,0,0,0,0,0,0,0,0,0,0
420643,0,1,0,0,0,0,0,0,0,0,0,0
420643,1,1,0,0,0,0,0,0,0,0,0,0
420644,1,1,26,26,26,26,26,26,26,26,26,26
420645,1,1,0,0,0,0,0,0,0,0,0,0
420645,2,1,0,0,0,0,0,0,0,0,0,0
420646,1,1,20,20,20,20,20,20,20,20,20,20
420647,1,1,0,0,0,0,0,0,0,0,0,0
420647,2,1,0,0,0,14,0,12,2,0,0,0
420648,1,1,17,17,17,17,17,17,17,17,17,17
420649,1,1,0,0,0,0,0,0,0,0,0,0
420650,1,1,0,0,0,0,0,24,0,0,0,0
420650,2,1,0,0,10,0,0,0,0,0,0,0
420651,0,1,22,22,22,22,22,22,22,22,22,22
420651,1,1,0,0,0,0,0,0,0,0,0,0
420652,0,1,0,0,0,0,0,0,0,0,0,0
420652,1,1,0,0,15,0,0,22,6,0,0,0
420653,1,1,0,0,0,0,0,0,0,0,0,0
420653,2,1,0,0,0,27,0,0,0,0,0,0
420653,3,1,0,0,0,0,0,0,0,0,0,0
420653,4,1,0,0,0,0,0,0,0,0,0,0
420653,5,1,0,0,0,0,0,0,0,0,0,0
420653,6,1,0,0,0,0,0,0,0,0,0,0
420653,7,1,0,0,0,0,0,0,0,0,0,0
420654,1,1,0,0,0,0,0,0,0,0,0,0
420655,1,1,20,20,20,20,20,20,20,20,20,20
420655,2,1,0,0,0,0,0,0,0,0,0,0
420656,1,1,0,0,0,0,0,0,0,0,0,0
420656,2,1,0,19,0,0,0,6,0,0,0,0
420657,0,1,0,0,0,0,0,0,0,0,0,0
420657,1,1,0,0,0,0,0,0,0,0,0,0
420658,0,1,0,0,0,0,0,0,0,0,0,10
420658,1,1,0,0,0,0,0,0,0,0,0,0
420659,0,1,19,0,3,0,0,10,0,0,21,0
420659,1,1,21,21,21,21,21,21,21,21,21,21
420660,1,1,22,22,22,22,22,22,22,22,22,22
420661,0,1,0,0,0,0,0,0,0,0,0,0
420661,2,1,0,0,0,0,0,0,0,0,0,0
420662,1,1,0,0,0,0,0,0,0,0,0,0
420663,1,1,25,15,10,27,12,10,23,23,16,11
420664,1,1,11,17,15,12,27,42,17,20,17,9
420665,1,1,0,0,0,0,0,0,0,0,0,0
420665,2,1,0,0,0,0,0,0,0,0,0,0
420666,1,1,0,0,0,0,0,0,0,0,0,0
420666,2,1,0,0,0,0,0,0,0,0,0,0
420667,1,1,0,0,0,0,0,0,0,0,0,0
420667,2,1,0,0,0,0,0,0,0,0,0,0
420668,0,1,0,0,0,0,0,0,0,0,0,0
420668,1,1,0,0,0,0,0,0,0,0,0,0
420669,1,1,0,0,0,0,0,0,0,0,0,0
420669,2,1,0,23,0,0,0,0,8,0,0,0
420670,0,1,25,15,31,15,25,24,9,35,0,18
420670,1,1,0,13,0,19,0,0,17,22,0,0
420671,1,1,0,0,0,0,0,0,0,0,0,0
420672,1,1,16,16,16,16,16,16,16,16,16,16
420672,2,1,0,0,0,0,0,0,0,0,0,0
420673,1,1,11,11,11,11,11,11,11,11,11,11
420674,1,1,13,13,13,13,13,13,13,13,13,13
420675,1,1,0,0,4,13,22,0,0,0,0,0
420676,1,1,4,4,4,4,4,4,4,4,4,4
420677,1,1,0,0,0,0,0,0,0,0,0,0
420678,1,1,0,0,0,0,0,0,0,0,0,0
420679,1,1,18,18,18,18,18,18,18,18,18,18
420680,0,1,0,0,0,0,0,0,0,0,0,0
420680,1,1,0,0,0,0,0,0,0,0,0,0
420680,2,1,0,0,0,0,0,0,0,0,0,0
420681,1,1,0,0,0,0,0,0,0,0,0,0
420682,1,1,26,26,26,26,26,26,26,26,26,26
420683,1,1,0,0,0,0,0,0,0,0,0,0
420684,1,1,0,0,0,0,0,0,0,0,0,0
420685,1,1,0,0,0,0,0,13,20,0,0,0
420686,1,1,0,0,0,0,0,0,0,0,0,0
420687,1,1,0,0,0,0,0,0,0,0,0,0
420688,1,1,0,0,0,0,0,0,0,0,0,0
420689,1,1,0,0,0,0,0,0,0,0,0,0
420690,1,1,9,9,9,9,9,9,9,9,9,9
420691,1,3,0,0,17,0,0,0,0,21,15,7
420692,1,1,13,13,13,13,13,13,13,13,13,13
420693,1,1,0,0,0,0,0,0,0,0,0,0
420694,0,1,0,0,0,0,0,0,10,0,0,0
420694,1,1,3,3,3,3,3,3,3,3,3,3
420695,1,1,0,0,0,0,0,0,0,0,0,0
420696,1,1,0,0,0,0,0,0,0,0,0,0
420697,1,1,0,0,0,0,0,0,0,0,0,0
420698,1,1,10,10,10,10,10,10,10,10,10,10
420698,2,1,0,0,0,0,0,0,0,5,0,0
420699,1,1,0,0,0,0,0,0,0,0,0,0
420700,1,1,0,0,0,0,0,0,0,0,0,0
420701,1,1,0,0,0,0,0,0,0,0,0,0
420701,2,1,0,0,0,0,0,0,0,0,0,0
420702,1,1,0,16,0,12,26,0,7,0,0,0
420703,1,1,25,25,25,25,25,25,25,25,25,25
420704,0,1,22,21,19,23,34,0,0,17,31,0
420704,1,1,0,0,0,0,0,0,0,0,0,0
420705,1,1,0,0,0,0,0,0,0,0,0,0
420706,1,1,0,10,0,0,0,0,0,0,0,0
420707,1,1,0,0,0,0,0,0,0,0,0,0
420708,1,1,0,0,0,0,0,0,0,0,0,0
420709,1,1,23,23,23,23,23,23,23,23,23,23
420710,1,1,0,0,0,0,0,0,0,0,0,0
420711,1,1,26,26,26,26,26,26,26,26,26,26
420712,1,1,0,0,0,0,0,0,0,0,0,0
420713,1,1,20,20,20,20,20,20,20,20,20,20
420714,1,1,22,22,22,22,22,22,22,22,22,22
420714,2,1,0,0,0,0,0,0,0,0,0,0
420715,1,1,0,0,0,0,0,0,0,0,0,0
420715,2,1,0,0,0,0,0,0,0,0,20,0
420716,1,1,0,0,0,0,0,0,0,0,0,0
420716,2,1,0,0,0,0,0,0,0,0,0,0
420717,1,1,0,0,0,0,0,0,0,0,0,0
420717,2,1,0,0,17,0,0,0,0,0,0,0
420718,1,1,0,0,0,0,0,0,0,0,0,0
420718,2,1,0,0,0,0,0,0,0,0,0,0
420719,1,1,9,9,9,9,9,9,9,9,9,9
420719,2,1,0,0,0,0,0,0,0,0,0,0
420720,0,1,0,0,0,0,0,0,0,0,0,0
420720,1,1,0,0,0,0,0,0,0,0,0,0
420721,1,1,0,0,0,0,0,0,0,0,0,0
420721,2,1,0,0,0,0,0,0,0,0,0,0
420722,1,1,25,25,25,25,25,25,25,25,25,25
420723,1,1,0,0,0,0,0,0,0,0,0,0
420723,2,1,0,0,0,0,0,0,0,0,0,0
420724,1,1,0,0,0,0,0,0,0,0,0,0
420724,2,1,0,0,0,0,0,0,0,0,0,0
420725,1,1,0,0,0,0,0,0,0,0,0,0
420725,2,1,0,0,0,0,0,0,0,0,0,0
420726,1,1,0,0,0,0,0,0,0,0,0,0
420726,2,1,0,0,0,0,0,0,0,0,0,0
420726,3,1,0,0,0,0,0,0,0,0,0,0
420727,1,1,0,0,0,0,0,0,0,0,0,0
420727,2,1,0,0,0,0,0,0,0,0,0,0
420728,1,1,0,0,0,0,0,0,0,0,0,0
420728,2,1,0,0,0,0,0,0,0,0,0,0
420729,1,1,0,0,0,0,0,0,0,0,0,0
420729,2,1,0,0,0,0,0,0,0,0,0,0
420730,1,1,0,0,0,0,0,0,0,0,0,0
420730,2,1,0,0,0,0,0,0,0,0,0,0
420731,1,1,0,0,0,0,0,0,0,0,0,0
420731,2,1,0,0,0,0,0,0,0,0,0,0
420732,1,1,0,0,0,0,0,0,0,0,0,0
420733,1,1,9,0,0,0,0,13,0,0,0,0
420733,2,1,0,0,0,0,0,0,0,0,0,0
420734,1,1,0,0,0,0,0,0,0,0,0,0
420734,2,1,0,0,0,0,0,0,0,0,0,0
420735,1,1,0,0,0,0,0,23,0,0,0,0
420735,2,1,0,0,0,0,0,0,0,0,0,13
420736,1,1,0,0,0,0,0,0,0,0,0,0
420737,1,1,0,0,0,0,0,0,0,0,0,0
420737,2,1,0,0,0,0,0,0,0,0,0,0
420738,0,1,1,1,1,1,1,1,1,1,1,1
420738,1,1,0,0,0,0,0,0,0,0,0,0
420739,1,1,23,10,2,7,7,27,32,18,26,5
420740,1,1,16,16,16,16,16,16,16,16,16,16
420740,2,1,0,9,0,0,0,0,0,0,0,0
420741,1,1,0,0,0,0,0,0,0,0,0,0
420741,2,1,0,0,0,0,0,0,24,6,0,0
420742,1,1,26,26,26,26,26,26,26,26,26,26
420742,2,1,0,0,0,0,0,0,0,0,0,0
420743,1,1,0,0,0,0,0,0,0,0,0,0
420743,2,1,0,0,0,0,0,0,0,0,0,0
420744,1,1,0,0,0,0,0,0,0,0,0,0
420744,2,1,0,0,0,0,0,0,0,0,0,0
420745,1,1,31,31,31,31,31,31,31,31,31,31
420746,1,1,0,0,0,0,0,0,0,0,0,0
420746,2,1,0,0,0,0,0,15,0,0,0,0
420747,1,1,0,0,0,0,0,0,0,0,0,0
420747,2,1,0,0,0,0,0,0,0,0,0,0
420748,0,1,13,13,13,13,13,13,13,13,13,13
420748,1,1,0,0,0,0,0,0,0,0,0,0
420749,1,1,0,0,0,0,0,0,0,0,0,0
420749,2,1,0,0,0,0,0,0,0,0,0,0
420750,1,1,25,25,25,25,25,25,25,25,25,25
420750,2,1,0,0,0,0,0,0,0,0,0,0
420751,1,1,0,0,0,0,0,0,0,0,0,0
420751,2,1,0,0,0,0,0,0,0,0,0,0
420752,1,1,18,0,21,5,9,9,18,29,21,22
420752,2,1,0,0,0,0,0,0,0,0,0,0
420753,1,1,0,0,0,0,0,0,0,0,0,0
420753,2,1,0,0,0,0,0,0,0,0,0,0
420754,1,1,14,14,14,14,14,14,14,14,14,14
420755,1,1,26,26,26,26,26,26,26,26,26,26
420755,2,1,5,5,5,5,5,5,5,5,5,5
420756,1,1,0,0,0,0,0,0,0,0,0,0
420756,2,1,0,0,0,0,0,0,0,0,0,0
420756,4,1,0,0,0,0,0,0,0,0,0,0
420757,1,1,0,0,0,0,0,0,0,0,0,0
420757,2,1,0,0,0,0,0,0,0,0,0,0
420757,3,1,0,0,0,0,0,0,0,0,0,0
420758,1,1,0,0,0,0,0,0,0,0,0,0
420758,2,1,0,0,0,15,0,0,0,0,0,0
420759,1,1,0,0,0,0,0,0,0,0,0,0
420759,2,1,0,0,0,0,0,0,0,0,0,0
420760,1,1,17,17,17,17,17,17,17,17,17,17
420760,2,1,0,27,0,0,0,0,0,0,0,0
420761,1,1,30,30,30,30,30,30,30,30,30,30
420761,2,1,0,0,26,0,23,0,0,0,0,0
420762,0,1,0,0,0,0,0,0,0,0,0,0
420762,1,1,0,0,0,0,0,0,0,0,0,0
420763,0,1,15,15,15,15,15,15,15,15,15,15
420763,1,1,0,15,0,0,0,0,0,0,0,0
420764,1,1,0,0,0,0,0,0,0,0,0,0
420764,2,1,0,0,0,0,0,0,0,0,0,0
420765,1,1,0,0,0,0,0,0,0,0,0,0
420765,2,1,0,0,0,0,0,0,0,0,0,0
420766,1,1,0,0,0,0,0,0,0,0,0,17
420766,2,1,0,0,0,0,0,0,0,0,0,0
420766,3,1,0,0,0,0,18,0,0,0,0,18
420767,1,1,27,27,27,27,27,27,27,27,27,27
420768,1,1,0,0,0,0,0,0,0,0,0,0
420768,2,1,0,17,8,0,0,5,8,0,0,0
420769,1,1,0,0,0,0,0,11,0,0,0,0
420770,1,1,0,0,0,0,0,0,0,0,0,0
420770,2,1,0,0,0,0,0,0,0,0,0,0
420771,1,1,9,0,0,0,0,0,0,0,0,0
420771,2,1,0,0,0,0,0,0,0,0,0,0
420772,1,1,0,0,0,0,0,0,0,0,0,0
420772,2,1,0,0,0,0,0,0,0,0,0,0
420773,1,1,0,0,0,0,0,0,0,0,0,0
420773,2,2,0,0,0,0,0,0,0,0,0,0
420774,1,1,0,0,0,0,0,0,0,0,0,0
420774,2,1,0,0,0,0,0,0,0,0,0,0
420775,1,1,0,0,0,0,0,0,0,0,0,0
420776,1,1,0,0,0,0,0,0,0,0,0,0
420776,2,1,0,0,0,0,0,0,0,0,0,16
420777,1,1,0,0,0,0,0,0,0,0,0,0
420777,2,1,0,0,0,0,0,0,0,0,0,0
420777,3,1,0,0,0,0,0,0,0,0,0,0
420778,1,1,0,0,0,0,0,0,0,0,0,0
420779,0,1,0,0,0,0,0,0,0,0,0,0
420779,0,2,0,0,0,0,0,0,0,0,0,0
420779,1,1,15,15,15,15,15,15,15,15,15,15
420780,0,1,0,0,0,0,0,0,0,0,0,0
420780,1,1,0,0,0,0,0,0,0,0,0,12
420781,0,1,9,9,9,9,9,9,9,9,9,9
420781,1,1,0,0,13,0,0,0,0,0,0,0
420782,1,1,0,0,0,0,0,0,0,0,0,0
420782,2,1,0,0,0,0,0,0,0,0,0,0
420782,3,1,0,0,0,0,0,0,0,0,0,0
420782,4,1,0,0,0,0,0,0,0,0,0,0
420783,1,1,8,13,6,0,23,0,19,26,0,16
420784,1,1,0,0,0,0,0,0,0,0,0,0
420785,1,1,23,23,23,23,23,23,23,23,23,23
420786,1,1,24,24,24,24,24,24,24,24,24,24
420787,1,1,0,0,0,0,0,0,0,0,0,0
420788,1,1,0,0,0,0,0,0,0,0,0,21
420789,1,1,0,0,0,0,0,0,0,0,0,0
420790,1,1,21,21,21,21,21,21,21,21,21,21
420791,0,1,0,0,0,0,0,0,0,0,0,0
420791,0,2,0,0,0,0,0,0,0,0,0,0
420791,1,1,0,0,0,0,0,0,0,0,0,0
420792,1,1,0,0,0,0,0,0,0,0,0,0
420793,1,1,0,0,0,0,0,0,0,0,0,0
420794,1,1,0,0,0,0,0,0,0,0,0,0
420795,1,1,10,10,10,10,10,10,10,10,10,10
420796,1,1,0,0,0,0,0,0,0,0,0,0
420797,1,1,22,22,22,22,22,22,22,22,22,22
420798,1,1,18,18,18,18,18,18,18,18,18,18
420799,1,1,20,0,24,30,11,0,0,26,3,10
420800,1,1,0,0,0,0,0,0,0,0,0,0
420801,1,1,0,0,0,0,0,0,0,0,0,0
420802,1,1,0,0,0,0,0,0,0,0,0,0
420803,1,1,22,22,22,22,22,22,22,22,22,22
420804,1,1,12,12,12,12,12,12,12,12,12,12
420805,1,1,0,0,0,0,0,0,0,0,0,0
420805,2,1,0,0,0,0,0,0,0,0,0,0
420806,1,1,0,0,0,0,0,0,0,0,0,0
420806,2,1,27,0,12,11,31,0,0,0,0,4
420807,1,1,19,19,19,19,19,19,19,19,19,19
420808,1,1,0,0,0,0,0,0,0,0,0,0
420808,2,1,0,0,0,7,0,0,0,0,0,0
420808,3,1,0,0,0,6,11,0,20,0,0,20
420808,4,1,0,0,0,0,0,0,0,0,0,0
420809,0,1,0,0,29,17,13,0,0,0,0,13
420809,1,1,0,0,0,0,0,0,0,0,0,0
420810,1,1,0,0,0,0,0,0,0,0,0,0
420810,2,1,0,0,0,0,0,0,0,0,0,0
420811,1,1,0,0,0,0,0,0,0,0,0,0
420811,2,1,0,0,0,0,0,0,0,0,0,0
420812,1,1,0,0,0,0,0,0,0,0,0,0
420812,2,1,0,0,0,0,0,0,0,0,0,0
420813,1,1,0,0,0,0,0,0,0,0,0,0
420813,2,1,0,0,0,0,0,0,0,0,0,0
420814,1,1,0,0,0,0,0,0,0,0,0,0
420814,2,1,0,0,0,0,0,0,0,0,0,0
420814,3,1,0,0,13,0,0,0,0,0,0,0
420815,1,1,0,0,0,0,0,0,0,0,0,0