ST_CASE,VEH_NO,PER_NO,P1,P2,P3,P4,P5,P6,P7,P8,P9,P10
420815,2,1,0,0,0,0,0,0,0,0,0,0
420816,1,1,0,0,0,0,0,0,0,0,0,0
420816,2,1,0,0,0,0,0,0,0,0,0,0
420817,1,1,14,14,14,14,14,14,14,14,14,14
420818,1,1,5,5,5,5,5,5,5,5,5,5
420819,1,1,4,4,4,4,4,4,4,4,4,4
420820,1,1,0,0,0,0,0,0,0,0,0,0
420821,1,1,18,18,18,18,18,18,18,18,18,18
420822,1,1,16,16,16,16,16,16,16,16,16,16
420823,1,1,0,0,0,0,0,0,0,0,0,0
420824,1,1,18,18,18,18,18,18,18,18,18,18
420825,1,1,24,24,24,24,24,24,24,24,24,24
420826,1,1,0,0,21,0,0,0,0,0,0,0
420827,1,1,17,17,17,17,17,17,17,17,17,17
420828,1,1,0,0,0,0,0,0,0,0,0,0
420829,1,1,38,38,38,38,38,38,38,38,38,38
420830,1,1,0,0,0,0,0,0,0,0,0,0
420831,1,1,28,28,28,28,28,28,28,28,28,28
420831,2,1,0,0,0,0,0,11,0,0,0,0
420832,1,1,7,7,7,7,7,7,7,7,7,7
420833,1,1,0,0,0,0,0,0,0,0,0,0
420834,1,1,9,9,9,9,9,9,9,9,9,9
420835,1,1,0,0,0,0,0,0,0,0,0,0
420835,2,1,0,0,0,0,0,0,14,0,0,0
420836,1,1,0,0,0,0,0,0,0,0,0,0
420836,2,1,0,0,0,0,0,0,0,0,0,0
420837,0,1,0,0,0,0,0,0,0,0,0,0
420837,1,1,0,0,0,0,0,0,0,0,0,0
420838,1,1,0,0,0,0,0,0,0,0,0,0
420838,2,1,0,0,0,0,0,0,0,0,0,0
420839,1,1,0,0,0,0,0,0,0,0,0,0
420840,1,1,0,0,0,0,0,0,0,0,0,0
420841,0,1,0,0,0,0,0,0,0,0,0,0
420841,1,1,0,0,0,0,0,0,0,0,0,0
420842,1,1,8,8,8,8,8,8,8,8,8,8
420843,0,1,0,0,0,0,0,0,0,0,0,0
420843,1,1,0,0,0,0,0,0,0,0,0,0
420844,1,1,15,15,15,15,15,15,15,15,15,15
420845,1,1,0,0,0,0,0,0,0,0,0,0
420846,1,1,15,15,15,15,15,15,15,15,15,15
420847,0,1,0,0,0,0,0,0,0,0,0,0
420847,1,1,0,0,0,0,0,0,0,0,0,0
420848,1,1,23,23,23,23,23,23,23,23,23,23
420849,1,1,0,0,0,0,0,0,0,0,0,0
420849,2,1,0,0,0,0,0,0,0,0,0,0
420850,1,1,0,0,0,0,0,0,0,0,0,0
420850,2,1,0,0,0,0,0,0,0,0,0,0
420851,1,1,94,94,94,94,94,94,94,94,94,94
420851,2,1,0,0,0,0,0,0,0,0,0,0
420851,3,1,0,0,0,0,0,0,0,0,0,0
420852,1,1,11,11,11,11,11,11,11,11,11,11
420852,2,1,8,8,8,8,8,8,8,8,8,8
420853,1,1,0,0,0,0,0,0,0,0,0,0
420853,2,1,0,0,0,0,0,0,0,0,0,0
420854,1,1,0,0,0,0,0,0,13,0,12,0
420854,2,1,0,0,0,0,0,0,0,0,11,0
420855,1,1,0,0,0,0,0,0,0,0,0,0
420855,2,1,0,0,0,0,0,0,0,0,0,0
420856,1,1,0,0,0,0,0,0,0,0,0,0
420856,2,1,0,0,0,0,0,0,0,0,0,0
420857,1,1,0,0,0,0,0,0,0,0,0,0
420857,2,1,0,0,0,0,0,0,0,0,0,0
420858,1,1,19,19,19,19,19,19,19,19,19,19
420859,1,1,0,0,0,0,0,0,0,0,0,0
420860,1,1,0,0,0,0,0,0,0,0,0,0
420860,2,1,0,0,0,0,0,0,0,0,0,0
420861,1,1,0,0,0,0,0,0,0,0,0,0
420862,1,1,26,15,0,5,17,0,0,8,4,12
420862,2,1,0,0,0,0,0,0,0,0,0,0
420862,3,1,0,0,0,0,0,0,0,0,0,0
420862,4,1,0,0,0,0,0,0,0,0,0,0
420863,1,1,0,0,0,0,0,0,0,0,0,0
420863,2,1,0,0,0,0,0,0,0,0,0,0
420864,1,1,0,0,0,0,0,0,0,0,0,0
420864,2,1,0,0,0,0,0,0,0,0,0,0
420865,1,1,23,23,23,23,23,23,23,23,23,23
420866,1,1,0,0,0,0,0,0,0,0,0,0
420866,2,1,0,0,0,0,0,0,0,0,0,0
420867,1,1,19,0,14,20,0,0,0,0,0,0
420868,0,1,0,0,0,6,0,0,0,0,0,0
420868,1,1,0,0,0,0,0,0,0,0,0,0
420869,1,1,0,0,0,0,0,0,0,0,0,0
420870,0,1,0,0,0,0,0,0,0,0,0,0
420870,1,1,0,0,0,0,0,0,0,0,0,0
420871,0,1,0,0,0,0,0,0,0,0,0,0
420871,1,1,0,0,0,0,0,0,0,0,0,0
420872,1,1,19,19,19,19,19,19,19,19,19,19
420873,1,1,21,21,21,21,21,21,21,21,21,21
420874,1,1,0,0,0,0,0,0,10,0,0,0
420874,2,1,18,18,18,18,18,18,18,18,18,18
420875,1,1,29,11,18,0,0,0,24,0,22,0
420876,1,1,0,0,0,0,0,0,0,0,0,0
420876,2,1,0,0,0,0,0,0,0,0,0,0
420877,0,1,0,0,0,0,0,0,0,0,0,0
420877,1,1,0,0,0,0,0,0,0,0,0,0
420878,1,1,0,0,0,0,0,0,0,0,0,0
420879,1,1,0,20,15,29,0,0,0,0,0,0
420880,1,1,0,0,0,0,0,0,0,0,0,0
420880,2,1,0,0,0,0,0,15,0,0,0,0
420880,3,1,0,0,13,0,0,0,0,12,0,0
420881,0,1,17,17,17,17,17,17,17,17,17,17
420881,1,1,0,0,0,0,0,0,0,0,0,0
420882,0,1,0,0,0,0,0,0,0,0,0,0
420882,1,1,0,0,0,0,0,0,0,0,0,0
420883,1,1,0,0,0,0,0,0,0,0,0,0
420884,1,1,11,6,0,0,0,0,0,35,42,11
420885,1,1,26,22,13,24,7,29,8,33,25,21
420886,1,1,0,0,0,0,0,0,0,0,0,0
420886,2,1,0,0,0,0,0,0,0,9,0,0
420887,1,1,0,0,0,0,0,0,0,0,0,0
420887,2,1,0,10,0,0,0,0,0,0,0,0
420888,1,1,0,0,0,0,0,0,0,0,0,0
420888,2,1,0,6,0,6,0,0,16,0,0,13
420888,3,1,0,0,0,0,0,0,0,0,0,0
420889,1,1,0,0,0,0,0,0,0,0,0,0
420889,2,1,0,0,0,0,0,0,0,0,0,0
420889,3,1,0,0,0,0,0,0,0,0,0,0
420890,1,1,0,0,0,0,0,0,0,0,0,0
420891,1,1,30,30,30,30,30,30,30,30,30,30
420892,1,1,0,0,0,0,0,0,0,0,0,12
420893,0,1,0,0,0,0,0,0,0,0,0,0
420893,1,1,13,13,13,13,13,13,13,13,13,13
420894,1,1,0,4,0,14,0,0,0,14,0,0
420894,2,1,6,6,6,6,6,6,6,6,6,6
420895,1,1,0,0,0,0,0,0,0,0,0,0
420895,2,1,0,0,0,0,0,0,0,0,0,0
420896,0,1,0,0,0,0,0,0,0,0,0,0
420896,0,2,0,0,0,0,0,0,0,0,0,0
420896,0,3,0,0,0,0,8,0,0,0,0,0
420896,0,4,0,0,0,0,0,0,0,0,0,0
420896,1,1,0,0,0,0,0,0,0,0,0,0
420897,1,1,0,0,0,0,0,0,0,0,0,0
420897,2,1,0,0,0,0,0,0,0,0,0,0
420897,3,1,0,0,0,0,0,0,0,0,0,0
420898,1,1,0,0,0,0,0,0,0,0,0,0
420899,1,1,14,14,14,14,14,14,14,14,14,14
420900,1,1,0,0,0,0,0,0,0,0,0,0
420900,2,1,0,0,0,0,0,0,0,0,0,0
420901,1,1,0,0,0,0,0,0,0,0,0,0
420901,2,1,0,0,0,0,0,0,0,0,0,0
420902,1,1,10,10,10,10,10,10,10,10,10,10
420902,2,1,0,0,0,0,0,0,0,0,0,0
420903,1,1,0,0,0,0,0,0,0,0,0,0
420903,2,1,0,0,0,0,0,0,0,0,0,0
420904,1,1,0,0,15,0,0,0,0,0,0,0
420904,2,1,0,0,0,0,0,0,0,0,0,0
420905,1,1,0,0,0,32,0,13,10,0,0,13
420905,2,1,0,0,0,0,0,0,7,0,0,0
420906,1,1,0,0,0,0,0,0,0,0,0,0
420906,2,1,0,0,0,0,0,0,0,0,0,0
420907,1,1,0,34,0,0,0,0,0,0,0,0
420907,2,1,0,0,0,0,0,0,0,0,0,0
420908,1,1,7,7,7,7,7,7,7,7,7,7
420908,2,1,1,1,1,1,1,1,1,1,1,1
420909,1,1,0,0,0,0,0,0,0,0,0,0
420909,2,1,0,0,0,0,0,0,0,0,0,0
420909,3,1,0,0,0,0,0,0,0,0,0,0
420910,1,1,17,17,17,17,17,17,17,17,17,17
420910,2,1,17,0,0,0,11,15,21,0,19,0
420911,1,1,18,18,18,18,18,18,18,18,18,18
420911,2,1,0,0,0,0,12,0,0,0,0,0
420912,1,1,0,0,0,0,0,0,0,0,0,0
420912,2,1,0,0,0,0,0,0,0,0,0,0
420913,1,1,21,21,21,21,21,21,21,21,21,21
420913,2,1,0,0,0,0,0,0,0,0,0,0
420913,3,1,0,0,0,0,0,0,0,0,0,4
420913,4,1,0,0,0,0,24,0,0,0,0,0
420914,0,1,23,23,23,23,23,23,23,23,23,23
420914,1,1,0,0,0,0,0,0,0,0,0,0
420915,1,1,0,0,0,0,0,0,0,0,0,0
420916,1,1,0,0,0,9,0,0,0,0,0,0
420917,1,1,0,0,0,0,0,0,0,0,0,0
420918,1,1,0,0,0,0,0,0,0,0,0,0
420919,1,1,0,0,0,0,0,0,0,0,0,0
420920,1,1,0,0,0,0,0,0,0,0,0,0
420921,1,1,14,14,14,14,14,14,14,14,14,14
420922,1,1,0,0,0,0,0,0,0,0,0,0
420922,2,1,0,0,0,0,0,0,0,0,0,0
420923,1,1,23,23,23,23,23,23,23,23,23,23
420924,1,1,0,0,0,0,0,0,0,0,0,21
420925,1,1,26,26,26,26,26,26,26,26,26,26
420926,1,1,22,22,22,22,22,22,22,22,22,22
420927,1,1,0,0,0,0,0,0,0,0,0,0
420927,2,1,0,0,0,0,0,0,0,0,0,0
420928,1,1,0,15,0,0,0,0,0,0,0,0
420928,2,1,0,0,0,0,0,0,5,0,0,0
420929,1,1,0,0,0,0,0,0,0,0,0,0
420929,2,1,0,0,0,0,0,0,0,0,0,0
420930,1,1,0,0,0,0,0,0,0,0,0,0
420930,2,1,0,0,0,0,0,0,0,0,0,0
420931,1,1,0,0,0,0,0,0,0,0,0,0
420932,1,1,0,0,0,0,0,0,0,0,0,0
420933,1,1,0,0,0,0,0,0,0,0,0,0
420934,1,1,0,0,0,0,0,0,0,0,0,0
420935,1,1,0,0,0,0,0,0,0,0,0,0
420936,1,1,0,6,14,9,6,5,27,26,13,25
420937,1,1,0,32,14,17,0,19,0,24,0,0
420938,1,1,23,23,23,23,23,23,23,23,23,23
420939,0,1,0,0,0,0,0,0,0,0,0,0
420939,0,2,19,0,0,0,0,0,0,0,0,21
420939,1,1,0,0,0,0,0,0,0,0,0,0
420940,0,1,0,37,19,0,23,13,25,33,34,47
420940,1,1,0,0,0,18,10,13,12,14,0,12
420941,1,1,0,0,0,0,20,0,0,0,0,0
420942,1,1,0,0,0,0,7,9,26,28,0,23
420942,2,1,0,0,0,0,0,0,0,0,0,0
420943,0,1,0,0,0,0,0,0,15,7,0,0
420943,1,1,0,0,0,0,0,0,0,0,0,0
420944,0,1,29,26,0,0,14,0,30,0,11,0
420944,1,1,0,0,0,0,0,24,0,0,0,0
420945,1,1,15,15,15,15,15,15,15,15,15,15
420946,0,1,0,0,47,6,25,0,0,0,0,0
420946,1,1,0,0,0,0,0,0,0,0,0,0
420947,1,1,35,35,35,35,35,35,35,35,35,35
420948,1,1,25,25,25,25,25,25,25,25,25,25
420949,1,1,0,0,0,0,0,0,0,0,0,0
420950,1,1,25,25,25,25,25,25,25,25,25,25
420951,1,1,0,0,0,0,0,0,0,0,0,0
420951,2,1,0,0,0,15,0,0,0,0,0,0
420952,1,1,0,0,0,0,0,0,0,0,0,0
420952,2,1,25,25,25,25,25,25,25,25,25,25
420953,1,1,17,17,17,17,17,17,17,17,17,17
420954,1,1,19,19,19,19,19,19,19,19,19,19
420955,1,1,0,0,0,0,0,0,0,0,0,0
420956,1,1,23,23,23,23,23,23,23,23,23,23
420956,2,1,0,0,0,0,0,0,0,0,0,0
420957,1,1,0,0,0,0,0,0,0,0,0,0
420957,2,1,0,0,0,0,0,0,0,0,0,0
420958,1,1,0,0,0,0,0,0,0,0,0,0
420958,2,1,0,0,0,0,4,0,0,0,0,0
420959,1,1,2,2,2,2,2,2,2,2,2,2
420960,1,1,8,8,8,8,8,8,8,8,8,8
420961,0,1,0,0,0,0,0,0,0,0,0,7
420961,1,1,0,0,0,0,0,0,0,0,0,0
420962,0,1,0,0,0,0,0,0,0,0,0,0
420962,1,1,0,0,0,0,0,0,0,0,0,0
420963,0,1,0,0,0,0,0,0,0,0,0,0
420963,0,2,0,0,0,0,0,0,0,0,0,0
420963,1,1,13,0,0,0,0,0,0,0,0,0
420964,1,1,0,0,0,0,0,0,0,0,0,0
420964,2,1,0,0,0,0,0,0,0,0,0,0
420965,1,1,0,0,0,0,0,0,0,0,0,0
420965,2,1,0,0,0,0,0,0,0,0,0,0
420966,0,1,0,0,0,0,0,0,0,0,0,0
420966,1,1,0,0,0,0,0,0,0,0,0,0
420967,1,1,11,0,0,0,0,0,0,0,0,0
420967,2,1,33,0,0,0,0,0,0,0,0,0
420968,1,1,0,0,0,0,0,0,0,0,0,0
420968,2,1,0,0,0,0,0,0,0,0,0,0
420969,1,1,0,0,0,0,0,0,0,0,0,0
420969,2,1,0,0,0,0,0,0,0,0,0,0
420970,1,1,0,0,0,0,0,0,0,0,0,0
420970,2,1,0,0,0,0,0,0,0,0,0,0
420971,1,1,0,0,0,0,0,0,0,0,0,0
420971,2,1,0,0,0,0,0,0,0,0,0,0
420972,1,1,0,0,0,0,0,0,0,0,0,0
420972,2,1,0,0,0,0,0,0,0,0,0,0
420973,1,1,0,0,0,0,0,0,0,0,0,0
420973,2,1,5,5,5,5,5,5,5,5,5,5
420974,1,1,0,0,0,0,0,0,0,0,0,0
420974,2,1,0,0,0,0,0,0,0,0,0,0
420975,1,1,20,20,20,20,20,20,20,20,20,20
420976,1,1,33,33,33,33,33,33,33,33,33,33
420977,1,1,0,0,0,0,0,0,0,0,0,0
420977,2,1,0,0,0,0,0,0,0,0,0,0
420978,1,1,0,0,0,0,0,0,0,0,0,0
420978,2,1,0,0,0,0,0,0,0,0,0,0
420978,3,1,0,0,0,0,0,0,0,0,0,0
420979,1,1,0,0,0,0,0,0,0,0,0,0
420979,2,1,0,0,0,0,0,13,0,0,0,0
420980,1,1,15,15,15,15,15,15,15,15,15,15
420980,2,1,0,0,0,0,0,0,0,0,0,0
420981,1,1,15,15,15,15,15,15,15,15,15,15
420981,2,1,0,31,0,0,0,0,0,0,0,0
420982,1,1,0,0,0,0,0,0,0,0,0,0
420982,2,1,0,0,0,0,0,3,0,0,0,0
420983,1,1,0,0,0,0,0,0,0,0,0,0
420983,2,1,0,0,0,0,0,0,0,0,0,0
420984,1,1,7,7,7,7,7,7,7,7,7,7
420984,2,1,0,0,11,0,0,0,0,0,0,0
420985,1,1,0,0,0,0,0,0,0,0,0,0
420986,1,1,0,0,0,0,0,0,0,25,0,0
420986,2,1,0,0,0,0,0,0,0,0,0,0
420987,1,1,0,0,0,0,0,0,0,0,0,0
420987,2,1,0,0,0,0,0,0,0,0,0,0
420987,3,1,0,0,0,0,0,0,0,13,0,0
420988,0,1,0,0,0,0,0,0,0,0,0,0
420988,1,1,0,0,0,0,0,0,0,0,0,0
420988,2,1,0,26,0,0,0,0,0,0,0,23
420989,1,1,0,0,0,0,0,0,0,0,0,0
420989,2,1,0,0,0,0,0,0,0,0,0,0
420990,1,1,0,0,0,0,0,0,0,0,0,0
420990,2,1,0,0,0,0,0,0,0,0,0,0
420991,1,1,6,6,6,6,6,6,6,6,6,6
420991,2,1,0,0,0,0,0,0,0,0,0,0
420992,1,1,0,0,0,0,0,0,0,0,0,0
420992,2,1,0,0,0,0,0,0,0,0,0,0
420993,1,1,0,0,0,0,0,0,0,0,0,0
420993,2,1,0,0,0,0,0,0,0,0,0,0
420994,0,1,0,0,0,0,0,0,0,0,0,0
420994,1,1,0,0,0,0,0,0,0,0,0,0
420994,2,1,0,0,0,0,0,0,0,0,0,0
420995,0,1,0,0,0,0,0,0,0,0,0,0
420995,1,1,0,0,0,0,0,0,0,0,0,0
420995,2,1,0,0,0,0,0,0,0,0,0,0
420995,3,1,0,0,0,0,0,0,0,0,0,0
420996,1,1,29,29,29,29,29,29,29,29,29,29
420997,1,1,0,0,0,0,0,0,0,0,0,0
420997,2,1,0,0,0,0,0,0,0,0,0,9
420997,3,1,16,9,14,23,18,26,14,13,15,20
420998,1,1,17,17,17,17,17,17,17,17,17,17
420998,2,1,0,0,20,14,0,5,17,8,25,5
420999,1,1,0,0,0,0,0,7,0,0,0,0
421000,1,1,0,0,0,0,0,0,0,0,0,0
421001,1,1,0,0,0,0,0,0,0,0,0,0
421002,1,1,14,14,14,14,14,14,14,14,14,14
421002,2,1,0,0,0,0,11,0,0,0,0,0
421002,3,1,0,0,0,0,0,0,5,0,0,0
421003,1,1,17,17,17,17,17,17,17,17,17,17
421003,2,1,0,0,0,0,0,0,0,0,0,0
421003,3,1,0,0,0,0,0,0,0,0,0,0
421004,1,1,0,0,0,0,0,0,0,0,0,0
421004,2,1,0,0,0,0,0,0,0,0,0,0
421004,3,1,0,0,0,0,0,0,0,0,0,0
421005,1,1,16,16,16,16,16,16,16,16,16,16
421006,1,1,0,0,0,0,0,0,0,0,0,0
421006,2,1,0,0,0,0,0,0,0,0,0,0
421006,3,1,0,0,0,0,0,0,0,0,0,0
421007,1,1,8,8,8,8,8,8,8,8,8,8
421007,2,1,16,31,0,16,11,9,6,9,4,17
421008,1,1,0,0,0,0,0,0,0,0,0,0
421008,2,1,0,0,0,0,0,0,0,0,0,0
421008,3,1,0,0,0,0,0,0,0,0,0,0
421008,4,1,0,0,0,0,0,0,0,0,0,0
421008,5,1,0,0,0,0,0,0,0,0,0,0
421009,1,1,0,0,0,0,0,0,0,0,0,0
421010,1,1,0,0,0,0,0,0,0,0,0,0
421011,1,1,18,18,18,18,18,18,18,18,18,18
421012,1,1,16,16,16,16,16,16,16,16,16,16
421013,0,1,0,0,0,0,0,0,0,0,0,0
421013,0,2,0,4,0,0,15,0,0,6,0,0
421013,1,1,0,0,0,0,11,0,0,0,0,0
421014,1,1,0,0,0,0,0,0,0,0,0,0
421015,1,1,36,36,36,36,36,36,36,36,36,36
421016,1,1,0,0,0,0,0,0,0,0,0,0
421017,1,1,21,21,21,21,21,21,21,21,21,21
421018,0,1,19,19,19,19,19,19,19,19,19,19
421018,1,1,0,0,0,0,0,0,0,0,0,0
421019,0,1,0,0,0,0,0,0,0,0,0,0
421019,0,2,0,0,0,0,0,0,0,0,0,0
421019,1,1,0,0,0,12,7,0,0,0,2,0
421020,1,1,10,15,5,14,0,0,9,17,0,0
421020,2,1,0,0,0,0,0,0,0,0,0,0
421020,3,1,0,0,0,8,0,0,0,0,0,0
421021,0,1,0,0,0,0,0,0,0,0,0,0
421021,1,1,0,0,0,0,0,0,0,0,0,0
421022,1,1,0,0,0,0,0,0,0,0,0,0
421022,2,1,0,0,0,0,0,0,0,0,0,0
421023,1,1,0,0,0,0,0,0,0,0,0,0
421023,2,1,0,0,0,0,0,0,0,0,0,0
421024,1,1,0,0,0,0,0,0,0,0,0,0
421024,2,1,0,0,0,0,0,0,0,0,0,0
421025,1,1,0,0,0,13,0,0,31,0,0,0
421026,1,1,0,0,0,0,0,0,0,0,0,0
421026,2,1,0,0,0,0,0,0,0,0,0,0
421027,0,1,0,0,0,0,0,0,0,0,0,0
421027,1,1,0,0,0,0,0,0,0,0,0,0
421028,1,1,0,0,12,0,0,0,0,0,0,0
421028,2,1,15,15,15,15,15,15,15,15,15,15
421029,1,1,17,17,17,17,17,17,17,17,17,17
421030,0,1,0,0,0,0,0,0,0,0,0,0
421030,1,1,21,16,21,10,12,11,13,24,0,10
421031,1,1,16,16,16,16,16,16,16,16,16,16
421032,1,1,0,0,0,0,0,0,0,0,0,0
421033,0,1,0,0,0,0,0,0,0,0,0,0
421033,1,1,0,0,0,0,0,0,0,0,0,0
421034,1,1,0,0,0,0,0,0,0,0,0,0
421034,2,1,0,0,0,0,0,0,0,0,0,0
421034,3,1,0,0,0,0,0,0,0,0,0,0
421035,1,1,0,0,0,0,0,0,0,0,0,0
421035,2,1,0,0,0,0,0,0,0,0,0,0
421036,1,1,21,21,21,21,21,21,21,21,21,21
421036,2,1,10,10,10,10,10,10,10,10,10,10
421036,3,1,0,0,0,0,0,0,2,0,0,0
421036,4,1,0,0,0,0,0,0,0,0,0,0
421037,1,1,0,0,0,0,0,0,0,0,0,0
421037,2,1,0,0,0,0,0,0,0,0,0,0
421038,1,1,0,0,0,0,0,0,0,0,0,0
421038,2,1,0,0,0,0,0,0,0,0,0,0
421039,1,1,0,0,0,0,0,0,0,0,0,0
421039,2,1,0,0,0,0,0,0,0,0,0,0
421040,1,1,0,0,0,0,0,0,0,0,0,0
421040,2,1,0,0,0,0,0,0,0,0,0,0
421041,1,1,20,22,16,24,0,13,0,12,0,0
421041,2,1,6,6,6,6,6,6,6,6,6,6
421042,1,1,0,0,0,0,0,0,0,0,0,0
421042,2,1,0,0,28,0,0,0,0,0,0,0
421043,1,1,9,9,9,9,9,9,9,9,9,9
421044,1,1,0,0,0,0,0,0,0,0,0,0
421044,2,1,0,0,0,0,0,0,0,0,0,0
421045,1,1,0,0,0,0,0,0,0,0,0,0
421045,2,1,0,0,0,0,0,0,0,0,0,0
421046,1,1,0,0,0,0,0,0,0,0,0,0
421046,2,1,0,0,0,0,0,0,0,0,0,0
421047,1,1,0,0,13,14,25,15,14,24,16,0
421048,0,1,0,0,0,0,0,0,0,0,0,0
421048,1,1,0,0,0,0,0,0,0,0,0,0
421049,1,1,35,35,35,35,35,35,35,35,35,35
421049,2,1,0,0,0,0,0,0,0,0,0,0
421050,1,1,0,0,0,0,0,0,0,0,0,0
421050,2,1,0,0,0,0,0,0,0,0,0,0
421051,1,1,0,0,0,0,0,0,0,0,0,0
421051,2,1,0,0,0,0,0,0,0,0,0,0
421052,1,1,17,17,17,17,17,17,17,17,17,17
421052,2,1,0,0,0,0,13,0,0,0,0,0
421053,1,1,0,0,0,0,0,0,0,0,0,0
421053,2,1,0,0,0,0,0,0,0,0,0,0
421054,1,1,0,0,0,0,0,0,0,0,0,0
421054,2,1,0,0,0,0,0,0,0,0,0,0
421055,1,1,8,11,20,14,22,0,15,26,0,16
421056,1,1,0,0,0,0,0,0,0,0,10,0
421056,2,1,0,0,0,0,0,0,0,0,0,0
421057,1,1,0,0,0,0,0,0,0,0,0,0
421057,2,1,0,0,0,0,0,0,0,0,0,0
421058,1,1,1,1,1,1,1,1,1,1,1,1
421058,2,1,0,0,0,0,0,0,0,0,0,0
421059,1,1,0,0,0,0,0,0,0,0,0,0
421059,2,1,0,0,0,0,0,0,0,0,0,0
421060,1,1,0,0,0,0,0,0,0,0,0,0
421061,1,1,36,36,36,36,36,36,36,36,36,36
421061,2,1,0,0,0,0,0,0,0,0,0,0
421062,1,1,0,0,0,0,0,0,0,0,0,0
421062,2,1,0,0,0,0,0,0,0,0,0,0
421063,1,1,0,31,0,0,9,13,18,0,10,23
421063,2,1,0,0,0,0,0,0,0,0,0,0
421064,1,1,0,0,0,0,0,0,0,0,0,0
421064,2,1,0,0,0,0,0,4,0,0,0,0
421065,1,2,8,8,8,8,8,8,8,8,8,8
421066,1,1,0,0,0,0,0,0,0,0,0,0
421066,2,1,0,0,0,0,0,0,0,0,26,0
421067,1,1,0,0,0,0,0,0,0,0,0,0
421067,2,1,0,0,0,0,0,0,0,0,0,0
421068,1,1,0,0,0,0,0,0,0,0,0,0
421068,2,1,0,0,0,0,0,0,0,0,0,0
421069,1,1,0,0,0,0,0,0,0,0,0,0
421069,2,1,0,0,0,0,0,0,0,0,0,0
421069,3,1,0,0,0,0,0,0,21,0,0,3
421070,1,1,0,10,0,0,0,0,28,15,0,0
421071,1,1,0,0,0,0,0,0,0,0,0,0
421071,2,1,0,0,0,0,0,0,0,0,0,0
421071,3,1,0,0,0,0,0,0,0,0,0,0
421072,1,1,0,0,0,0,0,0,0,0,0,0
421073,1,1,0,0,0,0,0,0,0,0,0,0
421074,1,1,0,0,0,0,0,0,0,0,0,0
421075,1,1,0,0,0,0,0,0,0,0,0,0
421075,2,1,0,0,0,0,0,0,0,0,0,0
421076,0,1,0,0,0,0,0,0,0,0,0,0
421076,1,1,0,0,0,0,0,0,0,0,0,0
421077,0,1,0,0,0,0,0,0,0,0,0,0
421077,1,1,0,0,0,0,0,0,0,0,0,0
421078,1,1,24,24,24,24,24,24,24,24,24,24
421079,1,1,0,0,0,0,0,0,0,0,0,0
421080,0,1,0,0,0,0,0,0,0,0,0,0
421080,1,1,0,0,0,0,0,0,0,0,0,0
421081,0,1,0,0,0,0,0,0,0,0,0,0
421081,1,1,0,0,0,0,0,0,0,0,0,0
421082,1,1,0,0,0,0,0,0,0,0,0,0
421083,1,1,0,0,0,0,0,0,0,0,0,0
421084,0,1,0,0,0,0,0,0,0,0,0,0
421084,1,1,0,0,0,0,0,22,0,0,0,0
421085,1,1,0,0,0,0,15,0,0,21,0,0
421086,1,1,14,14,14,14,14,14,14,14,14,14
421087,0,1,24,24,24,24,24,24,24,24,24,24
421087,1,1,0,0,0,0,0,0,0,0,0,0
421088,1,1,0,0,0,0,0,0,0,0,0,0
421089,1,1,0,0,0,0,0,0,0,0,0,0
421090,1,1,11,22,22,12,24,18,25,25,17,33
421091,1,1,23,23,23,23,23,23,23,23,23,23
421092,1,1,0,0,0,0,0,0,0,0,0,0
421093,1,1,0,0,0,0,0,0,0,0,0,0
421093,2,1,0,0,0,0,0,0,0,0,0,0
421093,3,1,0,0,0,0,0,0,0,0,0,0
421094,0,1,0,0,0,0,0,0,0,0,0,0
421094,1,1,0,0,0,0,0,0,0,0,0,0
421095,1,1,26,26,26,26,26,26,26,26,26,26
421095,2,1,0,0,0,0,0,0,0,34,0,0
421096,1,1,0,0,0,0,0,0,0,0,0,0
421097,1,1,21,21,21,21,21,21,21,21,21,21
421098,1,1,29,29,29,29,29,29,29,29,29,29
421099,1,1,20,20,20,20,20,20,20,20,20,20
421100,0,1,0,0,0,0,10,0,0,0,0,0
421100,1,1,0,0,0,0,0,0,0,0,0,0
421101,1,1,0,0,0,0,0,0,0,0,0,0
421102,0,1,12,31,17,23,16,32,0,42,0,0
421102,1,1,0,15,0,0,0,0,0,39,0,10
421103,1,1,0,0,0,0,0,0,0,0,0,0
421103,2,1,0,0,0,0,0,0,0,0,0,0
421104,1,1,0,0,0,0,0,0,0,0,0,0
421105,1,1,0,0,0,0,0,0,0,0,0,0
421106,1,1,43,43,43,43,43,43,43,43,43,43
421107,1,1,0,0,0,0,0,0,0,0,0,0
421108,1,1,11,7,9,22,12,14,6,15,12,9
421109,1,1,22,22,22,22,22,22,22,22,22,22
421110,0,1,0,0,0,0,0,0,0,0,0,0
421110,1,1,0,0,0,0,0,0,0,0,0,0
421111,0,1,0,0,0,0,23,0,0,0,8,0
421111,1,1,0,0,0,0,0,0,0,0,0,0
421112,1,1,24,13,4,9,18,17,16,15,14,10
421113,1,1,0,0,0,0,0,0,0,0,0,0
421114,0,1,0,0,0,0,0,0,0,0,0,0
421114,1,1,0,0,0,0,0,0,0,0,0,0
421115,1,1,0,0,0,0,0,0,0,0,0,0
421116,1,1,0,0,0,0,0,0,0,0,0,0
421117,1,1,29,29,29,29,29,29,29,29,29,29