ST_CASE,VEH_NO,PER_NO,P1,P2,P3,P4,P5,P6,P7,P8,P9,P10
450479,1,1,13,0,0,0,0,11,0,0,0,0
450480,1,1,0,0,0,0,0,0,0,10,0,0
450480,2,1,0,0,0,0,0,19,0,0,0,0
450481,0,1,15,15,15,15,15,15,15,15,15,15
450481,1,1,17,25,0,0,10,9,0,0,15,0
450483,0,1,15,15,15,15,15,15,15,15,15,15
450483,1,1,0,0,0,0,0,15,0,3,0,0
450484,1,1,0,0,0,0,0,0,0,0,0,0
450485,1,1,19,19,19,19,19,19,19,19,19,19
450486,1,1,10,10,10,10,10,10,10,10,10,10
450487,1,1,0,0,0,0,0,0,0,0,0,0
450487,2,1,13,13,13,13,13,13,13,13,13,13
450488,1,1,25,6,0,19,14,0,0,0,0,0
450489,1,1,0,0,34,0,17,0,0,0,0,0
450489,2,1,0,0,0,0,0,0,0,0,0,0
450490,1,1,0,0,0,0,0,0,0,0,0,0
450490,2,1,0,0,0,12,0,20,0,0,0,0
450491,0,1,0,12,14,17,27,31,0,0,0,23
450491,1,1,0,0,0,0,0,0,0,0,0,0
450492,0,1,0,0,2,2,0,13,0,0,0,0
450492,1,1,0,0,0,0,0,0,0,0,0,0
450493,1,1,0,0,0,0,0,0,0,0,0,0
450493,2,1,0,0,0,6,0,0,0,0,0,0
450494,1,1,34,34,34,34,34,34,34,34,34,34
450494,2,1,0,0,0,12,21,0,0,0,0,7
450495,1,1,12,12,12,12,12,12,12,12,12,12
450496,0,1,0,23,0,43,13,0,0,0,0,18
450496,2,1,8,8,8,8,8,8,8,8,8,8
450497,1,1,0,0,0,0,0,0,0,0,0,0
450497,2,1,11,11,11,11,11,11,11,11,11,11
450498,1,1,5,5,5,5,5,5,5,5,5,5
450498,2,1,16,16,16,16,16,16,16,16,16,16
450499,0,1,0,0,0,0,0,0,0,0,0,0
450499,2,1,0,0,0,0,0,0,21,0,0,0
450500,1,1,11,11,11,11,11,11,11,11,11,11
450501,0,1,24,24,24,24,24,24,24,24,24,24
450501,1,1,11,25,0,0,18,17,0,0,0,0
450502,1,1,0,0,0,0,0,0,0,0,0,0
450502,2,1,0,0,0,0,0,0,0,0,0,0
450503,1,1,23,23,23,23,23,23,23,23,23,23
450504,1,1,0,0,0,0,0,0,0,0,0,0
450504,2,1,0,0,0,0,0,0,0,0,0,0
450505,1,1,0,0,0,0,0,0,0,0,0,0
450506,1,1,0,0,0,0,0,0,0,21,0,0
450506,2,1,0,0,0,0,0,0,0,0,0,0
450506,3,1,0,0,0,0,0,0,0,0,0,11
450507,1,1,0,0,0,0,0,0,25,0,0,0
450507,2,1,0,0,11,0,0,0,0,0,0,0
450508,1,1,0,0,0,0,0,0,0,0,0,0
450509,2,1,0,0,0,0,0,0,0,0,0,0
450510,1,1,0,0,0,0,0,0,0,0,0,0
450511,1,1,14,14,14,14,14,14,14,14,14,14
450512,1,1,0,0,0,0,0,14,0,0,17,0
450513,1,1,0,0,0,0,0,0,0,0,0,0
450513,2,1,0,0,0,0,0,0,0,0,0,0
450514,1,1,0,0,0,0,0,0,0,0,0,29
450514,2,1,0,0,0,0,0,0,0,0,0,0
450515,1,1,0,0,12,0,0,0,0,17,0,0
450515,2,1,0,0,0,0,0,0,0,0,0,0
450516,1,1,0,0,0,0,0,0,0,0,0,0
450516,2,1,0,0,0,0,0,0,28,0,0,0
450517,1,1,8,8,8,8,8,8,8,8,8,8
450518,0,1,0,0,0,0,0,0,0,0,0,0
450518,1,1,0,0,0,0,0,0,11,0,15,0
450519,1,1,0,22,24,0,0,7,15,10,0,0
450519,2,1,5,36,10,18,25,26,0,0,0,7
450519,3,1,20,20,20,20,20,20,20,20,20,20
450520,1,1,14,14,14,14,14,14,14,14,14,14
450521,1,1,16,16,16,16,16,16,16,16,16,16
450522,1,1,0,0,0,0,0,0,0,0,0,0
450523,1,1,0,0,0,0,0,0,0,0,0,0
450523,2,1,0,0,0,0,0,0,0,0,0,0
450523,3,1,0,0,0,0,0,0,0,0,0,0
450524,1,1,0,0,0,0,6,0,10,0,0,0
450525,0,1,1,1,1,1,1,1,1,1,1,1
450525,1,1,0,0,0,0,0,0,0,0,0,0
450526,1,1,0,0,0,0,0,0,0,0,0,0
450526,2,1,0,0,0,0,0,0,0,0,0,0
450527,1,1,31,31,31,31,31,31,31,31,31,31
450528,1,1,0,0,0,0,0,0,0,0,0,0
450528,2,1,0,0,12,0,0,8,20,0,0,0
450529,1,1,24,24,24,24,24,24,24,24,24,24
450530,1,1,20,20,20,20,20,20,20,20,20,20
450531,0,1,19,19,19,19,19,19,19,19,19,19
450531,1,1,0,0,0,16,0,0,0,3,0,0
450532,1,1,0,23,16,11,12,20,0,0,0,5
450532,2,1,0,0,0,0,0,0,0,11,0,0
450533,1,1,0,10,0,0,0,0,10,12,0,0
450534,0,1,0,0,0,0,0,0,0,0,0,0
450534,1,1,22,0,0,0,0,0,0,0,0,0
450534,2,1,0,0,0,0,0,0,0,0,0,0
450535,1,1,0,0,0,0,0,0,0,0,0,0
450535,2,1,0,0,0,0,0,0,0,0,0,0
450536,1,1,0,0,0,0,0,0,0,0,0,0
450536,2,1,0,0,0,10,0,0,0,0,0,16
450537,1,1,16,0,0,0,16,0,0,0,0,0
450538,0,1,0,0,0,0,0,0,0,0,0,0
450538,1,1,0,0,0,0,0,0,0,0,0,0
450539,1,1,0,0,0,0,0,0,0,0,0,0
450539,2,1,0,0,0,0,0,0,12,0,0,0
450540,1,1,0,0,0,0,0,0,0,0,0,0
450540,2,1,0,0,0,0,0,0,0,0,0,0
450541,0,1,20,20,20,20,20,20,20,20,20,20
450541,1,1,0,0,23,0,0,0,0,13,6,0
450542,1,1,27,27,27,27,27,27,27,27,27,27
450543,0,1,38,38,38,38,38,38,38,38,38,38
450543,1,1,0,0,0,0,0,0,21,0,16,0
450544,1,1,27,27,27,27,27,27,27,27,27,27
450545,1,1,8,20,18,0,25,20,0,15,14,23
450545,2,1,0,0,0,0,0,0,0,0,0,0
450546,1,1,0,0,0,0,0,0,0,0,0,0
450546,2,1,0,0,0,0,0,0,0,0,0,0
450547,1,1,0,0,0,0,0,0,0,0,0,0
450547,2,1,3,3,3,3,3,3,3,3,3,3
450547,3,1,0,0,0,0,0,17,27,0,0,0
450548,1,1,0,0,0,0,0,0,0,13,0,0
450548,2,1,0,0,0,0,0,0,0,0,0,0
450549,1,1,0,0,0,0,0,0,0,0,0,0
450549,2,1,0,0,0,0,0,0,0,0,0,0
450549,3,1,0,0,0,0,0,0,0,0,0,0
450550,1,1,2,2,2,2,2,2,2,2,2,2
450551,0,1,0,0,0,0,0,0,0,0,0,0
450552,1,1,19,19,19,19,19,19,19,19,19,19
450552,2,1,0,0,0,0,0,0,0,0,0,0
450553,1,1,27,27,27,27,27,27,27,27,27,27
450553,2,1,0,5,0,0,4,0,0,14,26,21
450554,0,1,0,0,0,15,0,0,27,0,0,0
450554,1,1,0,0,0,0,0,42,0,0,0,0
450555,1,1,24,24,24,24,24,24,24,24,24,24
450556,0,1,2,2,2,2,2,2,2,2,2,2
450556,1,1,0,0,0,0,0,0,0,0,0,0
450557,1,1,17,17,17,17,17,17,17,17,17,17
450558,1,1,0,0,0,0,0,0,0,0,0,0
450559,0,1,0,0,0,0,0,0,0,0,0,0
450559,1,1,0,0,0,0,0,0,0,0,0,0
450560,1,1,0,19,0,0,0,0,0,0,17,0
450560,2,1,0,0,0,0,0,14,0,0,0,0
450560,3,1,0,0,0,0,0,0,0,0,0,0
450561,1,1,0,0,0,0,0,0,0,0,0,0
450561,2,1,0,0,0,0,0,0,0,0,0,0
450562,1,1,0,0,0,0,0,0,0,0,0,0
450562,2,1,11,11,11,11,11,11,11,11,11,11
450563,1,1,22,0,0,0,0,22,0,21,10,15
450564,1,1,0,0,0,0,0,0,0,0,0,0
450565,1,1,0,0,0,0,0,0,0,0,9,0
450566,1,1,19,19,19,19,19,19,19,19,19,19
450567,1,1,0,0,0,0,0,0,0,0,0,0
450567,2,1,0,0,0,0,0,0,0,0,0,0
450568,1,1,0,0,0,0,0,0,0,0,0,0
450568,2,1,0,0,0,0,0,0,0,0,0,0
450568,3,1,0,0,0,0,0,0,0,0,0,0
450569,1,1,15,15,15,15,15,15,15,15,15,15
450570,1,1,25,25,25,25,25,25,25,25,25,25
450571,0,1,0,0,0,0,0,0,0,0,0,0
450571,0,2,0,0,16,21,0,0,16,0,0,0
450571,1,1,0,0,0,0,0,0,0,0,0,0
450572,1,1,18,18,12,23,17,29,24,20,11,12
450573,1,1,0,0,15,0,0,8,0,0,0,0
450574,0,1,24,32,0,20,30,0,21,0,0,23
450574,1,1,3,0,0,0,0,0,0,0,0,0
450575,1,1,0,0,0,0,0,0,4,0,0,0
450575,2,1,20,0,0,0,0,29,0,0,0,0
450576,1,1,19,19,19,19,19,19,19,19,19,19
450577,1,1,12,20,12,12,30,21,16,22,20,3
450578,1,1,0,0,0,0,0,0,0,0,0,0
450578,2,1,0,0,0,0,0,0,0,0,0,0
450578,3,1,0,0,0,0,0,0,0,0,0,0
450579,1,1,0,0,0,0,0,0,0,0,0,0
450580,1,1,0,0,0,0,0,0,0,0,0,0
450580,2,1,0,0,0,0,0,0,0,0,0,0
450581,0,1,30,30,30,30,30,30,30,30,30,30
450581,1,1,9,20,19,0,0,0,0,15,0,0
450582,0,1,0,0,0,0,0,0,0,0,0,0
450582,0,2,0,28,0,0,15,17,21,0,25,0
450582,3,1,0,0,0,0,0,0,0,17,0,0
450583,1,1,0,0,0,0,0,0,0,0,0,0
450583,2,1,0,0,0,0,0,0,0,0,0,0
450584,1,1,0,0,0,0,0,0,0,0,0,0
450584,2,1,0,0,0,0,0,0,0,17,0,7
450584,3,1,0,13,0,0,0,0,0,0,0,0
450585,1,1,0,0,0,0,0,0,0,0,0,0
450585,2,1,0,0,0,0,0,0,25,0,0,0
450585,3,1,0,0,0,0,0,0,0,0,0,0
450586,1,1,0,0,0,5,0,0,0,0,0,28
450586,2,1,0,0,0,0,0,0,0,0,0,0
450587,1,1,0,0,0,0,0,12,0,0,0,0
450587,2,1,0,0,0,0,0,0,0,0,0,0
450588,0,1,38,38,38,38,38,38,38,38,38,38
450588,1,1,0,0,0,0,0,0,0,0,0,0
450589,1,1,0,0,0,0,0,0,0,0,0,0
450589,2,1,18,18,18,18,18,18,18,18,18,18
450590,1,1,0,0,0,0,0,0,0,0,0,0
450591,1,1,0,0,0,0,0,0,0,0,0,0
450592,1,1,16,16,16,16,16,16,16,16,16,16
450593,1,1,0,0,13,0,0,0,0,0,0,0
450593,2,1,2,0,0,0,21,0,0,0,0,0
450593,3,1,0,0,18,0,0,15,0,0,27,0
450594,1,1,0,0,0,0,0,0,0,0,0,0
450595,1,1,18,18,18,18,18,18,18,18,18,18
450596,1,1,22,22,22,22,22,22,22,22,22,22
450597,1,1,11,11,11,11,11,11,11,11,11,11
450598,1,1,0,0,0,0,45,0,0,0,0,0
450598,2,1,0,0,0,0,0,0,0,0,0,0
450599,1,1,0,18,4,0,0,21,0,0,0,0
450599,2,1,0,0,0,0,0,13,0,12,0,0
450600,1,1,0,0,0,0,0,0,0,0,0,0
450601,1,1,0,0,0,0,0,0,0,0,0,0
450602,1,1,4,0,0,14,0,21,15,38,0,0
450603,1,1,0,0,0,0,0,8,0,0,0,0
450604,0,1,12,12,12,12,12,12,12,12,12,12
450604,0,2,24,24,24,24,24,24,24,24,24,24
450604,1,1,0,14,0,24,0,0,30,0,16,15
450605,0,1,0,0,0,0,0,0,0,0,0,0
450605,1,1,12,0,0,0,0,0,0,0,7,0
450606,1,1,0,0,0,0,0,0,0,0,0,0
450607,0,1,23,23,23,23,23,23,23,23,23,23
450607,1,1,0,7,13,0,0,0,9,0,0,19
450608,0,1,18,0,13,0,0,0,0,10,0,0
450608,1,1,0,0,0,0,0,0,0,0,8,0
450609,1,1,15,15,15,15,15,15,15,15,15,15
450609,2,1,25,0,0,0,16,27,21,0,0,0
450610,1,1,16,16,16,16,16,16,16,16,16,16
450611,1,1,13,13,13,13,13,13,13,13,13,13
450612,1,1,0,0,0,0,0,0,0,0,0,16
450613,1,1,15,0,0,0,0,0,0,0,0,8
450613,2,1,0,0,0,0,0,0,0,0,0,0
450613,3,1,13,18,22,18,0,0,0,0,0,0
450614,1,1,33,33,33,33,33,33,33,33,33,33
450614,2,1,0,0,0,0,0,0,0,0,0,0
450615,1,1,12,12,12,12,12,12,12,12,12,12
450616,1,1,10,10,10,10,10,10,10,10,10,10
450617,1,1,4,4,4,4,4,4,4,4,4,4
450618,1,1,21,21,21,21,21,21,21,21,21,21
450619,1,1,7,0,0,0,0,12,0,0,0,0
450619,2,1,0,0,0,0,0,0,0,10,0,0
450620,1,1,12,12,12,12,12,12,12,12,12,12
450621,1,1,0,0,0,0,0,0,0,0,0,0
450622,1,1,17,17,17,17,17,17,17,17,17,17
450623,1,1,0,0,0,0,0,0,0,0,0,0
450624,1,1,0,28,0,0,0,0,0,0,17,0
450625,1,1,0,0,0,0,0,0,0,0,0,0
450625,2,1,0,16,0,0,0,9,0,0,0,5
450626,1,1,0,0,0,0,0,5,6,0,12,0
450627,1,1,4,4,4,4,4,4,4,4,4,4
450627,2,1,0,0,0,0,0,0,0,0,0,0
450628,1,1,15,15,15,15,15,15,15,15,15,15
450629,1,1,0,0,0,0,0,0,0,0,0,0
450629,2,1,0,0,0,0,0,0,0,0,0,0
450630,1,1,18,18,18,18,18,18,18,18,18,18
450631,1,1,0,0,0,0,0,0,0,10,0,0
450631,2,1,0,0,0,0,0,0,0,0,0,0
450632,1,1,19,19,19,19,19,19,19,19,19,19
450633,0,1,14,0,21,8,22,17,12,7,13,10
450633,1,1,0,0,0,0,0,0,0,0,0,0
450634,1,1,12,12,12,12,12,12,12,12,12,12
450634,2,1,0,0,0,0,0,0,0,0,36,0
450635,1,1,0,0,0,0,0,0,0,0,0,0
450636,1,1,0,0,0,0,0,0,0,0,0,0
450636,2,1,0,0,0,0,0,0,0,0,0,0
450637,1,1,4,24,0,24,0,14,10,13,0,0
450638,1,1,31,31,31,31,31,31,31,31,31,31
450639,0,1,0,9,0,0,0,0,0,0,0,19
450639,1,1,9,31,0,0,12,0,14,48,9,15
450640,1,1,0,0,0,0,0,0,0,0,0,0
450640,2,1,0,17,0,0,0,0,0,0,0,0
450641,1,1,17,0,27,0,0,0,0,0,0,0
450642,1,1,15,15,15,15,15,15,15,15,15,15
450643,1,1,0,0,0,0,0,0,0,0,0,0
450643,2,1,0,0,0,0,0,0,0,0,0,0
450643,3,1,24,0,4,0,0,0,0,0,0,0
450643,4,1,0,0,0,0,0,0,13,23,0,0
450644,1,1,0,0,0,0,0,0,6,0,25,0
450644,2,1,1,1,1,1,1,1,1,1,1,1
450645,1,1,16,13,30,24,8,21,49,21,15,31
450646,1,1,0,20,33,0,3,38,10,34,13,17
450647,0,1,0,0,0,0,0,0,0,0,0,0
450647,1,1,0,0,0,0,0,0,0,0,0,8
450648,1,1,16,16,16,16,16,16,16,16,16,16
450649,0,1,0,0,0,0,0,0,0,0,0,0
450649,1,1,0,0,0,0,0,0,0,0,0,6
450650,1,1,0,0,0,0,0,0,0,0,0,0
450650,2,1,0,0,0,0,0,0,0,0,0,0
450651,1,1,0,0,0,0,0,0,0,0,0,0
450652,0,1,24,24,24,24,24,24,24,24,24,24
450652,1,1,0,0,0,5,0,0,0,15,0,0
450653,1,1,29,29,29,29,29,29,29,29,29,29
450654,1,1,20,20,20,20,20,20,20,20,20,20
450655,1,1,0,0,0,0,0,0,0,0,0,0
450656,1,1,0,0,0,0,0,0,0,0,0,0
450656,2,1,0,0,0,0,0,0,0,0,0,0
450656,3,1,0,0,0,0,0,0,0,0,0,0
450656,4,1,0,0,0,0,0,0,0,0,0,0
450657,1,1,0,0,0,0,0,0,0,0,0,0
450658,0,1,0,0,0,0,0,0,0,0,0,0
450658,1,1,0,0,0,0,0,0,0,0,0,0
450659,1,1,0,15,20,0,13,0,0,0,0,0
450660,1,1,21,21,21,21,21,21,21,21,21,21
450661,1,1,0,0,0,0,0,0,0,0,0,0
450662,1,1,0,0,0,0,0,0,0,0,0,0
450662,2,1,0,0,0,0,0,0,0,0,0,0
450663,1,1,0,0,0,0,0,0,0,0,0,0
450664,1,1,0,0,0,0,0,0,0,0,0,0
450664,2,1,12,12,12,12,12,12,12,12,12,12
450665,1,1,0,0,0,0,0,0,18,35,0,0
450665,2,1,24,24,24,24,24,24,24,24,24,24
450666,1,1,0,0,0,0,0,0,0,0,0,0
450667,1,1,0,8,0,12,13,0,13,0,0,6
450668,1,1,13,0,0,0,0,0,0,0,0,0
450668,2,1,1,1,1,1,1,1,1,1,1,1
450669,1,1,0,0,0,0,0,0,0,0,0,0
450670,1,1,25,25,25,25,25,25,25,25,25,25
450670,2,1,0,0,0,0,0,0,4,0,0,0
450671,1,1,13,13,13,13,13,13,13,13,13,13
450672,0,1,0,0,0,0,0,0,0,0,0,0
450672,1,1,0,0,0,0,0,0,0,0,0,0
450673,0,1,31,31,31,31,31,31,31,31,31,31
450673,1,1,0,0,0,0,0,0,0,0,0,0
450674,1,1,0,9,17,0,0,0,0,0,0,0
450674,2,1,0,0,0,0,0,0,0,0,0,0
450675,1,1,0,0,0,0,0,0,0,0,0,0
450675,2,1,0,0,0,24,0,0,0,0,0,0
450675,3,1,0,0,0,0,26,0,0,0,0,0
450675,4,1,0,41,0,0,0,0,0,24,0,19
450675,5,1,32,32,32,32,32,32,32,32,32,32
450676,1,1,0,0,0,0,0,0,0,0,0,0
450676,2,1,0,0,0,0,0,0,0,0,0,0
450677,0,1,48,48,48,48,48,48,48,48,48,48
450677,1,1,20,6,8,0,0,0,0,0,8,11
450678,0,1,0,0,0,0,0,0,0,0,0,0
450678,1,1,0,0,0,0,0,0,0,0,0,0
450679,1,1,0,0,0,0,0,0,0,0,0,0
450679,2,1,15,15,15,15,15,15,15,15,15,15
450680,0,1,28,28,28,28,28,28,28,28,28,28
450680,1,1,0,0,0,0,0,0,0,0,0,0
450681,1,1,18,18,18,18,18,18,18,18,18,18
450682,1,1,0,0,0,0,0,0,0,0,0,0
450683,1,1,21,21,21,21,21,21,21,21,21,21
450684,1,1,11,0,0,0,9,0,0,12,5,27
450684,2,1,0,20,23,18,0,0,0,0,0,0
450685,1,1,0,0,0,0,0,0,0,0,0,0
450686,1,1,0,16,0,17,0,0,0,0,0,0
450686,2,1,0,0,0,0,0,0,0,0,0,0
450687,1,1,0,0,0,0,0,0,0,0,0,0
450687,2,1,0,0,0,0,0,0,0,0,0,0
450688,1,1,16,16,16,16,16,16,16,16,16,16
450689,1,1,0,0,0,0,0,0,0,0,0,0
450690,1,1,0,0,0,0,0,0,0,0,0,0
450691,1,1,0,0,0,0,0,0,0,0,0,0
450692,1,1,14,14,14,14,14,14,14,14,14,14
450692,2,1,14,14,14,14,14,14,14,14,14,14
450693,1,1,0,0,0,0,0,0,0,0,0,0
450693,2,1,0,0,0,0,0,12,0,0,0,0
450694,1,1,27,27,27,27,27,27,27,27,27,27
450695,1,1,0,0,0,0,0,9,0,0,0,35
450695,2,1,26,26,26,26,26,26,26,26,26,26
450696,0,1,0,0,0,0,0,0,0,0,0,0
450696,1,1,0,0,0,0,0,0,0,0,0,0
450697,0,1,0,0,0,0,0,0,0,0,0,0
450697,1,1,0,0,0,0,0,0,0,0,0,0
450698,1,1,0,0,0,0,0,0,0,0,0,0
450699,1,1,18,18,18,18,18,18,18,18,18,18
450700,1,1,0,0,0,0,0,0,0,0,0,0
450701,1,1,13,13,13,13,13,13,13,13,13,13
450702,1,1,26,26,26,26,26,26,26,26,26,26
450702,2,1,0,0,0,0,0,0,0,0,0,0
450703,0,1,11,11,11,11,11,11,11,11,11,11
450703,1,1,0,0,0,0,0,0,0,0,16,0
450704,1,1,25,25,25,25,25,25,25,25,25,25
450704,2,1,0,6,18,21,37,27,33,32,6,17
450704,3,1,0,0,0,0,0,0,30,0,0,0
450705,1,1,58,58,58,58,58,58,58,58,58,58
450705,2,1,0,0,0,0,0,0,0,0,0,0
450706,0,1,6,6,6,6,6,6,6,6,6,6
450706,1,1,0,0,9,14,0,0,4,0,0,13
450707,1,1,0,0,0,0,0,0,0,0,0,0
450708,1,1,0,0,0,0,0,0,0,0,0,0
450708,2,1,0,0,0,0,0,0,0,0,0,0
450709,1,1,0,0,0,15,0,0,0,0,0,0
450709,2,1,0,0,0,0,0,0,0,0,0,0
450710,1,1,25,25,25,25,25,25,25,25,25,25
450711,1,1,5,5,5,5,5,5,5,5,5,5
450712,1,1,0,0,0,0,0,0,0,0,0,0
450713,1,1,28,28,28,28,28,28,28,28,28,28
450713,2,1,5,0,0,0,0,0,0,0,0,0
450714,0,1,24,29,11,22,15,25,25,0,35,23
450714,1,1,0,0,0,0,0,0,0,0,0,0
450715,1,1,0,0,0,0,0,0,0,0,0,0
450715,2,1,0,0,0,0,0,0,0,0,0,0
450716,1,1,15,15,15,15,15,15,15,15,15,15
450717,1,1,0,0,0,0,0,0,0,0,0,0
450717,2,1,0,0,0,0,0,0,0,0,0,0
450718,1,1,0,0,0,17,0,0,0,0,0,0
450718,2,1,0,0,0,0,0,0,0,0,0,0
450719,0,1,0,0,0,0,0,0,0,0,0,0
450719,1,1,0,0,0,17,17,0,0,0,0,0
450720,0,1,0,0,0,0,0,0,0,0,0,0
450720,1,1,0,5,0,0,0,0,0,0,42,38
450721,1,1,0,0,0,0,0,0,0,0,0,0
450722,1,1,0,0,0,0,0,0,0,0,0,0
450722,2,1,0,0,0,0,0,0,0,0,0,0
450723,1,1,34,34,34,34,34,34,34,34,34,34
450723,2,1,0,0,0,0,0,0,0,0,0,23
450724,1,1,25,25,25,25,25,25,25,25,25,25
450725,0,1,0,0,0,0,0,0,0,0,0,0
450725,1,1,0,0,0,0,0,0,0,0,0,0
450726,1,1,16,19,8,27,26,20,23,14,15,15
450727,1,1,17,17,17,17,17,17,17,17,17,17
450728,1,1,0,0,0,0,0,0,0,0,0,0
450729,1,1,0,0,0,0,0,0,0,0,0,0
450729,2,1,0,0,0,0,0,0,0,0,0,0
450730,1,1,0,0,0,0,0,0,0,2,0,0
450730,2,1,0,0,0,0,0,0,0,0,0,0
450731,1,1,15,15,15,15,15,15,15,15,15,15
450732,1,1,15,15,15,15,15,15,15,15,15,15
450733,0,1,10,10,10,10,10,10,10,10,10,10
450733,1,1,0,0,0,0,0,27,0,0,0,22
450734,1,1,0,0,0,0,0,0,0,0,0,0
450734,2,1,0,49,0,0,0,0,0,0,0,0
450735,1,1,22,22,22,22,22,22,22,22,22,22
450736,0,1,0,0,13,0,8,0,22,0,0,16
450736,0,2,0,0,0,0,10,20,7,0,17,14
450736,1,1,0,0,0,0,0,17,0,9,0,0
450737,1,1,0,0,0,0,0,0,0,0,0,0
450737,2,1,0,21,0,0,0,0,0,0,0,0
450738,1,1,0,23,13,20,23,7,25,34,13,18
450738,2,1,0,0,0,29,14,0,8,0,0,0
450739,1,1,0,0,0,0,0,0,0,0,0,0
450739,2,1,0,0,0,0,0,0,0,11,0,0
450740,1,1,0,0,0,0,0,0,0,0,0,0
450740,2,1,0,0,0,0,0,0,0,0,0,0
450741,1,1,12,12,12,12,12,12,12,12,12,12
450741,2,1,11,9,5,7,2,15,6,0,0,6
450742,0,1,0,0,0,10,0,0,0,0,0,0
450742,1,1,0,0,0,0,0,21,0,0,0,11
450743,1,1,0,0,0,0,20,0,0,0,0,17
450743,2,1,0,39,0,8,0,0,0,0,0,0
450744,1,1,0,0,0,0,0,0,0,0,0,0
450745,0,1,0,0,0,0,0,0,0,0,0,0
450745,1,1,0,0,0,6,0,0,0,0,0,17
450746,1,1,0,0,0,0,0,12,0,0,0,0
450747,1,1,17,0,15,0,0,0,24,14,18,16
450748,0,1,0,0,0,15,0,0,0,0,0,11
450748,1,1,0,0,0,21,0,0,0,0,0,0
450749,1,1,0,15,0,17,0,0,27,11,0,0
450749,2,1,0,0,0,0,0,0,0,0,0,0
450750,0,1,25,25,25,25,25,25,25,25,25,25
450750,1,1,0,0,0,0,0,0,0,0,0,0
450751,1,1,0,0,23,0,0,0,0,0,0,0
450751,2,1,0,0,0,0,0,0,0,0,0,0
450752,1,1,18,18,18,18,18,18,18,18,18,18
450753,1,1,16,16,16,16,16,16,16,16,16,16
450754,0,1,22,0,17,0,0,0,0,19,0,0
450754,1,1,0,0,0,0,6,0,0,0,0,0
450755,1,1,20,20,20,20,20,20,20,20,20,20
450756,1,1,12,12,12,12,12,12,12,12,12,12
450756,2,1,0,0,0,0,0,0,0,0,0,0
450757,1,1,24,24,24,24,24,24,24,24,24,24
450759,1,1,0,0,0,0,0,0,17,0,0,0
450759,2,1,0,0,0,0,0,5,0,0,0,0
450759,3,1,0,0,0,0,0,0,22,0,11,0
450761,1,1,0,0,0,0,0,0,0,0,0,0
450761,2,1,0,0,0,0,0,0,18,0,0,0
450762,1,1,1,1,1,1,1,1,1,1,1,1
450762,2,1,22,0,24,0,0,20,28,0,0,0
450763,1,1,0,0,0,0,0,0,0,0,0,0
450763,2,1,0,0,0,0,0,0,0,0,0,0
450764,1,1,0,0,21,9,0,0,0,0,0,0
450765,1,1,0,18,0,0,8,18,27,34,33,0
450766,1,1,17,17,17,17,17,17,17,17,17,17
450767,1,1,0,0,0,30,0,0,5,26,0,20
450768,1,1,0,0,0,0,0,0,0,0,0,0
450769,1,1,0,18,0,0,0,19,18,17,0,0
450769,2,1,0,24,8,0,0,0,0,0,0,0
450770,1,1,0,0,0,0,0,0,0,0,0,6
450770,2,1,0,0,0,0,0,0,0,0,0,0
450771,0,1,0,0,0,0,0,0,0,0,0,0
450771,2,1,0,0,0,0,0,0,0,0,0,0
450772,1,1,0,0,0,0,0,0,0,0,0,0
450772,2,1,0,0,0,0,0,0,0,0,0,0
450773,1,1,10,13,0,0,0,0,0,0,0,0
450773,2,1,0,0,0,0,0,10,0,5,0,0
450774,1,1,0,0,0,16,0,0,0,15,0,0
450774,2,1,3,3,3,3,3,3,3,3,3,3
450775,0,1,0,0,0,0,0,0,0,0,0,0
450775,1,1,0,0,0,0,0,0,0,0,0,0
450776,0,1,0,0,0,0,0,0,0,0,0,0
450776,1,1,0,0,10,0,0,0,0,0,0,0
450777,0,1,0,0,0,0,0,0,0,0,0,0
450777,1,1,0,0,0,0,0,0,0,0,0,0
450777,2,1,12,24,25,0,0,0,22,0,0,0
450778,1,1,0,0,25,20,0,0,0,0,0,0
450778,2,1,0,0,0,0,0,0,0,0,0,0
450779,1,1,0,0,14,0,0,0,0,0,0,0
450779,2,1,0,0,0,0,0,0,0,0,0,0
450780,1,1,0,0,0,0,0,0,0,0,0,0
450780,2,1,9,9,9,9,9,9,9,9,9,9
450781,1,1,0,16,0,13,0,5,0,0,0,0
450781,2,1,0,0,0,0,0,0,0,0,0,0