ST_CASE,VEH_NO,PER_NO,P1,P2,P3,P4,P5,P6,P7,P8,P9,P10
450782,1,1,0,0,0,0,0,0,0,0,0,0
450782,2,1,0,0,0,9,0,0,0,0,0,0
450782,3,1,0,0,0,0,0,0,0,0,0,0
450782,4,1,0,0,0,7,0,0,0,0,0,0
450783,1,1,0,0,4,0,0,0,0,0,0,0
450783,2,1,0,0,0,0,0,0,0,0,0,0
450784,1,1,0,0,0,0,0,0,15,0,0,0
450784,2,1,0,0,0,0,0,0,5,0,0,18
450785,1,1,0,0,0,0,0,0,0,0,0,0
450785,2,1,18,18,18,18,18,18,18,18,18,18
450786,1,1,18,18,18,18,18,18,18,18,18,18
450787,1,1,13,0,0,0,0,0,0,0,0,0
450788,1,1,0,0,0,0,0,0,0,0,0,0
450788,2,1,0,0,0,0,0,10,0,0,0,0
450789,1,1,0,0,0,0,0,0,0,0,0,0
450789,2,1,0,6,0,24,0,0,13,11,18,17
450790,0,1,0,0,0,0,0,0,0,0,0,0
450790,1,1,0,0,0,0,0,0,0,0,0,0
450790,2,1,0,0,22,0,0,23,0,0,0,0
450791,1,1,0,0,14,0,0,0,0,0,0,0
450792,0,1,44,44,44,44,44,44,44,44,44,44
450792,1,1,0,0,6,0,0,0,0,0,0,0
450793,0,1,25,25,25,25,25,25,25,25,25,25
450793,1,1,25,25,25,25,25,25,25,25,25,25
450794,1,1,21,0,26,9,20,0,30,36,0,17
450795,1,1,0,11,9,0,0,0,0,0,13,0
450795,2,1,10,17,20,0,7,0,0,0,22,18
450796,1,1,24,24,24,24,24,24,24,24,24,24
450796,2,1,29,0,0,0,0,0,0,0,0,0
450797,1,1,0,0,0,0,0,8,0,0,0,0
450798,1,1,16,10,17,0,9,23,17,8,30,21
450799,1,1,0,0,0,0,0,0,0,0,0,0
450799,2,1,0,0,0,0,0,0,0,0,0,0
450800,1,1,0,0,0,0,0,0,0,24,0,0
450801,0,1,0,0,0,0,0,0,0,0,0,0
450801,1,1,0,0,0,0,0,0,0,0,0,0
450801,2,1,0,0,0,0,0,0,0,0,27,0
450802,1,1,8,0,20,12,15,25,7,19,14,29
450803,1,1,0,0,0,24,0,0,0,0,12,0
450803,2,1,0,0,0,0,0,0,0,0,0,0
450804,1,1,0,22,18,0,16,21,27,0,23,21
450805,1,1,14,0,0,0,0,0,0,0,0,0
450806,1,1,0,0,0,0,0,0,0,0,0,0
450806,2,1,0,17,0,3,0,0,0,15,0,0
450807,0,1,13,19,17,22,7,8,11,9,0,39
450807,1,1,20,0,19,0,17,14,12,0,0,0
450808,1,1,0,0,0,0,0,0,0,0,0,0
450808,2,1,0,0,0,0,0,0,0,0,0,0
450809,1,1,19,0,42,0,4,0,14,0,15,0
460001,1,1,0,0,0,0,0,0,0,0,0,0
460001,2,1,0,0,0,0,0,0,0,0,0,0
460002,1,1,0,0,0,0,0,0,0,0,0,0
460002,2,1,0,0,0,0,0,0,0,0,0,0
460003,2,1,0,0,0,0,0,0,0,0,0,0
460003,3,1,0,0,0,0,0,0,0,0,0,0
460003,4,1,0,0,0,0,0,0,0,0,0,0
460004,1,1,0,0,0,0,0,0,0,0,0,0
460004,2,1,0,0,0,0,0,0,0,0,0,0
460005,1,1,0,0,0,0,0,0,0,0,0,0
460005,2,1,0,0,0,0,0,0,0,0,0,0
460006,1,1,0,0,0,0,0,0,0,0,0,0
460007,1,1,0,0,0,0,0,0,0,0,0,0
460007,2,1,0,0,0,0,0,0,0,0,0,0
460008,1,1,0,0,0,0,0,0,0,0,0,0
460009,1,1,0,0,0,0,0,0,0,0,0,0
460010,1,1,5,5,5,5,5,5,5,5,5,5
460010,2,1,0,0,0,0,0,0,0,0,0,0
460010,3,1,0,0,0,0,0,0,0,0,0,0
460011,1,1,0,0,0,0,0,0,0,0,0,0
460012,1,1,6,6,6,6,6,6,6,6,6,6
460013,1,1,0,0,0,0,0,0,0,0,0,0
460013,2,1,0,0,0,0,0,0,0,0,0,0
460014,1,1,0,0,0,0,0,0,0,0,0,0
460014,2,1,0,0,0,0,0,0,0,0,0,0
460015,1,1,15,15,15,15,15,15,15,15,15,15
460016,1,1,20,20,20,20,20,20,20,20,20,20
460016,2,1,0,0,0,0,0,0,0,0,0,0
460017,1,1,0,0,0,0,0,0,0,0,0,0
460018,1,1,16,16,16,16,16,16,16,16,16,16
460019,1,1,0,0,0,0,0,0,0,0,0,0
460019,2,1,0,0,0,0,0,0,0,0,0,0
460020,1,1,0,0,0,0,0,0,0,0,0,0
460020,2,1,0,0,0,0,0,0,0,0,0,0
460021,1,1,0,0,0,0,0,0,0,0,0,0
460021,2,1,0,0,0,0,0,0,0,0,0,0
460022,1,1,24,24,24,24,24,24,24,24,24,24
460023,1,1,24,24,24,24,24,24,24,24,24,24
460024,0,1,10,10,10,10,10,10,10,10,10,10
460024,1,1,10,10,10,10,10,10,10,10,10,10
460025,1,1,15,15,15,15,15,15,15,15,15,15
460025,2,1,0,0,0,0,0,0,0,0,0,0
460026,1,1,0,0,0,0,0,0,0,0,0,0
460027,1,1,29,29,29,29,29,29,29,29,29,29
460028,1,1,0,0,0,0,0,0,0,0,0,0
460029,1,1,0,0,0,0,0,0,0,0,0,0
460029,2,1,0,0,0,0,0,0,0,0,0,0
460030,1,1,24,24,24,24,24,24,24,24,24,24
460031,1,1,0,0,0,0,0,0,0,0,0,0
460032,1,1,29,10,21,31,0,0,22,13,14,27
460033,1,1,24,24,24,24,24,24,24,24,24,24
460034,1,1,0,0,0,0,0,0,0,0,0,0
460035,1,1,0,0,0,0,0,0,0,0,0,0
460035,2,1,9,9,9,9,9,9,9,9,9,9
460036,1,1,0,0,0,0,0,0,0,0,0,0
460037,1,1,0,0,0,0,0,0,0,0,0,0
460037,2,1,34,34,34,34,34,34,34,34,34,34
460038,1,1,0,0,0,0,0,0,0,0,0,0
460038,2,1,0,0,0,0,0,0,0,0,0,0
460039,1,1,13,13,13,13,13,13,13,13,13,13
460040,1,1,0,0,0,0,0,0,0,0,0,0
460040,2,1,0,0,0,0,0,0,0,0,0,0
460041,1,1,0,0,0,0,0,0,0,0,0,0
460042,1,1,11,11,11,11,11,11,11,11,11,11
460042,2,1,0,0,0,0,0,0,0,0,0,0
460043,1,1,0,0,0,0,0,0,0,0,0,0
460044,1,1,16,16,16,16,16,16,16,16,16,16
460045,1,1,0,0,0,0,0,0,0,0,0,0
460046,1,1,0,0,0,0,0,0,0,0,0,0
460047,1,1,0,0,0,0,0,0,0,0,0,0
460048,1,1,0,0,0,0,0,0,0,0,0,0
460049,1,1,18,18,18,18,18,18,18,18,18,18
460049,2,1,0,0,0,0,0,0,0,0,0,0
460050,1,1,0,0,0,0,0,0,0,0,0,0
460051,1,1,27,27,27,27,27,27,27,27,27,27
460052,1,1,2,2,2,2,2,2,2,2,2,2
460052,2,1,0,0,0,0,0,0,0,0,0,0
460053,1,1,0,0,0,0,0,0,0,0,0,0
460053,2,1,0,0,26,0,0,0,0,0,6,11
460053,3,1,0,0,0,0,0,0,0,0,0,0
460053,4,1,0,0,6,0,0,0,0,0,0,0
460053,5,1,0,0,0,0,0,0,0,0,0,0
460054,1,1,12,14,14,26,9,2,12,21,15,17
460054,2,1,0,0,0,0,0,0,0,0,0,0
460055,1,1,0,0,0,0,0,0,0,0,0,0
460056,1,1,10,10,10,10,10,10,10,10,10,10
460057,1,1,2,2,2,2,2,2,2,2,2,2
460058,1,1,0,0,0,0,0,0,0,0,0,0
460058,2,1,0,0,0,0,0,0,0,0,0,0
460059,1,1,23,23,23,23,23,23,23,23,23,23
460060,1,1,13,13,13,13,13,13,13,13,13,13
460061,1,1,0,0,0,0,0,0,0,0,0,0
460062,1,1,0,0,0,0,0,0,0,0,0,0
460063,1,1,0,0,0,0,0,0,0,0,0,0
460063,2,1,0,0,0,0,0,0,0,0,0,0
460064,1,1,2,2,2,2,2,2,2,2,2,2
460064,2,1,0,0,0,0,0,0,0,0,0,0
460065,1,1,0,0,0,0,0,0,0,0,0,0
460066,1,1,0,0,0,0,0,0,0,0,0,0
460066,2,1,1,1,1,1,1,1,1,1,1,1
460067,1,1,0,0,0,0,0,0,0,0,0,0
460067,2,1,0,0,0,0,0,0,0,0,0,0
460068,1,1,0,0,0,0,0,0,0,0,0,0
460068,2,1,0,0,0,0,0,0,0,0,0,0
460069,1,1,8,8,8,8,8,8,8,8,8,8
460070,1,1,0,0,0,0,0,0,0,0,0,0
460070,2,1,0,0,0,0,0,0,0,0,0,0
460071,1,1,0,0,0,0,0,0,0,0,0,0
460072,1,1,0,0,0,0,0,0,0,0,0,0
460073,1,1,17,17,17,17,17,17,17,17,17,17
460074,1,1,0,0,0,0,0,0,0,0,0,0
460075,1,1,0,0,0,0,0,0,0,0,0,0
460075,2,1,23,23,23,23,23,23,23,23,23,23
460076,1,1,10,10,10,10,10,10,10,10,10,10
460077,1,1,0,0,0,0,0,0,0,0,0,0
460078,1,1,0,0,0,0,0,0,0,0,0,0
460079,1,1,1,1,1,1,1,1,1,1,1,1
460080,1,1,0,0,0,0,0,0,0,0,0,0
460080,2,1,0,0,0,0,0,0,0,0,0,0
460081,1,2,0,7,6,0,0,0,0,0,0,0
460082,1,1,0,0,0,0,0,0,0,0,0,0
460083,1,1,0,0,0,0,0,0,0,0,0,0
460084,1,1,22,22,22,22,22,22,22,22,22,22
460085,0,1,0,0,0,0,0,0,0,0,0,0
460085,1,1,0,0,0,0,0,0,0,0,0,0
460086,1,1,18,18,18,18,18,18,18,18,18,18
460087,1,1,0,0,0,0,0,0,0,0,0,0
460087,2,1,0,0,0,0,0,0,0,0,0,0
460088,1,1,0,0,0,0,0,0,0,0,0,0
460089,1,1,0,0,0,0,0,0,0,0,0,0
460089,2,1,0,0,0,0,0,0,0,0,0,0
460090,1,1,0,0,0,0,0,0,0,0,0,0
460090,2,1,0,0,0,0,0,0,0,0,0,0
460091,1,1,0,0,0,0,0,0,0,0,0,0
460091,2,1,0,0,0,0,0,0,0,0,0,0
460092,1,1,0,0,0,8,33,0,16,0,35,0
460093,1,1,0,0,0,0,0,0,0,0,0,0
460094,1,1,16,16,16,16,16,16,16,16,16,16
460095,1,1,0,0,0,0,0,0,0,0,0,0
460095,2,1,0,0,0,0,0,0,0,0,0,0
460096,1,1,0,0,0,0,0,0,0,0,0,0
460096,2,1,0,0,0,0,0,0,0,0,0,0
460096,3,1,0,0,0,0,0,0,0,0,0,0
460096,4,1,0,0,0,0,0,0,0,0,0,0
460097,1,1,7,13,0,18,33,31,12,18,21,20
460098,1,1,0,0,0,0,0,0,0,0,0,0
460099,1,1,0,0,0,0,0,0,0,0,0,0
460099,2,1,0,0,0,0,0,0,0,0,0,0
460100,1,1,21,21,21,21,21,21,21,21,21,21
460101,1,1,0,0,0,0,0,0,0,0,0,0
460101,2,1,0,0,0,0,0,0,0,0,0,0
460102,1,1,0,0,0,0,0,0,0,0,0,0
460103,1,1,0,0,0,0,0,0,0,0,0,0
460104,1,1,0,0,0,0,0,0,0,0,0,0
460104,2,1,0,0,0,0,0,0,0,0,0,0
460105,1,1,28,28,28,28,28,28,28,28,28,28
460106,1,1,28,28,28,28,28,28,28,28,28,28
460107,1,1,0,0,0,0,0,0,0,0,0,0
460107,2,1,0,0,0,0,0,0,0,0,0,0
460107,3,1,0,0,0,0,0,0,0,0,0,0
460108,1,1,19,19,19,19,19,19,19,19,19,19
460109,1,1,0,0,0,0,0,0,0,0,0,0
460109,2,1,0,0,0,0,0,0,0,0,0,0
460110,1,1,12,50,28,0,13,17,13,10,10,18
460111,1,1,0,0,0,0,0,0,0,0,0,0
460111,2,1,0,0,0,0,0,0,0,0,0,0
460111,3,1,0,0,0,0,0,0,0,0,0,0
460112,1,1,0,0,0,0,0,0,0,0,0,0
460113,1,1,0,0,0,0,0,0,0,0,0,0
460114,1,1,0,0,0,0,0,0,0,0,0,0
460114,2,1,0,0,0,0,0,0,0,0,0,0
460115,1,1,0,0,0,0,0,0,0,0,0,0
460115,2,1,0,0,0,0,0,0,0,0,0,0
460116,1,1,27,27,27,27,27,27,27,27,27,27
460117,1,1,0,0,0,0,0,0,0,0,0,0
460117,2,1,0,0,0,0,0,0,0,0,0,0
460119,1,1,30,30,30,30,30,30,30,30,30,30
470001,1,1,12,12,12,12,12,12,12,12,12,12
470002,1,1,27,27,27,27,27,27,27,27,27,27
470003,0,1,0,0,0,0,0,0,0,0,0,0
470003,1,1,0,0,0,0,0,0,0,0,0,0
470005,1,1,8,8,8,8,8,8,8,8,8,8
470006,1,1,26,26,26,26,26,26,26,26,26,26
470007,1,1,0,0,0,0,0,0,0,0,0,0
470008,1,1,12,12,12,12,12,12,12,12,12,12
470009,1,1,0,0,0,0,0,0,0,0,0,0
470009,2,1,0,0,0,0,0,0,0,0,0,0
470010,1,1,0,0,0,0,0,0,0,0,0,0
470010,2,1,0,0,0,0,0,0,0,0,0,0
470010,3,1,22,22,22,22,22,22,22,22,22,22
470010,4,1,0,0,0,0,0,0,0,0,14,0
470011,1,1,20,20,20,20,20,20,20,20,20,20
470011,2,1,0,0,0,0,0,0,0,0,0,0
470012,1,1,0,0,0,0,0,0,0,0,0,0
470012,2,1,22,22,22,22,22,22,22,22,22,22
470013,1,1,0,0,0,0,0,0,0,0,0,0
470013,2,1,76,76,76,76,76,76,76,76,76,76
470014,1,1,0,0,0,0,0,0,0,18,0,0
470014,2,1,0,0,0,0,0,0,0,0,0,0
470015,1,1,0,0,0,0,0,0,0,0,0,0
470015,2,1,0,0,0,0,0,0,0,0,0,0
470016,1,1,0,0,0,0,0,0,0,0,0,0
470017,1,1,0,0,0,0,0,0,0,0,0,0
470018,1,1,0,0,0,0,0,0,28,0,0,0
470018,2,1,0,0,0,0,0,0,0,0,0,0
470019,1,1,0,0,0,0,0,0,0,0,0,0
470019,2,1,0,0,0,0,0,0,0,0,0,0
470020,1,1,0,0,0,0,0,0,0,0,0,0
470021,1,1,0,0,0,0,0,0,0,0,0,0
470022,1,1,0,0,0,0,0,0,0,0,0,0
470023,0,1,29,39,26,3,0,41,22,22,33,21
470023,1,1,0,0,0,0,0,0,0,0,0,0
470024,1,1,12,0,0,0,0,0,19,7,0,18
470025,1,1,3,3,3,3,3,3,3,3,3,3
470026,0,1,0,0,0,0,0,0,0,0,0,0
470026,1,1,0,0,0,0,0,0,0,0,0,0
470027,1,1,0,0,0,0,0,0,0,0,0,0
470028,1,1,25,25,25,25,25,25,25,25,25,25
470029,1,1,13,13,13,13,13,13,13,13,13,13
470030,1,1,0,0,9,0,3,0,11,10,0,0
470031,1,1,0,0,0,0,0,0,6,0,0,0
470031,2,1,0,0,0,0,0,0,0,0,0,0
470031,3,1,0,0,0,0,0,0,0,0,0,0
470031,4,1,0,0,0,0,0,0,0,0,0,0
470032,1,1,0,0,0,31,0,0,0,0,0,0
470032,2,1,0,0,0,0,0,0,0,0,0,0
470033,1,1,0,0,0,0,0,0,0,0,0,0
470034,1,1,0,0,0,0,0,0,0,0,0,0
470034,2,1,20,0,0,0,0,0,0,0,0,0
470034,3,1,0,0,0,0,0,0,0,0,0,0
470035,1,1,22,22,22,22,22,22,22,22,22,22
470035,2,1,0,0,0,0,0,0,0,0,0,0
470036,1,1,3,3,3,3,3,3,3,3,3,3
470037,0,1,0,0,0,8,0,0,0,0,0,0
470037,1,1,0,0,0,0,0,0,0,0,0,0
470038,1,1,12,0,0,0,0,0,0,0,0,0
470038,2,1,0,0,0,0,0,0,0,0,0,0
470039,1,1,0,0,0,0,0,0,0,0,0,0
470039,2,1,0,16,0,11,28,11,0,0,13,0
470040,1,1,0,0,0,0,0,0,0,0,0,0
470040,2,1,0,0,0,0,0,0,0,0,0,0
470041,1,1,0,0,0,0,0,0,0,20,0,0
470041,2,1,0,0,0,0,0,0,0,0,0,0
470041,3,1,0,0,0,0,0,0,0,0,0,0
470043,1,1,0,0,12,0,0,0,0,0,0,0
470043,2,1,0,0,0,0,0,0,0,0,0,0
470044,1,1,0,0,0,0,0,0,28,0,0,6
470045,1,1,13,12,16,0,12,0,0,21,14,0
470046,1,1,0,0,0,0,0,0,0,0,0,0
470047,0,1,8,8,8,8,8,8,8,8,8,8
470047,1,1,0,0,0,0,0,0,0,0,0,0
470048,1,1,0,0,0,0,0,0,0,0,0,0
470048,2,1,0,0,0,0,0,0,0,0,0,0
470048,3,1,0,0,0,0,0,0,0,0,0,0
470049,1,1,0,0,0,0,0,0,0,0,0,0
470049,2,1,0,0,0,0,0,0,0,0,0,0
470049,3,1,0,0,0,0,0,0,0,0,0,0
470050,1,1,10,10,10,10,10,10,10,10,10,10
470051,1,1,0,0,0,0,0,0,0,0,0,0
470052,1,1,0,0,0,0,0,0,0,0,0,0
470052,2,1,0,0,0,0,0,0,0,0,0,0
470053,1,1,0,0,0,0,0,0,0,0,0,0
470054,1,1,0,0,0,0,0,0,0,0,0,0
470054,2,1,0,0,0,13,0,0,0,0,5,28
470055,1,1,0,27,17,12,0,11,0,9,27,0
470056,1,1,5,5,5,5,5,5,5,5,5,5
470057,1,1,0,0,0,0,0,0,0,0,0,0
470058,1,1,18,18,18,18,18,18,18,18,18,18
470059,1,1,16,16,16,16,16,16,16,16,16,16
470060,1,1,0,0,0,0,0,0,0,0,0,7
470060,2,1,10,13,0,0,0,11,0,0,11,0
470061,1,1,1,1,1,1,1,1,1,1,1,1
470062,0,1,0,0,0,0,0,0,0,0,0,0
470062,1,1,0,0,0,0,0,0,0,0,0,0
470063,0,1,0,0,0,0,0,0,16,0,0,0
470063,0,2,0,17,4,9,0,0,0,0,0,0
470063,0,3,0,0,0,0,0,0,0,0,0,10
470063,1,1,0,0,0,0,0,0,0,0,0,0
470063,2,1,0,0,0,0,0,0,0,0,0,0
470064,1,1,0,0,0,0,0,0,0,0,0,0
470064,2,1,0,0,0,0,0,0,0,0,0,0
470065,1,1,19,19,19,19,19,19,19,19,19,19
470066,1,1,33,33,33,33,33,33,33,33,33,33
470067,1,1,21,21,21,21,21,21,21,21,21,21
470067,2,1,0,0,0,0,0,0,0,0,0,0
470068,1,1,23,23,23,23,23,23,23,23,23,23
470069,1,1,25,18,7,16,13,18,36,13,21,7
470070,1,1,12,12,12,12,12,12,12,12,12,12
470071,1,1,7,33,0,4,16,0,0,0,13,19
470071,2,1,0,0,0,0,0,0,0,0,0,0
470072,1,1,0,0,0,0,0,0,0,22,0,0
470072,2,1,0,0,0,0,0,0,0,0,0,0
470072,3,1,0,0,0,0,0,0,0,0,0,0
470072,4,1,0,0,17,0,0,0,0,0,0,0
470073,1,1,0,0,0,0,0,0,0,0,0,0
470073,2,1,0,0,0,0,0,0,0,0,0,0
470074,1,1,0,0,0,0,0,0,0,0,0,0
470074,2,1,0,0,0,0,0,0,0,0,0,0
470075,1,1,24,24,24,24,24,24,24,24,24,24
470076,1,1,29,29,29,29,29,29,29,29,29,29
470077,1,1,0,0,0,0,0,0,0,0,0,0
470078,1,1,0,0,0,0,0,0,0,0,0,0
470079,1,1,0,0,21,0,27,0,0,12,0,24
470079,2,1,0,0,0,0,0,0,0,0,0,0
470080,1,1,24,10,18,16,10,24,16,25,19,15
470081,1,1,0,0,0,0,0,0,0,0,0,0
470081,2,1,0,0,0,0,0,0,0,0,0,0
470082,1,1,0,0,0,10,15,0,0,15,20,0
470083,1,1,0,0,0,0,0,0,0,0,0,0
470083,2,1,0,0,0,0,0,0,0,0,0,0
470084,1,1,0,0,0,0,0,0,0,0,0,0
470084,2,1,0,0,0,0,0,0,0,0,0,0
470084,3,1,0,0,0,0,0,0,0,0,0,0
470085,1,1,14,14,14,14,14,14,14,14,14,14
470086,0,1,0,0,0,0,0,0,0,0,0,0
470086,1,1,0,0,0,0,0,0,0,0,0,0
470087,1,1,0,0,0,0,0,0,0,12,0,0
470087,2,1,0,0,15,11,0,0,0,0,0,0
470088,1,1,0,0,0,0,0,0,0,0,0,0
470088,2,1,0,0,0,0,0,0,0,0,0,0
470089,1,1,36,36,36,36,36,36,36,36,36,36
470090,1,1,0,0,0,0,0,0,0,0,0,0
470090,2,1,0,0,0,0,0,0,0,0,0,0
470091,1,1,0,0,0,0,0,0,0,0,0,0
470091,2,1,0,0,0,0,0,0,0,0,0,0
470092,1,1,23,23,23,23,23,23,23,23,23,23
470093,1,1,0,15,15,0,10,11,9,17,0,0
470093,2,1,0,0,0,0,0,0,0,0,0,0
470094,1,1,26,12,29,16,30,25,42,19,20,11
470095,1,1,0,0,0,0,0,0,0,0,0,0
470096,1,1,23,23,23,23,23,23,23,23,23,23
470097,1,1,28,28,28,28,28,28,28,28,28,28
470098,0,1,0,0,0,0,0,0,0,0,0,0
470098,1,1,0,0,0,0,0,0,0,0,0,0
470099,1,1,18,18,18,18,18,18,18,18,18,18
470100,1,1,0,0,0,0,0,0,0,0,0,0
470101,1,1,0,0,0,0,0,0,0,0,0,0
470102,1,1,0,0,0,0,0,0,0,0,0,0
470103,1,1,37,22,9,31,14,15,20,16,5,18
470104,1,1,0,0,0,0,0,0,0,0,0,0
470104,2,1,0,0,0,0,0,0,0,0,0,0
470104,3,1,0,0,0,0,0,0,0,0,0,0
470104,4,1,0,0,0,9,0,0,0,0,0,0
470105,1,1,0,0,0,0,0,0,0,0,0,0
470105,2,1,30,30,30,30,30,30,30,30,30,30
470107,1,1,0,0,0,0,0,0,0,0,0,0
470107,2,1,0,0,0,0,0,0,0,0,0,0
470108,1,1,0,0,0,0,0,0,0,0,0,0
470109,1,1,0,0,0,0,0,0,0,0,0,0
470110,1,1,7,7,7,7,7,7,7,7,7,7
470111,1,1,25,25,25,25,25,25,25,25,25,25
470112,1,1,8,8,8,8,8,8,8,8,8,8
470113,1,1,16,16,16,16,16,16,16,16,16,16
470114,1,1,0,0,0,0,19,0,12,0,0,0
470115,1,1,4,4,4,4,4,4,4,4,4,4
470116,1,1,0,0,0,0,0,0,27,0,0,0
470116,2,1,0,0,0,0,0,0,0,0,0,0
470117,1,1,0,0,0,0,0,0,0,0,0,0
470118,1,1,0,0,0,0,0,0,0,0,0,0
470118,2,1,0,0,0,0,0,0,0,0,0,0
470119,1,1,0,0,0,0,0,0,0,0,0,0
470119,2,1,12,12,12,12,12,12,12,12,12,12
470120,1,1,12,12,12,12,12,12,12,12,12,12
470121,1,1,0,0,0,0,0,0,0,0,0,0
470121,2,1,0,0,0,0,0,0,0,0,0,0
470122,1,1,0,0,0,0,0,0,0,0,0,0
470123,1,1,0,0,0,0,0,0,0,0,0,0
470123,2,1,0,0,0,0,8,0,0,15,0,0
470124,1,1,23,23,23,23,23,23,23,23,23,23
470125,1,1,0,0,0,0,0,0,0,0,0,0
470126,1,1,0,0,0,0,0,0,0,0,0,0
470127,1,1,17,17,17,17,17,17,17,17,17,17
470128,1,1,0,0,0,0,0,0,0,0,0,0
470128,2,1,0,0,0,0,0,0,0,0,0,0
470129,1,1,0,0,0,0,0,0,0,0,0,0
470130,1,1,19,19,19,19,19,19,19,19,19,19
470131,1,1,0,0,0,0,0,0,0,0,0,0
470131,2,1,0,0,10,0,0,13,0,0,0,0
470131,3,1,0,0,0,0,0,0,0,0,0,0
470132,1,1,8,8,8,8,8,8,8,8,8,8
470134,1,1,20,21,17,14,23,26,16,5,18,27
470135,1,1,0,0,0,0,0,0,0,0,0,0
470135,2,1,0,0,0,0,0,0,0,0,0,0
470136,1,1,14,14,14,14,14,14,14,14,14,14
470137,1,1,0,24,0,0,0,0,10,0,20,0
470137,2,1,0,0,0,32,15,0,0,0,0,28
470138,1,1,12,12,12,12,12,12,12,12,12,12
470139,1,1,0,6,12,0,0,0,0,0,0,0
470139,2,1,0,0,0,0,0,0,0,0,0,0
470140,0,1,18,11,9,19,15,14,45,12,9,9
470140,1,1,0,0,0,0,0,0,0,0,0,0
470141,1,1,0,0,0,0,0,0,0,0,0,0
470141,2,1,0,0,0,0,0,0,0,0,0,0
470141,3,1,0,0,0,0,0,0,0,0,0,0
470142,1,1,10,10,10,10,10,10,10,10,10,10
470142,2,1,0,0,0,0,0,0,0,0,0,13
470143,1,1,29,29,29,29,29,29,29,29,29,29
470143,2,1,0,0,0,0,0,0,0,0,0,0
470144,1,1,0,0,0,0,0,0,0,0,0,0
470145,1,1,0,0,0,0,0,0,0,0,0,0
470146,1,1,0,0,0,0,0,0,0,0,0,0
470147,1,1,23,23,23,23,23,23,23,23,23,23
470148,1,1,18,18,18,18,18,18,18,18,18,18
470149,1,1,0,0,0,0,0,0,0,0,0,0
470149,2,1,0,0,0,0,0,0,0,0,0,0
470149,3,1,0,0,0,11,0,0,0,0,0,0
470150,1,1,15,15,15,15,15,15,15,15,15,15
470151,1,1,0,0,0,0,0,0,0,0,0,0
470151,2,1,0,0,0,0,0,13,0,0,0,0
470152,1,1,16,16,16,16,16,16,16,16,16,16
470152,2,1,0,0,0,0,0,0,0,0,0,0
470153,1,1,0,0,0,0,0,0,0,0,0,0
470153,2,1,0,0,0,0,0,0,0,0,0,0
470154,1,1,0,0,0,0,0,0,0,0,0,0
470154,2,1,0,0,0,0,0,0,0,0,0,0
470154,3,1,0,0,0,0,0,0,0,0,0,0
470155,1,1,0,0,0,0,0,0,0,0,0,0
470155,2,1,0,0,0,0,0,0,0,0,0,0
470156,1,1,0,0,0,0,0,0,0,0,0,0
470157,1,1,0,0,0,0,0,0,0,0,0,0
470157,2,1,0,0,0,0,0,0,0,0,0,0
470158,1,1,0,0,0,0,0,0,0,0,0,0
470159,1,1,15,15,15,15,15,15,15,15,15,15
470160,0,1,0,0,0,0,0,0,0,0,0,0
470160,1,1,0,0,0,0,0,0,0,0,0,0
470161,1,1,0,0,0,0,0,0,0,0,0,0
470161,2,1,0,0,0,0,0,0,0,0,0,0
470161,3,1,0,0,0,0,0,0,0,0,0,0
470162,0,1,32,17,30,29,25,0,25,0,14,0
470162,1,1,0,0,0,0,0,0,0,0,0,0
470162,2,1,0,0,0,0,0,0,5,0,0,0
470163,1,1,0,0,0,0,0,0,0,0,0,0
470163,2,1,0,0,0,0,0,0,0,20,0,0
470164,1,1,25,25,25,25,25,25,25,25,25,25
470165,1,1,0,0,0,0,0,0,0,0,0,0
470165,2,1,0,0,0,0,0,0,0,0,0,0
470166,0,1,20,20,20,20,20,20,20,20,20,20
470166,1,1,0,0,0,0,0,0,0,0,0,0
470167,1,1,33,19,29,10,29,19,14,25,0,33
470168,1,1,0,0,0,0,19,0,0,0,0,0
470168,2,1,0,0,0,0,0,0,0,0,0,0
470169,0,1,0,0,29,0,0,19,13,8,14,15
470169,1,1,4,4,4,4,4,4,4,4,4,4
470170,0,1,0,0,0,0,0,0,0,0,0,0
470170,1,1,0,0,0,0,0,0,0,0,0,0
470171,1,1,0,0,0,0,0,0,0,0,0,0
470172,0,1,0,0,0,0,0,0,0,0,0,0
470172,1,1,0,0,0,0,0,0,0,0,0,0
470173,1,1,0,0,0,0,0,0,0,0,0,0
470173,2,1,0,0,0,0,0,0,0,0,0,0
470174,1,1,23,23,23,23,23,23,23,23,23,23
470175,1,1,0,0,0,0,0,0,0,0,0,0
470175,2,1,0,0,0,0,0,0,0,0,0,0
470176,1,1,0,0,0,0,0,0,0,0,0,0
470176,2,1,0,0,0,0,0,0,0,0,0,0
470177,1,1,0,0,0,0,0,0,0,0,0,0
470178,1,1,0,0,0,0,0,0,0,0,0,0
470178,2,1,0,0,0,0,0,0,0,0,0,0
470179,1,1,0,0,0,0,0,0,0,0,0,0
470179,2,1,0,0,0,0,0,0,0,0,0,0