ST_CASE,VEH_NO,PER_NO,P1,P2,P3,P4,P5,P6,P7,P8,P9,P10
470180,1,1,0,0,0,0,0,0,0,0,0,0
470180,2,1,0,0,0,0,8,0,0,0,0,0
470180,3,1,26,26,26,26,26,26,26,26,26,26
470181,1,1,0,0,0,0,0,0,0,0,0,0
470181,2,1,0,0,0,0,0,0,0,0,0,0
470182,1,1,4,4,4,4,4,4,4,4,4,4
470183,1,1,19,19,19,19,19,19,19,19,19,19
470184,1,1,0,0,0,0,0,0,0,0,0,0
470185,1,1,0,0,0,0,0,0,0,0,22,0
470186,1,1,0,0,0,0,0,0,0,0,0,0
470186,2,1,0,0,0,0,0,0,0,0,0,0
470187,1,1,0,0,0,0,0,0,0,0,0,0
470188,1,1,17,0,0,0,0,9,0,0,0,0
470188,2,1,0,0,0,0,0,0,0,0,0,0
470189,1,1,0,0,0,0,0,0,0,0,0,0
470189,2,1,0,0,0,0,0,0,0,0,0,0
470190,1,1,12,7,0,28,0,0,0,0,0,19
470191,1,1,2,2,2,2,2,2,2,2,2,2
470191,2,1,0,0,0,0,0,0,0,0,0,0
470192,1,1,0,0,0,0,0,0,0,0,0,0
470193,1,1,25,25,25,25,25,25,25,25,25,25
470194,1,1,0,0,0,0,0,0,0,0,0,0
470195,1,1,0,0,0,0,0,0,0,0,0,0
470196,1,1,0,4,0,0,11,0,0,0,0,0
470196,2,1,0,0,0,0,0,0,0,0,0,0
470197,1,1,0,0,0,0,0,0,0,0,0,0
470198,1,1,1,1,1,1,1,1,1,1,1,1
470199,1,1,0,0,0,0,0,0,0,0,0,0
470199,2,1,0,0,0,0,0,0,0,0,0,0
470200,1,1,0,0,0,0,0,0,0,0,0,0
470200,2,1,0,0,0,0,0,0,0,0,0,0
470200,3,1,0,0,0,0,0,0,0,0,0,0
470201,1,1,0,0,0,0,0,0,0,0,0,0
470201,2,1,0,0,0,0,0,0,0,0,0,0
470202,1,1,12,12,12,12,12,12,12,12,12,12
470203,1,1,0,0,0,0,0,0,0,0,0,0
470204,0,1,9,9,9,9,9,9,9,9,9,9
470204,1,1,0,0,0,0,0,0,0,0,0,0
470205,1,1,0,0,0,0,0,0,0,0,0,0
470206,1,1,0,0,2,18,0,11,0,0,0,0
470207,1,1,0,0,0,0,0,0,0,0,0,0
470208,0,1,28,28,28,28,28,28,28,28,28,28
470208,1,1,0,0,0,0,0,0,0,0,0,0
470209,1,1,0,0,0,4,0,0,0,0,0,0
470210,1,1,0,0,31,0,0,0,11,0,0,0
470211,1,1,28,28,28,28,28,28,28,28,28,28
470212,1,1,0,0,0,0,0,0,0,0,0,0
470213,1,1,0,0,0,0,0,0,0,0,0,0
470214,1,1,0,0,0,0,0,0,0,0,0,0
470215,1,1,0,0,0,0,0,0,0,0,0,0
470215,2,1,0,0,0,0,0,0,0,0,0,0
470216,1,1,0,0,0,0,0,0,0,0,0,0
470216,2,1,0,0,0,0,0,0,0,0,0,0
470216,3,1,0,0,0,0,0,0,0,0,0,0
470216,4,1,0,0,0,0,0,0,0,0,0,0
470217,0,1,0,0,0,0,0,0,0,0,0,0
470217,0,2,0,0,0,0,0,0,0,0,0,0
470217,0,3,0,0,0,0,0,0,0,0,0,0
470217,0,4,17,0,0,0,27,0,0,0,0,0
470217,0,5,0,0,0,0,0,0,0,0,0,0
470217,1,1,0,0,0,0,0,0,0,0,0,0
470218,0,1,0,0,0,13,19,0,0,0,0,34
470218,1,1,0,0,0,0,0,0,0,16,0,0
470219,1,1,5,5,5,5,5,5,5,5,5,5
470220,1,1,4,4,4,4,4,4,4,4,4,4
470221,1,1,0,0,0,0,0,0,0,0,14,0
470223,1,1,4,4,4,4,4,4,4,4,4,4
470223,2,1,0,0,0,0,0,0,0,0,0,0
470224,1,1,0,0,0,0,0,0,0,0,0,0
470224,2,1,0,0,0,0,0,0,17,0,0,9
470225,0,1,0,0,0,0,0,0,0,0,0,0
470225,1,1,0,0,0,0,0,0,0,0,0,0
470226,1,1,0,0,0,0,0,0,0,0,0,0
470226,2,1,0,0,0,0,0,0,0,0,0,0
470227,1,1,20,20,20,20,20,20,20,20,20,20
470228,1,1,12,12,12,12,12,12,12,12,12,12
470229,0,1,0,0,0,0,0,0,0,0,0,0
470229,1,1,0,0,0,0,0,0,0,0,0,0
470230,1,1,10,0,0,0,0,13,0,0,0,0
470231,1,1,0,0,0,13,0,0,0,0,0,21
470231,2,1,0,0,0,0,0,0,0,0,0,0
470232,1,1,0,0,0,0,0,0,0,0,0,0
470232,2,1,0,0,0,0,0,0,0,0,0,0
470233,1,1,24,24,24,24,24,24,24,24,24,24
470234,1,1,0,0,0,0,0,0,0,0,0,0
470234,2,1,0,0,0,0,0,0,0,0,0,0
470235,1,1,0,17,0,0,0,0,0,0,0,0
470236,1,1,0,0,0,0,6,0,0,0,0,0
470237,1,1,0,0,0,0,31,0,0,0,0,0
470238,1,1,0,0,0,0,0,0,0,0,0,0
470238,2,1,0,0,0,0,0,0,0,0,0,0
470239,0,1,14,13,25,8,0,27,25,0,0,27
470239,1,1,0,0,0,0,0,0,0,0,0,0
470240,1,1,0,7,0,14,0,0,0,19,5,0
470241,1,1,0,0,0,0,0,0,0,0,0,0
470241,2,1,0,0,0,0,0,0,0,0,0,0
470242,1,1,0,0,0,0,0,0,0,0,0,0
470242,2,1,0,0,0,0,0,0,0,0,0,0
470243,1,1,21,21,21,21,21,21,21,21,21,21
470244,1,1,0,0,0,0,0,0,14,0,0,9
470244,2,1,0,0,0,0,0,0,0,0,0,0
470245,1,1,15,15,15,15,15,15,15,15,15,15
470246,1,1,24,24,24,24,24,24,24,24,24,24
470247,1,1,0,0,0,0,0,0,0,0,0,0
470247,2,1,0,0,0,0,0,0,0,0,0,0
470248,1,1,0,0,0,0,0,0,0,0,0,0
470248,2,1,12,12,12,12,12,12,12,12,12,12
470249,1,1,0,0,0,0,0,0,0,0,0,0
470249,2,1,0,0,0,0,0,0,0,0,0,0
470250,1,1,0,0,0,0,0,0,0,0,0,0
470251,1,1,9,9,9,9,9,9,9,9,9,9
470251,2,1,0,0,0,0,0,0,0,0,0,0
470252,1,1,0,0,0,0,0,0,0,0,0,0
470252,2,1,0,0,0,0,0,0,0,0,0,0
470253,1,1,0,0,0,0,0,0,0,0,0,0
470253,2,1,0,0,0,0,0,0,0,0,0,0
470253,3,1,0,0,0,0,0,0,0,0,0,0
470254,1,1,19,19,19,19,19,19,19,19,19,19
470254,2,1,0,0,0,0,0,0,0,0,0,0
470255,1,1,0,0,0,0,0,0,0,0,0,0
470256,1,1,0,0,0,0,0,0,0,0,0,0
470257,1,1,0,0,0,0,0,0,0,0,0,0
470258,1,1,11,0,0,19,0,0,0,0,0,0
470259,1,1,0,0,0,0,0,0,0,0,0,0
470260,1,1,0,0,0,0,0,0,0,0,0,0
470261,1,1,25,0,0,0,25,35,0,0,7,12
470262,1,1,18,18,18,18,18,18,18,18,18,18
470262,2,1,0,0,0,0,0,0,0,0,0,0
470263,1,1,0,0,0,0,0,0,0,0,0,20
470263,2,1,0,0,0,0,0,0,0,0,0,0
470263,3,1,0,0,0,0,0,0,0,0,0,0
470264,1,1,0,0,0,0,0,0,0,0,3,0
470265,1,1,0,0,0,0,0,0,0,0,0,0
470265,2,1,0,0,0,0,0,0,0,0,0,0
470266,1,1,12,0,0,20,0,0,0,0,0,0
470267,1,1,0,0,0,0,0,0,0,0,0,0
470268,1,1,0,0,0,0,0,0,0,0,0,0
470269,1,1,30,30,30,30,30,30,30,30,30,30
470270,1,1,0,0,0,0,0,0,0,0,0,0
470270,2,1,0,0,0,0,0,0,0,0,0,0
470271,1,1,2,2,2,2,2,2,2,2,2,2
470272,1,1,25,25,25,25,25,25,25,25,25,25
470273,1,1,0,0,0,0,0,0,0,0,0,0
470274,1,1,22,22,22,22,22,22,22,22,22,22
470275,0,1,0,0,0,0,0,0,0,0,0,0
470275,1,1,0,0,0,0,0,0,0,0,0,0
470276,1,1,0,0,0,0,0,0,0,0,0,0
470277,1,1,12,18,2,30,0,29,38,9,8,24
470278,1,1,28,28,28,28,28,28,28,28,28,28
470279,1,1,0,0,0,0,0,0,0,0,12,0
470280,1,1,0,0,0,0,0,0,0,0,0,0
470281,1,1,0,0,23,0,15,8,30,15,18,0
470282,0,1,0,0,0,0,0,22,0,0,0,0
470282,1,1,0,0,0,0,0,26,0,0,0,0
470283,1,1,6,6,6,6,6,6,6,6,6,6
470284,1,1,0,0,0,0,0,0,0,0,0,0
470285,1,1,0,0,0,0,0,0,0,0,0,0
470285,2,1,0,0,0,0,0,0,0,0,0,0
470285,3,1,0,0,0,0,0,0,0,0,0,0
470285,4,1,41,41,41,41,41,41,41,41,41,41
470286,1,1,0,0,0,0,0,0,0,0,0,0
470287,1,1,0,12,0,24,6,0,0,0,45,8
470288,1,1,0,0,0,0,0,0,0,0,0,0
470288,2,1,0,0,0,0,0,0,0,0,0,0
470288,3,1,0,0,0,0,0,0,0,0,0,0
470288,4,1,0,0,0,0,0,0,0,17,0,0
470289,1,1,0,0,0,0,0,0,0,0,0,0
470289,2,1,0,0,0,0,0,0,0,0,0,0
470290,1,1,0,0,0,0,0,0,0,0,0,0
470291,1,1,0,0,0,0,0,0,0,0,0,0
470291,2,1,7,7,7,7,7,7,7,7,7,7
470292,1,1,18,18,18,18,18,18,18,18,18,18
470293,1,1,0,0,0,0,0,0,0,0,0,0
470294,1,1,0,0,0,0,0,0,0,0,0,0
470294,2,1,0,0,0,0,0,0,0,0,0,0
470295,1,1,0,0,0,0,0,0,0,0,0,0
470295,2,1,0,0,0,0,0,0,0,0,16,0
470296,1,1,0,0,0,0,0,0,0,0,0,0
470297,1,1,12,12,12,12,12,12,12,12,12,12
470298,1,1,8,8,8,8,8,8,8,8,8,8
470299,1,1,16,16,16,16,16,16,16,16,16,16
470300,1,1,0,19,0,0,0,26,19,0,16,0
470301,1,1,0,0,0,0,0,0,0,0,0,0
470301,2,1,0,0,0,0,0,0,0,0,0,0
470302,1,1,0,0,0,0,0,0,0,0,25,0
470303,1,1,0,0,0,0,0,0,0,0,0,0
470303,2,1,0,0,0,0,0,0,0,0,0,0
470304,1,1,23,23,23,23,23,23,23,23,23,23
470304,2,1,0,0,0,0,0,0,0,0,0,0
470305,0,1,0,0,0,0,0,0,0,0,0,0
470305,1,1,0,0,0,0,0,0,0,0,0,0
470306,1,1,0,0,0,0,0,0,0,0,0,7
470306,2,1,0,0,0,0,0,0,0,0,0,0
470306,3,1,14,14,14,14,14,14,14,14,14,14
470307,1,1,0,0,0,0,0,0,0,0,0,0
470307,2,1,16,7,3,0,24,0,0,0,0,0
470308,1,1,0,0,0,0,0,0,0,0,0,0
470309,1,1,0,0,0,0,0,0,0,0,0,0
470310,1,1,0,0,0,0,0,0,0,0,11,0
470310,2,1,0,0,0,0,0,0,0,0,0,0
470311,1,1,0,0,0,0,0,0,0,0,0,0
470311,2,1,0,0,0,0,0,0,0,0,0,0
470312,1,1,2,2,2,2,2,2,2,2,2,2
470313,1,1,0,0,0,0,27,0,12,0,0,0
470313,2,1,0,0,0,0,0,0,0,0,0,0
470314,1,1,0,0,0,0,0,0,0,0,0,0
470315,1,1,0,0,0,0,0,0,0,0,0,0
470316,1,1,0,0,0,0,0,0,0,0,0,0
470316,2,1,0,0,0,0,0,0,0,0,0,0
470317,1,1,0,0,0,0,0,0,0,0,0,0
470317,2,1,0,0,0,0,0,0,0,0,0,0
470318,1,1,0,0,0,0,0,0,0,0,0,0
470319,1,1,22,22,22,22,22,22,22,22,22,22
470320,1,1,0,0,0,0,0,0,0,0,0,0
470321,0,1,0,0,0,0,0,27,0,0,0,0
470321,1,1,0,0,0,0,0,0,0,0,0,0
470322,1,1,10,10,10,10,10,10,10,10,10,10
470323,1,1,25,25,25,25,25,25,25,25,25,25
470324,1,1,20,0,0,24,0,0,12,10,0,0
470325,1,1,0,11,0,0,10,0,8,0,0,0
470326,1,1,0,0,0,0,0,0,18,0,0,0
470326,2,1,0,0,0,0,0,4,0,0,0,0
470327,1,1,16,16,16,16,16,16,16,16,16,16
470328,1,1,0,0,0,0,0,0,0,0,0,0
470328,2,1,0,0,0,0,0,0,0,0,0,0
470329,1,1,6,6,6,6,6,6,6,6,6,6
470329,2,1,0,0,0,0,0,0,0,0,0,0
470330,1,1,11,11,11,11,11,11,11,11,11,11
470330,2,1,0,0,0,0,0,0,6,0,0,0
470331,1,1,0,0,0,0,0,0,0,0,0,0
470332,0,1,0,0,21,0,33,0,0,19,0,17
470332,0,2,0,0,0,0,0,0,0,0,0,0
470332,1,1,0,0,0,0,0,0,0,0,0,0
470333,1,1,0,0,0,0,0,0,0,6,0,0
470334,1,1,0,0,0,0,0,0,0,0,0,0
470334,2,1,0,0,0,0,0,0,0,0,0,0
470335,1,1,0,0,0,0,0,0,0,0,0,0
470335,2,1,0,0,0,0,0,0,0,0,0,0
470336,1,1,0,0,0,0,0,0,0,0,0,0
470336,2,1,24,24,24,24,24,24,24,24,24,24
470337,1,1,0,0,0,0,0,0,0,0,0,0
470338,1,1,47,47,47,47,47,47,47,47,47,47
470339,1,1,0,0,0,0,0,0,0,0,0,0
470339,2,1,0,0,0,0,0,0,0,0,0,0
470340,1,1,0,0,0,0,0,0,0,0,0,0
470340,2,1,0,0,0,0,0,0,0,0,0,0
470341,1,1,0,18,9,35,0,0,0,0,0,20
470342,1,1,25,25,25,25,25,25,25,25,25,25
470342,2,1,0,0,0,0,0,0,0,0,0,0
470343,1,1,25,20,14,28,11,17,20,21,20,29
470344,1,1,0,0,9,0,0,0,0,15,0,13
470345,1,1,0,0,0,0,0,0,0,0,0,0
470346,1,1,22,22,22,22,22,22,22,22,22,22
470347,1,1,0,0,0,0,0,0,0,0,0,0
470348,1,1,0,0,0,0,0,0,0,0,0,0
470349,1,1,24,24,24,24,24,24,24,24,24,24
470350,1,1,0,0,0,0,0,0,0,0,0,0
470350,2,1,15,15,15,15,15,15,15,15,15,15
470351,1,1,0,0,0,0,0,0,0,0,0,0
470352,1,1,0,0,0,0,0,0,0,0,0,0
470353,1,1,0,0,0,0,0,0,0,0,0,0
470354,1,1,26,26,26,26,26,26,26,26,26,26
470355,1,1,0,0,0,0,0,0,0,0,0,0
470356,1,1,0,0,0,24,0,12,13,0,0,11
470357,1,1,0,0,0,0,0,0,0,0,0,0
470357,2,1,0,0,0,0,0,0,0,0,0,0
470358,1,1,0,0,0,0,5,0,0,0,0,24
470359,1,1,0,0,0,0,0,0,0,0,0,0
470359,2,1,0,0,0,0,0,0,0,0,0,0
470359,3,1,0,0,0,0,0,0,0,0,0,0
470360,1,1,19,0,0,0,0,0,0,0,0,0
470360,2,1,0,0,0,0,0,0,0,0,0,0
470361,1,1,0,0,25,15,0,0,7,18,19,30
470362,0,1,3,0,0,0,0,34,35,40,0,0
470362,1,1,0,0,0,0,0,0,0,0,0,0
470364,1,1,0,0,0,0,0,0,0,0,0,0
470364,2,1,0,0,0,0,0,0,0,0,0,0
470364,3,1,0,0,0,0,0,0,0,0,0,0
470365,1,1,0,0,0,0,0,0,0,0,0,0
470366,1,1,10,0,15,11,0,18,0,0,9,0
470367,1,1,0,0,0,0,0,0,0,0,0,0
470367,2,1,0,0,0,0,0,0,0,0,0,0
470368,1,1,0,0,0,0,15,43,0,0,18,0
470369,1,1,0,23,0,20,19,6,0,6,38,23
470370,1,1,18,18,18,18,18,18,18,18,18,18
470371,1,1,0,0,0,0,0,0,0,0,0,0
470372,1,1,0,0,0,0,0,0,0,0,0,0
470373,1,1,8,8,8,8,8,8,8,8,8,8
470374,1,1,0,0,0,0,0,0,0,0,0,0
470375,1,1,6,6,6,6,6,6,6,6,6,6
470376,1,1,0,0,0,0,0,0,0,0,0,0
470377,1,1,20,20,20,20,20,20,20,20,20,20
470378,1,1,0,0,0,0,0,0,0,0,0,0
470378,2,1,0,0,0,0,0,0,0,0,0,0
470379,1,1,0,0,0,0,0,0,0,0,0,0
470380,1,1,20,20,20,20,20,20,20,20,20,20
470380,2,1,0,0,0,0,6,0,0,0,0,0
470381,1,1,0,0,0,0,0,0,0,0,0,0
470381,2,1,18,18,18,18,18,18,18,18,18,18
470382,1,1,0,0,0,0,0,0,0,0,0,0
470382,2,1,0,0,0,0,0,0,0,0,0,0
470383,1,1,0,10,0,0,16,0,0,0,0,0
470383,2,1,0,0,0,0,0,0,0,0,0,0
470384,1,1,0,0,0,0,0,0,0,0,0,0
470384,2,1,0,0,0,0,0,0,0,0,0,0
470385,1,1,0,0,0,0,0,0,0,0,0,0
470386,1,1,14,14,14,14,14,14,14,14,14,14
470387,1,1,15,15,15,15,15,15,15,15,15,15
470388,1,1,0,0,0,0,0,14,8,0,0,0
470389,1,1,22,22,22,22,22,22,22,22,22,22
470390,1,1,2,2,2,2,2,2,2,2,2,2
470391,1,1,0,0,0,0,0,0,0,0,0,0
470392,1,1,13,13,13,13,13,13,13,13,13,13
470392,2,1,0,0,0,0,0,0,0,0,0,0
470393,1,1,4,4,4,4,4,4,4,4,4,4
470393,2,1,0,0,0,0,0,0,0,0,0,0
470394,1,1,0,0,0,0,0,0,0,0,0,0
470394,2,1,20,10,18,19,0,4,14,8,12,25
470395,1,1,21,21,21,21,21,21,21,21,21,21
470395,2,1,0,0,0,14,0,0,0,0,0,0
470396,1,1,0,0,0,0,0,0,0,0,0,0
470396,2,1,0,0,0,0,0,0,0,0,0,0
470397,1,1,0,0,0,0,0,0,0,0,0,0
470397,2,1,5,5,5,5,5,5,5,5,5,5
470398,1,1,0,0,0,0,0,0,0,0,0,0
470398,2,1,0,0,0,0,0,0,0,0,0,0
470399,0,1,0,0,22,0,15,0,0,0,0,0
470399,0,2,0,27,0,0,0,0,0,0,0,0
470399,0,3,0,0,0,0,0,0,0,0,0,0
470399,1,1,0,0,0,0,0,0,0,0,0,0
470400,1,1,0,0,0,0,0,0,0,0,0,0
470401,1,1,0,0,0,0,0,0,0,0,0,0
470402,1,1,0,0,0,0,0,0,0,0,0,0
470403,1,1,0,0,0,0,0,0,0,0,0,0
470404,1,1,0,0,0,0,0,0,0,0,0,0
470404,2,1,35,0,0,0,0,0,0,0,0,24
470405,1,1,0,0,0,0,0,0,0,0,0,0
470405,2,1,0,0,0,0,0,0,0,0,0,0
470405,3,1,22,20,0,0,13,0,16,0,0,0
470406,1,1,0,0,0,0,0,2,0,0,0,0
470406,2,1,0,0,0,0,0,0,0,0,0,0
470407,0,1,33,14,0,7,19,0,27,0,25,15
470407,1,1,0,0,23,0,0,0,0,0,0,0
470408,1,1,19,19,19,19,19,19,19,19,19,19
470409,1,1,0,0,0,0,0,0,0,0,0,0
470410,1,1,10,10,10,10,10,10,10,10,10,10
470410,2,1,0,0,0,0,0,0,0,0,0,0
470411,1,1,0,0,0,0,0,0,0,0,0,0
470412,1,1,0,0,0,0,0,0,0,0,0,0
470413,1,1,0,0,0,0,0,0,0,0,0,0
470413,2,1,0,0,0,0,0,0,0,0,0,0
470414,1,1,0,0,0,0,0,0,0,0,0,0
470415,1,1,0,0,0,0,0,0,0,0,0,0
470415,2,1,0,0,0,0,0,0,0,0,0,0
470415,3,1,0,0,0,0,0,0,0,0,0,0
470416,1,1,0,0,0,0,0,0,0,0,0,0
470416,2,1,0,0,0,0,0,0,0,0,0,0
470416,3,1,0,0,0,0,0,0,0,0,0,0
470417,1,1,25,25,25,25,25,25,25,25,25,25
470418,1,1,0,0,0,0,0,0,0,0,0,0
470418,2,1,0,0,0,0,0,0,0,0,0,0
470419,1,1,7,17,12,18,24,17,13,0,0,22
470420,1,1,8,8,8,8,8,8,8,8,8,8
470421,1,1,10,10,10,10,10,10,10,10,10,10
470422,1,1,0,0,0,0,0,0,0,0,0,0
470423,1,1,0,0,0,0,0,0,0,0,0,0
470423,2,1,0,0,0,0,0,0,0,0,0,0
470423,3,1,0,0,0,0,0,0,0,0,0,0
470424,1,1,0,0,0,0,0,0,0,0,0,0
470425,1,1,7,8,16,8,8,27,0,16,28,19
470425,2,1,0,0,0,0,0,0,0,0,0,0
470426,1,1,0,0,0,0,0,0,0,0,0,0
470426,2,1,0,0,0,0,0,0,0,0,0,0
470427,1,1,0,0,0,0,0,0,0,0,0,0
470427,2,1,0,0,0,0,0,0,0,0,0,0
470428,1,1,0,0,0,0,0,0,0,0,0,0
470429,1,1,0,36,0,0,0,0,0,0,0,24
470430,1,1,0,0,0,0,0,0,0,0,0,0
470431,1,1,0,0,0,0,0,0,0,0,0,0
470432,1,1,0,0,0,0,0,0,0,0,0,0
470432,2,1,0,0,0,0,0,0,0,0,0,0
470433,1,1,0,0,0,0,0,0,0,0,0,0
470433,2,1,0,0,0,0,0,0,0,0,0,0
470433,3,1,10,0,2,0,22,8,28,0,18,11
470434,1,1,0,0,0,0,0,0,0,0,0,0
470435,1,1,20,20,20,20,20,20,20,20,20,20
470436,1,1,0,0,0,0,0,0,0,0,0,0
470437,1,1,0,0,0,0,0,7,0,0,0,0
470438,0,1,22,22,22,22,22,22,22,22,22,22
470438,1,1,0,0,0,0,0,0,0,0,0,0
470438,2,1,8,0,0,0,0,0,0,0,0,0
470439,1,1,0,0,0,0,0,0,0,0,0,0
470439,2,1,0,0,0,0,0,0,0,0,0,0
470439,3,1,0,0,0,0,0,0,0,0,0,0
470440,1,1,1,1,1,1,1,1,1,1,1,1
470441,1,1,0,0,0,0,0,0,0,0,0,0
470442,1,1,0,0,0,0,0,0,0,0,0,0
470443,1,1,0,0,0,0,0,0,0,0,0,0
470444,1,1,0,0,0,0,0,0,15,0,0,2
470444,2,1,0,0,0,0,0,0,0,0,0,0
470445,0,1,0,0,0,0,0,0,0,0,0,0
470445,1,1,0,0,0,0,0,0,0,0,0,0
470446,1,1,0,0,0,0,0,0,0,0,0,0
470447,1,1,9,9,9,9,9,9,9,9,9,9
470448,1,1,2,2,2,2,2,2,2,2,2,2
470449,1,1,0,0,0,0,0,0,0,0,0,0
470449,2,1,0,0,0,0,0,0,0,0,0,0
470450,1,1,0,0,0,0,0,0,0,0,0,0
470450,2,1,0,0,0,0,0,0,0,0,0,0
470451,1,1,0,0,0,0,0,0,0,0,0,0
470451,2,1,18,18,18,18,18,18,18,18,18,18
470452,1,1,0,0,0,0,0,0,0,0,0,0
470452,2,1,0,0,0,0,0,0,0,0,0,0
470453,1,1,17,17,17,17,17,17,17,17,17,17
470454,1,1,20,20,20,20,20,20,20,20,20,20
470455,1,1,11,11,11,11,11,11,11,11,11,11
470456,1,1,0,0,0,0,0,0,0,0,0,0
470457,1,1,1,1,1,1,1,1,1,1,1,1
470458,1,1,19,19,19,19,19,19,19,19,19,19
470459,1,1,0,0,0,0,0,0,0,0,0,0
470460,1,1,0,0,0,0,0,0,0,0,0,0
470460,2,1,0,0,0,0,0,0,0,0,0,0
470461,1,1,0,0,0,0,0,0,0,0,0,0
470462,1,1,15,15,15,15,15,15,15,15,15,15
470463,1,1,0,0,0,0,0,0,0,0,0,0
470464,1,1,0,0,0,0,0,0,0,0,0,0
470464,2,1,0,0,0,0,0,0,0,0,0,0
470465,1,1,8,26,11,11,17,22,29,8,10,16
470466,1,1,0,11,21,0,28,0,23,24,0,0
470467,1,1,0,0,0,0,0,0,0,0,0,0
470467,2,1,0,0,0,0,0,0,0,0,0,0
470467,3,1,0,0,0,0,0,0,0,0,0,0
470467,4,1,0,0,0,0,0,0,0,0,0,0
470468,0,1,0,0,0,0,0,0,0,0,0,0
470468,1,1,0,0,0,0,0,0,0,0,0,0
470469,1,1,0,0,0,0,0,0,0,0,0,0
470470,1,1,0,0,0,0,0,0,0,0,0,0
470471,1,1,7,16,23,13,25,30,20,7,12,17
470471,2,1,0,0,0,0,0,0,0,0,0,0
470472,1,1,0,0,0,0,0,0,0,0,0,0
470472,2,1,0,0,0,0,0,0,0,0,0,0
470473,1,1,0,11,0,0,0,0,0,0,0,0
470473,2,1,0,0,0,0,0,0,0,0,0,0
470474,1,1,0,14,0,6,0,0,0,17,0,0
470474,2,1,0,0,0,0,24,0,0,0,0,0
470475,1,1,0,0,0,0,0,0,0,0,0,0
470475,2,1,0,0,0,0,0,0,0,0,0,0
470476,1,1,0,0,0,0,0,0,0,0,0,0
470476,2,1,0,0,0,0,0,0,0,0,0,0
470477,1,1,0,0,0,0,0,0,0,0,0,0
470477,2,1,0,0,0,0,0,0,0,0,0,0
470478,1,1,0,0,0,0,0,0,0,0,0,0
470478,2,1,0,0,0,0,0,0,0,0,0,0
470479,1,1,25,25,25,25,25,25,25,25,25,25
470480,1,1,5,5,5,5,5,5,5,5,5,5
470481,1,1,13,13,13,13,13,13,13,13,13,13
470482,1,1,0,0,0,0,0,0,0,0,0,0
470482,2,1,0,0,0,0,0,0,0,0,0,0
470483,2,1,0,0,0,0,0,0,0,0,0,0
470484,1,1,11,11,11,11,11,11,11,11,11,11
470485,1,1,22,22,22,22,22,22,22,22,22,22
470486,1,1,22,22,22,22,22,22,22,22,22,22
470487,1,1,0,0,0,0,0,0,6,0,0,0
470487,2,1,0,0,0,0,0,0,0,0,0,0
470487,3,1,0,0,0,0,0,0,0,0,0,0
470488,1,1,22,22,22,22,22,22,22,22,22,22
470488,2,1,0,0,0,0,0,0,0,0,0,0
470488,3,1,0,0,0,0,0,0,0,0,0,0
470489,1,1,0,0,0,13,24,0,0,0,0,0
470489,2,1,0,0,0,0,0,0,0,3,0,0
470489,3,1,0,0,0,0,0,0,0,0,0,0
470490,1,1,0,0,0,0,0,0,0,0,0,0
470490,2,1,0,0,0,0,0,0,0,0,0,0
470490,3,1,0,0,0,0,0,0,0,0,0,0
470491,1,1,24,24,24,24,24,24,24,24,24,24
470491,2,1,0,0,12,0,13,10,10,0,20,17
470492,1,1,14,14,14,14,14,14,14,14,14,14
470493,1,1,18,18,18,18,18,18,18,18,18,18
470494,1,1,0,0,0,0,0,0,0,0,0,0
470494,2,1,0,0,0,0,0,0,0,0,0,0
470495,1,1,11,11,11,11,11,11,11,11,11,11
470496,1,1,0,0,0,0,0,0,0,0,0,0
470496,2,1,0,0,0,0,0,0,0,0,0,14
470497,1,1,6,0,0,0,0,0,0,0,0,0
470498,1,1,0,0,0,0,0,0,0,0,0,0
470499,1,1,0,0,0,0,0,0,0,0,0,0
470500,1,1,0,0,0,0,0,0,0,0,0,0
470500,2,1,0,0,0,0,0,0,0,0,0,0
470501,1,1,0,0,0,0,0,0,0,0,0,0
470502,1,1,0,0,0,0,0,0,0,0,0,0
470503,1,1,0,0,0,0,0,0,0,0,0,0
470503,2,1,15,15,15,15,15,15,15,15,15,15
470504,1,1,0,0,0,0,0,0,0,0,0,12
470505,1,1,13,13,13,13,13,13,13,13,13,13
470506,1,1,28,28,28,28,28,28,28,28,28,28
470507,1,1,4,4,4,4,4,4,4,4,4,4
470507,2,1,1,1,1,1,1,1,1,1,1,1
470508,1,1,0,0,0,0,0,0,0,0,0,0
470509,1,1,0,0,0,0,0,0,0,0,0,26
470510,1,1,0,0,0,0,0,0,0,0,0,0
470511,1,1,0,0,0,0,0,0,0,0,0,0
470511,2,1,0,0,0,0,0,0,0,0,0,0
470512,1,1,0,0,0,0,0,0,0,0,0,0
470512,2,1,0,0,0,0,0,0,0,0,0,0
470513,1,1,0,0,0,0,0,0,0,0,0,0
470514,1,1,0,0,0,0,0,0,0,0,0,0
470516,1,1,8,8,8,8,8,8,8,8,8,8
470517,1,1,29,29,29,29,29,29,29,29,29,29
470518,1,1,25,25,25,25,25,25,25,25,25,25
470518,2,1,0,0,0,0,0,0,0,0,0,0
470519,1,1,0,0,0,0,0,0,0,0,0,0
470519,2,1,0,0,0,0,0,0,0,0,0,0
470520,1,1,0,0,0,0,0,0,0,0,0,0
470521,1,1,0,0,0,0,0,0,0,0,0,0