ST_CASE,VEH_NO,PER_NO,P1,P2,P3,P4,P5,P6,P7,P8,P9,P10
470522,1,1,12,12,12,12,12,12,12,12,12,12
470522,2,1,0,0,0,0,0,0,0,0,0,0
470523,1,1,14,11,25,23,20,10,18,21,11,21
470524,1,1,0,0,0,0,0,0,0,0,0,0
470524,2,1,0,0,4,0,0,0,6,0,0,0
470525,0,1,0,0,0,0,0,0,0,0,0,0
470525,1,1,0,0,0,0,0,0,0,0,0,0
470527,1,1,12,0,0,0,0,0,0,0,0,0
470528,1,1,0,6,0,0,0,0,0,0,19,0
470529,1,1,0,0,0,0,0,0,0,0,0,0
470529,2,1,0,0,0,0,0,0,0,0,0,0
470530,0,1,19,19,19,19,19,19,19,19,19,19
470530,1,1,0,0,0,0,0,0,0,0,0,0
470531,0,1,0,0,0,0,0,0,11,0,0,0
470531,1,1,0,0,0,0,0,0,0,0,0,0
470532,1,1,0,0,0,0,14,0,0,0,0,0
470533,0,1,0,0,15,12,14,14,10,25,8,0
470533,0,2,50,0,5,4,5,8,6,8,11,21
470533,0,3,11,11,11,11,11,11,11,11,11,11
470533,1,1,0,0,0,0,0,0,0,0,0,0
470534,1,1,0,0,0,0,0,0,0,0,0,0
470535,0,1,0,0,8,0,0,0,33,0,0,8
470535,1,1,15,4,13,14,0,0,0,20,0,0
470536,0,1,30,14,0,16,0,31,13,46,0,19
470536,1,1,0,0,0,0,0,0,0,0,0,0
470537,1,1,20,20,20,20,20,20,20,20,20,20
470538,1,1,23,23,23,23,23,23,23,23,23,23
470539,1,1,0,0,8,16,0,0,0,0,0,0
470540,1,1,15,15,15,15,15,15,15,15,15,15
470541,1,1,15,15,15,15,15,15,15,15,15,15
470542,1,1,0,0,0,0,0,0,0,0,0,0
470542,2,1,1,1,1,1,1,1,1,1,1,1
470543,1,1,0,0,0,7,0,9,0,0,0,0
470544,0,1,0,0,0,0,0,0,0,0,0,29
470544,1,1,0,0,0,0,0,0,0,0,0,0
470545,1,1,8,0,0,0,0,0,0,0,0,0
470546,1,1,3,3,3,3,3,3,3,3,3,3
470547,0,1,10,10,10,10,10,10,10,10,10,10
470547,1,1,0,0,0,0,0,0,0,0,0,0
470548,1,1,21,21,21,21,21,21,21,21,21,21
470549,1,1,0,0,0,0,0,0,0,0,0,0
470550,1,1,0,0,0,0,0,0,0,0,0,0
470550,2,1,0,11,25,23,18,17,0,13,9,23
470551,1,1,0,0,0,0,0,0,0,0,0,0
470552,1,1,0,0,0,0,0,0,0,0,0,0
470553,1,1,0,0,0,0,0,0,0,0,0,0
470553,2,1,0,0,0,0,0,0,0,0,0,0
470554,1,1,0,0,0,0,0,0,0,0,0,0
470554,2,1,0,0,0,0,0,0,0,0,0,0
470554,3,1,0,0,0,0,0,0,0,0,0,0
470555,1,1,0,0,0,0,0,0,0,0,0,0
470555,2,1,0,0,0,0,0,0,0,0,0,0
470555,3,1,0,25,0,0,0,0,0,0,0,0
470556,1,1,17,17,17,17,17,17,17,17,17,17
470558,1,1,0,0,0,0,0,0,0,0,0,0
470558,2,1,0,0,0,0,0,0,0,0,0,0
470558,3,1,0,0,0,0,0,0,0,0,0,0
470559,1,1,5,5,5,5,5,5,5,5,5,5
470559,2,1,0,0,0,0,0,0,0,0,0,0
470559,3,1,0,0,0,0,0,0,0,0,0,0
470559,4,1,0,0,0,0,0,0,0,0,0,0
470560,1,1,0,0,0,0,0,0,0,0,0,0
470560,2,1,0,0,0,0,0,0,0,0,0,0
470561,1,1,16,16,16,16,16,16,16,16,16,16
470562,1,1,22,22,22,22,22,22,22,22,22,22
470563,1,1,0,0,0,0,0,0,0,0,0,0
470563,2,1,0,0,0,0,0,0,0,0,0,0
470564,1,1,0,0,0,0,0,0,0,0,0,0
470564,2,1,0,0,0,0,0,0,0,0,0,0
470565,1,1,0,0,0,0,0,0,0,0,0,0
470566,1,1,0,0,0,0,0,0,0,0,0,0
470566,2,1,0,0,0,0,0,0,0,0,0,0
470567,1,1,0,0,0,0,0,0,0,0,0,0
470567,2,1,21,0,0,0,0,0,0,0,0,0
470568,1,1,0,0,34,0,0,0,18,0,0,0
470569,1,1,0,0,0,0,0,0,0,0,0,0
470569,2,1,0,0,0,0,0,0,0,0,0,0
470570,1,1,0,0,0,17,13,26,26,0,22,7
470571,0,1,0,0,0,13,0,0,9,0,0,0
470571,1,1,0,0,0,0,0,0,0,0,0,0
470572,1,1,14,14,14,14,14,14,14,14,14,14
470573,1,1,0,0,0,0,0,0,0,0,0,0
470574,1,1,0,0,0,0,0,0,0,0,0,0
470575,1,1,5,23,16,7,19,23,21,19,17,0
470576,1,1,0,0,0,0,0,0,0,0,0,0
470577,1,1,0,0,0,0,0,0,0,0,0,0
470578,0,1,0,0,0,0,0,0,0,0,0,0
470578,1,1,0,0,0,0,0,0,0,0,0,0
470579,1,1,20,20,20,20,20,20,20,20,20,20
470581,1,1,0,0,0,0,0,0,0,0,0,0
470581,2,1,0,0,0,0,0,0,0,0,0,0
470582,1,1,0,0,0,0,0,0,0,0,0,0
470583,1,1,22,22,22,22,22,22,22,22,22,22
470584,1,1,29,29,29,29,29,29,29,29,29,29
470585,1,1,0,0,0,0,0,0,0,12,0,0
470585,2,1,0,0,2,0,0,0,0,0,0,0
470586,1,1,0,0,0,0,0,0,0,0,0,0
470587,1,1,0,0,0,0,0,0,0,0,0,0
470587,2,1,0,0,0,0,0,0,0,0,0,0
470587,3,1,0,0,0,0,0,0,0,0,0,0
470589,1,1,0,0,0,0,0,0,0,0,0,0
470589,2,1,0,0,0,0,0,0,0,0,0,9
470590,1,1,0,0,0,0,0,0,0,0,0,0
470591,1,1,0,0,0,0,0,0,0,0,0,0
470592,1,1,16,16,16,16,16,16,16,16,16,16
470592,2,1,0,0,0,0,0,0,0,0,0,0
470593,1,1,0,0,0,0,0,0,0,0,0,0
470593,2,1,30,30,30,30,30,30,30,30,30,30
470594,1,1,0,0,0,0,0,0,0,0,0,0
470594,2,1,0,0,0,0,6,0,0,0,0,20
470595,1,1,18,18,18,18,18,18,18,18,18,18
470596,1,1,0,0,0,0,0,10,0,0,0,0
470596,2,1,3,0,0,14,6,0,5,0,0,0
470597,0,1,0,0,0,0,0,0,0,0,0,0
470597,1,1,0,0,0,0,0,0,0,0,0,0
470598,1,1,0,0,0,0,0,0,0,0,0,0
470598,2,1,0,0,0,0,0,0,0,0,0,0
470599,1,1,0,0,0,0,0,0,0,0,0,0
470599,2,1,0,0,0,0,0,0,0,0,0,0
470600,1,1,0,0,0,0,0,0,0,0,0,0
470600,3,1,0,0,0,0,0,0,0,0,0,0
470600,4,1,0,0,0,0,0,0,0,0,0,0
470600,5,1,0,0,0,0,0,0,0,0,0,0
470600,6,1,0,0,0,0,0,0,0,0,0,0
470601,0,1,22,22,22,22,22,22,22,22,22,22
470601,1,1,0,0,0,0,0,0,0,0,0,0
470602,1,1,0,0,0,0,0,0,0,0,0,0
470602,2,1,0,0,0,0,0,0,0,0,0,0
470603,1,1,0,0,0,0,0,0,0,0,0,0
470604,1,1,0,0,0,0,0,0,0,0,0,0
470605,1,1,0,22,0,0,0,0,0,0,0,0
470605,2,1,0,0,0,0,0,0,0,0,0,0
470606,0,1,0,0,0,0,0,0,0,0,0,0
470606,1,1,0,0,0,0,0,0,0,0,0,0
470607,1,1,0,0,0,0,0,0,0,0,0,0
470608,1,1,0,0,0,0,0,0,0,0,0,0
470608,2,1,0,0,0,0,0,0,0,0,0,0
470609,1,1,12,12,12,12,12,12,12,12,12,12
470610,1,1,11,15,11,0,10,12,11,14,16,13
470611,1,1,0,0,0,24,0,0,0,0,0,0
470612,1,1,0,0,0,0,0,0,0,0,0,0
470612,2,1,0,0,0,0,0,0,0,0,0,0
470613,1,1,0,0,0,0,0,0,0,0,0,0
470614,1,1,0,0,0,0,0,0,0,0,0,0
470614,2,1,0,0,0,0,0,0,0,0,0,0
470615,1,1,0,0,0,0,0,0,0,0,0,0
470616,0,1,22,22,22,22,22,22,22,22,22,22
470616,1,1,0,22,0,0,0,0,0,0,0,0
470617,1,1,0,0,0,0,0,0,0,0,0,0
470619,0,1,28,26,20,0,0,0,0,0,15,0
470619,1,1,0,0,0,0,0,0,0,0,0,0
470620,1,1,0,0,0,0,0,0,0,0,0,0
470621,1,1,0,14,9,10,18,0,20,4,6,0
470622,1,1,22,0,14,0,27,21,0,8,6,17
470623,1,1,0,0,0,0,0,0,0,0,0,0
470624,1,1,22,22,22,22,22,22,22,22,22,22
470625,1,1,23,23,23,23,23,23,23,23,23,23
470625,2,1,0,0,0,0,0,0,0,0,0,0
470626,1,1,0,0,0,0,0,0,0,0,0,0
470626,2,1,0,0,0,0,0,0,0,0,0,0
470627,1,1,0,0,0,0,0,0,0,0,0,0
470628,1,1,0,0,0,0,0,0,0,0,0,0
470628,2,1,0,0,0,0,0,0,0,0,0,0
470628,3,1,0,0,0,0,0,0,0,0,0,0
470629,1,1,0,0,0,0,0,0,0,0,0,0
470629,2,1,0,0,0,0,0,0,0,0,0,0
470629,3,1,0,0,0,0,0,0,0,0,0,0
470630,1,1,0,0,0,0,0,0,0,0,0,0
470630,2,1,0,0,0,0,0,0,0,0,0,0
470630,3,1,0,0,0,0,0,0,0,0,0,0
470630,4,1,0,0,0,0,0,0,0,0,0,0
470630,5,1,0,0,0,0,0,0,0,0,0,0
470631,0,1,0,0,0,0,0,0,0,0,0,0
470631,0,2,0,0,0,0,0,0,0,0,0,0
470631,1,1,0,0,0,0,0,0,0,0,0,0
470632,1,1,0,0,0,0,0,0,0,0,0,0
470632,2,1,0,0,0,0,0,0,0,0,0,0
470633,1,1,0,0,0,0,0,0,0,0,0,0
470634,1,1,0,0,0,0,0,0,0,0,0,0
470634,2,1,0,5,9,0,14,0,0,0,0,14
470635,1,1,0,0,0,0,0,0,0,0,0,0
470635,2,1,0,0,0,0,0,0,0,0,0,0
470636,1,1,0,0,0,0,0,0,0,0,0,0
470637,1,1,6,6,6,6,6,6,6,6,6,6
470638,1,1,0,0,0,0,0,0,0,0,0,0
470639,1,1,0,0,0,0,24,22,0,0,0,11
470640,1,1,0,0,0,0,0,0,0,0,0,0
470640,2,1,0,0,0,0,0,0,0,0,0,0
470640,3,1,0,0,0,0,0,0,0,0,0,0
470641,1,1,0,0,0,0,0,0,0,0,0,0
470641,2,1,0,0,0,0,0,0,0,0,0,0
470642,1,1,0,0,0,0,0,0,0,0,0,0
470643,1,1,0,0,0,0,0,0,0,0,0,0
470644,1,1,0,0,0,0,0,0,0,0,0,0
470645,0,1,0,0,0,0,0,0,0,0,0,0
470645,0,2,10,0,0,0,0,0,0,0,0,0
470645,0,3,20,0,0,0,0,13,22,0,0,12
470645,3,1,0,0,0,0,0,0,0,0,0,0
470646,0,1,0,0,0,0,0,0,0,0,0,0
470646,1,1,0,0,0,0,15,0,0,0,0,0
470647,1,1,6,6,6,6,6,6,6,6,6,6
470648,1,1,0,0,0,0,0,0,0,0,0,0
470648,2,1,0,0,0,0,0,0,0,0,0,0
470649,0,1,0,0,0,0,0,0,0,0,0,0
470649,1,1,0,0,0,0,0,0,0,0,0,0
470649,3,1,0,0,0,0,0,0,0,0,0,0
470650,1,1,0,0,0,0,0,0,0,0,0,0
470650,2,1,0,0,0,0,0,0,0,0,0,0
470651,1,1,0,0,0,0,0,0,0,0,0,0
470652,0,1,8,11,0,0,0,0,0,0,0,0
470652,1,1,26,0,0,0,13,13,0,0,0,0
470653,1,1,25,25,25,25,25,25,25,25,25,25
470654,1,1,0,0,0,0,0,0,0,10,0,0
470654,2,1,0,0,0,0,0,0,0,0,0,0
470655,1,1,0,0,0,0,0,0,0,0,0,7
470656,1,1,15,15,15,15,15,15,15,15,15,15
470657,1,1,2,2,2,2,2,2,2,2,2,2
470658,1,1,0,0,0,0,0,0,0,0,0,0
470658,2,1,0,0,0,0,0,0,0,0,0,0
470659,1,1,0,0,0,0,0,0,0,0,0,0
470660,1,1,0,0,0,0,0,0,0,0,0,0
470660,2,1,28,28,28,28,28,28,28,28,28,28
470661,1,1,0,0,0,0,0,0,0,0,0,0
470661,2,1,0,0,0,4,0,0,0,0,0,0
470662,1,1,17,17,17,17,17,17,17,17,17,17
470662,2,1,0,0,0,0,0,0,0,0,0,0
470663,1,1,0,0,0,0,0,0,0,0,0,3
470663,2,1,0,0,0,0,0,0,0,0,0,0
470664,1,1,0,0,0,0,0,0,0,0,0,0
470665,1,1,1,1,1,1,1,1,1,1,1,1
470666,1,1,0,0,6,0,4,0,0,20,0,0
470667,1,1,0,0,0,0,0,0,0,0,0,0
470668,1,1,21,21,21,21,21,21,21,21,21,21
470668,2,1,0,0,0,0,0,0,0,0,0,0
470669,1,1,0,0,0,0,0,0,0,0,0,0
470670,1,1,35,9,17,20,0,0,8,0,7,0
470671,1,1,0,0,0,0,0,0,0,0,0,0
470672,1,1,0,0,0,0,0,0,0,0,0,0
470673,1,1,0,0,0,0,0,0,0,0,0,0
470674,1,1,19,19,19,19,19,19,19,19,19,19
470675,1,1,17,17,17,17,17,17,17,17,17,17
470676,1,1,0,12,0,0,0,0,0,0,0,0
470677,1,1,0,0,0,0,0,0,0,0,0,0
470677,2,1,0,0,0,0,0,0,0,0,0,0
470678,1,1,0,0,0,0,0,0,0,0,0,0
470679,1,1,16,18,9,0,0,0,25,13,0,23
470680,1,1,14,14,14,14,14,14,14,14,14,14
470681,1,1,0,0,0,0,0,0,0,0,0,0
470681,2,1,0,0,0,0,0,0,0,0,0,0
470683,1,1,0,0,0,0,0,0,0,0,0,0
470683,2,1,0,0,0,0,0,0,0,0,0,0
470684,1,1,0,0,0,0,0,0,0,0,0,0
470684,2,1,0,0,0,0,0,0,0,0,0,0
470685,1,1,0,0,0,0,0,0,0,0,0,0
470686,1,1,0,0,0,0,28,0,11,0,0,0
470687,1,1,0,0,0,0,0,0,0,0,0,0
470688,1,1,0,0,0,0,0,0,0,0,0,0
470688,2,1,0,0,0,0,0,0,0,0,0,0
470689,1,1,0,0,0,0,0,0,0,0,0,0
470690,1,1,18,0,22,21,11,15,18,0,10,0
470691,1,1,0,0,0,0,13,0,0,0,16,0
470691,2,1,0,0,0,0,0,0,0,0,0,0
470692,1,1,27,27,27,27,27,27,27,27,27,27
470693,1,1,26,26,26,26,26,26,26,26,26,26
470694,1,1,0,0,0,36,0,25,0,0,16,0
470694,2,1,0,0,0,0,0,0,0,0,0,0
470695,1,1,0,0,0,0,0,0,0,0,0,0
470695,2,1,0,0,0,0,0,0,0,0,0,0
470696,1,1,0,0,0,0,0,0,0,8,0,0
470696,2,1,0,0,0,0,0,0,0,0,0,0
470697,0,1,0,0,0,0,0,0,0,0,0,0
470697,1,1,0,0,0,0,0,0,0,0,0,0
470698,1,1,0,0,0,5,0,0,0,0,0,0
470698,2,1,0,0,0,0,0,0,0,0,0,0
470699,1,1,0,0,0,0,0,0,0,0,0,0
470700,1,1,18,18,18,18,18,18,18,18,18,18
470701,1,1,0,0,10,0,0,25,0,35,0,10
470702,1,1,11,11,11,11,11,11,11,11,11,11
470703,1,1,11,11,11,11,11,11,11,11,11,11
470704,1,1,17,14,0,17,12,23,33,0,0,17
470705,1,1,0,0,0,0,0,0,0,0,0,0
470705,2,1,0,0,0,0,0,0,0,0,0,0
470706,1,1,19,0,0,0,0,11,0,0,0,0
470707,1,1,0,0,11,0,0,0,0,0,0,0
470707,2,1,0,0,0,0,0,0,0,0,0,0
470707,3,1,0,0,0,0,0,0,0,0,0,0
470708,1,1,0,0,0,0,0,0,0,0,0,0
470709,0,1,0,0,0,0,0,0,0,0,0,0
470709,1,1,0,0,0,0,0,0,0,0,0,0
470710,1,1,0,0,0,0,0,0,0,0,0,0
470710,2,1,0,0,0,0,0,0,0,0,0,0
470711,1,1,0,0,0,0,0,0,0,0,0,0
470712,1,1,20,20,20,20,20,20,20,20,20,20
470713,1,1,0,0,0,0,0,0,0,0,0,0
470713,2,1,0,0,0,0,0,0,0,0,0,0
470714,1,1,0,0,0,0,15,0,0,0,0,0
470714,2,1,0,0,0,0,0,0,0,0,0,0
470715,1,1,0,0,0,0,0,0,0,0,0,0
470715,2,1,0,7,0,15,0,0,0,4,0,0
470716,1,1,0,0,0,0,0,0,0,0,0,0
470717,0,1,0,0,0,0,0,0,0,0,0,0
470717,1,1,0,0,0,0,0,0,0,0,0,0
470718,1,1,0,0,0,0,0,0,0,0,0,0
470719,1,1,0,0,0,0,0,0,0,0,0,0
470720,1,1,7,7,7,7,7,7,7,7,7,7
470721,1,1,0,0,0,0,0,0,0,0,0,0
470721,2,1,0,0,0,0,0,0,0,0,0,0
470722,1,1,0,0,0,0,0,0,0,0,0,0
470722,2,1,0,0,0,0,0,0,0,0,0,0
470723,1,1,38,38,38,38,38,38,38,38,38,38
470724,1,1,0,0,0,0,0,0,0,0,0,0
470724,2,1,0,0,0,0,0,0,0,0,0,0
470725,1,1,0,0,0,0,0,0,0,0,0,0
470725,2,1,44,24,33,16,17,23,28,45,13,26
470726,1,1,0,0,0,0,0,0,0,5,0,0
470727,1,1,0,0,0,0,0,0,0,0,0,0
470728,1,1,0,0,0,0,0,0,0,0,0,0
470730,1,1,0,0,0,0,0,0,0,0,0,0
470731,1,1,0,0,0,0,0,0,0,0,0,0
470731,2,1,0,0,0,0,0,0,0,0,0,0
470732,1,1,0,0,0,0,0,0,0,0,0,0
470733,1,1,0,0,0,7,0,46,31,0,0,0
470734,1,1,0,0,0,18,0,0,0,0,0,0
470734,2,1,2,2,2,2,2,2,2,2,2,2
470735,1,1,7,7,7,7,7,7,7,7,7,7
470736,1,1,0,0,0,0,0,0,0,0,0,0
470737,1,1,0,0,0,0,0,0,0,0,0,0
470737,2,1,0,0,0,0,0,0,0,0,0,0
470737,3,1,0,0,0,0,0,0,0,0,0,0
470737,4,1,0,0,0,0,0,0,0,0,0,0
470737,5,1,0,0,0,0,0,0,0,0,0,0
470738,1,1,0,0,0,0,0,0,0,0,0,0
470738,2,1,0,0,0,0,0,0,0,0,0,0
470739,0,1,28,28,28,28,28,28,28,28,28,28
470739,1,1,0,0,0,0,0,0,0,0,0,0
470740,1,1,0,0,0,0,0,0,0,0,0,0
470740,2,1,0,0,0,0,0,0,0,0,0,0
470740,3,1,0,0,0,0,0,0,0,0,0,0
470741,1,1,12,30,16,16,22,12,17,19,8,27
470742,1,1,0,0,0,0,0,0,0,0,0,0
470742,2,1,0,0,0,0,0,0,0,0,0,0
470742,3,1,0,0,0,0,0,0,0,0,0,0
470742,4,1,0,0,0,0,0,0,0,0,0,0
470742,5,1,0,0,0,0,0,0,0,0,0,0
470742,6,1,0,0,0,0,0,0,0,0,0,0
470743,1,1,0,0,0,0,0,0,0,0,0,0
470743,2,1,0,0,0,0,0,0,0,0,0,0
470744,1,1,0,0,0,0,0,0,0,0,0,0
470744,2,1,0,0,12,0,31,0,12,0,0,0
470745,1,1,0,0,0,0,0,0,0,0,0,0
470745,2,1,0,0,0,0,0,0,0,0,0,0
470746,1,1,0,0,0,18,0,0,0,0,0,0
470747,1,1,0,0,0,0,0,0,0,0,0,0
470747,2,1,0,0,0,0,18,0,0,0,2,0
470748,1,1,0,0,0,0,0,0,0,16,0,0
470748,2,1,0,0,0,0,11,0,0,0,0,0
470749,1,1,15,24,9,14,12,0,14,18,15,11
470750,1,1,0,0,0,0,0,0,0,0,0,0
470751,1,1,14,14,14,14,14,14,14,14,14,14
470752,1,1,24,0,0,12,0,0,24,25,20,15
470753,1,1,0,0,0,0,11,0,5,0,0,0
470753,2,1,0,0,0,0,0,0,0,0,0,0
470755,1,1,0,4,0,0,0,0,0,0,0,0
470755,2,1,0,0,0,0,0,0,0,0,0,0
470756,1,1,0,0,0,0,0,0,0,0,0,0
470757,1,1,7,0,35,12,0,12,0,15,0,18
470758,1,1,20,20,20,20,20,20,20,20,20,20
470759,0,1,26,26,26,26,26,26,26,26,26,26
470759,1,1,0,0,0,0,0,0,0,0,0,0
470760,2,1,0,0,0,22,0,0,0,0,19,0
470761,1,1,17,17,17,17,17,17,17,17,17,17
470762,1,1,0,0,0,0,0,0,0,0,0,0
470763,1,1,7,0,0,0,0,0,0,0,0,0
470763,2,1,0,0,0,0,0,0,0,0,0,0
470764,1,1,0,0,0,0,0,0,0,0,0,0
470765,1,1,0,0,0,0,0,0,0,0,0,0
470765,2,1,0,0,0,0,0,0,0,0,0,0
470765,3,1,0,0,0,0,0,0,0,0,0,0
470766,1,1,0,0,0,11,0,0,0,19,0,5
470767,1,1,0,0,0,0,0,0,0,0,0,0
470768,1,1,22,16,23,11,13,18,0,17,16,15
470768,2,1,0,0,0,0,0,0,0,0,0,0
470769,1,1,0,0,0,0,0,0,0,0,0,0
470769,2,1,0,0,0,0,0,0,0,0,0,0
470770,1,1,11,0,0,14,7,19,11,0,18,0
470771,1,1,14,14,14,14,14,14,14,14,14,14
470772,1,1,0,0,0,0,0,0,0,0,0,0
470773,1,1,16,0,11,0,5,12,0,0,0,6
470773,2,1,0,8,0,0,10,36,14,9,33,26
470774,1,1,0,0,0,0,0,0,0,0,0,0
470775,1,1,0,0,0,0,0,0,0,0,0,0
470775,2,1,0,0,0,0,0,0,0,0,0,0
470776,1,1,9,0,18,11,0,0,17,0,15,20
470777,1,1,0,0,0,0,0,0,0,0,0,0
470778,1,1,0,0,0,0,0,0,0,0,0,0
470779,0,1,28,0,0,13,0,0,0,0,0,0
470779,1,1,0,0,18,0,0,15,0,0,0,25
470780,1,1,0,0,0,0,0,0,0,0,0,0
470780,2,1,0,0,0,0,0,0,0,0,0,0
470781,1,1,0,0,0,0,0,0,0,0,0,0
470781,2,1,0,0,0,0,0,0,0,0,0,0
470782,1,1,0,0,0,0,0,0,0,0,0,0
470783,1,1,17,17,17,17,17,17,17,17,17,17
470783,2,1,0,0,0,0,0,0,0,0,0,0
470784,1,1,0,0,0,0,0,0,0,0,0,0
470784,2,1,0,0,0,0,0,0,0,0,0,0
470784,3,1,0,0,0,0,0,0,0,0,0,0
470785,1,1,0,0,0,0,0,0,0,0,0,0
470785,2,1,0,0,0,0,0,0,0,0,0,0
470786,0,1,0,0,31,0,0,0,0,0,0,0
470786,0,2,0,0,0,0,0,0,0,16,0,0
470786,1,1,4,11,0,20,0,0,0,0,0,0
470787,1,1,0,22,20,11,0,0,30,3,11,0
470787,2,1,14,7,0,0,11,2,12,0,3,28
470788,1,1,0,0,0,0,0,0,0,0,0,0
470789,1,1,0,0,0,0,0,0,0,0,23,0
470790,1,1,29,29,29,29,29,29,29,29,29,29
470791,1,1,0,0,34,0,0,0,0,0,0,0
470792,1,1,0,0,0,0,0,0,0,0,0,0
470793,1,1,0,0,0,0,0,0,0,0,0,0
470794,1,1,0,0,0,0,0,0,0,0,0,0
470795,1,1,0,0,0,0,16,0,11,0,0,0
470796,1,1,12,12,12,12,12,12,12,12,12,12
470797,1,1,0,0,0,0,0,0,0,0,0,0
470797,2,1,0,0,0,0,0,0,0,0,0,0
470797,3,1,0,0,0,0,0,0,0,0,0,0
470798,1,1,0,0,0,0,0,10,0,0,0,0
470798,2,1,0,0,0,0,0,0,0,0,0,0
470799,1,1,0,0,0,0,0,0,0,0,0,0
470799,2,1,0,0,0,0,0,0,0,0,0,0
470800,1,1,0,0,0,0,0,0,0,0,0,0
470800,2,1,0,0,0,0,0,0,0,0,0,0
470801,1,1,0,0,0,0,0,0,12,0,0,0
470801,2,1,0,0,0,0,0,0,0,0,0,0
470802,1,1,0,0,0,0,0,0,0,0,0,0
470802,2,1,0,0,0,0,0,0,0,0,0,0
470803,1,1,0,0,0,0,0,0,0,0,0,0
470803,2,1,0,0,0,0,0,0,0,0,0,0
470804,1,1,0,0,0,0,0,0,0,0,0,0
470805,1,1,0,0,0,0,18,0,0,0,0,0
470805,2,1,0,0,0,0,0,0,0,0,0,0
470805,3,1,0,0,0,0,0,0,0,0,0,0
470806,1,1,0,0,0,0,0,0,0,0,0,0
470806,2,1,12,0,0,14,23,8,0,21,0,0
470807,0,1,21,16,22,7,24,39,19,0,16,23
470807,1,1,0,0,0,0,0,0,0,0,0,0
470808,1,1,0,0,0,0,0,0,0,0,0,0
470808,2,1,0,0,0,0,0,0,0,0,0,0
470809,1,1,0,0,0,0,0,0,0,0,0,0
470809,2,1,0,0,0,0,0,0,0,0,0,0
470810,1,1,7,7,7,7,7,7,7,7,7,7
470811,1,1,14,14,14,14,14,14,14,14,14,14
470812,1,1,0,0,0,0,0,0,0,0,0,22
470813,1,1,0,0,0,0,0,0,0,0,0,0
470813,2,1,1,1,1,1,1,1,1,1,1,1
470814,1,1,20,20,20,20,20,20,20,20,20,20
470815,1,1,0,0,0,0,0,31,0,0,0,0
470816,1,1,24,24,24,24,24,24,24,24,24,24
470817,1,1,18,18,18,18,18,18,18,18,18,18
470818,1,1,26,26,26,26,26,26,26,26,26,26
470818,2,1,0,0,0,0,12,0,0,0,0,0
470819,1,1,0,0,0,0,0,0,0,0,0,0
470819,2,1,0,0,0,0,0,0,0,0,0,0
470820,0,1,0,0,0,16,28,0,6,0,0,0
470820,1,1,0,0,0,0,0,0,0,0,0,0
470820,2,1,0,0,0,0,0,0,0,0,0,0
470821,1,1,0,0,0,0,0,0,0,4,0,0
470822,1,1,0,0,0,0,0,0,0,0,0,0
470823,1,1,0,0,0,0,0,0,0,0,0,0
470823,2,1,0,11,0,0,0,5,16,0,10,0
470824,1,1,0,0,0,0,0,0,0,0,0,0
470824,2,1,0,0,0,0,0,0,0,0,0,0
470825,0,1,21,26,14,17,23,20,18,0,21,42
470825,1,1,0,0,0,0,0,0,0,0,0,0
470826,1,1,0,0,0,0,0,0,0,0,0,0
470826,2,1,0,0,0,0,0,8,0,0,0,0
470827,0,1,0,0,36,11,30,19,0,0,0,0
470827,1,1,0,0,6,11,0,14,0,0,24,22
470828,0,1,0,21,18,7,0,0,0,0,26,32
470828,1,1,0,0,0,0,0,0,0,0,0,17
470829,1,1,17,17,17,17,17,17,17,17,17,17
470829,2,1,0,0,0,0,0,0,0,0,0,0
470830,1,1,9,9,9,9,9,9,9,9,9,9
470831,1,1,16,16,16,16,16,16,16,16,16,16
470832,1,1,0,0,0,0,0,0,0,0,0,0
470832,2,1,20,13,0,0,0,0,0,0,0,0
470833,1,1,0,0,0,0,0,0,0,0,0,0
470833,2,1,0,0,11,16,29,31,7,22,30,22
470834,1,1,0,0,0,0,0,0,0,0,0,0
470834,2,1,0,0,0,0,0,0,0,0,0,0
470835,1,1,0,0,0,0,17,0,0,0,0,0
470835,2,1,0,0,0,0,0,2,0,0,0,0
470836,1,1,15,0,17,0,33,11,15,19,12,14
470837,1,1,19,19,19,19,19,19,19,19,19,19
470838,1,1,0,0,0,0,0,0,0,0,0,0
470839,1,1,0,0,39,0,0,0,0,0,0,0
470840,1,1,14,14,14,14,14,14,14,14,14,14
470841,1,1,0,0,0,0,0,0,0,22,0,0
470841,2,1,0,0,0,0,0,0,0,0,0,0
470842,1,1,0,0,0,0,0,0,0,0,0,0
470843,1,1,0,0,0,0,0,0,0,0,0,0
470845,1,1,0,0,0,0,0,0,0,0,0,0
470845,2,1,0,0,0,0,0,0,0,0,0,0
470845,3,1,0,0,0,0,0,0,0,0,0,0
470846,1,1,0,0,0,0,0,0,0,0,0,0
470847,1,1,29,29,29,29,29,29,29,29,29,29
470848,1,1,0,0,0,0,0,0,0,0,0,0
470848,2,1,0,0,0,0,0,0,0,0,0,0
470849,1,1,0,0,0,0,0,0,0,0,0,0
470850,1,1,0,0,0,0,0,0,0,0,0,0
470851,1,1,0,0,0,0,0,0,0,0,0,0
470851,2,1,0,0,0,0,0,0,0,0,0,0
470852,1,1,0,0,0,0,0,0,0,0,0,0
470853,1,1,0,0,0,0,0,0,0,0,0,0
470853,2,1,0,0,0,0,0,0,0,0,0,0