ST_CASE,VEH_NO,PER_NO,P1,P2,P3,P4,P5,P6,P7,P8,P9,P10
470854,1,1,0,0,0,0,0,0,0,0,0,0
470854,2,1,0,0,0,9,0,0,0,0,0,0
470855,1,1,17,17,17,17,17,17,17,17,17,17
470855,2,1,22,0,0,0,10,0,25,0,22,9
470856,1,1,0,25,0,0,18,0,0,0,29,15
470857,1,1,0,0,9,28,0,20,19,0,16,0
470858,1,1,19,20,27,5,13,10,16,0,10,18
470858,2,1,0,0,0,0,0,0,0,0,0,0
470859,1,1,0,0,0,0,0,0,0,0,0,0
470859,2,1,1,1,1,1,1,1,1,1,1,1
470859,3,1,0,0,0,0,0,0,0,0,0,0
470860,1,1,0,0,0,0,0,0,0,0,0,0
470860,2,1,0,0,0,0,0,0,0,0,0,0
470861,1,1,0,0,0,0,0,0,0,0,0,0
470861,2,1,0,0,0,0,0,0,0,0,0,0
470862,0,1,0,0,0,0,0,20,0,0,0,0
470862,1,1,0,0,0,0,0,0,0,0,0,0
470863,1,1,0,0,0,0,0,0,0,0,0,0
470863,2,1,0,0,0,0,0,0,0,0,0,0
470864,1,1,0,0,0,11,3,0,0,0,0,0
470865,1,1,18,24,0,0,18,0,0,0,19,0
470866,0,1,23,38,26,21,34,16,33,0,15,30
470866,1,1,0,0,0,0,0,0,0,0,0,0
470867,0,1,0,0,0,0,0,18,16,0,15,0
470867,1,1,0,0,29,0,7,9,15,0,11,29
470868,1,1,0,0,0,0,0,0,0,0,0,0
470868,2,1,0,0,0,0,0,0,0,0,0,0
470869,0,1,14,0,11,20,0,0,18,0,6,15
470869,1,1,0,0,0,0,0,0,0,0,0,0
470870,1,1,32,24,10,20,22,4,15,18,15,9
470871,1,1,0,0,0,0,0,0,0,0,0,0
470871,2,1,0,0,0,0,0,0,0,0,0,0
470872,1,1,0,0,0,0,0,0,0,0,0,0
470872,2,1,0,0,0,0,0,0,0,0,0,0
470873,1,1,17,36,9,10,32,14,19,21,18,9
470874,0,1,30,38,26,13,29,12,5,7,35,19
470874,1,1,0,0,0,0,0,0,0,0,0,0
470875,1,1,0,0,0,0,0,0,0,0,0,0
470875,2,1,0,0,0,12,0,0,0,0,0,0
470876,1,1,24,24,24,24,24,24,24,24,24,24
470877,1,1,0,0,0,0,0,0,0,0,0,0
470877,2,1,0,0,0,0,0,0,0,0,0,0
470878,1,1,14,14,14,14,14,14,14,14,14,14
470878,2,1,0,0,0,0,0,0,0,0,0,0
470879,1,1,20,20,20,20,20,20,20,20,20,20
470880,1,1,0,0,0,0,0,0,0,0,0,0
470881,1,1,0,0,0,0,0,0,0,0,0,0
470881,2,1,0,0,0,0,0,26,0,0,0,0
470882,1,1,0,0,0,0,0,0,0,0,0,0
470883,1,1,0,0,0,0,0,0,0,0,0,0
470884,1,1,0,0,0,0,0,0,0,0,0,0
470884,2,1,0,0,0,0,0,0,0,0,0,0
470885,1,1,1,1,1,1,1,1,1,1,1,1
470885,2,1,0,0,0,0,0,0,0,0,0,0
470886,1,1,16,16,16,16,16,16,16,16,16,16
470886,2,1,0,0,0,0,0,0,18,0,0,0
470887,1,1,0,0,0,0,0,0,0,0,0,0
470888,1,1,13,24,45,30,17,28,26,10,29,17
470889,1,1,7,9,8,0,0,0,0,0,0,0
470890,1,1,0,0,0,0,0,0,0,0,0,0
470890,2,1,0,0,0,0,0,0,0,0,0,0
470891,1,1,0,0,0,0,0,0,0,0,0,0
470892,1,1,0,0,0,0,0,0,0,0,0,0
470892,2,1,0,0,0,0,11,18,0,22,0,0
470893,1,1,15,0,0,0,0,0,0,0,0,16
470894,1,1,0,0,0,0,0,14,0,0,0,0
470894,2,1,0,0,0,0,0,0,0,0,0,0
470895,1,1,0,0,0,0,0,0,0,0,0,0
470896,1,1,0,0,0,0,0,0,0,0,0,0
470897,1,1,0,0,0,0,0,0,0,0,0,0
470898,1,1,0,0,0,0,15,0,0,22,0,10
470899,1,1,0,0,0,0,0,0,0,0,0,0
470900,1,1,0,0,0,0,0,0,0,0,0,0
470902,1,1,12,12,12,12,12,12,12,12,12,12
470903,0,1,0,0,0,0,0,0,0,0,0,0
470903,0,2,0,0,0,0,0,0,0,0,0,0
470903,1,1,0,0,0,0,0,0,0,0,0,0
470904,1,1,18,18,18,18,18,18,18,18,18,18
470905,1,1,0,0,0,0,0,0,0,0,0,0
470906,1,1,0,0,0,0,0,0,0,0,0,0
470906,2,1,0,0,0,0,0,0,0,0,0,0
470907,1,1,0,0,0,0,0,0,0,0,0,0
470907,2,1,0,0,0,0,0,0,0,0,0,0
470908,1,1,0,0,0,0,0,0,0,0,0,0
470908,2,1,0,0,0,0,0,0,0,0,0,0
470908,3,1,0,0,0,0,0,0,0,0,0,0
470909,1,1,20,20,20,20,20,20,20,20,20,20
470909,2,1,0,0,0,0,0,0,0,0,0,0
470910,1,1,0,0,0,0,0,0,0,0,0,0
470911,1,1,22,22,22,22,22,22,22,22,22,22
470912,1,1,0,0,0,0,0,0,0,0,0,0
470913,1,1,22,33,38,12,21,16,19,24,19,32
470914,1,1,0,0,0,0,0,0,0,0,0,0
470914,2,1,18,0,15,0,8,16,0,0,0,9
470915,1,1,0,0,0,0,0,0,0,0,0,0
470915,2,1,0,0,0,0,0,0,0,0,0,0
470917,1,1,0,0,0,0,0,0,0,0,0,0
470917,2,1,0,0,0,0,0,0,0,0,0,0
470918,1,1,0,0,0,17,13,0,0,0,0,0
470919,1,1,23,23,23,23,23,23,23,23,23,23
470921,1,1,15,15,15,15,15,15,15,15,15,15
470922,1,1,0,17,0,31,0,41,0,16,0,0
470923,1,1,0,0,0,0,0,0,0,0,0,0
470924,0,1,31,0,0,9,0,0,7,0,0,0
470924,1,1,0,0,0,0,0,0,0,0,0,0
470925,1,1,24,24,24,24,24,24,24,24,24,24
470926,1,1,25,12,30,0,13,0,11,6,0,0
470927,1,1,0,0,0,0,0,0,0,0,0,0
470928,1,1,20,20,20,20,20,20,20,20,20,20
470929,1,1,20,20,20,20,20,20,20,20,20,20
470930,1,1,27,0,0,0,0,0,0,0,23,0
470931,0,1,0,0,0,2,0,0,0,0,0,0
470931,1,1,14,0,0,0,0,0,0,24,0,0
470931,2,1,0,0,15,0,0,0,0,0,0,0
470931,3,1,0,0,0,0,0,0,0,0,0,0
470931,4,1,0,0,0,18,0,0,0,0,0,0
470932,1,1,0,0,0,0,0,0,0,0,0,0
470932,2,1,0,0,0,0,0,0,0,0,0,0
470933,1,1,0,0,0,7,0,0,12,0,0,25
470934,1,1,0,0,0,0,0,0,0,0,0,0
470934,2,1,0,0,0,0,0,0,0,0,0,0
470935,1,1,0,20,0,0,0,0,0,0,0,0
470935,2,1,0,0,0,0,0,0,0,0,0,0
470936,1,1,15,0,0,0,0,0,0,0,0,0
470936,2,1,0,0,0,0,0,0,0,0,0,0
470937,1,1,0,0,0,0,0,0,20,9,0,15
470937,2,1,0,0,16,0,0,0,0,0,0,0
470937,3,1,0,0,0,0,0,0,0,0,0,0
470938,1,1,0,0,0,0,0,0,0,0,0,0
470938,2,1,0,0,0,0,0,0,0,0,0,0
470939,1,1,20,13,0,26,23,0,34,26,0,12
470940,1,1,0,0,0,0,0,0,0,0,0,0
470940,2,1,0,0,0,0,0,0,0,0,0,0
470941,0,1,0,0,0,0,0,0,0,0,0,0
470941,1,1,0,0,0,0,0,0,0,0,0,0
470942,1,1,0,0,0,0,0,0,0,0,0,0
470942,2,1,0,0,0,0,0,0,0,0,0,0
470942,3,1,0,0,0,0,0,0,0,0,0,0
470943,1,1,0,0,0,0,0,0,0,0,0,0
470944,1,1,0,0,0,0,0,0,0,0,0,0
470944,2,1,0,0,0,0,0,0,0,0,0,0
470945,1,1,11,0,0,12,0,0,0,0,0,0
470946,1,1,0,0,0,0,0,0,0,0,0,0
470947,0,1,10,20,19,7,24,28,8,24,9,12
470947,1,1,0,0,0,0,0,0,0,0,0,0
470948,1,1,0,0,0,0,0,0,0,0,0,0
480001,1,1,13,13,13,13,13,13,13,13,13,13
480002,1,1,0,0,0,0,0,0,0,0,0,0
480002,2,1,19,19,19,19,19,19,19,19,19,19
480003,1,1,30,0,0,14,0,17,0,0,0,0
480004,0,1,29,29,29,29,29,29,29,29,29,29
480004,1,1,0,0,0,0,0,0,0,0,0,0
480005,1,1,37,37,37,37,37,37,37,37,37,37
480006,0,1,15,15,15,15,15,15,15,15,15,15
480006,1,1,0,18,0,0,0,0,16,13,0,0
480007,0,1,24,24,24,24,24,24,24,24,24,24
480007,1,1,0,0,0,4,0,10,0,0,0,13
480008,1,1,0,0,0,0,0,0,0,0,29,0
480009,0,1,0,0,0,0,0,0,0,0,0,0
480009,1,1,0,0,0,0,0,10,0,0,0,0
480010,1,1,15,15,15,15,15,15,15,15,15,15
480010,2,1,0,0,0,0,0,0,0,0,0,0
480011,1,1,16,16,16,16,16,16,16,16,16,16
480012,0,1,0,0,0,0,0,0,0,0,0,0
480012,1,1,0,0,0,0,16,0,0,0,0,0
480013,1,1,4,4,4,4,4,4,4,4,4,4
480014,1,1,0,0,0,0,11,0,0,0,0,0
480014,2,1,0,0,0,0,0,0,0,18,8,0
480015,1,1,0,0,30,0,0,9,0,0,0,0
480015,2,1,0,0,0,0,0,0,0,0,0,0
480016,1,1,0,0,0,0,17,0,0,0,0,0
480017,1,1,0,0,0,0,0,0,0,0,0,0
480018,1,1,17,17,17,17,17,17,17,17,17,17
480019,0,1,0,0,0,0,0,0,0,0,0,0
480019,0,2,0,0,0,0,0,0,0,0,0,0
480019,1,1,0,0,0,0,0,0,0,0,0,0
480020,1,1,0,0,0,0,0,0,0,0,0,0
480020,2,1,24,24,24,24,24,24,24,24,24,24
480021,1,1,0,0,0,0,0,0,0,0,17,0
480021,2,1,0,0,0,0,0,0,0,0,15,0
480022,1,1,0,0,0,0,0,0,0,0,0,0
480022,2,1,0,0,0,0,0,0,0,0,0,0
480023,1,1,0,0,0,15,5,0,25,17,11,0
480024,0,1,26,26,26,26,26,26,26,26,26,26
480024,1,1,20,18,0,0,0,17,0,8,32,0
480025,1,1,11,14,16,5,10,23,16,13,11,0
480026,0,1,9,17,0,25,0,52,25,0,0,15
480026,0,2,0,15,0,0,6,0,0,0,0,39
480026,1,1,13,0,0,0,0,0,0,0,0,0
480027,1,1,0,0,0,0,0,0,0,0,0,0
480028,1,1,0,0,0,0,0,0,0,0,0,0
480028,2,1,0,0,0,0,0,0,0,0,0,0
480029,1,1,21,10,0,0,17,0,23,19,7,29
480030,1,1,0,0,0,0,0,0,0,0,0,0
480030,2,1,21,0,0,0,0,0,0,0,0,0
480031,0,1,0,0,0,0,0,0,0,0,0,0
480031,1,1,0,0,0,0,0,0,0,0,0,0
480032,1,1,13,13,13,13,13,13,13,13,13,13
480033,0,1,0,0,0,0,0,0,0,0,0,0
480033,1,1,13,0,0,0,0,0,0,0,0,0
480034,1,1,0,0,0,0,0,0,0,0,0,0
480035,1,1,11,11,11,11,11,11,11,11,11,11
480035,2,1,0,0,0,0,0,0,0,0,0,0
480036,1,1,4,4,4,4,4,4,4,4,4,4
480037,1,1,22,22,22,22,22,22,22,22,22,22
480038,2,1,0,0,0,0,0,0,0,0,0,0
480039,1,1,13,13,13,13,13,13,13,13,13,13
480040,1,1,0,0,0,0,0,0,0,0,0,0
480040,2,1,0,0,0,0,0,0,0,0,0,16
480041,1,1,17,9,0,0,9,23,0,15,0,7
480042,1,1,13,13,13,13,13,13,13,13,13,13
480042,2,1,0,0,0,0,0,0,0,0,19,18
480043,1,1,0,0,0,0,0,0,0,0,0,0
480043,2,1,0,0,12,0,12,0,17,0,0,0
480043,3,1,21,0,0,0,0,15,0,0,0,0
480044,1,1,0,0,0,0,0,0,0,0,0,0
480044,2,1,0,0,0,0,0,0,0,0,0,0
480045,1,1,20,20,20,20,20,20,20,20,20,20
480046,1,1,12,0,18,0,19,0,0,0,12,25
480046,2,1,0,19,0,0,0,0,0,0,0,0
480047,1,1,21,21,21,21,21,21,21,21,21,21
480048,1,1,0,0,0,0,0,0,0,0,0,12
480049,1,1,14,0,0,0,16,0,21,0,27,7
480050,1,1,0,0,0,0,0,0,0,0,0,0
480051,0,1,0,0,0,0,0,0,0,0,0,0
480051,1,1,0,0,0,0,0,8,0,0,0,0
480052,1,1,0,0,0,39,0,0,14,0,17,0
480053,1,1,0,0,0,0,0,18,27,0,12,0
480054,1,1,26,26,26,26,26,26,26,26,26,26
480055,0,1,30,30,30,30,30,30,30,30,30,30
480055,1,1,0,0,0,25,4,0,0,0,0,0
480057,0,1,0,0,0,0,0,0,0,0,0,0
480057,0,2,17,0,0,0,0,26,0,0,13,15
480057,1,1,0,0,0,0,0,0,0,0,0,0
480057,3,1,0,0,12,0,0,15,17,0,0,0
480058,0,1,0,0,0,0,0,0,0,0,0,0
480058,1,1,0,0,0,0,0,0,0,0,0,0
480059,1,1,0,0,0,0,9,0,0,0,0,0
480059,2,1,0,0,10,0,0,0,0,0,0,0
480059,3,1,0,0,0,0,0,0,0,0,0,0
480060,0,1,0,0,0,0,0,0,0,0,0,27
480060,1,1,0,0,0,0,0,0,0,0,0,0
480061,1,1,0,0,0,0,0,0,0,0,0,0
480061,2,1,13,0,0,0,0,0,10,0,0,0
480063,1,1,18,18,18,18,18,18,18,18,18,18
480064,1,1,24,24,24,24,24,24,24,24,24,24
480065,1,1,0,0,0,0,0,0,0,0,0,0
480065,2,1,0,0,0,0,0,0,0,0,0,0
480065,3,1,0,0,0,0,0,0,0,0,0,0
480065,4,1,0,0,9,0,21,0,0,0,0,0
480066,1,1,20,24,26,25,12,17,27,21,10,25
480067,1,1,6,29,14,0,23,0,0,39,0,0
480067,2,1,0,0,0,0,0,0,0,0,0,0
480068,1,1,0,0,0,0,0,0,0,0,0,0
480069,1,1,19,14,0,0,0,0,0,0,12,0
480070,0,1,0,0,0,0,4,0,0,0,0,0
480070,1,1,0,0,0,0,0,0,0,0,0,0
480071,0,1,0,0,0,0,0,0,0,0,0,0
480071,1,1,0,0,9,0,0,26,15,0,0,14
480072,1,1,12,12,12,12,12,12,12,12,12,12
480073,1,1,9,9,9,9,9,9,9,9,9,9
480073,2,1,0,0,0,0,0,0,0,0,0,0
480073,3,1,0,0,0,0,0,0,0,10,0,0
480075,0,1,0,0,0,0,0,0,0,0,0,0
480075,1,1,0,0,0,14,0,0,0,6,0,0
480076,0,1,19,19,19,19,19,19,19,19,19,19
480076,1,1,6,23,0,0,0,21,0,0,0,0
480076,2,1,14,0,0,6,0,0,26,18,0,0
480077,1,1,18,18,18,18,18,18,18,18,18,18
480078,1,1,16,16,16,16,16,16,16,16,16,16
480078,2,1,0,0,0,0,0,0,0,0,0,0
480078,3,1,0,0,0,0,0,0,11,0,0,0
480078,4,1,0,0,0,21,0,0,0,14,0,11
480079,1,1,8,8,8,8,8,8,8,8,8,8
480079,2,1,0,0,0,0,0,0,0,0,0,0
480080,1,1,0,0,0,0,0,0,0,0,0,0
480080,2,1,0,0,0,0,0,0,0,0,0,0
480081,0,1,0,0,0,0,0,0,0,0,0,0
480081,1,1,0,10,0,8,0,0,0,0,0,0
480082,1,1,17,17,17,17,17,17,17,17,17,17
480082,2,1,22,22,22,22,22,22,22,22,22,22
480084,1,1,1,1,1,1,1,1,1,1,1,1
480084,2,1,0,0,0,0,13,0,0,0,0,15
480085,1,1,0,0,0,0,0,0,15,29,0,0
480086,0,1,30,30,30,30,30,30,30,30,30,30
480086,1,1,24,24,24,24,24,24,24,24,24,24
480087,0,1,0,0,0,0,0,0,0,0,0,0
480087,1,1,0,0,17,0,17,0,19,0,0,0
480088,1,1,0,0,0,0,5,0,0,0,0,25
480089,1,1,0,24,0,6,12,0,12,9,26,15
480090,0,1,17,17,17,17,17,17,17,17,17,17
480090,1,1,0,16,8,0,0,6,0,0,0,0
480091,1,1,6,6,6,6,6,6,6,6,6,6
480092,0,1,30,25,0,0,0,24,25,23,0,9
480092,1,1,6,0,15,0,12,0,6,0,0,0
480093,1,1,0,0,0,0,0,0,0,0,0,0
480094,1,1,0,0,0,0,0,0,0,0,0,0
480095,1,1,0,0,0,0,0,0,0,0,0,0
480095,2,1,0,0,0,0,0,0,0,0,0,0
480096,1,1,0,0,0,0,0,0,0,0,0,0
480097,1,1,0,0,0,0,0,0,0,0,0,0
480098,1,1,0,0,0,0,0,0,0,0,0,0
480098,2,1,0,0,0,0,0,0,0,0,0,0
480099,1,1,0,0,0,0,0,0,0,0,0,0
480100,1,1,0,8,0,12,3,0,17,15,22,13
480101,0,1,0,0,14,0,0,0,0,11,0,0
480101,1,1,0,0,0,0,0,0,0,0,0,0
480102,0,1,47,47,47,47,47,47,47,47,47,47
480102,1,1,0,0,0,0,0,0,21,0,0,0
480103,0,1,0,0,0,0,0,0,0,28,0,0
480103,1,1,0,13,0,0,0,0,0,12,0,0
480104,1,1,0,0,0,0,0,0,0,0,0,0
480104,2,1,0,0,0,0,0,0,0,0,0,0
480105,1,1,10,10,10,10,10,10,10,10,10,10
480106,1,1,10,13,7,14,0,7,14,5,0,0
480107,1,1,0,0,0,0,0,0,0,0,0,0
480108,0,1,28,28,28,28,28,28,28,28,28,28
480108,1,1,0,0,4,0,0,0,0,0,0,0
480109,1,1,0,0,7,0,0,0,0,0,0,0
480109,2,1,0,0,0,0,0,0,0,0,0,0
480109,3,1,0,0,0,6,0,0,0,0,0,0
480109,4,1,0,0,0,0,0,0,11,0,0,0
480110,1,1,0,0,0,0,0,0,0,0,0,0
480111,0,1,25,25,25,25,25,25,25,25,25,25
480111,1,1,0,17,0,0,31,21,11,0,19,2
480112,1,1,18,17,39,21,14,10,18,20,19,20
480113,1,1,0,0,0,0,0,0,0,0,0,0
480114,1,1,0,0,0,0,0,0,0,0,0,0
480114,2,1,0,0,0,11,24,0,0,0,0,0
480114,3,1,0,0,6,0,7,0,0,0,0,0
480115,0,1,26,26,26,26,26,26,26,26,26,26
480115,1,1,9,0,0,0,0,0,0,0,0,25
480116,1,1,0,0,0,0,0,0,0,0,0,0
480116,2,1,0,0,0,0,0,0,0,17,0,0
480117,0,1,15,15,15,15,15,15,15,15,15,15
480117,1,1,0,0,0,0,0,0,0,0,0,0
480118,1,1,34,34,34,34,34,34,34,34,34,34
480118,2,1,0,21,0,0,0,0,0,14,0,0
480119,1,1,3,3,3,3,3,3,3,3,3,3
480119,2,1,0,0,0,0,0,0,0,0,0,0
480120,0,1,0,0,0,0,0,0,0,0,0,0
480120,1,1,3,7,16,0,23,40,0,0,15,0
480121,1,1,4,4,4,4,4,4,4,4,4,4
480122,1,1,0,0,0,0,0,0,26,13,0,0
480122,2,1,0,30,0,0,0,0,0,0,0,0
480123,1,1,0,0,0,21,0,0,20,0,10,19
480123,2,1,0,0,9,0,0,0,6,0,0,0
480124,0,1,0,0,0,0,0,0,0,0,0,0
480124,1,1,0,0,0,0,0,0,0,0,0,0
480125,1,1,12,0,0,0,0,0,8,17,0,17
480125,2,1,0,0,0,0,0,0,0,0,10,0
480126,0,1,0,0,0,0,0,0,0,0,0,0
480126,1,1,0,0,0,0,0,16,0,0,0,0
480127,1,1,0,0,0,0,0,0,0,0,0,0
480127,2,1,0,0,0,0,0,0,0,0,0,0
480128,1,1,0,32,10,0,18,34,0,0,12,21
480130,1,1,0,0,0,0,5,23,30,0,0,0
480130,2,1,0,14,16,0,0,0,11,21,0,0
480131,1,1,6,0,0,0,17,0,0,0,14,0
480131,2,1,0,0,0,0,0,0,0,0,0,0
480133,1,1,0,0,0,0,15,0,15,0,27,5
480134,0,1,5,0,2,0,0,0,0,0,0,15
480134,1,1,13,7,13,0,19,9,9,6,16,25
480135,1,1,11,11,11,11,11,11,11,11,11,11
480136,1,1,0,0,0,0,0,0,0,0,0,0
480136,2,1,0,0,0,0,0,0,0,0,0,0
480137,1,1,3,3,3,3,3,3,3,3,3,3
480138,1,1,0,0,0,0,0,0,0,0,0,0
480138,2,1,0,0,0,0,0,0,0,0,0,0
480139,1,1,0,0,0,0,0,0,0,0,0,0
480140,1,1,7,7,7,7,7,7,7,7,7,7
480141,0,1,27,27,27,27,27,27,27,27,27,27
480141,1,1,0,0,0,0,13,0,0,0,0,0
480141,2,1,22,0,11,25,30,0,0,0,9,0
480142,1,1,0,0,0,0,0,0,0,0,0,0
480143,1,1,0,11,0,0,0,0,0,0,0,16
480144,1,1,6,6,6,6,6,6,6,6,6,6
480145,1,1,0,0,0,0,0,0,0,0,0,0
480146,1,1,0,0,7,0,0,0,18,0,0,0
480146,2,1,0,19,0,0,0,0,0,0,0,16
480147,1,1,0,0,0,0,0,0,0,0,0,0
480148,1,1,0,9,0,8,0,8,0,16,0,17
480149,1,1,0,0,0,0,0,0,0,0,0,0
480149,2,1,0,0,0,22,27,0,0,0,0,0
480149,3,1,0,0,0,0,0,0,0,0,0,0
480150,0,1,10,10,10,10,10,10,10,10,10,10
480150,1,1,16,0,0,0,0,0,0,0,0,0
480151,0,1,0,14,0,0,0,0,0,10,0,0
480151,1,1,12,12,12,12,12,12,12,12,12,12
480152,1,1,13,21,21,15,25,16,11,15,19,26
480152,2,1,0,0,17,25,0,0,12,0,11,19
480153,1,1,0,0,0,0,0,0,0,0,0,0
480153,2,1,0,21,0,0,9,0,10,0,0,0
480154,1,1,0,0,0,0,0,0,0,0,0,0
480155,1,1,0,0,0,0,0,0,0,0,0,0
480156,1,1,0,0,0,0,0,0,0,0,0,0
480156,2,1,0,0,0,0,0,0,8,0,0,0
480157,1,1,0,0,0,4,0,20,0,0,18,13
480158,1,1,7,0,0,13,0,0,0,0,0,0
480158,2,1,0,0,0,0,0,0,0,0,0,0
480159,1,1,0,0,0,0,0,0,0,0,19,15
480159,2,1,23,0,0,0,0,0,0,0,0,0
480160,1,1,2,2,2,2,2,2,2,2,2,2
480160,2,1,0,0,0,0,0,0,0,0,0,0
480161,1,1,21,21,21,21,21,21,21,21,21,21
480162,1,1,13,13,13,13,13,13,13,13,13,13
480163,1,1,0,8,0,0,0,0,9,0,0,0
480164,1,1,0,0,0,0,0,0,0,0,0,0
480165,1,1,0,0,0,0,4,0,0,0,12,0
480165,2,1,0,0,0,0,0,0,0,0,0,0
480166,1,1,42,42,42,42,42,42,42,42,42,42
480167,0,1,0,0,0,0,0,0,0,0,0,0
480167,0,2,0,0,0,0,0,0,0,0,0,0
480167,1,1,0,0,0,0,0,0,0,0,0,0
480168,1,1,0,0,0,0,0,0,0,0,0,0
480168,2,1,0,0,0,0,0,0,0,0,18,0
480169,1,1,0,0,0,0,0,0,17,0,0,0
480169,2,1,0,0,0,0,0,22,0,18,0,0
480170,1,1,0,0,0,0,0,0,0,0,0,0
480170,2,1,0,0,0,0,0,0,0,0,0,0
480171,0,1,0,0,0,0,0,0,0,0,0,0
480171,1,1,0,0,0,0,0,0,0,0,0,0
480172,1,1,0,0,0,0,0,0,13,0,0,0
480173,1,1,21,21,21,21,21,21,21,21,21,21
480174,1,1,0,0,0,0,27,0,0,0,0,0
480175,1,1,16,16,16,16,16,16,16,16,16,16
480175,2,1,0,0,0,0,0,0,0,0,0,0
480176,0,1,0,0,0,24,17,0,0,0,0,10
480176,1,1,0,22,18,2,0,16,0,0,22,28
480177,1,1,29,29,29,29,29,29,29,29,29,29
480178,1,1,20,20,20,20,20,20,20,20,20,20
480179,1,1,9,0,38,26,11,17,28,19,17,26
480180,1,1,30,0,0,0,0,9,0,0,0,0
480180,2,1,0,0,0,0,0,0,0,0,0,0
480181,0,1,0,0,0,0,0,0,0,0,0,0
480181,1,1,0,0,0,0,0,0,22,0,0,0
480182,1,1,20,20,20,20,20,20,20,20,20,20
480182,2,1,0,0,0,0,0,0,0,0,0,0
480182,3,1,0,0,0,0,0,0,0,0,0,0
480183,1,1,9,9,9,9,9,9,9,9,9,9
480184,1,1,0,29,15,0,0,14,0,0,9,0
480185,1,1,12,18,0,0,0,9,5,22,0,0
480186,1,1,0,0,0,0,0,0,0,0,0,0
480186,2,1,0,0,0,0,6,0,0,0,0,0
480187,1,1,0,0,0,0,0,0,0,0,0,0
480187,2,1,0,7,0,0,0,0,0,0,0,0
480187,3,1,0,0,0,0,0,0,0,0,0,0
480188,1,1,0,10,0,0,0,0,21,0,2,0
480189,1,1,0,0,0,0,10,0,0,0,0,0
480190,1,1,0,0,0,0,0,0,0,0,0,0
480190,2,1,1,1,1,1,1,1,1,1,1,1
480191,0,1,0,0,0,0,0,0,0,0,0,0
480191,1,1,0,0,0,0,0,0,0,0,0,0
480191,2,1,17,0,0,0,0,0,0,17,0,0
480191,3,1,0,0,0,14,0,20,0,0,0,15
480192,1,1,19,19,19,19,19,19,19,19,19,19
480192,2,1,5,0,0,0,0,0,0,0,0,0
480193,1,1,14,14,14,14,14,14,14,14,14,14
480193,2,1,0,0,0,0,0,0,0,0,0,0
480194,1,1,0,0,0,0,0,0,0,0,0,0
480195,1,1,17,17,17,17,17,17,17,17,17,17
480195,2,1,0,0,0,0,0,22,14,0,0,0
480196,1,1,0,0,0,0,0,0,0,0,0,24
480197,1,1,22,22,22,22,22,22,22,22,22,22
480198,0,1,8,8,8,8,8,8,8,8,8,8
480198,1,1,17,17,17,17,17,17,17,17,17,17
480199,1,1,0,0,9,0,0,0,0,0,0,0
480200,1,1,0,0,0,0,0,0,0,0,0,0
480200,2,1,22,0,27,0,14,0,0,0,13,15
480201,1,1,0,0,0,0,0,0,0,0,0,0
480202,1,1,0,0,0,0,0,0,0,0,0,0
480203,1,1,11,11,11,11,11,11,11,11,11,11
480204,0,1,33,0,0,0,0,0,0,0,15,0
480204,0,2,0,0,0,17,20,28,47,22,12,20
480204,1,1,9,0,0,0,0,0,0,0,0,0
480205,1,1,0,0,0,0,0,0,0,0,0,22
480206,1,1,0,0,2,5,0,0,0,0,0,0
480206,2,1,0,0,0,0,0,0,0,0,0,0
480206,3,1,0,0,0,0,0,0,0,0,0,0
480207,1,1,21,21,21,21,21,21,21,21,21,21
480208,1,1,0,0,0,0,0,0,0,0,0,0
480208,2,1,0,0,0,0,0,0,0,0,0,0
480209,1,1,22,0,0,0,18,0,0,0,0,24
480209,2,1,0,0,0,0,0,0,0,0,0,0
480210,1,1,14,14,14,14,14,14,14,14,14,14
480211,0,1,13,13,13,13,13,13,13,13,13,13
480211,1,1,17,14,13,0,0,0,20,9,0,0
480213,1,1,0,19,0,0,0,0,0,0,6,0
480214,1,1,0,0,0,0,15,0,24,0,0,0
480214,2,1,0,0,0,0,0,0,8,0,0,0
480215,1,1,0,8,0,0,0,11,0,16,0,0
480216,1,1,0,0,0,0,0,0,0,0,0,0
480216,2,1,0,0,0,0,0,0,0,0,0,0
480217,0,1,19,0,0,21,0,0,18,24,0,14
480217,1,1,18,18,18,18,18,18,18,18,18,18
480218,1,1,0,0,19,0,0,0,0,0,26,0
480220,1,1,0,0,0,0,0,0,0,0,0,0
480220,2,1,0,0,0,0,0,0,0,0,0,0
480221,1,1,10,10,10,10,10,10,10,10,10,10
480222,1,1,0,0,0,0,0,0,0,0,0,0
480222,2,1,0,0,0,0,0,0,0,0,0,0
480222,3,1,10,0,0,0,29,0,0,0,0,0
480223,0,1,3,3,3,3,3,3,3,3,3,3
480223,1,1,0,14,0,0,0,0,0,0,0,19
480224,1,1,21,21,21,21,21,21,21,21,21,21