ST_CASE,VEH_NO,PER_NO,P1,P2,P3,P4,P5,P6,P7,P8,P9,P10
480225,1,1,19,19,19,19,19,19,19,19,19,19
480226,1,1,15,15,15,15,15,15,15,15,15,15
480227,1,1,29,29,29,29,29,29,29,29,29,29
480228,1,1,0,0,27,0,0,15,0,0,11,0
480228,2,1,2,2,2,2,2,2,2,2,2,2
480229,1,1,0,0,0,0,0,0,0,0,0,0
480229,2,1,28,0,0,0,0,0,0,0,0,0
480230,1,1,0,0,0,0,0,0,0,0,0,0
480231,1,1,0,0,0,0,0,0,0,0,0,0
480231,2,1,0,0,0,0,0,0,0,0,10,0
480232,1,1,0,0,0,0,0,0,0,0,0,0
480232,2,1,21,21,21,21,21,21,21,21,21,21
480233,1,1,0,0,0,0,0,0,0,0,0,0
480234,0,1,0,15,8,0,25,30,31,9,40,0
480234,1,1,0,0,0,0,0,0,0,0,0,0
480234,2,1,0,0,0,0,0,0,0,0,0,0
480235,1,1,24,0,22,0,11,17,16,9,19,14
480236,1,1,0,0,0,0,0,0,0,0,0,0
480237,0,1,0,0,0,0,0,0,0,0,0,14
480237,1,1,0,0,0,0,0,0,0,0,0,0
480238,1,1,0,0,0,15,21,25,24,0,26,0
480239,0,1,21,21,21,21,21,21,21,21,21,21
480239,1,1,0,7,0,0,0,0,0,0,10,0
480240,1,1,0,0,0,0,0,0,0,0,0,0
480240,2,1,29,0,26,0,28,0,21,0,0,10
480241,0,1,0,0,0,0,0,0,0,0,0,0
480241,1,1,0,0,15,0,0,0,12,18,14,0
480242,1,1,0,0,0,0,0,0,0,0,0,0
480243,0,1,0,0,21,0,0,0,12,0,0,0
480243,1,1,0,0,0,0,0,0,0,0,0,0
480244,1,1,0,0,0,0,0,0,0,0,0,0
480245,1,1,0,0,0,0,0,0,0,0,0,0
480245,2,1,0,0,0,0,0,0,0,0,0,0
480246,1,1,14,14,14,14,14,14,14,14,14,14
480247,0,1,0,0,0,0,0,0,0,0,0,0
480247,1,1,0,0,0,0,0,0,0,0,0,0
480248,0,1,31,31,31,31,31,31,31,31,31,31
480248,1,1,0,15,0,0,0,0,14,0,0,0
480248,2,1,38,11,17,0,21,0,0,11,19,21
480248,3,1,19,0,0,0,0,12,5,0,0,0
480249,0,1,0,0,22,21,0,0,0,0,0,0
480249,1,1,0,0,0,0,0,8,0,0,0,0
480250,1,1,17,17,17,17,17,17,17,17,17,17
480251,1,1,14,14,14,14,14,14,14,14,14,14
480251,2,1,19,0,0,0,0,0,26,3,0,0
480252,0,1,18,18,18,18,18,18,18,18,18,18
480252,1,1,0,0,0,7,0,24,20,0,0,0
480253,1,1,0,0,0,0,0,0,0,0,0,0
480253,2,1,0,0,0,0,0,0,0,0,0,0
480254,1,1,0,0,0,0,8,21,15,0,0,0
480255,1,1,0,0,0,0,0,0,0,0,0,10
480256,1,1,6,6,6,6,6,6,6,6,6,6
480257,1,1,9,18,14,21,29,17,29,18,25,8
480258,1,1,19,19,19,19,19,19,19,19,19,19
480259,1,1,23,23,23,23,23,23,23,23,23,23
480259,2,1,0,0,0,0,12,0,0,0,0,0
480260,1,1,0,0,0,25,0,10,0,0,17,0
480260,2,1,0,0,0,0,0,0,0,0,0,0
480261,0,1,0,0,23,0,0,0,0,0,0,0
480261,1,1,0,0,0,13,0,0,0,0,0,0
480262,1,1,15,15,15,15,15,15,15,15,15,15
480263,0,1,0,0,0,0,0,0,0,0,0,0
480263,1,1,0,0,0,0,0,0,0,0,0,0
480264,1,1,0,0,0,0,0,0,0,0,0,0
480264,2,1,0,0,0,0,0,0,0,0,0,0
480265,0,1,0,0,0,0,0,0,0,0,0,0
480265,1,1,0,0,0,0,0,0,0,0,0,0
480266,1,1,0,0,0,0,0,0,0,0,0,0
480266,2,1,0,0,0,0,0,0,0,0,0,0
480267,1,1,0,0,0,0,0,0,0,0,0,0
480268,1,1,0,0,0,0,0,0,0,0,0,0
480268,2,1,0,0,0,0,0,0,0,0,15,0
480268,3,1,0,0,0,0,0,0,0,0,0,0
480268,4,1,0,0,0,0,0,0,0,7,0,0
480268,5,1,0,0,0,0,0,0,0,0,0,0
480269,1,1,0,0,0,18,0,0,0,0,3,0
480269,2,1,0,0,0,13,19,0,0,0,0,0
480270,0,1,8,0,0,0,0,0,0,0,0,0
480270,1,1,0,0,0,0,0,0,0,0,0,0
480271,1,1,18,18,18,18,18,18,18,18,18,18
480271,2,1,0,0,0,0,20,0,14,0,0,8
480272,0,1,0,0,0,0,0,0,0,0,0,0
480272,1,1,0,0,0,15,19,0,0,0,0,0
480273,0,1,0,0,0,27,0,0,0,0,0,0
480273,1,1,19,19,19,19,19,19,19,19,19,19
480274,1,1,0,0,0,0,0,0,0,14,0,0
480275,0,1,0,0,0,0,0,0,0,0,0,0
480275,1,1,0,0,0,0,0,0,0,0,0,0
480276,0,1,11,13,0,0,0,16,0,0,15,0
480276,0,2,20,0,0,0,0,0,24,0,0,0
480276,1,1,0,0,0,0,0,0,0,0,0,0
480276,2,1,0,0,0,0,0,0,0,0,25,0
480277,0,1,0,0,0,0,0,0,0,0,0,0
480277,1,1,0,0,10,0,12,0,0,0,0,0
480278,1,1,0,9,0,0,0,0,0,0,0,0
480278,2,1,22,22,22,22,22,22,22,22,22,22
480279,1,1,11,11,11,11,11,11,11,11,11,11
480280,1,1,0,14,11,18,0,21,20,20,0,0
480281,1,1,18,18,18,18,18,18,18,18,18,18
480282,1,1,13,0,19,14,0,9,19,6,12,23
480282,2,1,8,0,0,19,0,0,0,0,0,0
480283,1,1,0,0,0,0,0,0,0,0,0,0
480283,2,1,0,0,0,0,0,0,0,0,0,0
480284,1,1,15,15,15,15,15,15,15,15,15,15
480285,0,1,32,0,0,0,8,9,18,0,14,8
480285,1,1,14,0,15,0,0,0,0,0,0,0
480286,1,1,14,14,14,14,14,14,14,14,14,14
480286,2,1,0,0,0,0,0,0,0,0,0,0
480287,1,1,17,17,17,17,17,17,17,17,17,17
480288,1,1,20,20,20,20,20,20,20,20,20,20
480289,0,1,0,29,23,20,21,0,0,0,0,17
480289,1,1,0,0,0,0,0,0,0,0,6,0
480290,1,1,16,16,16,16,16,16,16,16,16,16
480291,1,1,0,0,0,0,0,0,0,0,0,0
480291,2,1,0,0,0,0,0,0,0,0,0,0
480292,1,1,12,12,12,12,12,12,12,12,12,12
480293,0,1,0,28,19,14,21,5,30,20,0,0
480293,1,1,20,0,0,0,0,9,0,0,0,0
480294,1,1,0,0,0,0,0,0,0,0,0,0
480294,2,1,0,0,0,0,0,0,0,0,0,0
480294,3,1,12,0,0,0,0,0,0,0,0,29
480295,1,1,0,0,0,0,0,0,0,0,0,0
480295,2,1,0,0,0,0,0,0,0,17,0,0
480296,1,1,0,0,0,0,0,0,0,0,0,8
480296,2,1,6,0,17,23,0,0,0,0,27,0
480297,1,1,0,0,0,0,0,26,0,0,0,0
480298,1,1,0,0,0,0,0,0,0,0,8,0
480299,1,1,18,18,18,18,18,18,18,18,18,18
480299,2,1,20,20,20,20,20,20,20,20,20,20
480300,1,1,0,0,0,0,0,0,0,0,0,0
480302,1,1,0,0,0,0,0,0,0,0,0,0
480302,2,1,0,0,0,0,0,0,0,0,0,0
480302,3,1,0,0,0,0,0,0,0,0,0,0
480303,1,1,0,15,20,0,6,0,0,0,0,0
480303,2,1,0,0,0,0,26,0,0,0,0,0
480304,0,1,0,0,0,0,0,0,0,0,0,0
480305,0,1,0,0,0,0,0,0,0,0,0,0
480305,1,1,0,0,0,0,17,28,0,0,0,0
480306,1,1,0,0,0,0,0,0,0,0,0,0
480306,2,1,0,0,0,0,0,0,0,0,0,0
480307,1,1,0,0,0,0,10,0,0,0,9,0
480307,2,1,0,0,0,0,0,0,0,0,0,0
480308,1,1,0,17,0,0,26,0,0,0,0,0
480308,2,1,8,0,0,0,0,0,0,0,0,13
480309,1,1,8,8,8,8,8,8,8,8,8,8
480310,1,1,12,12,12,12,12,12,12,12,12,12
480310,2,1,0,0,0,0,0,0,0,0,0,0
480311,1,1,0,0,0,0,0,0,0,0,0,0
480311,2,1,0,0,0,0,0,14,0,0,9,0
480311,3,1,0,0,0,0,0,0,0,0,9,0
480311,4,1,0,0,0,0,0,4,0,0,0,0
480312,1,1,0,0,0,0,0,0,0,0,0,0
480313,1,1,0,0,0,0,0,0,0,0,0,0
480313,2,1,0,0,0,0,0,0,0,0,0,0
480314,1,1,26,26,26,26,26,26,26,26,26,26
480315,1,1,0,0,0,21,0,0,0,0,0,0
480316,1,1,10,35,16,17,24,25,20,34,26,16
480317,1,1,0,0,0,0,0,0,13,0,0,0
480318,1,1,0,0,0,0,0,0,11,0,0,0
480319,1,1,25,25,25,25,25,25,25,25,25,25
480320,1,1,0,0,0,0,0,0,0,0,0,0
480320,2,1,26,26,26,26,26,26,26,26,26,26
480321,1,1,5,5,5,5,5,5,5,5,5,5
480322,1,1,0,0,0,0,0,0,0,0,0,0
480323,1,1,0,0,0,0,0,0,0,0,0,0
480323,2,1,0,0,0,0,0,0,0,0,0,0
480324,1,1,0,0,6,0,0,0,0,0,0,9
480325,1,1,0,12,0,0,0,0,0,0,0,0
480325,2,1,0,0,0,0,0,12,31,0,0,28
480326,1,1,31,31,31,31,31,31,31,31,31,31
480326,2,1,0,0,0,0,0,0,0,0,0,0
480327,1,1,41,9,22,13,0,0,22,27,11,0
480328,0,1,14,25,28,16,21,0,0,16,25,0
480328,1,1,0,8,0,0,0,0,0,0,0,21
480329,1,1,13,13,13,13,13,13,13,13,13,13
480330,1,1,28,0,25,0,0,0,8,4,0,10
480331,1,1,0,0,0,0,0,0,0,0,0,0
480331,2,1,6,13,7,10,10,8,12,7,0,8
480332,1,1,12,12,12,12,12,12,12,12,12,12
480333,1,1,12,12,12,12,12,12,12,12,12,12
480334,1,1,6,6,6,6,6,6,6,6,6,6
480334,2,1,11,16,0,0,0,0,0,9,0,0
480335,1,1,19,19,19,19,19,19,19,19,19,19
480335,2,1,0,0,0,21,23,22,27,0,0,10
480336,1,1,22,7,0,0,0,0,14,17,0,15
480336,2,1,0,14,0,0,0,21,21,0,0,6
480336,3,1,0,0,0,0,0,0,0,0,0,0
480337,1,1,10,0,10,0,0,0,13,0,20,15
480338,1,1,0,0,0,0,20,8,0,13,0,0
480339,1,1,0,0,0,0,0,0,0,0,0,0
480339,2,1,0,0,0,0,0,0,0,0,0,0
480340,1,1,0,0,5,0,0,0,4,0,0,0
480340,2,1,0,0,0,0,0,0,0,0,0,0
480341,0,1,12,0,0,0,0,0,19,13,0,0
480341,1,1,0,0,0,0,0,0,12,0,0,0
480342,1,1,0,0,0,0,0,0,0,0,0,0
480343,1,1,0,0,0,0,0,0,0,0,0,0
480344,1,1,0,0,0,0,0,0,0,0,0,0
480344,2,1,24,0,0,0,4,0,0,0,11,0
480345,1,1,0,0,0,0,0,0,0,0,0,0
480345,2,1,2,2,2,2,2,2,2,2,2,2
480346,1,1,17,13,0,0,14,0,8,21,0,0
480347,1,1,15,15,15,15,15,15,15,15,15,15
480348,1,1,16,16,16,16,16,16,16,16,16,16
480349,1,1,0,0,0,0,0,0,0,0,0,0
480349,2,1,0,14,0,0,0,0,0,0,0,0
480349,3,1,0,10,0,0,0,16,0,0,0,0
480351,1,1,0,0,0,0,0,0,0,0,0,3
480351,2,1,9,0,0,0,0,0,0,4,0,0
480351,3,1,0,0,0,0,0,0,0,0,11,0
480352,1,1,0,0,0,0,0,0,9,28,0,0
480352,2,1,0,0,0,17,0,0,0,0,0,0
480352,3,1,0,0,0,0,0,0,0,0,0,0
480352,4,1,0,0,0,0,0,0,0,0,0,0
480354,1,1,17,17,17,17,17,17,17,17,17,17
480354,2,1,8,0,17,0,0,0,0,0,0,0
480355,0,1,19,19,19,19,19,19,19,19,19,19
480355,1,1,16,16,16,16,16,16,16,16,16,16
480356,1,1,36,36,36,36,36,36,36,36,36,36
480356,2,1,28,28,28,28,28,28,28,28,28,28
480357,1,1,28,28,28,28,28,28,28,28,28,28
480358,1,1,0,19,14,13,17,13,0,26,23,11
480359,1,1,0,0,0,0,0,0,0,0,0,0
480360,1,1,11,11,11,11,11,11,11,11,11,11
480360,2,1,0,28,0,18,0,0,0,16,0,0
480361,0,1,0,14,26,22,19,0,7,0,20,11
480361,1,1,14,42,35,39,8,4,10,22,5,0
480362,1,1,17,17,17,17,17,17,17,17,17,17
480363,1,1,0,0,0,0,0,0,0,0,0,0
480364,1,1,0,0,0,0,0,0,0,0,0,0
480365,1,1,15,0,20,0,0,0,0,0,0,0
480366,0,1,35,35,35,35,35,35,35,35,35,35
480366,1,1,0,0,0,0,0,5,0,0,0,0
480367,1,1,24,0,0,0,0,13,0,0,0,0
480368,1,1,0,0,0,0,0,0,0,0,0,0
480368,2,1,0,0,0,0,0,0,0,0,0,0
480369,1,1,0,0,0,0,0,0,0,0,0,0
480369,2,1,0,0,0,0,0,0,0,0,0,0
480370,1,1,4,4,4,4,4,4,4,4,4,4
480371,1,1,4,0,0,22,0,19,16,18,19,0
480372,1,1,15,15,15,15,15,15,15,15,15,15
480373,1,1,23,23,23,23,23,23,23,23,23,23
480374,0,1,0,0,0,0,0,0,0,0,0,0
480374,1,1,18,0,0,0,0,0,0,0,0,0
480375,1,1,0,0,0,0,0,0,0,0,0,0
480375,2,1,0,0,0,0,12,13,0,0,0,0
480376,0,1,0,0,0,0,0,0,0,0,0,0
480376,1,1,0,0,16,15,3,4,0,0,0,9
480377,2,1,0,0,0,0,0,0,0,0,0,0
480377,3,1,0,0,0,0,6,0,0,0,0,0
480378,1,1,0,0,0,0,0,0,0,0,11,0
480378,2,1,0,0,0,0,0,0,0,0,0,0
480379,1,1,26,26,26,26,26,26,26,26,26,26
480380,1,1,0,5,0,0,0,0,0,0,0,0
480380,2,1,0,0,0,0,0,0,7,13,0,0
480381,1,1,0,0,0,0,0,0,0,0,0,0
480381,2,1,0,0,0,16,0,0,0,0,0,0
480382,1,1,0,0,0,0,0,0,0,0,0,0
480382,2,1,0,0,0,0,0,0,0,0,0,0
480383,0,1,0,0,19,0,0,0,0,0,0,0
480383,1,1,0,0,0,0,0,0,0,19,0,0
480384,1,1,14,0,0,0,0,16,0,0,0,20
480385,1,1,12,12,12,12,12,12,12,12,12,12
480386,0,1,0,0,0,0,0,0,17,11,23,40
480386,1,1,0,0,0,0,0,0,0,0,0,0
480387,1,1,19,0,26,0,29,16,26,22,13,8
480388,1,1,0,0,0,0,0,21,0,0,0,0
480388,2,1,0,0,0,0,0,0,14,0,0,0
480389,1,1,15,15,15,15,15,15,15,15,15,15
480390,0,1,0,0,0,0,0,0,0,0,0,0
480390,1,1,0,0,0,0,0,0,0,0,0,0
480391,1,1,16,16,16,16,16,16,16,16,16,16
480392,1,1,0,0,0,0,0,0,0,0,0,0
480393,1,1,0,0,0,0,0,0,0,0,0,0
480393,2,1,0,0,0,0,0,0,0,0,0,17
480394,1,1,0,0,0,0,0,0,0,0,0,0
480394,2,1,0,0,0,0,0,0,0,0,0,0
480394,3,1,0,0,0,0,0,0,0,0,0,0
480394,4,1,0,0,0,0,0,0,0,0,0,0
480394,5,1,0,0,0,0,0,0,0,0,0,0
480395,1,1,0,0,0,0,0,0,0,0,0,0
480395,2,1,0,17,9,14,17,0,0,0,0,0
480396,0,1,7,0,0,0,0,0,20,0,0,0
480396,1,1,0,0,0,0,0,0,0,0,0,0
480397,0,1,22,22,22,22,22,22,22,22,22,22
480397,1,1,0,0,0,0,21,0,0,0,0,0
480398,1,1,28,28,28,28,28,28,28,28,28,28
480399,1,1,4,4,4,4,4,4,4,4,4,4
480399,2,1,0,0,0,0,4,0,0,0,0,0
480400,1,1,0,0,0,0,0,0,0,0,0,0
480400,2,1,0,0,0,0,0,0,0,0,0,0
480401,1,1,0,0,0,0,0,5,0,0,0,18
480401,2,1,0,0,0,0,0,0,0,24,0,0
480402,1,1,21,15,12,15,24,19,13,0,0,0
480403,1,1,0,0,0,0,0,0,0,0,0,0
480403,2,1,10,10,10,10,10,10,10,10,10,10
480404,1,1,0,0,20,0,0,0,26,37,0,0
480404,2,1,3,0,0,0,0,0,0,0,0,0
480405,1,1,0,0,0,0,0,0,0,0,0,0
480405,2,1,18,0,0,0,0,0,0,0,0,0
480405,3,1,0,0,0,0,0,0,0,0,0,13
480405,4,1,0,0,0,0,0,0,0,0,0,0
480406,1,1,15,15,15,15,15,15,15,15,15,15
480407,0,1,0,0,22,0,0,0,0,0,0,0
480407,1,1,0,0,0,0,0,0,0,0,0,0
480408,1,1,0,0,0,0,0,27,10,0,0,0
480409,1,1,0,0,0,0,0,0,0,0,0,0
480410,1,1,5,0,0,0,0,15,23,0,0,0
480411,1,1,18,15,32,13,5,16,24,18,6,6
480412,0,1,0,0,0,0,14,19,13,0,0,31
480412,1,1,0,0,0,0,0,12,0,0,14,0
480413,1,1,29,0,0,0,0,0,0,0,0,0
480414,1,1,0,0,0,14,0,0,0,0,0,0
480414,2,1,0,0,0,0,0,0,0,0,0,0
480415,1,1,19,0,0,0,22,0,0,0,0,0
480416,1,1,0,0,0,0,0,0,0,0,0,0
480417,1,1,0,0,0,0,0,0,0,0,0,0
480417,2,1,0,0,0,0,0,0,0,0,0,0
480418,1,1,0,0,0,0,0,0,0,0,0,0
480419,1,1,11,0,0,0,0,0,0,0,0,0
480419,2,1,0,0,0,0,0,0,0,0,0,0
480419,3,1,0,0,0,0,0,0,0,0,0,0
480420,1,1,22,22,22,22,22,22,22,22,22,22
480421,0,1,0,24,0,49,11,0,22,0,23,9
480421,1,1,0,0,0,0,0,10,0,0,0,0
480422,1,1,0,25,0,0,0,0,0,0,0,21
480423,1,1,0,0,0,0,0,0,0,0,0,0
480423,2,1,0,0,0,0,0,0,0,19,0,0
480423,3,1,7,0,0,0,0,0,0,0,0,0
480423,4,1,0,0,0,0,20,0,0,0,0,0
480424,0,1,0,0,0,0,0,0,0,0,0,0
480424,1,1,0,0,0,0,0,0,0,0,0,0
480425,1,1,0,0,0,0,0,0,0,0,0,0
480425,2,1,0,0,0,0,13,0,0,6,0,0
480426,1,1,0,0,0,0,0,0,0,0,0,0
480426,2,1,0,0,18,0,0,0,0,0,0,0
480427,1,1,27,27,27,27,27,27,27,27,27,27
480428,1,1,0,0,0,0,0,0,0,0,0,0
480428,2,1,0,0,0,0,0,0,0,0,0,0
480429,1,1,0,0,0,0,0,0,0,0,0,0
480430,1,1,7,0,0,9,0,0,0,0,0,0
480431,1,1,0,0,0,0,0,0,0,0,0,0
480431,2,1,0,0,0,0,0,0,0,0,0,0
480432,1,1,24,24,24,24,24,24,24,24,24,24
480432,2,1,0,0,0,10,0,0,0,0,0,0
480433,1,1,0,0,6,0,0,0,0,0,0,0
480433,2,1,0,0,0,0,0,0,0,0,0,0
480433,3,1,0,0,0,0,0,1,0,0,0,0
480434,1,1,0,0,0,0,0,14,0,0,0,0
480434,2,1,0,0,0,0,0,0,0,0,0,0
480435,0,1,0,26,14,0,22,24,0,43,15,0
480435,1,1,0,0,0,0,0,0,0,0,0,6
480435,2,1,7,16,0,0,0,0,0,0,0,0
480436,1,1,22,22,22,22,22,22,22,22,22,22
480436,2,1,0,0,0,2,0,0,0,0,9,0
480437,1,1,29,29,29,29,29,29,29,29,29,29
480437,2,1,0,0,0,0,0,7,0,14,0,0
480438,1,1,0,0,0,0,0,0,0,0,0,0
480438,2,1,0,0,0,0,0,0,18,0,0,0
480439,1,1,0,0,0,0,0,9,0,16,26,0
480439,2,1,0,0,0,0,0,0,0,0,0,0
480440,1,1,19,0,0,6,0,0,0,0,0,0
480440,2,1,0,0,0,0,0,0,0,18,0,20
480441,1,1,0,0,0,0,0,0,0,0,10,0
480441,2,1,0,0,0,0,0,0,0,0,0,0
480442,1,1,0,0,0,0,0,0,0,0,0,0
480442,2,1,1,1,1,1,1,1,1,1,1,1
480443,1,1,3,3,3,3,3,3,3,3,3,3
480443,2,1,0,0,0,0,0,0,0,0,0,0
480443,3,1,0,38,0,0,0,0,13,0,22,0
480444,1,1,14,14,14,14,14,14,14,14,14,14
480444,2,1,0,0,0,0,0,0,17,20,35,0
480445,0,1,10,10,10,10,10,10,10,10,10,10
480445,1,1,0,0,0,0,0,0,22,0,0,0
480446,1,1,0,0,0,0,0,0,0,0,0,0
480446,2,1,1,1,1,1,1,1,1,1,1,1
480447,0,1,24,0,8,0,0,0,0,0,0,0
480447,1,1,0,0,0,0,6,0,0,4,0,0
480448,1,1,0,0,0,0,0,0,0,0,0,0
480448,2,1,0,0,0,0,0,0,0,0,0,0
480449,0,1,0,0,0,7,0,31,5,0,0,0
480449,1,1,0,0,46,0,8,0,0,0,31,21
480449,3,1,8,0,0,0,0,0,0,24,0,0
480450,1,1,0,0,0,0,0,0,0,0,0,0
480450,2,1,0,0,0,0,0,0,0,0,0,0
480451,1,1,0,0,0,0,0,0,0,0,0,0
480451,2,1,0,0,0,0,0,0,0,0,0,0
480451,3,1,0,0,0,0,0,0,0,5,0,0
480452,1,1,21,0,10,11,0,0,0,14,0,16
480452,2,1,0,0,0,0,0,0,0,0,0,0
480453,1,1,27,19,35,0,0,0,15,22,0,17
480454,1,1,0,0,0,0,0,0,0,0,0,0
480454,2,1,0,2,0,0,0,0,0,0,0,0
480455,1,1,0,0,0,0,0,0,0,0,0,0
480455,2,1,10,0,0,0,0,0,0,0,0,0
480456,1,1,0,0,0,0,0,0,0,0,0,0
480456,3,1,0,0,0,5,0,0,21,0,0,0
480457,1,1,0,0,2,0,0,0,0,0,0,0
480458,1,1,0,0,0,2,0,7,0,0,0,0
480459,1,1,0,0,0,0,0,0,0,0,0,0
480460,1,1,0,0,0,0,0,0,0,0,0,0
480461,1,1,6,6,6,6,6,6,6,6,6,6
480461,2,1,0,0,11,0,0,10,0,0,0,0
480462,1,1,0,0,0,0,0,0,0,0,0,0
480462,2,1,0,30,0,0,0,0,0,0,0,0
480463,1,1,0,21,0,0,0,0,25,0,0,0
480463,2,1,0,0,0,0,0,0,0,0,0,0
480464,1,1,0,15,0,0,0,0,0,0,0,13
480465,1,1,35,0,29,25,15,11,0,18,0,0
480465,2,1,0,0,0,0,0,0,0,0,0,3
480465,3,1,0,0,10,0,0,0,0,0,0,0
480466,0,1,0,0,21,28,34,0,0,0,0,0
480466,1,1,0,0,0,0,0,0,0,0,0,0
480467,1,1,0,0,0,0,0,0,0,0,0,12
480467,2,1,0,20,0,0,0,0,0,0,25,0
480468,0,1,26,26,26,26,26,26,26,26,26,26
480468,1,1,0,15,0,0,0,0,0,6,0,0
480469,1,1,0,0,0,0,0,11,0,0,0,0
480469,2,1,0,0,0,0,0,0,0,0,0,0
480470,1,1,0,0,0,0,0,0,0,0,0,0
480470,2,1,0,0,0,0,16,15,0,0,0,0
480470,3,1,10,0,0,0,0,0,0,0,0,0
480471,1,1,0,0,0,0,0,0,0,0,0,0
480471,2,1,0,0,0,0,0,0,0,0,0,0
480472,1,1,0,0,0,9,0,12,0,0,0,0
480473,1,1,0,0,0,0,0,0,0,0,0,0
480473,2,1,0,0,0,0,0,0,0,0,0,0
480474,0,1,15,12,31,32,44,39,43,24,18,22
480474,1,1,0,0,28,0,0,0,0,16,0,8
480474,2,1,0,0,0,18,18,0,0,0,0,26
480475,1,1,9,11,34,0,0,0,0,0,0,15
480476,1,1,0,0,0,0,11,0,12,0,0,18
480476,2,1,0,0,0,0,0,0,13,0,0,21
480477,1,1,0,0,0,0,0,0,0,0,0,0
480477,2,1,0,0,0,0,0,0,0,0,0,0
480478,1,1,0,0,0,0,0,0,0,0,0,0
480480,1,1,13,15,7,0,8,0,0,0,0,5
480481,0,1,0,0,0,0,0,0,0,0,0,0
480481,1,1,9,9,9,9,9,9,9,9,9,9
480482,1,1,0,0,0,0,0,17,0,0,0,0
480483,0,1,0,0,0,0,0,0,0,0,0,0
480483,0,2,0,0,0,0,0,0,0,0,0,0
480483,0,3,18,0,12,0,0,0,0,0,20,7
480483,1,1,24,24,24,24,24,24,24,24,24,24
480484,1,1,9,22,19,24,12,25,12,21,0,11
480485,0,1,25,25,25,25,25,25,25,25,25,25
480485,0,2,0,0,0,0,0,0,0,0,0,0
480485,1,1,18,0,0,20,0,0,0,27,32,0
480486,1,1,0,26,0,0,0,0,0,0,0,0
480486,2,1,26,26,26,26,26,26,26,26,26,26
480487,1,1,24,24,24,24,24,24,24,24,24,24
480488,0,1,13,13,13,13,13,13,13,13,13,13
480488,1,1,11,0,0,0,0,0,22,0,0,0
480489,1,1,0,0,0,0,0,0,0,0,0,0
480490,1,1,29,29,29,29,29,29,29,29,29,29
480491,1,1,22,21,35,9,11,20,29,27,30,35
480492,1,1,0,15,0,0,0,0,15,0,0,0
480492,2,1,0,14,11,0,10,25,0,0,0,0
480493,1,1,0,12,0,0,0,0,0,0,0,0
480493,2,1,0,0,0,0,0,0,0,0,0,0
480494,1,1,0,0,0,0,0,0,0,0,0,0
480495,1,1,9,9,9,9,9,9,9,9,9,9
480495,2,1,19,19,19,19,19,19,19,19,19,19
480496,2,1,23,23,23,23,23,23,23,23,23,23
480497,1,1,0,8,0,0,0,0,0,0,0,0
480497,2,1,0,0,0,0,18,0,0,0,0,0
480498,1,1,19,19,19,19,19,19,19,19,19,19
480499,0,1,5,5,5,5,5,5,5,5,5,5
480499,1,1,0,0,0,17,0,3,9,0,0,18
480500,1,1,0,0,0,0,0,0,0,0,0,0
480501,1,1,0,0,0,0,0,0,0,0,0,30
480501,2,1,0,0,0,0,0,0,0,0,0,0
480502,1,1,0,0,0,0,0,0,0,0,0,0
480502,2,1,0,0,0,0,0,0,0,0,0,0
480503,1,1,0,16,0,22,0,20,0,0,17,0
480504,1,1,0,0,0,0,0,0,0,0,0,0
480505,1,1,20,20,20,20,20,20,20,20,20,20
480505,2,1,0,0,0,12,0,0,0,0,0,0
480506,1,1,27,27,27,27,27,27,27,27,27,27
480507,0,1,24,24,24,24,24,24,24,24,24,24
480507,1,1,0,0,0,0,0,0,0,0,0,0
480507,2,1,0,0,0,0,0,0,24,30,0,0
480508,1,1,35,35,35,35,35,35,35,35,35,35
480509,1,1,0,0,0,0,0,0,0,0,0,0
480510,0,1,0,0,0,0,0,0,0,0,0,0
480510,1,1,0,0,0,0,0,0,0,0,0,0
480510,2,1,0,0,30,0,11,0,0,0,0,0
480511,1,1,0,0,15,14,11,31,0,20,0,21
480511,2,1,0,9,0,0,0,0,0,0,0,0
480511,3,1,0,0,0,0,0,0,2,0,0,0
480512,1,1,0,0,0,0,0,0,0,0,0,0
480513,1,1,0,0,8,0,0,0,0,0,0,0
480513,2,1,16,0,0,0,0,0,0,0,0,0
480514,1,1,10,10,10,10,10,10,10,10,10,10
480515,1,1,0,0,0,0,12,0,16,0,23,0
480515,2,1,0,0,0,0,0,0,0,0,0,0
480516,0,1,0,0,0,0,0,0,0,0,0,0
480516,0,2,0,0,0,0,0,0,0,0,0,0
480516,1,1,0,0,0,0,0,0,0,0,0,0
480517,1,1,17,17,17,17,17,17,17,17,17,17
480518,1,1,0,0,0,0,0,0,0,0,6,0
480518,2,1,0,0,0,0,0,0,0,0,0,0
480519,1,1,0,0,0,0,0,0,0,0,0,0