ST_CASE,VEH_NO,PER_NO,P1,P2,P3,P4,P5,P6,P7,P8,P9,P10
481141,1,1,1,1,1,1,1,1,1,1,1,1
481142,1,1,0,0,13,0,0,0,24,0,0,0
481143,1,1,0,0,0,0,0,0,0,0,0,0
481143,2,1,0,0,0,0,0,0,0,0,0,0
481144,1,1,0,0,0,0,0,0,0,0,0,0
481144,2,1,0,0,0,0,0,0,0,0,0,0
481145,1,1,0,0,0,0,0,0,0,0,0,0
481146,1,1,7,7,7,7,7,7,7,7,7,7
481146,2,1,0,0,0,5,18,0,0,0,0,12
481147,1,1,0,15,10,0,0,15,7,9,6,0
481147,2,1,0,0,0,0,3,0,0,13,0,10
481148,1,1,0,23,0,4,19,12,11,10,11,12
481148,2,1,21,0,0,16,27,0,7,0,15,0
481149,0,1,0,0,0,0,0,0,0,0,0,0
481150,1,1,0,0,0,0,0,0,0,0,0,0
481151,1,1,0,15,0,10,0,0,0,13,0,26
481152,1,1,0,7,0,14,6,0,11,37,15,11
481153,1,1,0,0,0,0,0,0,0,0,0,0
481153,2,1,0,0,0,0,0,0,0,0,0,0
481154,1,1,0,0,0,0,0,0,0,0,0,0
481154,2,1,0,0,0,0,6,0,0,0,0,0
481155,1,1,21,21,21,21,21,21,21,21,21,21
481156,1,1,3,3,3,3,3,3,3,3,3,3
481157,1,1,25,25,25,25,25,25,25,25,25,25
481157,2,1,25,0,0,0,13,0,0,0,0,0
481157,3,1,0,0,0,0,0,0,14,0,0,0
481157,4,1,0,0,10,0,0,0,7,0,0,0
481158,1,1,0,0,12,0,0,0,0,0,0,0
481158,2,1,0,0,13,0,0,0,0,0,0,0
481159,1,1,2,2,2,2,2,2,2,2,2,2
481159,2,1,0,0,0,0,16,16,0,0,0,0
481160,1,1,0,0,0,0,10,0,0,0,0,0
481160,2,1,0,0,30,0,0,0,0,0,0,0
481161,1,1,0,0,0,0,0,0,0,0,0,0
481162,1,1,0,0,0,0,0,0,0,0,0,14
481162,2,1,0,14,0,0,10,0,6,0,0,0
481163,1,1,0,0,0,20,17,0,0,0,14,0
481164,1,1,0,0,0,0,37,0,15,0,12,18
481164,2,1,0,0,27,0,0,0,0,0,19,0
481165,1,1,0,0,0,0,0,0,0,0,0,0
481166,1,1,0,0,0,0,0,0,0,0,0,0
481167,0,1,0,0,0,0,0,0,0,0,0,0
481167,0,2,0,0,0,0,0,0,0,0,0,0
481167,1,1,0,0,0,0,0,0,0,0,0,0
481168,1,1,14,14,14,14,14,14,14,14,14,14
481168,2,1,3,3,3,3,3,3,3,3,3,3
481169,1,1,0,0,0,11,0,0,43,0,0,14
481169,2,1,0,0,0,0,0,0,0,0,0,0
481170,1,1,0,0,0,0,0,0,0,0,0,0
481171,1,1,0,10,0,26,0,0,0,0,0,0
481172,1,1,0,4,0,0,0,0,0,0,0,0
481172,2,1,0,0,0,0,0,0,0,20,0,8
481173,0,1,0,0,0,0,0,0,0,0,0,0
481173,1,1,0,0,0,0,0,0,0,0,0,0
481174,1,1,0,0,0,16,0,0,5,0,0,0
481175,1,1,15,20,15,28,22,9,24,24,13,0
481176,1,1,0,0,0,2,0,0,0,0,0,0
481176,2,1,0,0,0,0,0,0,0,2,0,15
481177,1,1,0,15,0,26,0,0,18,0,0,0
481177,2,1,14,14,14,14,14,14,14,14,14,14
481178,1,1,0,0,0,0,0,0,0,0,0,17
481179,1,1,0,0,0,0,0,0,0,0,0,0
481179,2,1,0,0,0,0,0,0,0,0,0,0
481180,1,1,0,0,0,0,0,0,0,0,0,0
481181,1,1,0,0,0,0,0,0,0,0,0,0
481181,2,1,0,0,0,3,0,0,0,0,0,0
481182,1,1,0,0,0,0,0,0,0,0,0,0
481183,1,1,0,0,0,7,0,0,0,0,0,0
481183,2,1,0,0,0,0,0,0,0,0,0,0
481184,1,1,0,0,0,0,0,0,0,0,0,0
481184,2,1,0,0,0,0,0,0,0,0,0,0
481185,1,1,4,4,4,4,4,4,4,4,4,4
481185,2,1,0,0,0,0,0,0,0,0,0,0
481186,1,1,0,0,0,0,0,0,0,0,0,0
481186,2,1,0,0,0,0,0,0,0,0,0,0
481187,0,1,0,0,0,0,0,0,0,0,0,0
481187,1,1,0,0,0,0,0,0,0,0,0,0
481188,1,1,0,0,0,0,0,23,38,0,29,0
481189,1,1,17,17,17,17,17,17,17,17,17,17
481190,0,1,0,0,0,0,0,0,0,0,0,0
481190,1,1,0,0,0,0,0,0,0,0,0,0
481191,1,1,0,0,0,0,0,0,0,0,0,0
481192,1,1,20,20,20,20,20,20,20,20,20,20
481193,1,1,0,0,0,0,0,0,0,0,0,8
481194,1,1,0,0,0,0,0,17,0,24,18,17
481195,1,1,0,0,0,0,0,0,0,0,0,0
481196,1,1,0,0,0,0,0,0,0,0,22,0
481196,2,1,6,28,0,0,8,0,0,0,0,0
481197,1,1,0,0,0,0,0,0,0,0,0,0
481197,2,1,0,0,0,0,0,0,0,0,0,0
481198,1,1,0,34,18,26,0,18,17,12,25,22
481199,1,1,30,30,30,30,30,30,30,30,30,30
481200,1,1,8,8,8,8,8,8,8,8,8,8
481200,2,1,0,0,0,0,0,0,0,0,0,0
481201,1,1,0,0,0,0,0,0,0,0,0,0
481201,2,1,0,0,0,0,0,0,0,0,29,0
481202,1,1,2,2,2,2,2,2,2,2,2,2
481203,1,1,0,0,0,0,0,0,0,0,0,0
481203,2,1,0,0,0,0,0,0,0,0,0,0
481204,1,1,0,0,0,0,0,0,0,0,0,0
481205,1,1,0,0,0,0,0,0,0,0,0,0
481206,0,1,24,24,24,24,24,24,24,24,24,24
481206,1,1,0,0,0,0,0,0,0,0,0,0
481207,1,1,29,29,29,29,29,29,29,29,29,29
481207,2,1,8,0,0,0,25,0,0,0,0,0
481208,1,1,19,19,19,19,19,19,19,19,19,19
481209,1,1,20,20,20,20,20,20,20,20,20,20
481210,1,1,17,17,17,17,17,17,17,17,17,17
481211,1,1,8,0,0,0,16,0,0,9,0,21
481212,0,1,0,0,24,14,0,0,25,19,0,0
481212,1,1,0,0,0,0,0,0,0,0,0,0
481213,1,1,0,0,0,0,0,0,0,0,0,0
481214,0,1,0,0,0,0,0,0,0,0,0,0
481214,1,1,0,0,0,0,0,0,0,0,0,0
481215,1,1,0,21,0,10,7,0,0,0,0,0
481215,2,1,19,19,19,19,19,19,19,19,19,19
481216,1,1,0,0,0,0,0,0,0,0,0,0
481216,2,1,0,0,0,0,0,0,0,0,0,0
481217,1,1,0,0,0,0,0,0,0,0,0,0
481217,2,1,17,0,0,0,0,0,19,0,22,0
481218,1,1,0,12,12,6,11,0,0,7,9,16
481219,0,1,0,0,0,0,0,0,0,0,0,0
481219,1,1,0,0,0,0,0,0,0,0,0,0
481220,1,1,0,0,0,0,0,0,0,0,0,0
481220,2,1,0,0,0,0,0,0,0,0,0,0
481221,1,1,0,0,0,0,0,0,0,0,0,0
481221,2,1,0,0,0,0,0,0,0,0,0,0
481221,3,1,0,20,0,0,0,21,0,5,10,0
481221,4,1,0,0,0,0,0,0,0,0,0,0
481222,1,1,0,0,0,0,0,0,0,0,0,0
481222,2,1,17,0,0,0,0,0,0,0,0,0
481222,3,1,0,0,0,0,0,0,0,0,0,0
481223,1,1,0,0,0,0,0,0,0,0,0,0
481224,1,1,0,0,0,0,0,0,0,0,0,0
481224,2,1,0,0,0,0,6,0,0,0,0,0
481225,1,1,26,26,26,26,26,26,26,26,26,26
481226,1,1,0,0,0,0,0,0,0,0,0,0
481227,0,1,0,26,30,22,0,25,0,25,0,0
481227,1,1,10,17,0,0,0,0,0,0,10,19
481229,1,1,13,15,34,14,0,20,27,26,4,0
481229,2,1,16,0,12,7,0,0,32,0,0,0
481229,3,1,0,0,10,0,0,0,0,0,0,15
481230,1,1,12,0,0,0,12,14,0,0,0,0
481230,2,1,0,0,0,0,0,0,0,0,0,0
481230,3,1,0,0,0,0,0,0,0,0,0,0
481230,4,1,0,0,0,0,0,0,0,0,0,0
481231,1,1,0,0,0,0,0,0,0,30,0,0
481231,2,1,0,0,0,0,0,0,0,0,0,0
481232,1,1,0,0,0,0,0,0,0,0,0,0
481233,1,1,0,0,0,0,0,0,0,0,0,0
481233,2,1,0,0,0,0,0,0,0,22,0,0
481233,3,1,0,0,0,0,0,0,0,0,0,0
481234,0,1,0,0,0,0,0,0,0,0,0,0
481234,1,1,0,0,0,0,0,0,0,0,0,0
481235,1,1,0,0,0,0,0,0,0,0,0,0
481236,1,1,10,5,11,0,0,12,23,13,23,0
481237,1,1,0,0,0,0,0,0,0,0,0,0
481237,2,1,0,0,0,0,0,0,0,0,0,0
481238,1,1,20,0,0,0,0,0,0,0,0,0
481238,2,1,0,0,0,0,0,0,0,0,10,0
481239,1,1,19,19,19,19,19,19,19,19,19,19
481239,2,1,0,0,16,13,0,0,18,0,19,19
481240,1,1,0,0,8,0,0,0,0,0,0,0
481240,2,1,0,0,0,0,0,0,0,0,0,0
481240,3,1,0,0,0,0,0,9,0,0,0,0
481241,0,1,16,10,0,20,17,9,21,16,14,15
481241,1,1,24,21,0,0,0,0,22,0,0,0
481242,0,1,7,7,13,8,30,14,12,0,17,0
481242,1,1,6,22,22,18,14,10,18,15,20,12
481243,1,1,0,0,0,0,0,0,0,0,0,0
481243,2,1,0,0,0,0,6,13,13,12,0,0
481244,1,1,14,14,14,14,14,14,14,14,14,14
481245,1,1,20,20,20,20,20,20,20,20,20,20
481245,2,1,0,0,4,0,0,0,0,0,0,7
481246,1,1,24,24,24,24,24,24,24,24,24,24
481246,2,1,0,0,0,0,0,0,0,0,0,0
481247,1,1,14,14,14,14,14,14,14,14,14,14
481247,2,1,0,0,0,0,0,17,0,0,0,0
481248,1,1,18,18,18,18,18,18,18,18,18,18
481248,2,1,0,0,0,0,0,0,0,0,0,0
481248,3,1,0,0,0,0,0,0,0,0,18,14
481248,4,1,0,0,0,0,0,0,0,0,0,0
481249,1,1,0,0,0,0,0,0,0,0,0,0
481250,1,1,12,12,12,12,12,12,12,12,12,12
481251,1,1,0,0,0,0,0,0,0,0,0,0
481251,2,1,0,0,0,0,14,0,0,0,0,0
481251,3,1,0,0,0,0,0,0,0,0,0,0
481252,1,1,0,0,0,0,0,0,0,0,0,0
481252,2,1,0,0,0,30,0,0,0,0,0,12
481253,1,1,0,0,0,9,0,0,0,0,0,0
481254,1,1,32,32,32,32,32,32,32,32,32,32
481255,1,1,8,8,8,8,8,8,8,8,8,8
481256,0,1,0,0,0,0,0,0,0,0,0,0
481256,1,1,0,0,0,0,0,0,0,0,0,0
481257,0,1,28,0,11,0,0,20,23,0,0,0
481257,1,1,0,0,0,0,0,0,0,0,0,0
481258,1,1,0,0,0,0,0,0,0,0,0,0
481258,2,1,0,0,0,0,0,0,0,0,0,0
481258,3,1,0,0,0,0,0,0,0,0,0,0
481259,1,1,0,0,0,0,0,0,0,0,0,0
481259,2,1,0,17,0,0,0,0,0,0,0,0
481260,1,1,14,0,0,0,38,0,0,0,0,0
481261,1,1,20,20,20,20,20,20,20,20,20,20
481261,2,1,0,11,0,0,0,0,0,0,0,0
481262,1,1,0,0,0,0,0,0,0,0,0,0
481263,1,1,0,23,32,23,0,21,25,0,9,15
481264,0,1,21,21,21,21,21,21,21,21,21,21
481264,1,1,0,0,0,0,0,0,34,0,0,0
481265,1,1,0,0,0,0,0,0,0,0,0,0
481265,2,1,0,0,0,0,0,0,0,0,21,0
481265,3,1,0,0,0,6,0,14,0,0,0,0
481266,1,1,31,31,31,31,31,31,31,31,31,31
481266,2,1,0,0,0,0,0,0,0,0,0,0
481267,1,1,0,0,0,0,0,13,23,0,0,0
481268,0,1,42,0,0,0,22,0,15,0,0,0
481268,1,1,0,11,0,0,0,0,0,0,0,0
481269,1,1,0,0,0,0,0,0,0,0,0,0
481270,1,1,0,5,0,8,0,0,0,0,0,10
481271,1,1,0,0,0,0,0,0,0,0,0,0
481271,2,1,0,0,0,0,0,0,0,0,0,0
481272,1,1,24,5,8,4,0,7,8,0,30,6
481272,2,1,8,8,8,8,8,8,8,8,8,8
481273,1,1,0,0,13,7,0,0,0,0,0,0
481273,2,1,0,0,0,0,0,0,0,0,0,23
481274,1,1,5,16,0,0,22,12,6,14,0,14
481275,0,1,27,0,0,29,0,0,0,0,0,0
481275,1,1,0,7,3,19,15,0,9,0,0,0
481276,1,1,0,0,0,0,0,0,0,0,0,0
481276,2,1,0,0,0,0,0,0,0,0,0,0
481277,1,1,12,12,12,12,12,12,12,12,12,12
481278,1,1,0,0,0,0,0,0,0,0,0,0
481278,2,1,0,0,0,0,0,0,0,0,0,0
481279,1,1,0,0,0,0,0,0,0,0,0,0
481280,0,1,17,0,27,0,27,0,11,0,27,0
481280,1,1,0,18,0,10,0,0,20,19,0,14
481281,1,1,0,0,0,0,0,0,0,0,0,0
481281,2,1,0,0,0,0,0,0,0,0,0,0
481282,1,1,0,0,28,0,0,0,0,6,0,0
481283,1,1,12,0,0,0,18,0,0,0,10,0
481283,2,1,0,0,0,0,0,0,0,0,0,0
481284,0,1,22,22,22,22,22,22,22,22,22,22
481284,1,1,0,0,0,0,0,0,0,0,0,0
481285,1,1,21,0,0,0,0,0,0,0,0,0
481285,2,1,0,1,0,0,23,0,21,30,9,0
481286,1,1,32,32,32,32,32,32,32,32,32,32
481287,1,1,18,18,18,18,18,18,18,18,18,18
481288,1,1,0,0,0,0,0,0,0,0,0,0
481288,2,1,0,0,0,0,0,0,0,0,0,0
481289,1,1,0,0,0,0,0,0,0,0,0,0
481289,2,1,0,0,0,0,0,0,0,0,0,0
481290,1,1,0,0,0,0,0,0,0,5,33,0
481290,2,1,0,10,0,0,0,12,15,0,29,0
481291,0,1,44,44,44,44,44,44,44,44,44,44
481291,1,1,0,0,0,0,0,0,0,0,0,0
481293,1,1,0,0,0,0,0,0,0,0,0,0
481293,2,1,18,0,0,0,0,0,0,0,0,18
481294,0,1,0,0,0,15,8,0,0,7,0,10
481294,1,1,0,0,0,0,0,0,12,0,0,0
481294,2,1,0,11,0,29,0,0,0,0,0,0
481295,1,1,0,0,0,0,0,0,0,9,7,0
481296,0,1,21,21,21,21,21,21,21,21,21,21
481296,1,1,0,0,0,0,0,0,19,0,0,0
481297,1,1,24,0,18,20,0,8,11,25,0,0
481298,0,1,0,0,0,0,0,0,0,38,0,0
481298,0,2,9,12,25,15,23,0,27,0,0,0
481298,1,1,0,0,0,6,0,0,0,0,14,14
481299,1,1,0,0,0,0,0,10,0,0,0,0
481299,2,1,0,0,0,0,0,0,0,0,0,0
481300,1,1,0,0,0,0,0,0,0,0,0,0
481301,1,1,0,0,0,0,0,0,0,0,0,0
481301,2,1,0,0,0,0,0,0,0,0,0,0
481302,0,1,0,0,0,0,0,0,0,0,0,0
481302,1,1,0,0,0,0,0,0,0,11,0,0
481303,1,1,0,0,0,0,0,0,0,0,0,0
481304,1,1,0,0,0,0,0,0,0,0,0,0
481305,1,1,25,25,25,25,25,25,25,25,25,25
481306,1,1,0,0,0,0,0,0,0,0,0,0
481306,2,1,13,0,0,30,0,0,0,0,0,17
481306,3,1,0,0,0,0,0,0,0,0,0,0
481306,4,1,0,0,0,0,0,0,14,0,0,0
481307,1,1,20,20,20,20,20,20,20,20,20,20
481308,1,1,0,0,0,0,0,0,0,0,0,0
481309,1,1,17,17,17,17,17,17,17,17,17,17
481310,1,1,17,16,28,23,7,23,12,15,12,23
481310,2,1,0,0,0,3,7,0,0,0,7,0
481311,1,1,30,0,0,0,0,0,0,0,0,0
481311,2,1,0,0,0,0,0,0,0,0,0,0
481311,3,1,0,0,0,0,0,0,0,0,0,0
481312,0,1,0,0,0,0,0,0,0,0,0,0
481312,1,1,0,0,0,0,0,0,0,0,0,0
481313,1,1,21,18,0,0,0,0,0,40,0,0
481314,1,1,26,26,26,26,26,26,26,26,26,26
481315,1,1,18,18,18,18,18,18,18,18,18,18
481316,1,1,0,0,0,0,0,0,0,0,0,0
481316,2,1,0,0,0,0,0,0,27,0,0,0
481317,1,1,25,25,25,25,25,25,25,25,25,25
481318,0,1,24,24,24,24,24,24,24,24,24,24
481318,1,1,4,8,0,19,0,9,18,0,21,0
481319,1,1,0,0,0,0,0,0,0,0,0,0
481319,2,1,0,0,0,0,0,0,0,0,0,15
481320,1,1,11,11,11,11,11,11,11,11,11,11
481320,2,1,12,12,12,12,12,12,12,12,12,12
481321,1,1,5,23,0,0,0,34,28,6,11,14
481323,1,1,11,11,11,11,11,11,11,11,11,11
481323,2,1,0,0,0,0,0,0,0,0,0,0
481324,1,1,0,0,0,0,0,0,0,0,0,0
481324,2,1,20,20,20,20,20,20,20,20,20,20
481325,1,1,15,15,15,15,15,15,15,15,15,15
481325,2,1,0,0,0,0,0,0,0,0,0,0
481326,1,1,0,0,0,0,0,0,0,0,6,0
481327,1,1,7,7,7,7,7,7,7,7,7,7
481327,2,1,10,0,0,0,0,0,0,0,0,0
481328,1,1,0,0,0,0,0,0,0,0,0,0
481328,2,1,22,0,0,17,0,0,15,21,0,0
481329,1,1,7,7,7,7,7,7,7,7,7,7
481330,0,1,0,0,0,8,0,8,0,0,4,0
481330,1,1,22,0,32,24,0,8,0,0,0,0
481331,0,1,15,15,15,15,15,15,15,15,15,15
481331,1,1,23,0,0,0,0,0,0,10,0,0
481332,1,1,0,0,0,0,0,0,0,0,0,0
481333,1,1,0,0,0,0,0,0,0,16,0,17
481333,2,1,0,0,0,0,0,0,0,0,0,0
481333,3,1,0,0,0,0,0,0,0,6,0,0
481334,1,1,0,0,0,0,0,0,0,0,0,0
481334,2,1,0,0,0,9,0,0,0,0,0,0
481334,3,1,0,17,0,0,0,0,39,0,28,0
481335,1,1,0,0,0,0,0,0,0,0,0,10
481335,2,1,0,0,0,0,0,8,0,0,12,4
481336,1,1,0,0,0,0,0,0,0,0,0,0
481336,2,1,0,0,0,0,0,0,0,0,25,0
481336,3,1,0,0,0,24,0,0,0,0,0,0
481337,1,1,0,0,0,0,0,0,0,0,0,0
481337,2,1,0,0,0,0,0,0,0,0,0,0
481337,3,1,0,0,0,0,0,0,0,7,0,0
481338,1,1,14,14,14,14,14,14,14,14,14,14
481339,1,1,0,0,0,0,0,0,0,0,0,0
481340,1,1,22,22,22,22,22,22,22,22,22,22
481341,1,1,27,0,0,19,0,0,0,0,17,0
481341,2,1,0,0,0,14,0,23,0,0,0,9
481342,1,1,0,0,0,0,0,0,0,0,0,0
481342,2,1,0,0,0,0,0,0,4,19,0,0
481342,3,1,0,0,0,0,0,0,0,0,0,0
481343,1,1,0,0,0,17,0,25,8,16,19,17
481344,1,1,0,0,0,0,0,0,0,0,0,0
481345,1,1,18,18,18,18,18,18,18,18,18,18
481346,1,1,0,0,0,0,0,0,0,0,0,0
481346,2,1,0,0,0,0,0,0,0,0,0,0
481346,3,1,0,0,0,0,0,0,0,0,11,14
481347,1,1,0,0,0,0,0,15,0,0,0,0
481347,2,1,0,0,0,0,0,0,0,0,0,0
481348,1,1,0,0,26,0,0,8,0,14,0,0
481349,1,1,28,28,28,28,28,28,28,28,28,28
481349,2,1,0,8,0,0,0,20,0,0,6,16
481350,1,1,25,25,25,25,25,25,25,25,25,25
481350,2,1,0,0,0,0,0,0,3,0,0,0
481351,1,1,0,0,0,0,0,0,0,0,0,0
481351,2,1,0,0,0,0,0,0,0,0,0,0
481352,1,1,14,14,14,14,14,14,14,14,14,14
481353,1,1,0,0,0,0,25,8,0,0,20,29
481354,1,1,7,7,7,7,7,7,7,7,7,7
481354,2,1,25,0,20,0,0,0,19,9,0,0
481355,1,1,6,0,0,0,5,0,11,0,0,0
481356,1,1,38,0,0,0,26,0,0,0,0,0
481357,1,1,0,0,0,0,0,15,0,0,0,19
481357,2,1,0,0,0,12,0,0,0,7,0,0
481358,1,1,21,21,21,21,21,21,21,21,21,21
481359,1,1,24,24,24,24,24,24,24,24,24,24
481360,0,1,0,0,0,0,0,0,0,0,0,0
481360,1,1,6,6,6,6,6,6,6,6,6,6
481361,1,1,0,0,0,0,0,0,0,0,0,0
481361,2,1,0,0,0,0,0,0,0,0,0,0
481362,1,1,0,13,0,0,27,0,0,23,0,0
481363,1,1,0,0,0,0,0,18,0,0,0,0
481364,1,1,17,17,17,17,17,17,17,17,17,17
481365,0,1,0,0,0,0,0,0,0,0,0,0
481365,1,1,0,0,14,0,0,0,0,0,0,0
481366,1,1,0,0,8,0,0,0,0,0,0,0
481367,1,1,0,0,0,0,0,0,0,0,0,0
481367,2,1,26,26,26,26,26,26,26,26,26,26
481368,1,1,0,0,0,0,0,0,0,0,0,0
481369,1,1,0,0,0,0,12,0,0,0,24,0
481369,2,1,0,0,0,0,15,0,0,0,0,0
481370,1,1,0,0,0,0,0,0,0,0,0,0
481370,2,1,16,16,16,16,16,16,16,16,16,16
481371,1,1,19,19,19,19,19,19,19,19,19,19
481372,1,1,18,18,18,18,18,18,18,18,18,18
481373,1,1,0,7,0,0,0,0,0,0,0,0
481373,2,1,17,5,0,0,0,0,0,0,0,0
481374,1,1,0,0,0,0,0,0,0,0,0,0
481374,2,1,0,0,0,0,0,0,0,0,0,0
481376,1,1,0,0,17,0,0,0,25,16,0,13
481376,2,1,0,0,0,0,0,0,0,0,0,0
481377,1,1,20,20,20,20,20,20,20,20,20,20
481378,1,1,0,0,8,15,0,24,9,0,15,21
481379,1,1,15,15,15,15,15,15,15,15,15,15
481380,1,1,0,0,0,0,0,0,0,0,0,0
481381,1,1,0,0,0,0,0,0,0,0,0,0
481381,2,1,0,0,0,0,0,0,0,0,0,0
481382,1,1,0,0,0,0,0,0,0,0,0,0
481383,1,1,0,0,0,4,0,0,0,0,0,9
481383,2,1,16,26,17,28,8,0,36,0,0,0
481384,1,1,0,0,0,0,0,0,0,0,0,0
481384,2,1,0,0,0,0,0,0,0,20,0,0
481385,1,1,0,0,0,0,0,0,0,0,0,0
481385,2,1,0,4,0,0,11,0,0,0,0,0
481386,1,1,0,0,0,0,0,0,0,0,0,0
481386,2,1,0,0,0,0,0,0,0,0,0,0
481387,1,1,0,0,0,0,0,0,0,0,0,0
481387,2,1,0,0,0,0,0,0,0,0,0,0
481388,1,1,30,30,30,30,30,30,30,30,30,30
481388,2,1,0,0,14,0,0,0,0,0,0,43
481389,1,1,13,0,0,0,0,0,0,0,0,21
481389,2,1,0,0,0,0,0,0,0,0,0,0
481390,1,1,12,8,0,0,0,0,0,26,0,0
481390,2,1,0,28,0,0,0,0,0,21,0,0
481391,0,1,20,0,0,0,0,0,0,35,0,0
481391,1,1,0,17,0,0,0,0,0,0,0,0
481392,1,1,0,0,0,0,0,0,0,8,13,11
481392,2,1,0,0,0,21,0,0,0,0,0,0
481393,1,1,0,0,0,0,0,0,0,0,0,0
481393,2,1,0,0,0,0,0,0,0,0,0,0
481394,1,1,16,17,7,0,0,0,0,0,0,14
481394,2,1,0,0,0,0,0,0,0,0,0,0
481395,1,1,0,0,0,13,0,0,0,16,0,0
481397,1,1,13,13,13,13,13,13,13,13,13,13
481398,1,1,0,0,0,0,0,0,0,0,0,0
481398,2,1,12,0,0,0,0,0,0,0,0,0
481399,1,1,0,0,0,0,0,0,0,0,0,0
481400,1,1,23,23,23,23,23,23,23,23,23,23
481401,1,1,0,0,0,0,0,3,0,0,0,0
481402,1,1,14,14,14,14,14,14,14,14,14,14
481403,1,1,0,0,0,0,23,12,0,24,12,0
481404,1,1,0,0,0,0,0,0,0,0,0,0
481404,2,1,0,0,0,17,0,0,0,0,0,0
481405,1,1,0,0,0,0,0,0,0,0,0,0
481405,2,1,0,0,0,0,0,0,0,0,0,0
481406,1,1,18,16,9,36,12,17,9,28,10,9
481407,1,1,2,2,2,2,2,2,2,2,2,2
481407,2,1,0,0,0,0,0,0,0,0,0,0
481408,1,1,0,0,0,0,0,0,0,0,0,0
481409,1,1,8,17,19,0,0,0,0,0,0,29
481409,2,1,0,0,0,0,0,0,0,0,0,0
481410,1,1,20,20,20,20,20,20,20,20,20,20
481411,1,1,13,0,0,0,0,33,0,0,0,0
481411,2,1,0,0,0,0,0,0,27,0,0,0
481412,1,1,0,0,0,0,0,0,0,0,0,0
481413,0,1,17,17,17,17,17,17,17,17,17,17
481413,1,1,0,0,7,0,0,0,29,0,0,0
481414,1,1,0,0,0,0,0,0,0,0,0,0
481415,1,1,0,12,0,0,10,30,0,16,0,17
481415,2,1,0,0,17,16,15,0,8,0,11,6
481416,1,1,0,0,0,0,0,0,0,0,0,0
481417,1,1,0,0,0,9,21,0,0,21,22,11
481417,2,1,0,0,0,0,0,0,0,0,0,0
481418,1,1,0,0,0,0,13,0,0,0,0,0
481419,1,1,13,13,13,13,13,13,13,13,13,13
481420,1,1,0,0,0,0,0,0,0,0,0,0
481420,2,1,0,0,0,0,0,0,0,0,0,0
481420,3,1,0,0,0,0,0,0,0,0,0,0
481421,1,1,0,0,0,0,0,0,26,0,0,0
481422,0,1,0,0,0,0,0,0,0,0,0,0
481422,1,1,0,0,15,0,0,17,0,5,0,18
481423,0,1,13,13,13,13,13,13,13,13,13,13
481423,1,1,0,0,0,0,0,0,0,0,0,0
481424,1,1,6,6,6,6,6,6,6,6,6,6
481424,2,1,0,0,0,0,0,0,0,0,0,8
481425,1,1,0,0,0,0,0,0,0,11,0,0
481425,2,1,2,2,2,2,2,2,2,2,2,2
481426,1,1,0,0,0,0,0,0,0,0,0,0
481426,2,1,0,0,0,0,0,0,0,0,0,0
481427,1,1,0,0,0,0,0,0,0,0,0,0
481427,2,1,0,0,0,0,0,0,0,0,0,0
481428,1,1,0,0,0,0,0,0,0,0,0,0
481428,2,1,0,0,0,0,0,0,0,0,0,0
481429,0,1,0,0,0,20,0,0,20,0,0,0
481429,1,1,0,0,0,0,0,0,0,0,0,0
481430,0,1,7,7,7,7,7,7,7,7,7,7
481430,1,1,0,0,0,0,0,0,0,0,0,0
481431,1,1,0,0,0,0,0,0,0,0,0,0
481431,2,1,0,0,0,0,0,0,0,0,0,0
481432,1,1,21,21,21,21,21,21,21,21,21,21
481433,0,1,12,12,12,12,12,12,12,12,12,12
481433,1,1,0,0,0,0,0,0,0,0,0,0
481434,1,1,0,30,16,8,0,0,9,15,28,27
481435,1,1,16,16,16,16,16,16,16,16,16,16
481436,1,1,7,0,20,0,15,6,7,13,0,13
481437,0,1,0,0,0,0,0,0,0,0,0,0
481437,1,1,0,0,0,0,0,0,0,0,0,0
481438,1,1,12,12,12,12,12,12,12,12,12,12
481439,0,1,20,20,20,20,20,20,20,20,20,20
481439,1,1,0,0,0,0,0,0,0,0,0,0
481440,1,1,0,0,0,0,0,0,0,0,0,0
481440,2,1,9,0,0,0,19,0,0,29,0,0
481441,0,1,8,8,8,8,8,8,8,8,8,8
481441,1,1,0,0,0,0,0,0,0,0,0,25
481442,1,1,0,0,32,0,0,0,0,0,0,8
481443,1,1,8,14,20,0,27,28,0,0,0,27
481443,2,1,0,0,0,0,0,0,0,0,0,0
481444,1,1,14,23,0,0,18,34,16,0,13,12
481445,1,1,19,0,0,0,0,0,10,0,0,15
481445,2,1,0,0,0,0,0,0,0,0,0,0
481446,0,1,0,0,0,0,0,0,0,0,0,0
481446,1,1,0,0,0,0,0,0,0,0,0,0
481446,2,1,0,11,0,0,0,0,0,0,0,0
481447,1,1,0,0,0,0,0,0,0,0,0,0
481447,2,1,0,0,0,0,0,0,0,0,0,0
481448,1,1,28,0,8,0,0,0,6,0,9,0