ST_CASE,VEH_NO,PER_NO,P1,P2,P3,P4,P5,P6,P7,P8,P9,P10
481745,1,1,11,11,11,11,11,11,11,11,11,11
481745,2,1,8,0,0,0,0,2,0,0,21,12
481746,1,1,0,0,0,0,0,0,0,0,0,0
481746,2,1,0,0,0,0,0,0,0,0,0,0
481747,1,1,14,14,14,14,14,14,14,14,14,14
481748,1,1,0,0,0,0,0,0,0,0,0,0
481748,2,1,0,0,0,0,0,0,0,0,0,0
481749,1,1,18,18,18,18,18,18,18,18,18,18
481750,1,1,21,21,21,21,21,21,21,21,21,21
481751,1,1,0,0,0,0,0,0,0,0,0,0
481751,2,1,0,0,0,0,0,0,0,0,0,0
481752,1,1,0,0,0,0,0,0,0,0,0,0
481753,1,1,0,0,0,0,0,0,0,0,0,0
481753,2,1,19,0,8,0,0,0,0,0,0,0
481754,1,1,0,0,11,0,0,0,0,0,0,0
481754,2,1,0,38,0,0,0,37,25,0,12,0
481755,1,1,19,19,19,19,19,19,19,19,19,19
481756,1,1,6,0,0,0,36,0,0,0,0,12
481757,1,1,26,26,26,26,26,26,26,26,26,26
481758,0,1,0,0,0,0,0,0,0,12,0,0
481758,1,1,0,0,18,8,0,0,29,0,0,0
481758,2,1,0,0,0,0,0,0,0,0,11,12
481759,1,1,0,0,0,0,0,0,0,0,0,0
481759,2,1,0,0,0,0,0,0,0,0,0,0
481759,3,1,0,0,0,0,0,0,0,0,0,0
481760,1,1,19,19,19,19,19,19,19,19,19,19
481760,2,1,0,0,0,0,0,0,0,0,7,9
481761,1,1,0,0,0,0,0,0,9,17,0,25
481762,1,1,0,0,0,0,0,0,0,0,0,0
481762,2,1,8,0,0,0,0,0,0,0,0,0
481764,1,1,12,12,12,12,12,12,12,12,12,12
481764,2,1,0,0,0,0,0,0,0,0,0,0
481765,1,1,18,20,0,21,21,12,0,0,0,0
481765,2,1,0,0,0,0,0,0,0,0,0,0
481766,0,1,34,34,34,34,34,34,34,34,34,34
481766,1,1,0,0,0,0,0,0,0,15,0,0
481767,1,1,24,24,24,24,24,24,24,24,24,24
481767,2,1,0,0,0,0,0,0,0,0,0,0
481768,1,1,0,26,0,0,0,0,0,0,0,33
481768,2,1,0,0,0,0,0,0,0,0,0,0
481769,1,1,12,12,12,12,12,12,12,12,12,12
481770,1,1,0,10,12,0,12,13,0,8,0,13
481770,2,1,8,0,0,10,0,0,0,0,0,0
481771,1,1,21,21,21,21,21,21,21,21,21,21
481772,1,1,14,14,14,14,14,14,14,14,14,14
481772,2,1,23,23,23,23,23,23,23,23,23,23
481773,0,1,17,17,17,17,17,17,17,17,17,17
481773,0,2,24,15,0,5,8,43,21,25,0,40
481773,1,1,0,0,0,0,0,0,0,0,0,0
481774,1,1,0,0,0,0,0,0,0,0,0,0
481774,2,1,0,0,0,0,29,0,0,0,0,7
481775,1,1,0,0,0,0,0,0,0,0,0,0
481776,1,1,0,0,0,0,0,0,0,0,0,0
481776,2,1,0,0,0,0,0,0,0,0,0,0
481777,0,1,0,8,0,18,42,0,0,7,11,0
481777,1,1,3,3,3,3,3,3,3,3,3,3
481778,1,1,15,15,15,15,15,15,15,15,15,15
481779,1,1,6,6,6,6,6,6,6,6,6,6
481780,0,1,0,0,0,0,0,0,0,0,0,0
481780,1,1,22,0,23,0,0,0,0,0,0,0
481780,2,1,19,0,0,9,0,14,0,0,0,9
481781,1,1,0,0,0,0,0,0,0,17,0,0
481781,2,1,0,0,15,0,0,0,0,0,0,0
481782,1,1,0,6,0,0,0,0,13,21,0,0
481783,0,1,24,24,24,24,24,24,24,24,24,24
481783,1,1,21,0,11,0,0,0,0,3,0,0
481783,2,1,0,0,0,0,0,0,0,0,25,0
481783,3,1,0,16,19,0,0,0,19,0,0,16
481783,4,1,0,0,0,27,0,0,0,0,0,5
481784,1,1,0,0,0,0,0,0,0,10,0,0
481786,0,1,31,31,31,31,31,31,31,31,31,31
481786,1,1,0,0,0,0,0,0,0,0,0,0
481787,1,1,0,0,0,0,0,0,0,0,0,0
481787,2,1,0,0,0,0,0,0,0,0,11,0
481788,1,1,0,0,0,0,0,0,0,0,0,0
481789,0,1,0,0,0,0,0,0,0,0,0,0
481789,0,2,0,0,0,0,0,0,0,0,0,0
481789,1,1,0,3,0,0,0,0,0,6,0,0
481789,2,1,0,0,0,0,0,8,34,0,0,0
481790,1,1,0,15,0,37,0,0,9,16,0,0
481790,2,1,0,0,0,3,7,0,0,0,11,0
481791,1,1,28,4,21,34,27,25,0,10,35,0
481792,1,1,13,13,13,13,13,13,13,13,13,13
481793,1,1,0,0,0,28,9,0,0,0,0,28
481793,2,1,7,0,0,0,14,0,0,7,0,0
481794,1,1,17,17,17,17,17,17,17,17,17,17
481795,1,1,0,0,0,0,0,0,0,0,0,0
481797,1,1,0,0,0,0,36,0,25,0,0,0
481797,2,1,0,0,0,0,0,0,0,0,0,0
481798,1,1,0,0,0,0,0,0,0,0,0,0
481798,2,1,0,0,0,0,0,0,0,0,0,0
481799,1,1,20,20,20,20,20,20,20,20,20,20
481800,1,1,18,18,18,18,18,18,18,18,18,18
481800,2,1,20,0,16,6,33,0,5,15,0,0
481802,1,1,18,18,18,18,18,18,18,18,18,18
481803,1,1,33,0,8,0,24,17,0,11,0,23
481804,1,1,0,0,0,0,0,0,0,0,0,0
481804,2,1,0,0,0,0,0,0,0,0,0,0
481805,1,1,0,16,0,9,0,0,0,0,0,6
481805,2,1,0,0,0,0,0,0,0,0,0,0
481805,3,1,27,27,27,27,27,27,27,27,27,27
481806,1,1,0,0,0,0,32,0,0,0,0,0
481807,1,1,0,0,19,0,19,0,0,0,20,5
481807,2,1,0,0,4,30,13,6,6,0,0,0
481808,1,1,28,0,8,0,23,0,12,9,22,0
481809,1,1,0,0,0,0,0,0,0,0,11,24
481809,2,1,4,0,0,10,1,0,0,0,0,0
481810,0,1,2,2,2,2,2,2,2,2,2,2
481810,1,1,0,3,0,0,0,0,0,0,0,0
481811,0,1,0,0,23,0,0,0,0,39,27,27
481811,1,1,18,0,29,0,0,15,9,10,0,0
481812,1,1,0,0,0,0,0,0,6,0,0,0
481812,2,1,0,0,0,0,0,14,0,0,0,28
481813,0,1,20,20,20,20,20,20,20,20,20,20
481813,1,1,0,0,0,0,0,0,0,0,0,9
481814,1,1,0,0,0,0,0,0,0,0,0,0
481815,1,1,14,11,0,18,12,17,12,11,0,0
481816,1,1,0,0,0,0,0,0,0,0,0,0
481816,2,1,0,0,0,0,0,0,0,0,0,0
481817,1,1,5,5,5,5,5,5,5,5,5,5
481818,0,1,17,17,17,17,17,17,17,17,17,17
481818,1,1,0,0,0,0,0,0,0,0,0,0
481819,1,1,19,19,19,19,19,19,19,19,19,19
481820,1,1,0,0,0,0,0,0,0,0,0,0
481820,2,1,18,18,18,18,18,18,18,18,18,18
481821,1,1,0,16,0,13,0,0,0,0,0,0
481821,2,1,0,0,9,24,0,0,12,21,0,0
481822,1,1,0,0,0,0,0,0,0,0,0,0
481823,1,1,0,0,0,0,0,0,0,0,0,0
481824,1,1,0,0,0,0,0,0,0,0,0,0
481825,1,1,0,16,0,8,0,0,0,0,0,7
481825,2,1,0,0,0,0,0,0,0,0,0,0
481826,1,1,19,19,19,19,19,19,19,19,19,19
481826,2,1,0,0,0,0,0,0,0,0,0,0
481827,1,1,0,0,0,0,0,0,0,0,0,0
481827,2,1,0,39,0,0,13,12,0,5,0,0
481828,1,1,0,0,0,0,0,0,0,0,0,0
481830,1,1,13,0,20,0,0,0,0,0,0,0
481831,1,1,0,0,0,0,0,0,0,0,0,0
481832,1,1,0,0,13,0,0,0,0,14,0,0
481833,1,1,18,0,0,27,0,17,0,0,0,0
481833,2,1,15,15,15,15,15,15,15,15,15,15
481833,3,1,22,10,0,0,10,0,0,15,0,0
481833,4,1,0,17,0,0,3,0,11,0,5,11
481833,5,1,28,28,28,28,28,28,28,28,28,28
481833,6,1,0,0,0,0,0,0,0,0,0,0
481833,7,1,5,0,3,5,0,0,0,0,0,0
481834,1,1,16,16,16,16,16,16,16,16,16,16
481835,0,1,23,23,23,23,23,23,23,23,23,23
481835,1,1,0,0,0,0,0,0,0,0,0,0
481836,0,1,27,27,27,27,27,27,27,27,27,27
481836,1,1,0,0,13,0,0,0,0,0,28,0
481837,0,1,0,43,0,0,0,0,0,0,14,0
481838,1,1,0,19,8,14,0,0,0,17,0,0
481839,1,1,20,0,0,8,0,0,11,0,36,12
481840,1,1,0,0,0,0,0,0,0,0,0,0
481841,1,1,0,0,0,0,0,0,17,0,0,0
481841,2,1,0,0,0,0,21,0,0,0,0,0
481842,0,1,0,0,0,0,0,0,0,0,0,0
481842,1,1,0,0,0,0,0,0,0,20,0,0
481843,1,1,0,12,21,11,0,11,19,0,0,0
481844,1,1,0,0,11,0,0,0,22,0,0,0
481845,1,1,19,0,35,0,7,17,16,28,0,16
481846,1,1,26,26,26,26,26,26,26,26,26,26
481846,2,1,0,0,0,0,0,0,22,0,0,0
481847,0,1,7,0,0,0,0,0,32,0,0,0
481847,1,1,0,0,0,0,0,0,10,0,0,0
481848,0,1,26,26,26,26,26,26,26,26,26,26
481848,1,1,0,0,8,0,0,20,0,0,0,0
481849,1,1,0,0,0,0,0,0,0,0,0,0
481850,1,1,0,0,0,0,0,0,0,0,0,0
481850,2,1,0,0,9,17,0,4,17,0,11,0
481851,1,1,0,0,8,17,0,0,0,2,14,0
481851,2,1,0,0,0,0,0,0,0,0,0,0
481851,3,1,0,11,0,0,9,0,24,30,0,0
481852,1,1,21,21,21,21,21,21,21,21,21,21
481853,1,1,5,5,5,5,5,5,5,5,5,5
481854,1,1,0,0,0,0,0,0,0,0,0,0
481854,2,1,0,0,0,0,0,0,0,0,0,0
481855,0,1,31,31,31,31,31,31,31,31,31,31
481855,1,1,0,0,0,0,13,18,19,0,0,0
481855,2,1,0,0,0,0,20,0,0,3,0,0
481856,1,1,0,26,0,0,0,0,13,19,14,11
481856,2,1,0,0,0,0,0,0,0,0,0,0
481857,1,1,27,18,0,0,0,0,30,0,0,0
481857,2,1,0,0,0,0,0,0,8,10,0,0
481858,1,1,21,21,21,21,21,21,21,21,21,21
481859,1,1,0,0,0,0,0,0,0,0,3,0
481859,2,1,13,0,0,0,0,0,0,0,0,10
481860,1,1,0,0,0,0,0,0,0,0,0,0
481861,1,1,9,0,0,0,0,27,0,0,0,0
481862,1,1,25,25,25,25,25,25,25,25,25,25
481863,1,1,8,8,8,8,8,8,8,8,8,8
481864,1,1,12,12,12,12,12,12,12,12,12,12
481865,1,1,13,0,9,12,10,6,0,7,0,21
481866,1,1,0,0,0,0,0,0,0,0,0,0
481867,1,1,0,0,0,0,0,0,0,0,0,0
481867,2,1,0,0,0,0,0,0,0,0,0,0
481868,1,1,28,28,28,28,28,28,28,28,28,28
481869,1,1,0,0,0,0,0,0,0,0,0,0
481869,2,1,0,0,0,0,0,0,0,0,0,0
481869,3,1,0,0,0,5,0,0,0,0,0,0
481869,4,1,0,0,0,0,0,0,0,0,19,0
481869,5,1,0,0,0,0,8,0,0,0,0,0
481869,6,1,0,0,0,0,0,0,0,0,15,0
481869,7,1,0,0,0,0,0,0,0,0,0,0
481869,8,1,0,0,0,0,0,0,0,0,0,0
481869,9,1,0,0,0,0,0,0,0,0,0,0
481869,10,1,0,0,0,0,0,0,0,0,0,0
481870,1,1,0,0,0,0,0,9,6,0,0,0
481870,2,1,0,0,0,0,0,0,0,0,0,0
481871,1,1,25,25,25,25,25,25,25,25,25,25
481872,1,1,17,17,17,17,17,17,17,17,17,17
481873,1,1,0,0,0,0,0,0,27,27,0,0
481873,2,1,0,0,0,0,0,0,0,0,0,0
481874,1,1,7,0,0,0,0,0,0,0,0,0
481875,1,1,9,9,9,9,9,9,9,9,9,9
481876,1,1,0,0,0,12,0,0,0,0,0,0
481876,2,1,0,0,0,0,0,0,0,0,0,0
481877,1,1,11,11,11,11,11,11,11,11,11,11
481877,2,1,0,0,0,22,0,7,1,0,0,21
481878,1,1,0,0,0,0,0,0,0,0,0,0
481879,0,1,17,14,15,0,0,28,18,20,22,29
481879,1,1,0,0,0,0,3,25,0,0,0,0
481880,1,1,15,15,15,15,15,15,15,15,15,15
481881,0,1,0,0,0,0,0,0,0,0,0,0
481881,1,1,0,0,0,0,0,0,17,0,22,14
481882,1,1,25,25,25,25,25,25,25,25,25,25
481883,1,1,0,0,0,0,0,0,0,0,0,0
481883,2,1,17,17,17,17,17,17,17,17,17,17
481884,0,1,0,17,28,28,8,22,0,32,0,37
481884,1,1,7,0,0,28,0,8,0,28,17,0
481885,1,1,0,0,0,9,0,0,0,0,0,0
481886,1,1,0,0,0,0,0,0,13,0,0,0
481886,2,1,0,0,0,0,0,25,36,10,0,0
481887,1,1,0,20,18,0,19,0,0,37,0,0
481888,1,1,0,0,17,0,0,0,0,0,0,0
481889,1,1,0,15,0,0,0,0,0,0,0,0
481890,1,1,0,0,0,0,0,0,0,0,0,0
481891,0,1,25,25,25,25,25,25,25,25,25,25
481891,1,1,0,0,21,26,0,0,0,14,0,0
481892,1,1,0,0,0,0,0,0,0,0,0,0
481893,2,1,0,0,0,0,0,0,0,0,0,0
481894,1,1,9,9,9,9,9,9,9,9,9,9
481894,2,1,0,0,17,0,0,4,0,6,0,14
481895,1,1,19,19,19,19,19,19,19,19,19,19
481896,0,1,0,0,0,8,0,28,20,0,26,24
481896,1,1,0,0,0,0,0,0,0,0,0,0
481897,1,1,6,6,6,6,6,6,6,6,6,6
481898,1,1,0,0,0,0,0,0,17,0,0,6
481898,2,1,0,0,0,0,0,0,0,0,0,0
481899,1,1,12,12,12,12,12,12,12,12,12,12
481899,2,1,13,0,13,6,0,20,14,36,0,0
481900,0,1,26,20,0,17,7,3,0,21,0,0
481900,1,1,0,0,0,15,0,0,12,0,22,0
481901,1,1,0,0,0,0,0,0,0,12,0,0
481901,2,1,0,0,0,0,0,0,0,0,0,0
481902,1,1,0,0,14,0,0,14,0,12,0,0
481902,2,1,25,25,25,25,25,25,25,25,25,25
481903,1,1,0,0,0,0,0,0,0,0,0,0
481904,0,1,22,25,0,18,0,11,0,11,16,10
481904,1,1,0,0,0,0,0,0,0,0,0,0
481904,2,1,0,0,37,0,24,0,0,0,0,9
481905,1,1,31,31,31,31,31,31,31,31,31,31
481906,1,1,25,27,0,0,0,30,0,0,0,0
481906,2,1,0,0,0,0,0,0,0,0,0,0
481907,1,1,19,19,19,19,19,19,19,19,19,19
481908,1,1,0,0,0,13,12,0,27,7,0,0
481908,2,1,0,0,11,0,0,5,0,21,0,0
481909,1,1,1,1,1,1,1,1,1,1,1,1
481910,1,1,12,12,12,12,12,12,12,12,12,12
481911,1,1,6,6,6,6,6,6,6,6,6,6
481911,2,1,5,5,5,5,5,5,5,5,5,5
481912,1,1,22,0,0,0,0,0,0,0,0,27
481913,1,1,0,0,0,0,0,0,0,0,0,0
481913,2,1,0,0,0,0,38,0,0,0,0,0
481914,1,1,0,0,0,0,0,0,17,12,0,0
481914,2,1,0,0,0,0,0,0,0,0,0,0
481914,3,1,0,0,0,0,0,0,0,15,0,0
481914,4,1,0,0,0,0,0,0,0,0,0,0
481914,5,1,0,0,0,0,0,0,0,0,0,0
481914,6,1,0,34,22,0,0,0,0,0,0,0
481915,1,1,6,6,6,6,6,6,6,6,6,6
481916,1,1,0,0,0,0,0,0,21,27,0,0
481916,2,1,0,20,0,5,0,0,0,0,0,0
481917,1,1,12,12,12,12,12,12,12,12,12,12
481918,2,1,7,0,0,0,0,7,0,0,13,0
481919,1,1,0,0,0,0,0,0,0,0,0,0
481920,1,1,0,0,0,14,0,21,16,23,13,0
481921,1,1,0,0,0,0,0,0,0,16,0,20
481922,1,1,0,24,0,0,0,0,0,0,0,0
481923,1,1,0,26,0,0,0,0,0,0,17,0
481924,1,1,0,0,0,0,0,0,0,0,0,0
481925,0,1,0,0,0,0,26,0,20,24,0,0
481925,0,2,18,0,0,0,0,0,0,0,0,0
481925,0,3,0,0,0,0,0,0,0,0,0,0
481925,0,4,0,0,0,0,0,0,0,0,0,0
481925,0,5,0,0,0,0,0,0,0,0,0,0
481925,0,6,0,0,0,0,0,0,0,0,0,0
481925,1,1,0,0,0,0,0,0,0,0,0,0
481926,0,1,0,8,0,12,0,0,0,0,15,0
481926,1,1,8,7,0,0,0,11,10,0,0,15
481927,1,1,0,0,0,0,0,0,0,0,0,0
481928,0,1,15,15,15,15,15,15,15,15,15,15
481928,1,1,0,0,6,0,0,0,0,0,14,0
481929,1,1,0,9,0,0,0,0,0,0,0,0
481929,2,1,0,0,0,0,0,0,25,19,0,0
481930,1,1,0,0,0,0,0,11,0,0,0,0
481930,2,1,0,0,0,11,0,0,0,0,0,0
481931,1,1,11,11,11,11,11,11,11,11,11,11
481931,2,1,0,0,0,0,0,0,0,0,0,0
481932,1,1,7,7,7,7,7,7,7,7,7,7
481933,1,1,14,14,14,14,14,14,14,14,14,14
481934,1,1,0,0,18,0,0,0,0,0,0,0
481935,1,1,18,18,18,18,18,18,18,18,18,18
481935,2,1,0,0,0,0,0,0,0,0,0,0
481936,1,1,0,0,0,32,0,23,0,17,0,5
481937,1,1,22,22,22,22,22,22,22,22,22,22
481938,0,1,17,6,29,23,30,21,21,27,21,0
481938,1,1,17,31,30,0,9,0,0,5,0,29
481939,1,1,11,11,11,11,11,11,11,11,11,11
481939,2,1,0,0,0,0,0,0,0,0,0,0
481939,3,1,0,0,15,0,0,0,0,0,0,0
481939,4,1,0,0,0,0,0,0,17,0,0,16
481939,5,1,0,0,0,0,0,0,0,0,0,0
481939,6,1,0,0,0,0,0,0,0,0,0,11
481939,7,1,0,0,0,0,0,0,0,0,0,0
481940,1,1,14,0,16,11,18,0,34,0,15,0
481941,1,1,0,0,0,0,0,0,0,0,0,0
481941,2,1,0,0,0,0,0,0,0,0,0,0
481941,3,1,0,0,0,0,14,0,0,0,0,0
481942,1,1,19,19,19,19,19,19,19,19,19,19
481942,2,1,0,0,0,0,0,0,0,0,0,0
481943,1,1,0,0,0,0,0,0,0,0,0,0
481944,1,1,18,18,18,18,18,18,18,18,18,18
481944,2,1,0,0,0,0,0,0,0,0,0,0
481945,0,1,0,0,0,0,0,0,0,0,0,0
481945,1,1,0,0,0,0,0,0,0,0,0,0
481946,1,1,0,0,0,0,0,0,0,0,0,0
481947,1,1,22,22,22,22,22,22,22,22,22,22
481948,0,1,0,0,0,0,0,20,0,0,0,0
481948,1,1,0,0,0,0,0,0,0,0,0,0
481949,1,1,0,0,0,0,10,7,0,0,0,0
481950,1,1,22,22,22,22,22,22,22,22,22,22
481950,2,1,0,0,0,10,0,0,0,0,0,0
481950,3,1,0,0,0,4,0,0,0,0,0,0
481951,0,1,0,0,13,16,0,0,12,27,0,0
481951,0,2,14,14,14,14,14,14,14,14,14,14
481951,1,1,0,0,0,0,0,0,0,0,0,0
481952,0,1,0,0,0,0,0,0,0,0,0,0
481952,1,1,0,0,0,16,0,0,0,0,0,0
481953,1,1,19,19,19,19,19,19,19,19,19,19
481954,1,1,19,19,19,19,19,19,19,19,19,19
481954,2,1,16,0,0,0,0,27,0,0,12,8
481955,0,1,23,23,23,23,23,23,23,23,23,23
481955,1,1,33,0,9,0,18,0,0,15,21,0
481956,1,1,16,16,16,16,16,16,16,16,16,16
481957,1,1,31,31,31,31,31,31,31,31,31,31
481958,0,1,27,27,27,27,27,27,27,27,27,27
481958,1,1,16,0,0,0,0,0,0,0,0,15
481959,1,1,0,0,0,0,0,0,0,0,0,0
481960,0,1,14,17,33,9,27,19,57,25,12,27
481960,1,1,5,17,24,13,32,0,9,10,0,17
481961,1,1,0,0,0,0,0,0,0,0,0,0
481961,2,1,0,0,0,10,0,0,0,0,0,0
481962,1,1,0,0,0,0,0,0,0,0,0,0
481963,1,1,0,18,0,0,0,0,0,11,0,0
481965,1,1,0,15,0,0,11,0,12,0,0,0
481966,1,1,0,0,0,0,0,0,27,13,0,0
481967,1,1,0,0,0,0,0,0,0,0,0,0
481967,2,1,0,0,0,0,0,0,0,0,0,13
481968,0,1,0,0,0,10,0,0,0,0,30,0
481968,1,1,0,0,0,0,0,0,20,0,0,0
481969,1,1,0,0,0,0,0,0,0,0,0,0
481969,2,1,0,0,21,0,18,22,0,11,0,19
481970,1,1,0,0,0,18,0,0,0,29,24,8
481971,1,1,0,0,0,0,0,0,0,0,0,0
481971,2,1,0,0,0,0,0,0,0,0,0,0
481972,1,1,11,11,11,11,11,11,11,11,11,11
481973,1,1,0,0,0,0,18,0,0,36,0,0
481973,2,1,0,0,0,0,0,0,0,0,0,0
481974,1,1,17,17,17,17,17,17,17,17,17,17
481975,1,1,16,16,16,16,16,16,16,16,16,16
481975,2,1,17,0,0,11,0,0,32,0,14,33
481976,1,1,3,0,0,0,0,0,0,0,0,0
481977,1,1,17,17,17,17,17,17,17,17,17,17
481977,2,1,13,13,13,13,13,13,13,13,13,13
481978,1,1,0,0,0,0,0,0,0,0,0,0
481979,1,1,0,0,0,0,0,0,0,0,0,0
481979,2,1,0,0,0,0,7,0,0,0,0,16
481980,1,1,10,11,0,0,17,29,0,0,0,0
481981,1,1,0,0,0,0,0,0,0,0,0,0
481982,1,1,22,22,22,22,22,22,22,22,22,22
481983,1,1,0,0,0,0,0,0,0,0,0,0
481984,1,1,0,0,0,7,9,0,0,0,20,0
481984,2,1,0,0,0,0,0,0,8,0,0,0
481985,1,1,0,0,0,0,0,0,20,0,0,0
481985,2,1,0,0,0,0,0,0,0,0,0,0
481986,0,1,0,0,0,0,0,0,0,0,0,0
481986,1,1,0,0,0,0,0,0,0,0,0,0
481987,1,1,9,9,9,9,9,9,9,9,9,9
481987,2,1,0,0,0,0,0,0,0,0,0,0
481988,1,1,18,18,18,18,18,18,18,18,18,18
481989,1,1,0,0,11,0,17,0,25,0,27,0
481990,1,1,11,11,11,11,11,11,11,11,11,11
481990,2,1,0,13,0,0,0,0,0,0,0,0
481991,1,1,0,0,0,0,0,0,0,0,0,0
481991,2,1,0,0,0,0,0,0,0,0,0,0
481992,1,1,20,22,0,13,17,0,0,0,0,27
481992,2,1,0,0,0,0,0,0,11,0,0,0
481993,1,1,3,3,3,3,3,3,3,3,3,3
481994,1,1,26,26,26,26,26,26,26,26,26,26
481995,1,1,0,0,0,0,0,0,0,0,0,0
481995,2,1,0,0,0,0,0,0,0,0,0,0
481996,1,1,0,0,28,0,52,0,0,0,0,0
481997,0,1,0,0,0,0,0,0,0,0,0,0
481997,1,1,0,0,0,0,0,0,0,0,0,0
481998,1,1,0,0,0,0,0,0,0,0,0,0
481999,0,1,4,4,4,4,4,4,4,4,4,4
481999,1,1,14,14,14,14,14,14,14,14,14,14
482000,1,1,0,0,0,0,0,0,0,0,0,0
482000,2,1,0,0,0,0,0,0,13,0,0,24
482000,3,1,0,0,0,0,17,15,0,0,0,0
482001,0,1,0,0,0,0,0,0,0,0,0,0
482001,1,1,0,0,0,0,0,0,0,0,0,0
482002,1,1,0,0,0,0,0,0,0,0,0,0
482003,1,1,29,29,29,29,29,29,29,29,29,29
482003,2,1,0,0,0,0,0,0,0,0,0,0
482004,0,1,11,18,0,0,17,0,0,25,0,0
482004,1,1,0,0,21,0,16,31,24,18,0,0
482005,1,1,11,11,11,11,11,11,11,11,11,11
482006,1,1,24,24,24,24,24,24,24,24,24,24
482007,1,1,0,0,0,0,0,0,0,3,0,0
482009,1,1,0,0,0,0,0,0,0,19,0,0
482009,2,1,0,0,0,0,0,0,0,0,0,2
482010,1,1,0,0,0,0,0,0,0,0,0,0
482010,2,1,0,0,6,11,0,0,14,5,0,0
482011,1,1,0,0,0,0,0,0,0,0,0,0
482011,2,1,0,0,0,0,0,0,0,0,0,0
482012,1,1,0,0,0,0,0,0,0,0,0,0
482012,2,1,8,8,8,8,8,8,8,8,8,8
482013,1,1,0,0,0,0,0,0,0,0,0,0
482013,2,1,0,0,0,21,17,12,0,0,0,0
482014,1,1,0,0,0,0,0,0,0,0,0,0
482014,2,1,0,0,0,0,0,0,0,0,0,0
482015,1,1,0,0,0,0,7,0,0,0,0,0
482015,2,1,26,26,26,26,26,26,26,26,26,26
482016,1,1,13,12,0,0,0,0,21,0,0,0
482016,2,1,24,0,0,0,0,0,0,0,0,0
482017,1,1,0,0,14,0,0,0,0,0,0,0
482017,2,1,0,0,0,0,0,0,0,0,0,0
482017,3,1,0,0,0,0,0,30,0,0,23,0
482018,1,1,23,5,11,5,0,10,10,0,31,7
482019,1,1,15,15,15,15,15,15,15,15,15,15
482019,2,1,0,0,0,0,0,0,0,0,0,0
482020,1,1,9,0,0,0,0,0,0,0,0,0
482020,2,1,0,0,0,0,0,0,0,0,0,0
482021,1,1,15,7,0,0,27,12,22,13,0,19
482022,0,1,0,0,0,0,0,0,0,0,0,0
482022,1,1,14,0,0,6,0,8,0,0,0,10
482022,2,1,0,0,0,0,11,26,0,0,0,0
482023,1,1,0,0,0,0,0,12,19,12,0,0
482024,1,1,20,0,0,20,18,20,0,0,0,10
482025,1,1,7,6,11,4,30,19,19,22,15,4
482026,1,1,17,15,26,19,19,2,10,8,14,8
482026,2,1,0,0,0,0,0,0,0,0,0,0
482026,3,1,0,0,0,0,0,0,0,0,0,0
482027,0,1,0,0,0,0,0,0,0,0,0,0
482027,1,1,19,19,19,19,19,19,19,19,19,19
482028,1,1,0,0,0,0,0,0,0,0,0,0
482028,2,1,0,0,0,0,0,0,0,0,0,0
482029,1,1,12,30,7,25,8,23,10,0,0,12
482029,2,1,0,14,0,0,0,0,0,3,0,0
482030,1,1,0,0,0,0,0,0,0,0,0,0
482031,1,1,18,0,0,16,0,15,0,29,0,0
482031,2,1,0,0,0,0,0,0,0,0,0,0
482032,1,1,15,15,15,15,15,15,15,15,15,15
482032,2,1,0,0,0,0,0,0,0,0,0,0
482033,1,1,4,4,4,4,4,4,4,4,4,4
482034,1,1,0,0,25,0,0,0,0,27,0,0
482035,1,1,0,0,15,0,0,0,0,0,0,0
482035,2,1,20,20,20,20,20,20,20,20,20,20
482036,1,1,0,0,9,0,0,0,0,0,0,0
482037,0,1,0,0,0,0,17,0,0,0,9,0
482037,1,1,0,0,0,0,0,0,0,0,0,0
482038,1,1,0,0,0,20,0,0,0,0,0,10
482038,2,1,26,26,26,26,26,26,26,26,26,26
482039,0,1,0,0,0,0,0,0,0,0,0,0
482039,1,1,0,0,0,0,0,0,0,0,0,0
482040,1,1,11,11,11,11,11,11,11,11,11,11
482041,0,1,12,12,12,12,12,12,12,12,12,12
482041,1,1,0,0,13,0,0,0,0,41,0,0
482042,1,1,0,0,0,0,0,23,14,0,0,0
482042,2,1,0,0,0,0,0,0,0,0,0,0
482044,0,1,0,0,0,0,0,0,0,0,0,0
482044,1,1,0,0,9,0,0,0,0,27,0,0
482045,1,1,0,0,0,0,0,0,0,0,0,0