ST_CASE,VEH_NO,PER_NO,P1,P2,P3,P4,P5,P6,P7,P8,P9,P10
482937,1,1,10,10,10,10,10,10,10,10,10,10
482938,1,1,11,11,11,11,11,11,11,11,11,11
482939,1,1,0,0,0,0,0,0,0,0,0,0
482939,2,1,0,0,0,0,0,13,0,0,0,0
482940,0,1,3,0,29,0,0,13,0,0,4,18
482940,1,1,0,0,0,0,0,0,0,0,0,0
482941,1,1,0,0,0,0,0,0,0,0,0,0
482942,0,1,3,3,3,3,3,3,3,3,3,3
482942,1,1,0,0,0,0,0,0,0,0,0,0
482943,1,1,3,10,6,20,14,17,9,23,0,7
482944,0,1,0,0,0,0,0,0,0,0,0,0
482944,1,1,0,0,0,0,0,0,0,0,0,0
482945,1,1,0,0,0,0,0,0,0,0,0,0
482946,1,1,0,0,0,0,0,0,0,0,0,0
482946,2,1,6,0,0,0,0,0,0,0,0,0
482947,1,1,0,0,12,0,0,4,0,0,0,0
482947,2,1,9,0,27,0,0,0,28,0,12,12
482948,1,1,0,0,0,0,0,0,0,0,0,0
482948,2,1,0,0,0,0,28,0,0,6,12,13
482948,3,1,0,0,0,0,0,0,0,30,27,0
482949,1,1,0,0,0,0,0,0,0,0,0,0
482949,2,1,0,0,0,0,0,0,0,0,0,0
482950,1,1,0,0,0,0,0,0,0,0,0,0
482950,2,1,0,0,0,0,0,0,0,0,0,0
482951,1,1,2,0,0,0,0,18,25,17,0,2
482952,1,1,0,0,0,0,0,0,0,0,0,0
482952,2,1,0,0,0,0,0,0,0,0,0,0
482953,1,1,0,0,0,0,32,15,20,0,0,0
482954,1,1,0,0,0,0,0,0,0,0,0,0
482954,2,1,0,0,0,0,0,0,0,0,0,0
482954,3,1,0,0,0,0,0,0,0,0,0,0
482954,4,1,0,0,0,0,0,0,0,8,0,0
482954,5,1,0,18,0,0,0,0,0,0,0,0
482955,1,1,0,0,0,0,0,0,0,0,0,0
482955,2,1,0,0,0,0,0,0,0,15,0,0
482956,1,1,0,0,0,0,0,0,0,0,0,0
482956,2,1,0,0,0,22,0,17,0,0,0,0
482957,1,1,7,7,7,7,7,7,7,7,7,7
482958,1,1,4,4,4,4,4,4,4,4,4,4
482958,2,1,0,0,0,0,0,0,0,0,0,0
482960,1,1,29,29,29,29,29,29,29,29,29,29
482961,1,1,0,0,0,0,0,0,0,0,0,0
482961,2,1,0,0,0,0,0,0,0,0,0,0
482961,3,1,0,0,0,0,0,0,17,0,0,0
482961,4,1,0,0,0,0,0,0,0,0,0,0
482961,5,1,17,0,0,0,0,0,0,18,0,17
482961,6,1,0,7,0,0,0,10,0,0,0,0
482961,7,1,0,0,0,0,0,0,0,0,0,0
482961,8,1,0,0,0,0,0,0,0,0,0,0
482961,9,1,18,0,0,0,27,0,0,0,10,0
482961,10,1,0,0,0,0,0,21,0,0,9,0
482961,11,1,0,0,0,0,0,0,0,0,0,0
482961,12,1,0,4,0,0,0,0,0,0,0,0
482961,13,1,0,0,0,0,0,0,0,0,0,0
482961,14,1,0,0,0,0,0,0,0,0,0,0
482962,1,1,0,0,0,0,0,0,0,0,0,0
482963,1,1,32,32,32,32,32,32,32,32,32,32
482964,1,1,0,0,0,0,0,0,0,0,0,0
482965,1,1,0,0,0,0,0,0,0,0,0,0
482965,2,1,0,0,4,0,0,15,0,0,0,0
482965,3,1,0,0,0,0,0,0,0,0,0,0
482965,4,1,0,0,0,0,0,0,0,0,12,0
482965,5,1,0,0,0,0,0,0,26,0,0,0
482966,1,1,0,22,0,0,0,0,0,8,0,0
482966,2,1,0,0,4,0,0,0,0,0,9,9
482967,0,1,0,0,0,0,8,0,0,6,0,0
482967,1,1,0,0,0,0,0,0,0,0,0,0
482968,1,1,3,0,0,0,0,0,0,0,0,0
482969,1,1,19,10,20,21,12,0,19,0,8,23
482970,1,1,0,0,0,0,0,0,0,0,0,0
482970,2,1,0,0,0,0,0,0,0,0,0,0
482971,1,1,30,0,0,0,0,0,23,0,0,0
482972,1,1,0,28,0,0,0,0,10,13,13,0
482973,1,1,14,14,14,14,14,14,14,14,14,14
482974,1,1,0,0,0,0,0,0,0,0,33,0
482975,1,1,6,6,6,6,6,6,6,6,6,6
482976,1,1,0,0,0,0,0,0,13,0,0,0
482976,2,1,0,0,0,0,0,0,0,0,0,0
482977,0,1,24,24,24,24,24,24,24,24,24,24
482977,1,1,0,0,0,0,0,11,0,0,0,8
482978,1,1,19,0,0,0,0,0,0,0,0,0
482978,2,1,0,0,0,0,0,0,0,0,0,0
482979,0,1,0,0,0,0,0,0,0,0,0,0
482979,1,1,12,0,0,0,2,0,0,0,0,0
482980,1,1,0,0,0,6,28,0,0,0,0,0
482980,2,1,0,0,0,32,0,0,0,0,0,0
482981,1,1,19,19,19,19,19,19,19,19,19,19
482982,1,1,0,0,0,0,0,0,0,0,0,0
482982,2,1,0,0,0,0,0,0,0,0,0,0
482983,1,1,19,0,0,20,0,0,0,0,33,0
482983,2,1,1,1,1,1,1,1,1,1,1,1
482984,1,1,0,0,0,0,0,0,0,0,0,0
482984,2,1,13,13,0,10,0,0,0,22,0,2
482985,0,1,0,0,10,0,11,21,0,23,0,0
482985,1,1,6,6,6,6,6,6,6,6,6,6
482986,1,1,0,0,0,0,0,0,0,0,0,0
482986,2,1,0,0,0,0,15,0,0,0,0,21
482987,1,1,0,0,11,0,0,18,0,0,0,0
482988,1,1,21,21,21,21,21,21,21,21,21,21
482989,1,1,0,0,0,0,0,0,0,0,0,0
482989,2,1,0,0,0,0,0,0,0,0,0,0
482990,1,1,0,0,0,0,0,0,0,0,0,0
482990,2,1,0,0,25,0,0,0,0,0,3,0
482991,1,1,0,0,0,0,0,0,0,0,0,0
482991,2,1,24,0,0,0,0,0,0,0,0,0
482991,3,1,0,0,0,0,0,0,0,0,0,0
482992,1,1,0,0,0,0,0,0,0,0,0,0
482992,2,1,14,10,0,29,0,14,0,0,0,5
482993,1,1,10,0,0,14,5,18,0,0,0,0
482994,1,1,0,0,27,0,0,3,0,0,0,0
482995,1,1,0,14,13,0,11,0,26,0,0,0
482996,1,1,0,0,0,0,0,0,7,0,0,0
482997,1,1,19,15,34,14,34,23,19,25,27,8
482998,1,1,0,23,0,0,0,0,19,0,0,0
482998,2,1,0,0,0,16,0,0,0,0,0,0
482999,0,1,0,3,6,0,0,19,0,0,0,0
482999,1,1,0,15,0,0,0,0,0,0,0,0
483000,1,1,0,0,17,0,0,14,23,0,0,0
483000,2,1,0,18,0,0,0,0,0,0,0,12
483001,1,1,0,0,11,0,19,17,6,0,0,0
483001,2,1,22,0,0,0,0,11,6,15,0,0
483002,1,1,0,0,0,0,0,0,0,0,0,0
483003,1,1,0,0,0,0,0,0,0,0,0,0
483003,2,1,0,0,17,0,0,9,0,0,0,0
483004,0,1,0,0,0,0,0,0,0,0,0,0
483004,0,2,0,0,0,0,0,19,0,3,0,0
483004,1,1,26,26,26,26,26,26,26,26,26,26
483005,1,1,0,0,7,0,0,0,32,33,26,20
483006,1,1,0,0,0,0,0,0,0,0,0,0
483006,2,1,0,0,0,0,0,0,0,0,0,0
483006,3,1,0,0,20,0,0,0,0,0,0,0
483007,0,1,0,0,0,0,0,0,0,0,0,0
483007,1,1,0,0,0,0,8,0,0,0,0,0
483008,1,1,19,19,19,19,19,19,19,19,19,19
483008,2,1,0,0,0,0,0,0,0,0,0,0
483009,1,1,0,0,0,0,19,0,16,0,0,0
483010,0,1,23,10,8,0,0,0,0,31,10,31
483010,1,1,0,0,19,21,0,0,0,0,5,0
483011,1,1,0,0,20,13,0,21,0,0,0,20
483012,0,1,0,0,0,0,0,0,0,0,0,0
483012,2,1,3,23,17,0,0,0,0,10,0,0
483013,1,1,1,1,1,1,1,1,1,1,1,1
483013,2,1,0,8,26,0,6,0,9,16,0,17
483014,1,1,0,0,0,0,0,0,0,0,0,0
483014,2,1,0,0,0,0,0,0,0,0,0,0
483015,1,1,17,17,17,17,17,17,17,17,17,17
483015,2,1,0,0,0,0,0,0,0,0,0,0
483016,1,1,22,22,22,22,22,22,22,22,22,22
483017,1,1,0,0,0,6,0,29,0,0,0,0
483017,2,1,29,29,29,29,29,29,29,29,29,29
483018,1,1,0,0,0,0,0,0,0,0,0,0
483019,0,1,0,0,0,0,0,0,0,0,0,0
483019,1,1,0,0,0,0,0,6,0,0,0,0
483020,1,1,12,0,11,5,14,12,0,0,10,0
483021,1,1,0,0,0,0,0,0,0,0,0,0
483021,2,1,17,0,0,0,0,6,0,0,0,0
483022,1,1,21,21,21,21,21,21,21,21,21,21
483023,0,1,19,19,19,19,19,19,19,19,19,19
483023,1,1,0,7,0,13,0,15,0,0,21,17
483024,1,1,0,0,0,0,0,0,0,0,0,0
483025,1,1,0,0,0,0,7,0,0,0,0,0
483026,1,1,0,0,0,0,0,0,0,0,0,0
483026,2,1,0,0,0,0,0,0,0,0,0,0
483028,1,1,15,15,15,15,15,15,15,15,15,15
483029,1,1,0,18,0,0,0,0,0,0,0,0
483029,2,1,0,27,0,0,16,0,0,0,0,0
483030,1,1,15,15,15,15,15,15,15,15,15,15
483031,1,1,0,0,0,0,0,0,0,0,0,0
483031,2,1,0,0,0,0,0,0,0,0,0,0
483032,1,1,0,0,0,0,0,0,0,0,0,0
483033,1,1,0,0,0,0,0,0,0,0,0,0
483034,1,1,19,22,17,7,0,12,10,22,6,0
483034,2,1,8,11,0,0,0,0,0,0,0,0
483035,1,1,0,0,0,6,0,0,0,0,0,0
483035,2,1,0,0,0,0,0,0,0,0,0,0
483036,1,1,0,7,0,0,0,0,0,0,12,0
483037,1,1,0,0,0,0,12,0,0,0,16,0
483037,2,1,0,0,0,0,14,0,0,0,0,0
483038,1,1,0,6,0,0,0,0,0,0,0,0
483039,0,1,0,0,0,0,0,0,0,0,0,0
483039,1,1,0,10,0,0,0,0,17,0,0,0
483040,0,1,0,0,0,0,0,0,0,0,0,0
483040,1,1,0,0,0,0,0,0,0,0,0,0
483041,1,1,11,0,0,0,8,0,0,0,0,18
483041,2,1,16,0,0,10,6,3,0,0,7,0
483042,0,1,0,0,0,0,23,0,0,0,15,0
483042,1,1,0,0,0,0,0,0,0,0,0,0
483043,0,1,0,0,0,0,0,0,0,0,0,12
483043,1,1,0,0,0,5,0,0,19,0,12,0
483044,0,1,11,0,0,0,0,0,5,17,0,0
483044,1,1,0,0,2,5,0,0,0,0,0,0
483044,2,1,0,0,0,0,0,0,0,0,0,0
483044,3,1,0,0,0,0,0,0,0,0,0,0
483045,1,1,16,16,16,16,16,16,16,16,16,16
483045,2,1,16,0,20,0,0,0,5,0,0,13
483046,1,1,0,0,0,0,0,0,0,0,0,0
483046,2,1,0,0,0,0,0,0,0,0,0,24
483047,0,1,0,0,0,0,0,0,0,0,0,0
483047,1,1,0,0,0,0,0,0,0,0,0,0
483048,1,1,0,0,0,0,0,0,0,0,0,0
483049,0,1,0,2,18,0,14,18,8,18,11,0
483049,1,1,11,0,0,0,0,0,15,0,0,0
483050,0,1,0,0,0,0,0,21,16,31,9,0
483050,1,1,0,0,0,0,0,0,0,0,0,0
483051,1,1,0,0,0,0,0,0,0,0,0,3
483051,2,1,0,0,0,0,0,0,0,0,0,0
483052,1,1,0,0,0,0,0,0,0,0,0,21
483052,2,1,0,6,0,0,0,0,0,0,0,0
483053,1,1,0,0,0,0,0,0,0,0,4,0
483054,1,1,0,0,0,0,0,0,0,0,0,0
483054,2,1,0,0,0,0,0,0,0,0,0,0
483055,1,1,10,10,10,10,10,10,10,10,10,10
483056,1,1,0,0,0,0,0,0,0,0,0,0
483056,2,1,0,0,0,0,0,0,0,0,0,0
483057,0,1,0,0,0,0,0,0,0,0,0,0
483057,1,1,0,0,0,0,0,0,0,15,0,0
483058,1,1,0,0,0,0,0,0,0,0,0,0
483059,0,1,31,20,0,0,0,0,0,0,4,14
483059,1,1,0,0,0,0,0,0,0,0,0,0
483060,1,1,27,0,0,17,17,0,0,10,0,0
483060,2,1,0,0,0,11,0,0,0,0,0,19
483061,1,1,0,0,0,9,0,13,0,0,0,0
483061,2,1,9,13,13,9,0,0,0,0,17,0
483062,1,1,14,14,14,14,14,14,14,14,14,14
483062,2,1,10,11,16,0,0,0,0,0,0,0
483063,0,1,33,44,23,35,29,0,23,23,13,18
483063,1,1,0,0,0,0,0,13,0,7,0,5
483064,0,1,23,7,0,23,0,8,0,26,0,0
483064,1,1,10,10,10,10,10,10,10,10,10,10
483065,1,1,16,16,16,16,16,16,16,16,16,16
483066,0,1,19,19,19,19,19,19,19,19,19,19
483066,1,1,0,0,13,0,0,11,9,0,28,5
483067,1,1,0,0,0,0,0,0,0,0,0,0
483067,2,1,0,0,0,0,0,0,0,0,0,0
483068,0,1,0,0,0,0,0,0,0,0,0,0
483068,1,1,0,0,0,0,0,0,33,0,0,0
483069,1,1,0,0,0,0,0,0,0,0,0,0
483069,2,1,0,0,0,0,0,0,0,0,0,13
483069,3,1,0,0,0,0,0,0,0,0,0,0
483070,1,1,26,26,26,26,26,26,26,26,26,26
483071,1,1,0,6,0,0,0,0,0,9,0,12
483071,2,1,0,0,0,0,0,0,0,0,0,0
483073,1,1,0,0,0,0,0,0,0,0,0,0
483073,2,1,0,0,0,0,0,0,0,0,0,0
483073,3,1,0,0,0,0,0,0,0,0,0,10
483073,4,1,0,0,0,0,0,0,0,0,0,16
483074,1,1,25,25,25,25,25,25,25,25,25,25
483075,1,1,0,0,0,0,0,0,0,0,0,10
483075,2,1,0,0,0,0,0,0,0,0,0,0
483075,3,1,0,0,0,0,0,0,0,0,0,0
483076,1,1,0,0,0,0,0,0,0,0,0,0
483077,1,1,0,0,0,0,0,0,0,0,0,0
483077,2,1,0,20,13,0,0,0,0,0,22,26
483078,1,1,0,0,0,0,0,0,0,0,0,0
483078,2,1,0,12,10,0,21,0,0,7,0,0
483078,3,1,0,0,0,0,0,0,0,0,0,0
483078,4,1,2,0,13,0,13,0,0,0,0,10
483079,0,1,0,0,0,0,0,0,0,0,0,0
483079,1,1,0,0,0,0,0,0,0,0,0,15
483080,1,1,8,0,0,0,0,0,0,0,7,0
483080,2,1,0,0,0,0,0,0,0,0,0,0
483080,3,1,0,0,0,0,0,0,0,0,0,0
483080,4,1,0,0,0,0,0,0,0,0,0,0
483080,5,1,0,0,0,0,0,0,0,0,0,0
483081,1,1,21,21,21,21,21,21,21,21,21,21
483082,1,1,0,0,20,0,0,0,0,0,0,0
483082,2,1,14,14,14,14,14,14,14,14,14,14
483083,1,1,0,0,22,0,20,13,21,25,19,17
483083,2,1,0,28,0,0,16,0,0,0,0,0
483084,1,1,16,16,16,16,16,16,16,16,16,16
483085,1,1,0,0,0,0,0,6,0,0,13,0
483085,2,1,0,6,0,0,0,0,0,0,0,0
483086,0,1,19,0,26,25,0,17,0,0,0,13
483086,1,1,0,0,0,0,0,0,0,0,0,0
483087,1,1,0,0,0,0,0,0,0,0,0,0
483087,2,1,0,0,0,0,23,0,0,0,18,0
483088,1,1,18,18,18,18,18,18,18,18,18,18
483088,2,1,0,0,0,0,0,0,0,0,0,0
483089,0,1,0,0,0,0,0,0,0,0,0,0
483089,1,1,0,0,0,0,0,0,0,0,0,0
483090,0,1,0,0,0,0,0,0,0,0,0,0
483090,1,1,0,0,0,0,0,0,6,0,0,0
483091,1,1,0,0,0,0,0,0,0,0,0,0
483092,0,1,5,0,0,0,0,0,0,0,13,27
483092,1,1,0,0,0,0,0,0,0,0,0,0
483093,1,1,0,0,0,0,18,0,31,0,0,0
483093,2,1,0,0,0,0,0,0,0,0,0,0
483094,1,1,0,0,0,0,0,0,0,0,0,0
483094,2,1,0,0,0,13,12,14,7,17,0,0
483094,3,1,0,0,0,0,0,0,0,0,0,0
483095,1,1,0,12,0,0,0,0,0,0,0,0
483096,1,1,0,0,0,0,0,0,0,0,0,0
483096,2,1,0,0,0,0,0,0,0,0,0,0
483097,1,1,0,0,0,0,0,0,0,0,0,0
483098,0,1,14,14,14,14,14,14,14,14,14,14
483098,1,1,0,0,0,0,0,0,0,0,0,0
483099,1,1,0,0,7,0,0,0,0,30,0,0
483100,1,1,13,13,13,13,13,13,13,13,13,13
483101,0,1,24,13,23,28,35,18,6,28,19,34
483101,1,1,0,0,0,0,0,0,0,9,0,0
483102,1,1,16,0,0,33,29,0,0,0,14,0
483102,2,1,0,0,7,0,0,0,0,0,0,0
490001,1,1,6,6,6,6,6,6,6,6,6,6
490002,1,1,0,0,0,0,0,0,0,0,0,0
490003,1,1,0,0,0,0,0,21,0,0,11,25
490004,1,1,0,0,7,0,0,0,0,0,0,0
490004,2,1,0,0,0,0,0,0,0,0,0,0
490005,1,1,0,0,0,0,0,0,0,0,0,0
490006,1,1,0,0,0,0,0,0,0,0,0,0
490006,2,1,0,0,0,0,0,0,0,0,0,0
490006,3,1,0,0,0,0,0,0,0,0,0,0
490007,1,1,5,16,18,13,9,12,11,17,28,14
490008,0,1,0,0,0,0,0,0,0,0,0,0
490008,1,1,25,0,0,0,0,0,0,0,0,0
490009,1,1,0,0,0,0,0,0,0,0,0,0
490010,1,1,22,22,22,22,22,22,22,22,22,22
490011,0,1,0,0,11,19,0,0,0,0,0,0
490011,1,1,0,0,0,0,0,11,0,0,0,0
490012,1,1,0,0,0,0,0,0,0,0,0,0
490013,1,1,0,0,0,0,0,0,0,0,0,0
490014,1,1,0,0,0,0,0,0,0,0,0,0
490015,1,1,0,0,0,0,0,0,0,0,0,0
490016,1,1,0,0,0,0,0,0,0,0,0,0
490017,1,1,0,0,0,0,0,0,0,0,0,0
490017,2,1,0,0,0,0,0,0,0,0,0,0
490018,1,1,0,0,0,0,0,0,0,0,0,0
490018,2,1,0,0,0,0,0,0,0,0,0,0
490019,1,1,0,0,0,0,0,0,0,0,0,0
490019,2,1,0,0,0,0,0,0,0,0,0,0
490020,1,1,0,0,0,0,20,0,0,6,11,0
490021,1,1,0,0,0,0,0,0,0,0,0,0
490022,0,1,25,0,14,0,0,0,24,28,16,0
490022,0,2,0,4,10,0,0,0,11,0,0,25
490022,1,1,0,0,0,0,0,0,0,0,0,0
490023,1,1,0,0,0,0,0,0,0,0,0,0
490024,1,1,0,0,0,0,0,0,0,0,0,0
490025,1,1,22,22,22,22,22,22,22,22,22,22
490026,1,1,0,0,0,0,0,0,0,0,0,0
490027,1,1,0,0,0,0,0,0,0,0,0,0
490028,0,1,0,0,0,0,0,0,0,0,0,0
490028,0,2,0,0,0,0,0,0,0,0,0,0
490028,1,1,0,0,0,0,0,0,0,0,0,0
490029,1,1,0,0,0,0,0,0,0,0,0,0
490030,1,1,14,14,14,14,14,14,14,14,14,14
490030,2,1,0,0,0,0,0,0,0,0,0,0
490031,0,1,0,0,8,21,0,0,0,0,0,5
490031,1,1,0,0,0,0,0,0,0,0,0,0
490031,2,1,0,0,0,0,0,0,0,0,0,0
490032,1,1,0,0,0,0,0,0,0,0,0,0
490032,2,1,0,0,0,0,0,0,0,0,0,0
490033,1,1,0,0,0,0,0,0,0,0,0,0
490034,1,1,20,0,29,0,0,0,0,12,12,0
490035,0,1,0,0,0,0,0,0,0,0,0,0
490035,1,1,0,0,0,0,0,0,0,0,0,0
490036,1,1,0,0,0,0,0,0,0,5,0,0
490036,2,1,0,0,0,0,0,0,0,0,0,0
490037,0,1,0,0,0,0,0,0,0,0,0,12
490037,1,1,0,0,0,0,0,0,0,0,0,0
490038,1,1,0,0,0,0,0,0,0,0,0,0
490039,1,1,0,0,0,0,0,0,6,0,0,0
490040,1,1,18,18,18,18,18,18,18,18,18,18
490041,1,1,0,0,0,0,0,0,0,0,0,0
490042,0,1,13,19,0,35,15,0,9,19,0,6
490042,1,1,8,25,10,9,31,18,0,0,16,4
490043,1,1,0,0,0,0,0,0,0,0,0,0
490043,2,1,0,0,0,0,0,0,0,0,0,0
490044,1,1,0,0,0,0,0,0,0,0,0,0
490044,2,1,0,0,0,0,0,0,0,0,0,14
490045,1,1,21,21,21,21,21,21,21,21,21,21
490045,2,1,0,22,0,0,0,10,0,0,0,0
490046,1,1,0,0,0,0,0,0,0,0,0,0
490046,2,1,0,0,0,0,0,0,0,0,0,0
490047,1,1,0,0,0,0,0,0,0,0,0,0
490047,2,1,0,0,0,0,0,0,0,0,0,0
490047,3,1,0,0,0,0,0,0,27,0,0,0
490048,1,1,0,0,0,0,0,0,0,0,0,0
490048,2,1,0,0,0,0,0,0,0,0,0,0
490049,1,1,0,0,0,0,0,0,0,0,0,0
490049,2,1,0,0,0,0,0,0,0,0,0,0
490050,1,1,0,0,0,0,0,0,0,0,0,0
490050,2,1,0,0,0,0,0,0,0,0,0,0
490050,3,1,0,0,0,0,0,0,0,0,0,0
490051,1,1,4,4,4,4,4,4,4,4,4,4
490051,2,1,0,0,0,0,0,0,0,0,0,0
490051,3,1,0,0,0,0,0,0,0,15,0,0
490052,1,1,0,0,0,0,0,0,0,0,0,10
490052,2,1,0,0,0,0,0,0,0,0,0,0
490053,1,1,0,0,0,0,0,0,0,0,0,0
490053,2,1,0,0,0,0,0,0,0,0,0,0
490054,1,1,24,24,24,24,24,24,24,24,24,24
490055,1,1,0,0,0,0,0,0,0,0,0,0
490056,1,1,0,0,0,0,0,0,0,0,0,0
490056,2,1,0,0,0,0,0,14,0,0,0,0
490057,1,1,0,0,0,0,0,0,0,0,0,0
490058,0,1,0,0,0,0,4,0,0,0,0,0
490058,1,1,0,0,0,0,0,0,0,0,0,0
490059,1,1,0,0,0,0,0,0,0,0,0,0
490059,2,1,0,0,0,0,0,0,0,0,0,0
490060,1,1,0,0,0,0,0,0,0,0,0,0
490061,1,1,0,0,0,0,0,0,0,0,0,0
490061,2,1,0,0,0,0,0,0,0,0,0,0
490062,1,1,0,0,0,0,0,0,0,0,0,0
490062,2,1,0,0,0,0,0,0,0,0,0,45
490062,3,1,0,0,0,0,0,0,0,0,0,0
490063,1,1,0,0,0,0,0,0,0,0,0,0
490063,2,1,0,0,0,0,0,0,0,0,0,0
490064,1,1,0,0,0,0,0,0,0,0,0,0
490065,1,1,0,0,0,0,0,0,0,0,0,0
490065,2,1,0,0,0,0,0,0,0,0,0,0
490066,1,1,0,0,0,0,0,0,0,0,0,0
490067,1,1,0,0,0,0,0,0,0,0,0,0
490068,1,1,0,0,0,14,0,0,14,0,0,0
490068,2,1,0,0,0,0,0,0,0,0,0,0
490069,1,1,0,0,0,0,26,0,0,0,0,0
490070,1,1,0,0,0,0,0,0,0,0,0,0
490070,2,1,0,0,0,0,0,0,0,0,0,0
490071,1,1,0,0,0,0,0,0,0,0,0,0
490071,2,1,0,0,0,0,0,0,0,0,0,0
490072,1,1,0,0,0,0,0,0,0,0,0,0
490073,0,1,12,19,0,0,0,0,0,0,17,0
490073,1,1,0,0,0,0,0,0,0,0,0,0
490074,1,1,0,0,0,0,0,0,0,0,0,0
490074,2,1,21,21,21,21,21,21,21,21,21,21
490075,1,1,0,0,0,0,0,0,0,0,0,0
490075,2,1,0,0,0,0,9,0,0,0,0,0
490076,1,1,11,11,11,11,11,11,11,11,11,11
490076,2,1,0,0,0,0,0,0,0,0,0,0
490077,1,1,0,0,0,0,0,0,0,0,0,0
490077,2,1,0,0,0,0,0,0,0,0,0,0
490077,3,1,0,0,0,0,0,0,0,0,0,0
490078,1,1,0,0,0,0,0,0,0,0,0,0
490079,1,1,0,0,0,0,0,0,10,0,0,0
490080,1,1,0,0,0,0,0,0,0,0,0,0
490081,1,1,0,0,0,0,0,0,0,0,0,0
490081,2,1,0,0,0,0,0,0,0,0,0,0
490082,1,1,18,0,0,0,21,0,0,0,0,23
490083,1,1,0,0,0,0,0,0,0,0,0,0
490083,2,1,0,0,0,0,0,0,0,0,0,0
490083,3,1,0,0,0,0,0,0,0,0,0,0
490084,1,1,0,0,0,0,0,0,0,0,0,0
490084,2,1,0,0,7,0,0,0,0,0,0,0
490085,1,1,0,0,0,0,0,0,0,0,0,0
490085,2,1,0,0,0,12,0,0,8,0,15,0
490086,1,2,0,23,0,26,17,8,0,0,17,0
490087,1,1,0,0,0,0,0,0,0,0,0,0
490089,1,1,0,31,22,15,9,19,19,13,0,0
490090,1,1,3,3,3,3,3,3,3,3,3,3
490091,1,1,26,26,26,26,26,26,26,26,26,26
490092,1,1,0,0,0,0,0,0,0,22,0,26
490093,0,1,7,18,36,26,19,8,11,17,26,19
490093,1,1,0,0,9,0,0,0,0,0,0,0
490094,1,1,0,0,0,0,0,0,0,0,0,0
490095,1,1,0,0,0,0,0,0,0,0,0,0
490096,1,1,18,18,18,18,18,18,18,18,18,18
490097,0,1,0,0,0,0,0,30,0,0,0,0
490097,1,1,28,0,0,31,8,23,0,0,0,17
490098,1,1,0,0,0,0,0,0,0,0,0,0
490098,2,1,0,0,0,0,0,0,0,0,0,0
490099,1,1,0,0,0,0,0,0,0,0,0,0
490099,2,1,0,0,0,0,0,0,0,0,0,0
490100,1,1,0,0,0,0,0,0,0,0,3,0
490100,2,1,0,0,0,0,0,0,24,0,0,0
490101,1,1,0,0,0,0,0,0,0,0,0,0
490102,1,1,0,0,0,0,0,0,0,0,0,0
490102,2,1,0,0,0,0,0,0,0,0,0,0
490102,3,1,0,0,0,0,12,0,0,0,0,0
490103,1,1,0,0,0,0,0,0,0,0,0,0
490103,2,1,0,0,0,0,0,0,0,0,0,0
490103,3,1,0,0,0,0,0,0,0,0,0,0
490104,1,1,0,0,0,0,0,0,0,0,0,0
490105,0,1,0,0,0,0,0,0,0,0,0,0
490105,1,1,0,0,0,0,0,0,0,0,0,0
490105,3,1,0,0,0,0,0,0,0,0,0,0
490106,1,1,0,0,0,0,0,0,0,0,0,0
490106,2,1,0,0,0,0,0,0,0,0,0,0
490107,1,1,0,0,0,0,0,0,0,0,0,0
490108,1,1,0,0,0,0,0,0,0,0,11,6
490109,0,1,0,0,0,8,0,10,0,16,10,0
490109,1,1,0,0,0,0,0,0,0,0,0,0
490110,1,1,0,0,0,0,0,0,0,0,0,0
490110,2,1,0,0,0,0,0,0,0,0,0,0
490111,1,1,0,0,0,0,0,0,0,0,0,0
490111,2,1,0,0,0,0,0,0,0,0,0,0
490112,1,1,0,0,0,0,0,0,0,0,0,0
490113,1,1,0,0,0,0,0,0,0,0,0,0
490114,0,1,12,22,20,14,15,14,24,0,0,0
490114,1,1,0,0,0,0,0,0,0,0,0,0
490115,1,1,33,15,31,17,19,21,28,10,16,23
490115,2,1,0,0,0,0,0,0,0,0,0,0
490116,1,1,20,26,0,4,0,6,0,26,0,17
490117,1,1,25,25,25,25,25,25,25,25,25,25
490118,1,1,0,0,0,0,3,0,0,0,0,0
490118,2,1,0,0,0,0,0,0,0,0,0,0
490119,1,1,0,0,0,0,0,0,14,0,0,0
490119,2,1,0,0,0,0,0,0,0,0,0,0
490120,1,1,0,0,0,0,0,0,0,0,0,0
490121,0,1,0,0,0,0,0,0,0,0,0,4
490121,1,1,0,12,0,0,0,0,0,0,0,0
490122,1,1,22,8,0,16,0,26,0,19,0,0
490123,1,1,0,0,0,0,0,0,0,0,0,0
490124,1,1,0,0,14,0,0,0,14,24,19,0
490125,0,1,0,28,0,0,12,12,0,0,0,0
490125,1,1,0,0,0,0,0,0,0,0,0,0
490126,1,1,0,0,0,0,0,0,0,0,0,0
490127,1,1,0,0,0,0,0,0,0,0,0,0
490128,1,1,0,0,0,0,0,0,0,0,0,0
490129,1,1,0,0,0,0,0,0,0,0,0,0
490130,0,1,0,0,0,0,0,0,0,0,0,0
490130,1,1,0,0,0,0,0,0,0,0,8,0
490131,1,1,0,0,0,0,0,0,0,0,0,0
490131,2,1,0,0,0,0,0,0,0,0,0,0
490131,3,1,0,0,0,0,0,0,0,0,0,0
490131,4,1,0,0,0,0,0,0,0,0,0,0
490132,1,1,0,0,0,0,0,0,0,0,0,31
490133,1,1,14,14,14,14,14,14,14,14,14,14
490133,2,1,0,0,0,0,0,0,0,0,0,0
490133,3,1,0,0,0,0,0,0,0,0,0,0