ST_CASE,VEH_NO,PER_NO,P1,P2,P3,P4,P5,P6,P7,P8,P9,P10
490133,4,1,0,0,0,0,31,0,0,0,0,16
490133,5,1,0,0,0,0,0,0,0,0,0,0
490133,6,1,0,0,0,0,0,0,0,0,0,0
490133,7,1,0,0,0,0,0,0,0,0,0,0
490134,1,1,0,0,0,0,0,0,0,0,0,0
490134,2,1,0,23,0,12,0,0,7,7,0,0
490135,1,1,0,0,0,0,0,0,0,0,0,0
490135,2,1,0,0,0,0,0,0,0,0,0,0
490136,1,1,0,0,0,0,0,0,0,0,0,0
490136,2,1,0,0,0,0,0,0,0,0,0,0
490137,1,1,0,0,0,0,0,0,0,0,0,0
490137,2,1,0,0,0,0,0,0,0,0,0,0
490137,3,1,0,0,0,0,0,0,0,0,0,0
490138,1,1,0,0,0,0,0,0,0,0,0,0
490138,2,1,0,0,0,0,0,0,0,0,0,0
490139,1,1,0,0,0,0,0,0,0,0,0,0
490139,2,1,0,0,0,0,0,0,0,0,0,0
490140,1,1,0,0,0,0,0,0,0,0,0,0
490140,2,1,0,0,0,0,0,0,0,0,0,0
490140,3,1,0,0,0,0,0,0,0,0,0,0
490141,1,1,0,0,0,0,0,0,0,0,0,0
490142,0,1,50,0,0,31,18,25,9,35,13,23
490142,1,1,0,0,0,0,0,0,0,0,0,0
490143,1,1,7,7,7,7,7,7,7,7,7,7
490144,1,1,0,0,0,0,0,0,0,0,0,0
490144,2,1,0,0,0,0,0,0,0,0,0,0
490145,1,1,0,0,0,0,0,0,0,0,0,0
490145,2,1,0,0,11,0,0,0,0,0,0,0
490146,1,1,0,0,0,0,0,0,0,0,17,0
490147,1,1,24,24,24,24,24,24,24,24,24,24
490148,1,1,0,0,0,0,0,0,0,0,0,0
490149,1,1,0,0,0,0,0,0,0,0,0,0
490150,0,1,4,0,30,0,21,15,0,0,13,20
490150,1,1,0,0,0,0,0,0,0,0,0,0
490151,0,1,0,0,0,0,0,0,0,0,0,0
490151,1,1,0,0,0,0,0,0,0,0,0,0
490152,1,1,0,0,0,0,0,0,0,0,0,20
490153,0,1,0,22,0,0,18,0,17,0,0,0
490153,1,1,0,0,0,0,0,0,0,0,0,0
490154,1,1,0,0,0,0,0,0,0,0,0,0
490155,1,1,43,43,43,43,43,43,43,43,43,43
490156,1,1,13,13,13,13,13,13,13,13,13,13
490157,1,1,0,0,0,0,0,0,0,0,0,0
490158,0,1,11,11,11,11,11,11,11,11,11,11
490158,1,1,0,0,0,0,0,0,0,0,0,0
490159,0,1,0,0,13,30,0,24,47,19,16,0
490159,1,1,0,0,0,0,0,0,0,0,0,0
490160,1,1,0,0,0,0,0,0,0,0,0,0
490161,1,1,0,0,0,0,0,0,0,0,0,0
490162,1,1,0,0,0,0,0,0,0,0,0,0
490162,2,1,0,0,0,0,0,0,0,0,0,0
490163,1,1,0,0,0,0,0,0,0,0,0,0
490163,2,1,0,0,0,0,0,0,0,0,0,0
490164,1,1,27,27,27,27,27,27,27,27,27,27
490165,1,1,0,0,0,0,0,0,0,0,0,0
490166,1,1,9,0,0,10,0,40,31,0,0,6
490167,1,1,0,0,0,0,0,0,0,0,0,0
490168,1,1,0,0,0,0,0,0,0,0,0,0
490168,2,1,0,0,0,0,0,0,0,0,0,0
490169,1,1,0,0,0,0,0,0,0,0,0,0
490170,1,1,0,0,0,0,0,0,0,0,0,0
490171,0,1,0,17,0,0,41,12,0,0,0,0
490171,1,1,0,0,0,0,0,0,0,0,0,0
490172,1,1,0,0,0,0,0,0,0,0,0,0
490172,2,1,0,0,0,0,0,0,0,0,0,0
490172,3,1,0,0,0,0,0,0,0,0,0,0
490173,0,1,0,0,21,12,30,0,0,33,28,0
490173,1,1,0,0,0,0,0,0,0,0,0,0
490173,2,1,0,0,0,0,0,0,0,0,0,0
490174,1,1,1,1,1,1,1,1,1,1,1,1
490175,1,1,0,0,0,0,0,0,0,23,0,0
490176,1,1,0,0,0,0,0,0,0,0,0,0
490176,2,1,0,0,0,0,0,0,0,0,0,0
490177,1,1,0,0,0,0,0,0,0,0,0,0
490177,2,1,0,0,0,0,0,0,0,0,0,0
490178,1,1,6,6,6,6,6,6,6,6,6,6
490178,2,1,0,0,0,0,0,0,0,0,0,0
490179,1,1,0,0,0,0,0,0,0,0,0,0
490179,2,1,0,0,0,0,0,0,0,0,0,0
490180,1,1,0,0,0,0,0,0,0,0,0,0
490180,2,1,0,0,0,0,0,0,0,0,0,0
490181,1,1,0,0,0,0,0,0,0,0,0,0
490181,2,1,0,0,0,0,0,0,0,0,0,0
490182,1,1,0,0,0,0,0,0,0,0,0,0
490183,0,1,0,23,0,6,0,0,0,0,0,0
490183,1,1,0,0,0,0,0,0,0,0,0,0
490184,1,1,0,0,0,0,0,0,0,0,0,0
490185,1,1,0,0,0,0,0,0,0,0,0,0
490186,0,1,0,0,0,0,0,0,0,0,0,0
490186,1,1,0,0,0,0,0,0,0,0,0,0
490187,1,1,21,21,21,21,21,21,21,21,21,21
490188,0,1,0,0,0,0,0,0,0,0,11,0
490188,1,1,0,0,0,0,0,0,0,0,0,0
490189,1,1,0,0,0,0,0,0,0,0,0,0
490190,0,1,0,0,0,0,12,26,0,0,19,35
490190,1,1,0,0,0,0,0,0,0,0,0,0
490191,1,1,17,17,17,17,17,17,17,17,17,17
490192,1,1,21,21,21,21,21,21,21,21,21,21
490193,0,1,0,0,30,0,0,0,0,0,0,20
490193,1,1,0,0,0,0,0,0,0,0,0,0
490194,1,1,0,0,0,0,0,0,0,0,0,0
490195,1,1,0,0,0,0,0,0,0,0,0,0
490195,2,1,0,0,0,0,0,0,0,0,0,0
490196,1,1,0,0,0,0,0,0,0,0,0,0
490196,2,1,0,0,0,0,0,0,0,0,0,0
490197,1,1,0,0,0,0,0,0,0,0,0,0
490197,2,1,0,0,0,0,0,0,0,0,0,0
490198,1,1,0,0,0,0,0,0,0,0,0,0
490198,2,1,0,0,0,0,0,0,0,0,0,0
490199,0,1,37,26,28,0,0,0,22,21,6,0
490199,1,1,0,0,8,0,0,0,0,8,0,0
490200,0,1,23,19,7,0,0,0,25,14,11,0
490200,1,1,0,0,0,15,0,0,0,0,0,0
490201,1,1,4,4,4,4,4,4,4,4,4,4
490201,2,1,0,0,0,34,0,0,0,0,0,0
500001,0,1,10,10,10,10,10,10,10,10,10,10
500001,1,1,0,0,0,0,0,0,0,0,0,0
500002,1,1,9,9,9,9,9,9,9,9,9,9
500002,2,1,0,0,0,0,0,0,0,0,0,0
500003,1,1,18,18,18,18,18,18,18,18,18,18
500004,1,1,8,8,8,8,8,8,8,8,8,8
500005,1,1,0,0,0,0,0,0,0,0,0,0
500005,2,1,0,0,0,0,0,0,0,0,0,0
500006,1,1,24,24,24,24,24,24,24,24,24,24
500007,1,1,17,17,17,17,17,17,17,17,17,17
500008,1,1,0,0,0,0,0,0,0,0,0,0
500009,1,1,0,0,0,0,0,0,0,0,0,0
500010,1,1,0,0,0,0,0,0,0,0,0,0
500011,0,1,0,0,0,0,0,0,10,0,0,0
500011,1,1,0,0,0,0,0,0,0,0,0,0
500012,1,1,0,0,0,0,0,0,0,0,0,0
500013,0,1,0,0,0,0,0,0,0,0,0,0
500013,0,2,26,16,0,0,0,0,29,12,0,21
500013,1,1,2,22,0,0,18,0,0,0,0,0
500014,0,1,0,0,0,0,0,0,0,0,0,0
500014,1,1,0,0,0,0,0,0,23,0,0,18
500015,1,1,23,0,0,21,0,29,0,0,0,0
500015,2,1,0,0,0,0,0,0,0,0,0,0
500016,0,1,0,0,0,0,0,37,0,0,10,0
500016,1,1,0,0,0,0,0,0,0,0,0,0
500017,1,1,0,0,0,0,0,0,0,0,0,0
500018,1,2,21,18,32,0,0,20,21,12,31,23
500019,1,1,0,0,0,0,0,0,0,0,0,0
500020,1,1,0,0,0,0,0,0,0,0,0,0
500021,1,1,0,0,0,0,0,0,0,0,0,0
500021,2,1,0,0,0,0,0,0,0,0,0,0
500022,1,1,0,0,0,0,0,0,0,0,0,0
500023,1,1,0,0,0,0,0,0,0,0,0,0
500023,2,1,0,0,0,0,0,0,0,0,0,0
500024,1,1,20,20,20,20,20,20,20,20,20,20
500025,1,1,0,0,0,0,0,0,0,0,0,0
500026,1,1,13,13,13,13,13,13,13,13,13,13
500027,1,1,14,14,14,14,14,14,14,14,14,14
500028,1,1,15,15,15,15,15,15,15,15,15,15
500029,1,1,0,29,0,0,0,0,10,0,0,0
500030,1,1,9,9,9,9,9,9,9,9,9,9
500030,2,1,0,0,0,0,0,0,0,0,0,0
500031,1,1,17,0,0,0,0,0,0,0,0,6
500032,1,1,26,26,26,26,26,26,26,26,26,26
500033,1,1,11,11,11,11,11,11,11,11,11,11
500034,1,1,9,9,9,9,9,9,9,9,9,9
500035,1,1,0,0,0,0,0,0,0,0,0,23
500035,2,1,0,0,0,0,0,0,0,0,0,0
500036,1,1,0,0,0,0,0,0,0,0,0,0
500037,1,1,0,0,0,0,0,0,0,0,0,0
500038,1,1,14,14,14,14,14,14,14,14,14,14
500039,1,1,0,0,0,0,0,0,0,0,0,0
500039,2,1,0,0,0,0,0,0,0,0,0,0
500039,3,1,0,0,0,0,0,0,0,0,0,0
500040,1,1,0,0,0,0,0,0,0,0,0,0
500041,1,1,0,0,0,0,0,0,0,0,0,0
500041,2,1,0,0,0,0,0,0,0,0,0,0
500042,1,1,0,0,0,0,0,0,0,0,0,0
500043,1,1,11,11,11,11,11,11,11,11,11,11
500044,1,1,0,0,0,0,0,0,0,0,0,0
500044,2,1,0,0,0,0,0,0,0,0,0,0
500045,1,1,0,0,0,0,0,0,0,0,0,0
500045,2,1,1,1,1,1,1,1,1,1,1,1
500046,1,1,19,0,30,0,0,0,0,0,25,0
500047,1,1,16,16,16,16,16,16,16,16,16,16
500048,1,1,0,0,0,0,0,0,0,0,0,0
500049,1,1,0,0,0,0,0,0,0,0,0,0
500049,2,1,0,0,0,0,0,0,0,0,0,0
500049,3,1,0,0,0,0,0,0,0,0,0,0
500050,1,1,33,33,33,33,33,33,33,33,33,33
500051,1,1,11,11,11,11,11,11,11,11,11,11
500052,1,1,0,0,0,0,0,0,0,0,0,0
500052,2,1,0,0,0,0,0,0,0,0,0,0
500053,1,1,27,0,0,9,0,0,0,0,0,0
500054,1,1,3,3,3,3,3,3,3,3,3,3
500054,2,1,0,0,0,0,0,0,0,0,0,0
500055,1,1,0,0,0,0,0,0,0,0,0,0
500055,2,1,0,0,0,0,0,0,0,0,0,0
500056,0,1,0,0,0,0,0,0,0,0,0,0
500056,1,1,0,0,0,0,0,0,0,0,0,0
500057,1,1,22,22,22,22,22,22,22,22,22,22
500058,1,1,26,26,26,26,26,26,26,26,26,26
500059,0,1,20,20,20,20,20,20,20,20,20,20
500059,1,1,0,0,0,0,0,7,0,0,0,0
500060,1,1,0,0,0,0,0,0,0,0,0,0
500060,2,1,0,0,0,0,0,0,0,0,0,0
500061,1,1,0,0,0,0,0,0,0,0,0,0
500061,2,1,0,0,0,0,0,0,0,0,0,0
500062,1,1,0,0,0,0,0,0,0,0,0,0
500062,2,1,0,0,0,0,0,0,0,0,0,0
500062,3,1,0,0,0,0,0,0,0,0,0,0
500063,1,1,0,0,0,0,0,0,0,0,0,0
500064,0,1,0,0,0,0,0,0,0,0,0,0
500064,1,1,0,0,0,0,0,0,0,0,0,0
500065,1,1,0,0,0,0,0,0,0,0,0,0
500065,2,1,0,0,0,0,0,0,0,0,2,0
500066,0,1,0,0,0,0,0,0,0,0,0,0
500066,0,2,0,0,0,0,0,0,0,0,0,0
500066,1,1,0,0,0,0,0,0,0,0,0,0
500067,1,1,0,0,0,0,0,0,0,0,0,0
500067,2,1,0,0,0,0,0,0,0,0,0,0
500068,1,1,30,30,30,30,30,30,30,30,30,30
500068,2,1,0,0,0,0,0,0,0,0,0,0
500069,1,1,0,0,0,0,0,0,0,0,0,0
500069,2,1,0,0,0,0,0,0,0,0,0,0
500069,3,1,0,0,0,0,0,0,0,0,0,0
500069,4,1,0,0,0,0,0,0,0,6,0,14
500070,0,1,23,23,23,23,23,23,23,23,23,23
500070,1,1,0,0,0,0,0,0,0,0,0,0
510001,0,1,0,0,0,0,0,0,0,0,0,0
510001,1,1,0,0,0,23,0,0,0,0,0,0
510002,1,1,0,0,0,0,0,0,0,0,0,0
510002,2,1,0,0,0,0,0,0,0,0,0,0
510003,1,1,0,0,0,0,0,0,0,0,0,0
510003,2,1,0,0,0,0,0,0,0,0,0,0
510004,1,1,0,0,0,0,0,0,0,0,0,0
510004,2,1,0,0,0,0,0,0,0,0,0,0
510005,1,1,0,0,0,9,10,18,28,26,0,0
510006,1,1,16,16,16,16,16,16,16,16,16,16
510007,1,1,0,26,15,12,26,0,14,8,26,17
510007,2,1,0,0,0,0,0,0,0,0,0,0
510008,1,1,0,0,0,0,0,0,0,0,0,0
510009,1,2,0,0,0,0,0,0,0,0,0,0
510009,2,1,0,0,0,0,0,0,0,0,0,0
510010,1,1,0,0,0,0,0,0,0,0,0,0
510011,1,1,29,29,29,29,29,29,29,29,29,29
510012,1,1,0,0,0,0,0,0,0,0,0,0
510012,2,1,10,0,0,0,0,0,0,0,0,0
510013,1,1,13,0,18,0,0,0,0,0,7,7
510014,1,1,0,0,0,0,0,0,0,0,0,0
510015,1,1,11,11,11,11,11,11,11,11,11,11
510016,1,1,0,0,0,0,0,0,0,0,0,0
510017,1,1,31,31,31,31,31,31,31,31,31,31
510018,1,1,17,17,17,17,17,17,17,17,17,17
510019,1,1,19,19,19,19,19,19,19,19,19,19
510020,1,1,0,14,11,19,21,14,5,26,10,21
510021,1,1,0,0,0,0,0,0,0,0,0,0
510022,1,1,0,0,0,0,0,0,0,0,0,0
510022,2,1,0,0,0,0,0,0,0,28,0,0
510023,1,1,0,0,0,0,0,0,0,0,0,0
510024,1,1,0,0,0,0,0,0,0,0,0,0
510024,2,1,0,0,0,0,0,0,0,0,0,0
510025,1,1,0,0,0,0,0,0,0,0,0,0
510025,2,1,0,0,0,0,0,0,0,0,0,0
510025,3,1,0,0,0,0,0,0,0,0,0,0
510026,1,1,15,15,15,15,15,15,15,15,15,15
510027,0,1,0,0,0,0,0,0,0,0,0,0
510027,1,1,0,0,0,0,0,0,0,0,0,0
510028,1,1,0,0,0,0,0,0,0,0,0,0
510028,2,1,0,0,0,0,0,0,0,0,0,0
510029,1,1,0,0,0,0,0,0,0,0,0,0
510030,0,1,0,0,0,0,0,0,0,0,0,0
510030,1,1,0,0,0,0,0,0,0,0,11,0
510030,3,1,0,0,0,0,0,0,0,0,0,0
510031,1,1,0,0,0,0,0,0,0,0,0,0
510031,2,1,0,0,0,0,0,0,0,0,0,0
510032,1,1,0,0,0,0,15,0,0,0,0,0
510032,2,1,0,0,0,0,0,0,0,0,0,0
510032,3,1,0,0,0,0,0,0,0,0,0,0
510033,1,1,2,2,2,2,2,2,2,2,2,2
510034,0,1,0,0,0,0,0,0,0,0,0,0
510034,1,1,0,0,0,0,0,0,0,0,0,0
510035,1,1,0,0,0,0,0,0,0,0,0,0
510036,1,1,28,28,28,28,28,28,28,28,28,28
510036,2,1,0,0,0,0,0,0,0,0,0,0
510037,1,1,15,15,15,15,15,15,15,15,15,15
510038,1,1,17,17,17,17,17,17,17,17,17,17
510039,0,1,0,0,0,0,0,0,0,0,0,0
510039,1,1,0,0,0,0,0,0,0,0,0,0
510040,0,1,0,0,0,0,0,0,0,0,0,0
510040,1,1,0,0,0,0,0,0,0,0,0,0
510041,1,1,0,0,0,0,0,0,0,0,0,0
510041,2,1,0,0,0,0,0,0,0,0,0,0
510042,0,1,24,24,24,24,24,24,24,24,24,24
510042,1,1,0,0,9,0,0,20,0,0,0,8
510043,0,1,0,0,0,0,0,0,0,0,0,0
510043,1,1,0,0,0,0,0,0,0,0,0,0
510044,1,1,15,14,12,4,19,9,33,16,18,7
510045,1,1,0,0,0,0,0,0,0,0,0,0
510045,2,1,0,0,0,0,0,0,14,0,0,0
510046,1,1,9,9,9,9,9,9,9,9,9,9
510047,1,1,0,0,0,0,0,0,0,0,0,0
510047,2,1,1,1,1,1,1,1,1,1,1,1
510048,1,1,0,0,0,0,0,0,0,0,0,0
510048,2,1,0,0,0,0,0,0,0,0,0,0
510049,0,1,19,19,19,19,19,19,19,19,19,19
510049,1,1,0,0,0,0,0,0,0,0,0,0
510050,0,1,0,0,0,0,0,0,0,0,0,0
510050,1,1,0,0,0,0,0,0,0,0,0,0
510051,1,1,0,0,0,0,0,0,0,0,0,0
510051,2,1,0,0,0,0,0,0,0,0,0,0
510051,3,1,0,0,0,0,0,0,0,0,0,0
510051,4,1,0,0,0,0,0,0,0,0,0,0
510052,0,1,0,0,0,0,0,0,0,0,0,0
510052,0,2,0,0,0,0,0,0,0,0,0,0
510052,1,1,15,15,15,15,15,15,15,15,15,15
510053,0,1,0,0,0,0,0,0,0,0,0,0
510053,1,1,0,0,0,0,0,0,0,0,0,0
510054,1,1,0,0,0,0,0,0,0,0,0,0
510055,1,1,0,0,0,0,0,0,0,0,0,0
510055,2,1,0,0,0,0,0,0,0,0,0,0
510056,0,1,24,24,24,24,24,24,24,24,24,24
510056,1,1,0,0,0,0,0,0,0,0,0,0
510057,1,1,21,21,21,21,21,21,21,21,21,21
510058,1,1,0,0,0,0,0,0,0,0,0,0
510058,2,1,0,0,0,0,0,0,0,0,0,0
510059,1,1,0,0,0,0,0,0,0,0,0,0
510059,2,1,0,0,0,0,0,0,0,0,0,0
510060,1,1,0,0,0,0,0,0,0,0,0,0
510060,2,1,0,0,0,0,0,0,0,0,0,8
510061,1,1,0,0,0,13,0,23,0,25,0,12
510062,1,1,0,0,0,0,0,0,0,0,0,0
510062,2,1,0,0,0,0,0,0,0,0,0,0
510062,3,1,0,0,0,0,0,0,0,0,0,0
510063,1,1,0,0,0,0,0,0,0,0,0,0
510063,2,1,0,0,0,0,0,0,0,0,6,0
510064,1,1,0,0,0,0,0,0,0,0,0,0
510065,1,1,14,14,14,14,14,14,14,14,14,14
510065,2,1,0,0,0,0,0,0,0,0,0,3
510066,1,1,0,0,0,0,0,0,0,0,0,0
510067,1,1,0,0,0,0,0,0,0,0,0,0
510068,0,1,0,0,0,0,0,0,0,0,0,0
510068,1,1,0,0,0,0,0,0,0,0,0,0
510069,1,1,23,23,23,23,23,23,23,23,23,23
510070,1,1,17,17,17,17,17,17,17,17,17,17
510071,1,1,21,21,21,21,21,21,21,21,21,21
510072,1,1,0,0,0,0,0,0,0,0,0,0
510072,2,1,0,0,0,0,0,0,0,0,0,0
510073,1,1,21,21,21,21,21,21,21,21,21,21
510074,1,1,0,0,0,0,0,0,0,0,0,0
510074,2,1,0,0,0,0,0,0,0,0,0,0
510075,1,1,0,0,0,0,0,0,0,0,0,0
510075,2,1,0,0,0,0,0,0,0,0,0,0
510076,1,1,0,0,0,0,0,0,0,0,0,0
510077,1,1,2,2,2,2,2,2,2,2,2,2
510078,1,1,2,2,2,2,2,2,2,2,2,2
510079,1,1,0,0,0,0,0,0,0,0,0,0
510080,1,1,23,23,23,23,23,23,23,23,23,23
510081,1,1,0,0,0,0,0,0,0,0,0,0
510081,2,1,0,0,0,0,24,0,0,0,0,0
510082,1,1,0,0,0,0,0,0,0,0,0,0
510083,1,1,0,0,0,0,0,0,0,0,0,0
510084,1,1,25,3,22,15,30,12,9,13,33,14
510084,2,1,36,0,14,16,0,0,0,0,5,0
510085,0,1,29,29,29,29,29,29,29,29,29,29
510085,1,1,0,0,0,0,0,0,0,0,0,0
510086,1,1,0,0,0,0,0,0,0,0,0,0
510087,1,1,20,20,20,20,20,20,20,20,20,20
510088,1,1,5,5,5,5,5,5,5,5,5,5
510088,2,1,0,0,0,0,0,0,0,0,8,0
510089,0,1,0,0,0,0,0,0,0,0,0,0
510089,1,1,0,0,0,0,0,0,0,0,0,0
510090,1,1,0,0,0,0,0,0,0,0,0,0
510091,1,1,17,17,17,17,17,17,17,17,17,17
510092,1,1,0,0,0,0,0,0,0,0,0,0
510093,1,1,0,0,0,0,0,0,0,0,0,0
510093,2,1,0,9,0,0,0,0,0,0,0,16
510094,1,1,32,32,32,32,32,32,32,32,32,32
510095,0,1,0,0,0,0,0,0,0,0,0,0
510095,1,1,0,0,0,0,0,0,0,0,0,0
510096,0,1,5,5,5,5,5,5,5,5,5,5
510096,1,1,8,0,0,0,0,0,0,0,0,0
510097,0,1,0,0,0,0,0,0,0,0,0,0
510097,1,1,6,6,14,21,23,5,21,24,28,13
510098,1,1,0,0,0,0,0,0,0,0,0,0
510099,1,1,0,0,0,0,0,0,0,0,0,0
510100,1,1,0,0,0,0,0,0,0,0,0,0
510101,0,1,19,19,19,19,19,19,19,19,19,19
510101,1,1,0,0,26,0,0,0,0,0,17,0
510102,1,1,0,0,0,0,0,0,0,0,0,0
510102,2,1,21,21,21,21,21,21,21,21,21,21
510103,1,1,0,0,0,0,0,0,0,0,0,0
510103,2,1,0,0,0,0,0,0,0,0,0,0
510104,0,1,0,0,0,0,22,0,0,0,0,0
510104,1,1,0,0,0,0,0,0,10,0,0,0
510105,1,1,16,16,16,16,16,16,16,16,16,16
510106,1,1,21,21,21,21,21,21,21,21,21,21
510107,0,1,27,27,27,27,27,27,27,27,27,27
510107,1,1,10,0,0,0,10,0,0,0,2,18
510108,1,1,0,0,0,0,0,15,0,0,0,11
510108,2,1,0,0,0,0,0,0,0,0,0,0
510109,1,1,0,0,0,0,0,0,0,0,0,0
510110,1,1,24,24,24,24,24,24,24,24,24,24
510111,1,1,0,0,0,0,0,0,0,0,0,0
510112,1,1,45,0,0,0,13,0,0,17,28,0
510113,1,1,0,0,0,0,0,0,0,0,0,0
510114,1,1,17,17,17,17,17,17,17,17,17,17
510114,2,1,0,11,0,0,22,0,0,0,24,0
510115,1,1,0,0,0,0,0,0,0,0,0,0
510116,1,1,22,22,22,22,22,22,22,22,22,22
510117,0,1,0,0,0,0,21,0,0,0,0,0
510117,1,1,0,0,0,0,0,0,0,0,0,0
510118,1,1,0,0,0,0,0,0,0,0,0,0
510118,2,1,0,0,0,0,0,0,0,0,0,0
510119,1,1,0,0,0,0,0,0,0,0,0,0
510120,1,1,0,0,0,0,0,0,0,0,0,0
510121,1,1,0,0,0,0,0,0,0,0,0,0
510121,2,1,0,0,0,0,0,0,0,0,0,7
510121,3,1,0,0,0,0,0,0,0,0,0,0
510122,1,1,0,0,0,0,0,0,0,0,0,0
510123,1,1,0,0,0,0,0,0,0,0,0,0
510124,0,1,0,0,0,0,0,0,0,0,0,0
510124,1,1,0,0,0,0,0,0,0,0,0,0
510125,1,1,0,0,0,0,0,0,0,0,0,0
510126,1,1,0,0,0,0,0,0,0,0,0,0
510127,1,1,0,0,0,10,0,15,13,0,0,15
510128,1,1,25,25,25,25,25,25,25,25,25,25
510129,1,1,0,0,0,0,0,0,0,0,0,0
510129,2,1,0,0,0,0,0,0,0,0,0,0
510130,1,1,0,0,0,4,9,0,19,0,0,14
510130,2,1,0,0,0,0,7,0,12,0,0,0
510130,3,1,24,0,15,0,0,0,0,0,0,0
510131,1,1,8,16,25,20,24,27,14,0,11,0
510132,1,1,0,0,0,0,0,0,0,0,0,0
510132,2,1,0,0,0,0,0,0,0,12,0,0
510133,1,1,0,0,0,0,0,0,0,0,0,0
510134,1,1,1,1,1,1,1,1,1,1,1,1
510135,1,1,0,0,0,0,0,0,0,0,0,0
510136,1,1,0,0,0,0,0,0,0,0,0,0
510137,1,1,0,0,18,0,0,0,0,0,0,26
510138,1,1,0,0,0,0,0,0,0,0,0,0
510139,1,1,0,0,0,0,0,0,0,0,0,0
510139,2,1,0,0,0,0,0,0,0,0,0,0
510140,1,1,0,0,0,0,0,0,0,0,0,0
510140,2,1,0,0,0,0,0,6,0,0,0,0
510141,1,1,0,0,0,0,0,0,0,0,0,0
510141,2,1,0,0,0,0,0,0,0,0,0,0
510141,3,1,0,0,0,0,0,0,0,0,0,0
510141,4,1,0,0,0,0,0,0,0,0,0,0
510141,5,1,0,0,0,0,0,0,0,0,0,0
510142,1,1,0,0,0,0,0,0,0,0,0,0
510143,1,1,1,1,1,1,1,1,1,1,1,1
510144,1,1,0,0,0,0,0,0,0,0,0,0
510145,1,1,0,0,0,0,0,0,0,0,0,0
510145,2,1,0,0,0,0,0,0,0,0,0,0
510146,1,1,0,0,0,0,0,0,0,0,0,0
510146,2,1,0,0,0,0,0,0,0,0,0,0
510147,1,1,0,0,0,0,0,0,0,0,0,0
510148,1,1,0,0,0,0,0,0,0,0,0,0
510148,2,1,0,0,0,0,0,0,0,0,0,0
510149,1,1,0,0,0,0,0,0,0,0,0,0
510150,1,1,13,13,13,13,13,13,13,13,13,13
510151,1,1,0,0,0,0,0,0,0,0,0,0
510151,2,1,0,0,0,0,0,0,0,0,0,0
510152,0,1,3,3,3,3,3,3,3,3,3,3
510152,1,1,0,19,0,0,0,11,0,0,0,0
510153,1,1,0,0,0,0,0,0,0,0,0,0
510154,1,1,0,0,0,0,0,0,0,0,0,0
510155,1,1,0,0,0,0,0,0,0,0,0,0
510156,1,1,0,0,0,0,0,0,0,0,0,0
510156,2,1,0,0,0,0,0,0,0,0,0,0
510157,1,1,0,0,0,0,0,0,0,0,0,0
510157,2,1,0,0,0,0,0,0,0,0,0,0
510158,1,1,6,6,6,6,6,6,6,6,6,6
510159,1,1,0,0,0,0,0,0,0,0,0,0
510160,1,1,0,0,0,0,0,0,0,0,0,0
510161,1,1,0,0,0,0,0,0,0,0,0,0
510161,2,1,0,0,0,0,0,0,0,0,0,0
510162,1,1,0,0,0,0,0,0,0,0,0,0
510162,2,1,0,0,0,0,0,0,0,0,0,0
510163,1,1,0,0,0,0,0,0,0,0,0,0
510163,2,1,11,11,11,11,11,11,11,11,11,11
510163,3,1,0,0,12,0,0,0,0,0,0,0
510163,4,1,0,13,6,5,20,23,10,4,17,2
510164,1,1,0,0,0,0,0,0,0,0,0,0
510165,1,1,0,0,0,0,0,0,0,0,0,0
510166,1,1,0,0,0,0,0,0,0,0,0,0
510167,1,1,0,0,0,0,0,0,0,0,0,0
510167,2,1,0,0,0,0,0,0,0,0,0,0
510168,1,1,0,0,0,0,0,0,0,0,0,0
510168,2,1,0,0,0,0,0,0,0,0,0,0
510169,1,1,0,0,0,0,0,0,0,0,0,0
510169,2,1,0,0,0,0,0,0,0,0,0,0
510170,1,1,0,0,13,0,0,0,0,0,0,0
510171,1,1,12,0,0,28,0,0,0,0,0,0
510171,2,1,0,0,0,0,0,0,0,0,0,0
510172,0,1,0,0,0,0,0,0,0,0,0,0
510172,1,1,0,0,0,0,0,0,0,0,0,0
510173,1,1,0,0,0,0,0,0,0,0,0,0
510173,2,1,7,7,7,7,7,7,7,7,7,7
510174,1,1,19,19,19,19,19,19,19,19,19,19
510175,1,1,43,43,43,43,43,43,43,43,43,43
510175,2,1,0,12,0,0,0,0,0,0,0,0
510176,1,1,16,8,3,18,17,9,15,5,14,20
510176,2,1,19,19,19,19,19,19,19,19,19,19
510177,0,1,16,16,16,16,16,16,16,16,16,16
510177,0,2,0,30,33,25,14,20,0,16,0,15
510177,1,1,0,0,0,0,0,0,27,0,0,0
510178,1,1,0,0,0,0,0,0,0,0,0,0
510179,1,1,0,0,0,0,0,0,0,0,0,0
510179,2,1,0,0,14,15,0,0,0,0,0,0
510180,1,1,22,0,0,0,0,13,18,0,0,0
510181,0,1,0,0,0,0,19,0,0,0,0,0
510181,0,2,0,0,0,0,0,0,0,0,0,0
510181,1,1,0,0,0,0,0,0,0,0,0,0
510183,1,1,26,26,26,26,26,26,26,26,26,26
510184,1,1,1,1,1,1,1,1,1,1,1,1
510185,1,1,0,0,0,0,0,0,0,0,0,0
510186,1,1,13,13,13,13,13,13,13,13,13,13