ST_CASE,VEH_NO,PER_NO,P1,P2,P3,P4,P5,P6,P7,P8,P9,P10
510187,1,1,0,0,0,0,0,0,0,0,0,0
510187,2,1,0,0,0,0,0,0,0,0,0,0
510187,3,1,0,0,0,0,0,0,0,0,0,0
510188,1,1,12,23,17,25,13,11,0,26,43,24
510189,1,1,27,0,0,0,0,0,8,0,0,0
510189,2,1,0,0,0,0,0,0,0,0,0,0
510190,1,1,0,0,0,0,0,0,0,0,0,0
510191,0,1,0,0,0,0,0,0,0,0,0,0
510191,1,1,0,0,0,0,0,0,0,0,0,15
510192,1,1,22,22,22,22,22,22,22,22,22,22
510193,1,1,0,0,0,0,0,0,0,0,0,0
510194,0,1,27,27,27,27,27,27,27,27,27,27
510194,1,1,0,0,0,0,25,0,0,13,0,0
510195,1,1,0,0,0,0,0,0,0,0,0,0
510196,1,1,0,0,0,0,0,0,0,0,0,0
510196,2,1,0,0,0,0,0,0,0,0,0,0
510197,1,1,0,0,0,0,0,0,0,0,0,0
510197,2,1,0,0,0,0,0,0,0,0,0,0
510198,1,1,0,0,0,0,0,0,0,0,0,0
510199,0,1,0,0,0,0,0,0,0,0,0,0
510199,1,1,0,13,0,0,0,0,0,0,0,0
510200,1,1,0,0,0,0,0,0,0,0,0,0
510201,1,1,0,0,0,0,0,0,0,0,0,0
510201,2,1,0,0,0,0,0,0,0,0,0,0
510202,1,1,0,0,0,0,0,0,0,0,0,0
510202,2,1,0,0,0,0,0,0,0,0,0,0
510202,3,1,0,0,0,0,0,0,0,0,0,0
510203,0,1,24,24,24,24,24,24,24,24,24,24
510203,1,1,0,0,0,0,0,0,0,0,0,0
510203,2,1,0,0,0,0,0,0,27,0,0,0
510204,1,1,19,19,19,19,19,19,19,19,19,19
510204,2,1,0,0,0,0,0,0,13,0,0,0
510205,1,1,0,0,0,0,0,0,0,0,0,0
510205,2,1,0,0,0,0,0,0,0,0,0,0
510205,3,1,0,0,0,0,0,0,0,0,0,0
510206,1,1,0,0,0,0,0,0,0,0,0,0
510207,1,1,21,21,21,21,21,21,21,21,21,21
510207,2,1,0,0,0,0,0,0,0,0,0,0
510207,3,1,0,0,0,0,0,0,0,0,0,0
510207,4,1,0,0,0,0,0,0,0,0,0,0
510208,0,1,0,0,0,0,0,0,0,0,0,0
510208,1,1,0,0,0,0,0,0,0,0,0,0
510209,0,1,0,0,0,0,0,0,0,0,0,0
510209,1,1,17,0,0,12,0,0,30,0,0,14
510210,1,1,0,0,0,0,0,0,0,0,0,0
510210,2,1,0,0,0,21,6,15,0,0,0,0
510210,3,1,14,0,0,0,13,6,0,0,0,22
510211,1,1,0,0,0,0,0,0,0,0,0,0
510211,2,1,0,0,0,0,0,0,0,0,0,0
510212,1,1,26,26,26,26,26,26,26,26,26,26
510213,1,1,0,0,0,0,0,0,0,0,0,0
510213,2,1,0,0,0,0,0,0,0,0,0,0
510214,1,1,0,0,0,0,0,0,0,0,0,0
510214,2,1,0,0,0,0,0,0,0,0,0,0
510215,1,1,0,0,0,0,0,0,0,0,0,0
510215,2,1,0,0,0,0,0,0,0,0,0,0
510215,3,1,0,0,0,0,0,0,0,0,0,0
510216,1,1,3,3,3,3,3,3,3,3,3,3
510217,1,1,0,0,0,0,0,0,0,0,0,0
510217,2,1,0,0,0,13,0,0,0,0,0,0
510218,1,1,32,32,32,32,32,32,32,32,32,32
510219,1,1,19,19,19,19,19,19,19,19,19,19
510220,1,1,29,29,29,29,29,29,29,29,29,29
510220,2,1,0,0,0,0,0,0,0,0,0,0
510221,1,1,23,15,16,17,17,15,0,25,6,14
510221,2,1,0,0,0,0,0,0,0,0,0,0
510221,3,1,0,0,0,0,0,0,5,0,0,0
510222,1,1,8,8,8,8,8,8,8,8,8,8
510222,2,1,0,0,0,8,0,17,24,28,0,0
510223,1,1,13,13,13,13,13,13,13,13,13,13
510224,1,1,0,0,0,0,0,0,0,0,0,0
510225,1,1,0,0,0,0,0,0,0,0,0,0
510225,2,1,0,0,0,0,0,16,17,0,0,0
510225,3,1,0,0,12,0,0,0,0,0,0,0
510226,1,1,6,6,6,6,6,6,6,6,6,6
510227,1,1,0,0,0,0,0,0,0,0,0,0
510228,1,1,26,26,26,26,26,26,26,26,26,26
510228,2,1,0,0,0,0,0,0,0,0,0,0
510229,1,1,14,14,14,14,14,14,14,14,14,14
510230,1,1,19,19,19,19,19,19,19,19,19,19
510231,1,1,0,0,0,0,0,0,0,0,0,0
510232,1,1,0,0,0,0,0,0,0,0,0,0
510232,2,1,0,0,0,0,0,0,0,0,0,0
510233,1,1,0,0,0,0,0,0,0,0,0,0
510233,2,1,0,0,0,0,0,0,0,0,0,0
510234,1,1,23,23,23,23,23,23,23,23,23,23
510235,1,1,0,0,0,0,0,0,0,0,0,0
510235,2,1,0,0,0,0,0,0,0,0,0,0
510236,1,1,0,0,0,0,0,0,0,0,0,0
510236,2,1,8,8,8,8,8,8,8,8,8,8
510237,1,1,0,0,0,0,0,0,0,0,0,0
510237,2,1,0,0,0,0,0,0,0,0,0,0
510238,1,1,21,21,21,21,21,21,21,21,21,21
510239,1,1,0,0,0,0,0,0,0,0,0,0
510239,2,1,0,0,0,0,0,0,4,0,0,0
510240,1,1,0,0,0,0,0,0,0,0,0,0
510241,1,1,0,0,0,0,0,0,0,0,0,0
510241,2,1,0,0,0,0,0,0,0,0,0,0
510242,1,1,0,0,0,0,0,0,0,0,0,0
510242,2,1,0,0,0,0,0,0,0,0,0,0
510243,1,1,0,0,0,0,0,0,0,0,0,0
510244,1,1,0,0,0,0,0,0,0,0,0,0
510244,2,1,0,0,0,0,19,0,0,0,0,0
510245,1,1,9,0,12,26,20,2,19,9,17,17
510246,1,1,0,0,0,0,0,0,0,0,0,0
510247,1,1,0,0,0,0,0,0,0,0,0,0
510247,2,1,0,0,0,0,0,0,0,0,0,0
510248,1,1,0,0,0,0,0,0,0,0,0,0
510248,2,1,0,0,0,0,0,0,0,0,0,0
510248,3,1,6,0,0,0,0,0,10,0,0,0
510249,1,1,0,0,0,0,0,0,0,0,0,0
510249,2,1,0,0,5,0,0,0,0,0,0,0
510250,1,2,19,23,19,27,7,0,26,0,15,23
510251,0,1,0,0,11,0,0,0,0,0,0,0
510251,1,1,15,0,18,14,14,0,0,13,0,0
510252,1,1,25,25,25,25,25,25,25,25,25,25
510252,2,1,0,0,0,0,0,0,0,0,0,0
510253,1,1,39,15,15,15,13,21,36,0,10,17
510253,2,1,0,0,0,0,0,0,0,0,0,0
510254,1,1,0,0,0,0,0,0,0,0,0,0
510255,1,1,0,0,0,0,0,0,0,0,0,0
510255,2,1,0,0,0,0,0,0,0,0,0,0
510256,1,1,26,26,26,26,26,26,26,26,26,26
510257,1,1,21,21,21,21,21,21,21,21,21,21
510258,1,1,0,0,0,0,0,0,0,0,0,0
510259,1,1,0,0,0,0,0,0,0,0,0,0
510260,1,1,0,9,0,19,17,0,0,29,0,0
510261,1,1,21,21,21,21,21,21,21,21,21,21
510262,1,1,6,6,6,6,6,6,6,6,6,6
510263,0,1,0,0,0,0,0,0,0,0,0,0
510263,1,1,0,0,0,0,0,0,0,0,0,0
510264,1,1,17,0,0,13,0,4,0,0,0,0
510265,1,1,0,0,0,0,0,6,0,12,22,0
510266,1,1,0,0,0,0,0,0,0,0,0,0
510266,2,1,0,0,0,0,0,0,0,0,0,0
510267,1,1,0,0,0,0,0,0,0,0,0,0
510268,1,1,0,0,0,0,0,0,0,0,0,0
510269,1,1,0,0,0,0,0,0,0,0,0,40
510269,2,1,16,0,0,17,0,15,0,0,0,0
510270,1,1,0,0,0,0,0,0,0,0,0,0
510270,2,1,0,0,0,0,0,0,0,0,0,0
510271,1,1,0,0,0,0,0,0,0,0,0,0
510271,2,1,0,0,0,0,0,0,0,0,0,0
510271,3,1,0,13,0,0,0,0,0,0,0,0
510271,4,1,0,0,0,0,0,0,0,0,0,0
510272,1,1,0,0,0,0,0,0,0,0,0,0
510272,2,1,0,0,0,0,0,0,0,0,0,0
510273,1,1,0,0,0,0,0,0,0,0,0,0
510274,1,1,0,0,0,0,0,0,0,0,0,0
510274,2,1,0,0,0,0,0,0,0,0,0,0
510274,3,1,0,0,0,0,0,0,0,0,0,0
510275,0,1,12,12,12,12,12,12,12,12,12,12
510275,1,1,0,0,0,0,0,0,0,0,0,0
510276,1,1,18,18,18,18,18,18,18,18,18,18
510277,1,1,0,0,0,0,0,0,0,0,0,0
510277,2,1,0,0,0,0,0,0,0,0,0,0
510278,1,1,14,14,14,14,14,14,14,14,14,14
510278,2,1,0,0,0,0,0,0,0,0,0,0
510279,0,1,0,0,0,0,0,0,0,0,0,0
510279,1,1,0,11,21,0,10,0,24,0,0,20
510280,1,1,19,19,19,19,19,19,19,19,19,19
510281,1,1,0,0,0,0,0,0,0,0,0,0
510281,2,1,0,0,0,14,0,3,0,0,4,0
510282,0,1,15,15,15,15,15,15,15,15,15,15
510282,1,1,0,0,0,0,0,0,0,0,0,0
510283,1,1,17,17,17,17,17,17,17,17,17,17
510284,1,1,16,0,71,0,15,13,12,9,14,24
510284,2,1,0,0,0,0,0,0,0,0,0,0
510284,3,1,0,0,0,0,0,0,0,0,0,0
510284,4,1,0,0,0,0,0,0,0,0,0,0
510285,1,1,0,0,0,0,0,0,0,0,0,0
510286,1,1,6,6,6,6,6,6,6,6,6,6
510287,1,1,0,0,0,0,0,0,0,0,0,0
510288,1,1,0,0,0,0,0,0,0,0,0,0
510288,2,1,0,0,0,0,0,0,0,0,0,0
510289,1,1,0,0,0,0,0,0,0,0,0,0
510289,2,1,0,0,0,0,0,0,0,0,0,0
510290,1,1,0,0,0,0,0,0,0,0,0,0
510290,2,1,0,0,0,0,0,0,0,0,0,0
510291,1,1,35,35,35,35,35,35,35,35,35,35
510292,1,1,0,0,0,0,0,0,0,0,0,0
510293,1,1,0,0,0,0,0,0,0,0,0,0
510293,2,1,0,0,0,0,0,0,0,0,0,0
510294,1,1,0,0,0,0,0,0,0,0,0,0
510295,1,1,0,0,0,0,0,0,0,0,0,0
510296,1,1,22,22,22,22,22,22,22,22,22,22
510297,1,1,0,0,0,0,0,0,0,0,0,0
510297,2,1,0,0,0,0,0,0,0,0,0,0
510297,3,1,0,0,0,0,0,0,0,0,0,0
510298,1,1,0,0,0,0,0,0,0,0,0,0
510299,0,1,0,15,13,15,3,0,0,6,16,30
510299,0,2,11,11,11,11,11,11,11,11,11,11
510299,0,3,0,0,0,0,0,0,0,0,0,0
510299,1,1,0,0,0,0,0,0,0,0,0,0
510300,0,1,0,0,0,0,0,0,0,0,0,0
510300,1,1,0,0,0,0,0,0,0,0,0,0
510301,1,1,0,0,0,0,0,0,0,0,0,0
510302,1,1,0,0,0,0,0,0,0,0,0,0
510303,1,1,0,0,0,0,0,0,0,0,16,0
510304,1,1,0,0,0,0,0,0,0,0,0,0
510305,1,1,0,0,0,0,0,0,0,0,0,0
510306,1,1,0,0,0,0,0,0,0,0,0,0
510307,1,1,0,0,0,0,5,0,0,0,0,0
510307,2,1,0,0,0,0,0,0,0,0,0,0
510308,1,1,16,16,16,16,16,16,16,16,16,16
510309,1,1,16,13,12,16,0,25,13,18,0,20
510309,2,1,0,0,0,0,0,0,0,0,20,0
510310,1,1,15,15,15,15,15,15,15,15,15,15
510311,1,1,0,0,18,0,0,0,0,0,0,0
510311,2,1,18,18,18,18,18,18,18,18,18,18
510312,1,1,0,22,0,0,0,9,0,0,0,0
510312,2,1,0,0,0,0,0,0,0,0,0,0
510313,1,1,0,0,0,0,0,0,0,0,0,0
510314,1,1,0,0,0,0,0,0,0,0,0,0
510315,1,1,14,14,14,14,14,14,14,14,14,14
510316,1,1,1,1,1,1,1,1,1,1,1,1
510316,2,1,0,0,0,0,0,0,0,0,0,0
510316,3,1,0,0,0,0,0,0,0,0,0,0
510316,4,1,0,0,0,0,0,0,0,23,0,0
510317,1,1,0,0,0,0,0,0,0,0,0,0
510318,1,1,0,0,0,0,0,0,0,0,0,0
510318,2,1,0,0,0,0,0,0,0,0,0,0
510319,1,1,0,0,0,0,0,0,0,0,0,0
510320,1,1,0,0,0,7,0,0,0,0,0,0
510320,2,1,0,0,0,0,0,0,0,0,0,0
510321,1,1,0,0,0,0,0,0,0,0,0,0
510322,1,1,0,0,0,0,0,0,0,0,0,0
510322,2,1,0,0,0,0,0,0,0,0,0,0
510323,1,1,0,0,0,0,0,0,0,0,0,0
510323,2,1,0,0,0,0,0,0,0,0,0,0
510324,1,1,0,0,0,0,0,0,0,0,0,0
510324,2,1,0,0,0,0,0,0,0,0,4,0
510325,1,1,0,0,0,0,0,0,0,0,24,0
510326,1,1,0,0,0,0,0,0,0,0,0,0
510326,2,1,0,0,0,0,0,0,0,0,0,0
510326,3,1,0,0,0,0,0,0,0,0,0,0
510326,4,1,0,0,0,0,0,0,0,0,0,0
510326,5,1,0,0,0,0,0,0,0,0,0,0
510327,1,1,0,0,0,0,0,0,0,0,0,0
510327,2,1,0,0,0,0,0,0,0,0,0,0
510328,1,1,0,0,0,0,0,0,0,0,0,0
510329,0,1,0,0,0,0,0,0,0,0,0,0
510329,1,1,0,0,0,0,0,0,0,0,0,0
510329,2,1,0,13,10,0,0,12,20,0,23,0
510330,1,1,0,11,24,0,0,0,0,0,17,0
510331,1,1,0,0,0,0,0,0,0,0,0,0
510331,2,1,0,0,0,0,0,0,0,0,0,0
510332,1,1,1,1,1,1,1,1,1,1,1,1
510333,1,1,19,19,19,19,19,19,19,19,19,19
510334,1,1,0,0,0,0,0,0,0,0,0,0
510335,1,1,0,0,0,0,0,0,0,0,0,0
510335,2,1,0,0,0,0,0,0,0,0,0,0
510335,3,1,0,0,0,0,0,0,0,0,0,0
510336,0,1,22,22,22,22,22,22,22,22,22,22
510336,1,1,0,0,0,0,0,0,0,0,0,0
510337,1,1,0,0,0,0,0,0,0,0,0,0
510337,2,1,0,0,0,0,0,0,0,0,0,0
510337,3,1,0,0,0,0,0,0,0,0,0,0
510338,1,1,0,0,0,0,0,0,0,0,0,0
510338,2,1,0,0,0,0,0,0,0,0,0,0
510339,0,1,0,0,0,0,0,0,0,0,0,0
510339,1,1,0,0,0,9,0,0,0,0,0,0
510340,1,1,0,0,0,0,0,0,0,0,0,0
510341,1,1,25,25,25,25,25,25,25,25,25,25
510342,1,1,27,23,0,0,26,5,13,0,0,24
510343,1,1,0,0,0,0,8,0,0,0,0,14
510344,1,1,0,0,0,0,0,0,0,0,0,0
510345,1,1,3,3,3,3,3,3,3,3,3,3
510345,2,1,0,0,0,17,16,14,17,16,0,0
510346,1,1,1,1,1,1,1,1,1,1,1,1
510347,1,1,0,0,0,0,0,0,0,0,0,0
510347,2,1,0,0,0,0,0,0,0,0,0,0
510348,1,1,14,8,18,0,5,48,10,19,0,23
510349,1,1,13,17,33,10,22,22,18,4,17,5
510350,1,1,1,1,1,1,1,1,1,1,1,1
510351,1,1,0,0,0,0,0,0,0,0,0,0
510352,1,1,26,26,26,26,26,26,26,26,26,26
510353,1,1,0,0,0,0,0,0,0,0,0,0
510354,1,1,14,14,14,14,14,14,14,14,14,14
510355,1,1,0,0,0,0,0,0,0,0,0,0
510356,1,1,0,0,0,0,0,0,0,0,0,0
510357,1,1,25,0,31,0,0,0,0,0,0,0
510358,1,1,0,0,0,0,0,0,0,0,0,0
510358,2,1,0,0,0,0,0,0,0,0,0,0
510359,1,1,21,21,21,21,21,21,21,21,21,21
510360,1,1,0,0,0,0,0,0,0,0,0,0
510360,2,1,0,0,0,14,0,0,0,0,0,0
510360,3,1,0,25,0,0,0,23,0,0,0,0
510360,4,1,0,0,0,0,0,0,0,0,0,0
510361,1,1,0,0,0,0,0,0,0,0,0,0
510361,2,1,0,0,0,0,0,0,0,0,0,0
510362,1,1,23,23,23,23,23,23,23,23,23,23
510363,0,1,0,0,0,0,0,0,0,0,0,0
510363,1,1,0,0,0,0,0,0,0,0,0,0
510364,1,1,0,0,0,0,0,0,0,0,0,0
510364,2,1,0,0,0,0,0,0,0,0,0,0
510365,1,1,0,0,0,0,0,0,0,0,0,0
510365,2,1,0,0,0,0,0,0,0,0,0,0
510365,3,1,0,0,0,0,0,0,0,0,0,0
510366,1,1,0,0,0,0,0,0,0,0,0,0
510366,2,1,0,0,0,0,0,0,0,0,0,0
510367,1,1,26,26,26,26,26,26,26,26,26,26
510368,1,1,0,0,0,0,0,0,0,0,0,0
510368,2,1,0,0,0,0,0,0,0,0,0,0
510369,1,1,36,36,36,36,36,36,36,36,36,36
510370,1,1,0,0,0,0,0,0,0,0,0,0
510370,2,1,0,0,0,0,0,0,0,0,0,0
510371,0,1,1,1,1,1,1,1,1,1,1,1
510371,1,1,0,9,9,14,13,16,0,9,0,21
510372,1,1,0,0,0,0,0,0,0,0,0,0
510373,1,1,0,0,0,0,0,0,0,0,0,0
510374,1,1,0,0,0,0,0,0,0,0,0,0
510374,2,1,0,0,0,0,0,0,0,0,0,0
510375,1,1,10,10,10,10,10,10,10,10,10,10
510376,1,1,0,0,0,0,0,0,0,0,0,0
510376,2,1,0,0,0,0,0,0,0,0,0,0
510376,3,1,0,0,0,0,0,0,0,0,0,0
510377,1,1,0,0,0,0,0,0,0,0,0,0
510378,1,1,18,18,18,18,18,18,18,18,18,18
510379,1,1,16,16,16,16,16,16,16,16,16,16
510380,1,1,2,2,2,2,2,2,2,2,2,2
510381,0,1,1,1,1,1,1,1,1,1,1,1
510381,1,1,4,0,0,0,0,0,0,0,0,0
510382,1,1,0,0,0,0,0,0,0,0,0,0
510383,0,1,0,0,0,0,0,0,0,0,0,0
510383,1,1,0,0,6,0,17,20,17,0,0,0
510384,1,1,0,0,0,0,0,0,0,0,0,0
510385,1,1,0,0,0,0,0,0,0,0,0,0
510385,2,1,0,0,0,0,0,0,0,0,0,0
510386,1,1,0,0,0,0,0,0,0,0,0,0
510387,1,1,0,0,0,0,0,0,0,0,0,0
510387,2,1,0,0,0,0,0,0,0,0,0,0
510388,1,1,0,0,0,0,0,0,0,0,0,0
510388,2,1,0,0,0,0,0,0,0,0,0,0
510389,0,1,42,42,42,42,42,42,42,42,42,42
510389,1,1,0,0,11,0,0,16,0,0,0,0
510390,1,1,0,0,0,0,0,0,0,0,0,0
510390,2,1,0,0,0,0,0,0,0,4,0,0
510391,0,1,0,0,0,0,0,0,0,0,0,0
510391,1,1,0,0,0,0,0,0,0,0,0,0
510392,1,1,21,0,0,0,0,0,14,16,0,0
510393,1,1,0,0,0,0,0,0,0,0,0,0
510394,1,1,0,28,0,0,0,0,0,0,0,0
510394,2,1,0,0,0,0,0,0,0,0,0,0
510395,1,1,0,0,0,0,0,0,0,0,0,0
510396,0,1,0,0,0,0,0,0,0,0,0,0
510396,1,1,0,0,0,0,0,0,0,0,0,0
510397,0,1,0,2,0,0,0,0,18,0,18,0
510397,1,1,0,0,0,0,0,0,0,0,0,0
510398,1,1,0,0,0,0,0,0,0,0,0,0
510398,2,1,0,0,0,0,0,0,0,0,0,0
510399,1,1,0,0,0,0,0,0,0,0,0,0
510400,1,1,25,25,25,25,25,25,25,25,25,25
510401,1,1,18,18,18,18,18,18,18,18,18,18
510402,0,1,0,0,0,0,0,0,0,0,0,0
510402,1,1,0,0,0,0,0,0,0,0,0,0
510403,1,1,20,20,20,20,20,20,20,20,20,20
510404,1,1,0,0,0,0,0,0,0,0,10,0
510404,2,1,0,0,0,0,0,0,0,0,0,0
510405,0,1,0,0,0,0,0,0,0,0,0,0
510405,1,1,0,0,0,0,0,0,0,0,0,0
510406,1,1,15,15,15,15,15,15,15,15,15,15
510407,1,1,0,0,0,0,0,0,0,0,0,0
510408,1,1,14,14,14,14,14,14,14,14,14,14
510409,1,1,0,0,0,0,0,0,0,0,0,0
510410,1,1,0,0,0,0,0,0,0,0,0,0
510410,2,1,0,0,0,0,0,0,0,0,0,0
510410,3,1,0,0,0,0,0,0,0,0,0,0
510411,1,1,0,0,0,0,0,0,0,0,0,0
510412,0,1,0,0,0,0,0,0,0,0,0,0
510412,1,1,0,0,0,0,0,0,0,0,0,0
510413,1,1,0,0,0,0,0,0,0,0,0,7
510414,1,1,0,0,0,0,0,0,0,0,0,0
510415,1,1,2,2,2,2,2,2,2,2,2,2
510416,1,1,23,23,23,23,23,23,23,23,23,23
510417,1,1,0,13,0,0,0,0,0,0,0,0
510418,1,1,0,0,0,5,30,5,0,18,0,0
510419,1,1,26,14,15,19,21,2,26,32,22,37
510420,1,1,21,21,18,21,0,22,12,14,17,19
510420,2,1,0,13,0,0,0,0,0,0,0,0
510421,1,1,23,23,23,23,23,23,23,23,23,23
510422,1,1,0,0,0,0,0,0,0,0,0,0
510423,1,1,24,24,24,24,24,24,24,24,24,24
510424,1,1,0,0,0,0,0,0,0,0,0,0
510425,1,1,0,0,0,0,0,0,0,0,0,0
510425,2,1,0,0,0,0,0,0,0,0,0,0
510426,1,1,0,0,0,0,0,0,0,0,0,0
510427,1,1,20,20,20,20,20,20,20,20,20,20
510428,1,1,16,25,16,19,18,0,31,12,9,5
510429,1,1,0,0,0,0,0,0,0,0,0,0
510429,2,1,0,0,0,0,0,0,0,0,12,0
510429,3,1,0,0,0,0,0,0,0,0,0,0
510430,1,1,0,0,0,0,0,0,0,0,0,0
510431,1,1,26,26,26,26,26,26,26,26,26,26
510432,1,1,24,24,24,24,24,24,24,24,24,24
510432,2,1,0,0,0,0,0,19,0,0,0,0
510433,1,1,15,15,15,15,15,15,15,15,15,15
510433,2,1,0,0,0,0,0,0,0,0,0,0
510434,0,1,0,0,0,0,0,0,0,0,0,0
510434,1,1,0,0,0,0,0,0,15,0,0,15
510434,2,1,11,0,0,12,9,0,12,16,7,12
510435,1,1,16,16,16,16,16,16,16,16,16,16
510437,0,1,19,19,19,19,19,19,19,19,19,19
510437,1,1,1,1,1,1,1,1,1,1,1,1
510438,1,1,0,0,0,0,0,18,0,0,0,0
510438,2,1,0,0,0,0,0,0,0,0,0,0
510439,0,1,12,13,13,3,13,2,15,37,17,16
510439,1,1,0,0,0,0,0,0,0,0,24,18
510440,1,1,22,22,22,22,22,22,22,22,22,22
510441,1,1,0,0,0,0,0,0,0,0,0,0
510441,2,1,0,0,0,0,0,0,0,0,0,0
510442,1,1,0,0,0,0,0,0,0,0,0,0
510442,2,1,0,0,0,0,0,0,0,0,0,0
510443,1,1,0,0,0,0,0,8,0,0,0,0
510444,1,1,0,0,0,0,0,0,0,0,0,0
510444,2,1,0,0,0,0,0,0,0,0,0,0
510445,1,1,0,0,44,0,0,0,0,0,0,22
510445,2,1,0,0,21,7,0,0,0,32,5,23
510445,3,1,0,0,0,0,0,0,0,0,0,0
510446,1,1,0,0,0,0,0,0,0,0,0,0
510446,2,1,0,0,0,0,0,0,0,0,0,0
510447,1,1,7,0,0,17,0,22,0,0,0,0
510448,1,1,0,0,0,0,0,0,0,0,0,0
510449,1,1,17,17,17,17,17,17,17,17,17,17
510450,0,1,0,0,0,0,0,0,0,0,0,0
510450,1,1,0,0,0,0,0,0,0,0,0,0
510451,0,1,28,28,28,28,28,28,28,28,28,28
510451,1,1,0,0,0,20,0,0,0,0,0,0
510452,1,1,0,0,0,0,0,0,0,0,0,0
510453,1,1,4,4,4,4,4,4,4,4,4,4
510454,1,1,35,35,35,35,35,35,35,35,35,35
510454,2,1,0,0,0,0,0,0,0,0,0,0
510454,3,1,0,0,0,0,0,0,0,0,0,0
510455,1,1,0,0,0,0,0,0,0,0,0,0
510456,0,1,23,23,23,23,23,23,23,23,23,23
510456,1,1,13,15,0,0,0,0,0,0,0,0
510457,1,1,0,0,0,0,0,0,0,0,0,0
510457,2,1,0,0,0,0,0,0,0,0,0,0
510458,1,1,38,38,38,38,38,38,38,38,38,38
510459,1,1,20,2,0,15,16,28,13,19,0,6
510460,0,1,0,0,0,0,0,0,0,0,0,0
510460,0,2,0,0,0,0,0,0,0,0,0,0
510460,0,3,0,0,0,0,0,0,0,0,0,0
510460,0,4,0,0,0,0,0,0,0,0,0,0
510460,0,5,0,0,0,0,0,0,0,0,0,0
510460,0,6,0,0,0,0,0,0,0,0,0,0
510460,0,7,0,0,0,0,0,0,0,0,0,0
510460,1,1,0,0,0,0,0,0,0,0,0,0
510461,1,1,0,0,0,0,0,0,0,0,0,0
510461,2,1,0,0,0,0,0,0,0,0,0,0
510462,1,1,0,0,0,0,0,0,0,0,0,0
510463,1,1,0,0,0,0,0,0,0,0,0,0
510464,1,1,19,19,19,19,19,19,19,19,19,19
510465,1,1,0,0,0,0,0,0,0,0,0,0
510466,1,1,0,0,0,0,0,0,0,0,0,0
510466,2,1,0,0,0,0,0,0,0,0,0,0
510467,1,1,29,16,10,0,0,0,0,0,0,0
510468,1,1,0,0,0,0,0,0,20,0,0,0
510468,2,1,0,0,8,0,0,0,0,0,14,0
510469,1,1,25,25,25,25,25,25,25,25,25,25
510470,1,1,0,0,0,0,0,0,0,0,0,0
510470,2,1,12,12,12,12,12,12,12,12,12,12
510471,0,1,0,0,0,0,0,0,0,0,0,0
510471,1,1,0,0,0,0,0,0,0,0,0,0
510472,0,1,0,0,0,0,0,0,0,0,0,0
510472,1,1,0,0,0,0,0,0,0,0,0,0
510473,1,1,0,0,0,0,0,0,0,21,0,0
510473,2,1,0,0,0,40,0,0,0,0,0,0
510473,3,1,0,0,0,0,0,0,0,0,0,0
510474,1,1,0,0,0,0,0,0,0,0,0,0
510475,1,1,19,19,19,19,19,19,19,19,19,19
510476,1,1,0,0,0,0,0,0,0,0,0,0
510476,2,1,0,0,0,0,0,0,0,0,0,0
510477,1,1,0,0,0,0,0,0,0,0,0,0
510477,2,1,0,0,0,0,0,0,0,0,0,0
510478,1,1,0,0,0,0,0,0,0,0,0,0
510479,1,1,0,0,0,0,0,0,0,0,0,0
510479,2,1,0,0,0,0,0,0,0,0,0,0
510480,1,1,0,0,0,0,0,0,0,0,0,0
510480,2,1,0,0,0,0,0,0,0,0,0,0
510481,1,1,16,16,16,16,16,16,16,16,16,16
510481,2,1,14,24,0,28,26,0,0,0,16,0
510482,1,1,10,31,22,4,9,7,12,0,21,28
510482,2,1,0,0,0,0,0,0,0,0,0,0
510483,1,1,2,2,2,2,2,2,2,2,2,2
510484,1,1,15,0,0,0,11,0,0,0,0,0
510484,2,1,0,0,0,0,0,0,0,0,0,0
510485,1,1,0,0,0,0,0,0,0,0,0,0
510485,2,1,0,0,0,0,0,0,0,0,0,0
510486,1,1,13,0,0,0,0,0,0,0,0,0
510486,2,1,0,0,0,0,0,0,0,0,0,0
510487,1,1,0,0,0,0,0,0,0,0,0,0
510487,2,1,0,0,0,0,0,0,0,0,0,0
510488,1,1,0,0,0,0,0,0,0,0,0,0
510488,2,1,0,0,0,0,0,0,0,14,19,0
510489,1,1,0,0,8,0,0,0,0,0,0,14
510490,1,1,0,0,0,0,0,0,0,0,0,0
510490,2,1,0,0,0,0,0,0,0,0,0,0
510491,1,1,0,0,0,0,0,0,13,0,0,16
510492,1,1,15,15,15,15,15,15,15,15,15,15
510493,1,1,18,18,18,18,18,18,18,18,18,18
510494,0,1,0,0,0,0,0,0,0,0,0,0
510494,1,1,0,0,0,0,0,0,0,0,0,12
510495,0,1,34,34,34,34,34,34,34,34,34,34
510495,1,1,7,0,0,0,0,27,0,18,19,0
510496,1,1,44,44,44,44,44,44,44,44,44,44
510497,0,1,0,0,0,0,0,0,0,0,0,0
510497,1,1,0,0,0,0,0,0,0,0,0,0
510498,1,1,18,18,18,18,18,18,18,18,18,18
510499,1,1,0,0,0,0,0,0,0,0,0,0
510499,2,1,0,0,0,0,0,0,0,0,0,0
510500,1,1,0,0,0,0,0,0,0,0,0,0