ST_CASE,VEH_NO,PER_NO,P1,P2,P3,P4,P5,P6,P7,P8,P9,P10
510500,2,1,0,0,0,0,0,0,0,0,0,0
510501,0,1,28,28,28,28,28,28,28,28,28,28
510501,1,1,0,0,0,0,0,0,0,0,0,0
510502,1,1,0,0,0,0,0,0,0,0,0,0
510503,1,1,0,0,0,0,0,0,0,0,0,0
510504,1,1,0,0,0,0,0,0,0,0,0,0
510505,1,1,21,21,21,21,21,21,21,21,21,21
510506,1,1,19,19,19,19,19,19,19,19,19,19
510507,1,1,19,19,19,19,19,19,19,19,19,19
510508,1,1,26,26,26,26,26,26,26,26,26,26
510509,1,1,0,0,0,0,0,0,0,0,0,0
510510,1,1,26,26,26,26,26,26,26,26,26,26
510511,1,1,19,19,19,19,19,19,19,19,19,19
510512,1,1,0,0,0,0,0,0,0,0,0,0
510512,2,1,0,0,0,0,0,0,0,0,0,0
510513,0,1,0,0,22,0,0,0,0,0,33,0
510513,1,1,0,0,0,0,0,22,0,0,0,0
510514,0,1,0,0,0,0,0,0,0,0,0,0
510514,1,1,0,0,18,0,24,0,0,36,0,0
510515,1,1,0,0,0,13,3,24,22,0,0,0
510515,2,1,0,0,0,0,0,0,0,0,0,0
510516,0,1,0,0,0,0,0,0,0,9,0,0
510516,0,2,0,0,0,0,0,0,0,0,0,0
510516,1,1,0,0,0,0,23,0,0,0,0,19
510517,1,1,0,0,0,0,0,0,0,0,0,0
510517,2,1,13,13,13,13,13,13,13,13,13,13
510517,3,1,0,0,0,2,0,0,0,0,0,0
510518,1,1,0,0,0,0,0,0,0,0,0,0
510518,2,1,0,0,0,0,0,0,0,0,0,0
510519,1,1,0,0,0,12,0,0,0,0,0,0
510519,2,1,1,1,1,1,1,1,1,1,1,1
510520,1,1,0,0,0,0,0,0,0,0,0,0
510521,1,1,0,0,0,0,0,0,0,0,0,0
510522,1,1,0,0,0,0,0,0,0,0,0,0
510523,1,1,0,0,0,0,0,0,0,0,0,0
510523,2,1,0,0,0,0,0,0,0,0,0,0
510523,3,1,0,0,0,0,0,0,0,0,0,0
510524,1,1,0,0,0,0,0,0,0,0,0,0
510524,2,1,0,0,0,0,0,0,0,0,0,0
510525,1,1,0,14,0,0,0,0,0,0,0,0
510526,0,1,0,0,0,0,0,0,0,0,0,0
510526,1,1,0,22,0,22,0,0,21,0,0,5
510527,1,1,5,5,5,5,5,5,5,5,5,5
510528,1,1,0,0,0,0,0,0,11,0,0,0
510529,1,1,2,2,2,2,2,2,2,2,2,2
510530,0,1,0,0,0,0,0,0,0,0,0,0
510530,1,1,0,0,0,0,0,0,0,0,0,0
510531,1,1,0,0,0,0,0,0,0,0,0,0
510531,2,1,0,17,0,0,0,0,0,0,0,0
510531,3,1,0,0,0,0,0,0,0,0,0,0
510531,4,1,0,0,0,0,0,0,0,0,0,0
510531,5,1,0,0,0,0,0,0,0,0,0,0
510532,1,1,0,0,0,0,0,0,0,0,0,0
510532,2,1,0,0,0,0,0,0,0,0,0,0
510533,1,1,0,0,0,0,0,0,0,0,0,0
510533,2,1,0,0,0,0,0,0,0,0,0,0
510534,1,1,0,0,0,0,0,21,11,0,0,23
510535,0,1,0,0,0,0,0,0,0,0,0,0
510535,1,1,0,0,0,0,0,0,0,0,0,0
510536,1,1,25,25,25,25,25,25,25,25,25,25
510537,1,1,0,0,0,0,0,0,0,0,0,0
510538,1,1,35,16,10,20,13,11,26,22,19,25
510539,0,1,11,34,11,18,29,17,20,7,8,13
510539,1,1,0,0,0,0,0,0,0,0,0,0
510540,1,1,0,0,0,0,0,0,0,0,0,0
510541,1,1,19,19,19,19,19,19,19,19,19,19
510542,0,1,17,17,17,17,17,17,17,17,17,17
510542,1,1,25,15,8,12,15,25,7,15,14,11
510543,1,1,26,26,26,26,26,26,26,26,26,26
510544,1,1,37,21,18,35,7,22,13,33,15,9
510545,1,1,0,0,0,0,0,0,0,0,0,0
510546,0,1,0,0,0,0,0,0,0,0,0,0
510546,1,1,0,0,0,0,0,0,0,0,0,0
510547,1,1,0,0,0,0,0,0,0,0,0,0
510548,1,1,3,3,3,3,3,3,3,3,3,3
510549,1,1,0,0,0,0,0,0,0,0,0,0
510550,1,1,0,0,0,0,0,0,0,0,0,0
510550,2,1,0,6,21,0,0,0,0,0,0,0
510550,3,1,0,0,0,0,0,0,0,0,0,0
510551,1,1,0,0,0,0,0,0,0,0,0,0
510551,2,1,0,0,0,0,0,0,0,0,0,0
510551,3,1,0,0,0,0,0,0,0,0,0,0
510552,1,1,0,33,0,0,0,0,0,0,0,0
510552,2,1,0,0,0,0,0,0,0,0,0,0
510553,1,1,0,0,0,0,0,0,0,0,0,0
510554,1,1,0,0,0,0,0,0,0,0,0,0
510555,0,1,34,34,34,34,34,34,34,34,34,34
510555,1,1,0,0,0,0,0,0,0,14,0,0
510556,1,1,20,14,18,17,8,17,14,22,6,12
510557,1,1,0,0,0,0,0,0,0,0,0,0
510557,2,1,0,0,0,0,0,0,0,0,0,0
510558,1,1,0,0,0,0,0,0,0,0,0,7
510559,1,1,14,14,14,14,14,14,14,14,14,14
510560,1,1,0,0,0,0,0,15,8,0,0,0
510561,1,1,0,0,0,0,0,0,0,0,0,0
510562,1,1,0,0,0,0,0,0,0,0,0,0
510563,1,1,0,0,0,0,0,0,0,0,0,0
510563,2,1,0,0,0,0,0,0,0,0,0,0
510563,3,1,0,0,0,0,0,0,0,0,0,0
510564,0,1,31,31,31,31,31,31,31,31,31,31
510564,1,1,0,0,0,25,0,0,0,0,0,0
510565,1,1,0,0,0,0,0,0,0,0,0,0
510566,1,1,21,21,21,21,21,21,21,21,21,21
510567,1,1,15,0,0,20,7,10,7,7,0,19
510567,2,1,0,0,0,0,0,0,0,0,0,0
510568,1,1,16,16,16,16,16,16,16,16,16,16
510569,1,1,0,0,0,0,0,0,0,0,0,0
510569,2,1,0,0,0,0,0,0,0,0,0,0
510570,1,1,0,0,0,0,0,0,0,0,0,0
510570,2,1,0,0,0,0,0,0,0,0,0,0
510571,1,1,0,0,0,0,0,0,0,0,0,0
510572,1,1,0,0,0,0,0,0,0,0,0,0
510573,0,1,2,2,2,2,2,2,2,2,2,2
510573,1,1,0,0,0,0,0,0,0,0,0,0
510574,1,1,64,64,64,64,64,64,64,64,64,64
510575,1,1,0,0,0,0,0,0,0,0,0,0
510575,2,1,0,0,0,0,0,0,0,0,0,0
510576,1,1,25,14,0,19,22,11,18,13,10,12
510576,2,1,3,3,3,3,3,3,3,3,3,3
510577,1,1,17,17,17,17,17,17,17,17,17,17
510578,1,1,0,0,0,0,0,0,0,0,0,0
510578,2,1,0,0,0,0,0,0,0,0,0,0
510579,1,1,19,19,19,19,19,19,19,19,19,19
510580,1,1,0,0,0,22,14,0,0,19,0,19
510581,1,1,0,0,16,0,0,0,17,0,0,0
510582,1,1,17,17,17,17,17,17,17,17,17,17
510583,1,1,0,0,0,0,0,0,0,0,0,0
510584,0,1,17,17,17,17,17,17,17,17,17,17
510584,1,1,0,0,0,0,0,0,0,0,0,0
510585,0,1,0,0,0,0,0,0,0,0,0,0
510585,1,1,0,0,0,0,0,0,0,0,0,0
510586,1,1,9,19,11,29,30,24,20,5,30,8
510587,0,1,0,0,0,0,0,0,0,0,0,0
510587,1,1,0,0,0,0,0,0,0,0,0,0
510588,1,1,0,0,0,0,0,0,0,0,0,0
510588,2,1,0,0,0,0,0,0,0,0,0,0
510589,1,1,0,0,0,0,0,0,0,0,0,0
510589,2,1,0,0,0,0,0,0,10,0,0,0
510590,0,1,0,15,0,40,0,32,19,0,16,0
510590,1,1,0,0,0,0,0,0,0,0,0,0
510591,1,1,0,0,0,0,0,0,0,0,0,0
510592,1,1,21,21,21,21,21,21,21,21,21,21
510593,1,1,0,0,0,0,0,0,0,0,0,0
510594,0,1,0,0,33,11,32,26,22,0,0,21
510594,1,1,0,0,0,0,0,0,0,0,0,0
510595,1,1,21,21,21,21,21,21,21,21,21,21
510595,2,1,0,0,0,0,0,0,0,0,0,0
510596,1,1,0,0,0,0,0,0,0,0,0,0
510597,1,1,0,0,0,0,0,0,0,0,0,0
510598,0,1,0,0,0,0,0,0,0,0,0,0
510598,1,1,0,0,0,0,0,0,0,0,0,0
510599,1,1,0,0,24,0,0,0,0,0,0,19
510599,2,1,0,0,0,0,0,0,0,0,0,0
510599,3,1,0,0,0,0,0,0,0,0,0,0
510600,0,1,0,0,0,0,17,0,0,0,0,0
510600,1,1,9,0,0,0,0,0,0,0,0,0
510601,1,1,0,0,0,0,11,0,13,0,0,20
510601,2,1,0,0,0,0,0,0,0,0,0,0
510601,3,1,0,0,0,0,0,0,0,0,0,0
510602,1,1,20,20,20,20,20,20,20,20,20,20
510603,0,1,25,0,0,0,38,17,0,0,0,0
510603,1,1,0,0,0,0,16,0,0,0,0,2
510604,1,1,0,0,0,0,0,0,0,0,0,0
510605,1,1,0,20,21,0,0,0,0,0,25,0
510606,1,1,0,0,0,0,0,0,0,0,0,0
510607,1,1,0,0,0,0,0,0,0,0,0,0
510607,2,1,0,0,0,39,0,0,18,0,0,0
510608,1,1,0,0,0,0,0,0,0,0,0,0
510608,2,1,0,0,0,0,0,0,0,0,0,0
510609,1,1,0,0,0,0,0,0,0,0,0,0
510610,1,1,0,0,0,0,0,0,0,0,0,0
510611,1,1,0,9,4,20,11,0,21,0,29,4
510612,1,1,28,13,23,6,17,20,21,25,20,17
510613,1,1,0,24,0,0,0,14,0,6,0,0
510614,1,1,2,2,2,2,2,2,2,2,2,2
510615,1,1,26,14,0,20,0,0,0,11,0,0
510616,1,1,0,0,0,0,0,0,0,0,0,0
510617,0,1,0,0,0,0,0,0,0,0,0,0
510617,1,1,0,0,0,0,0,0,0,0,0,0
510618,1,1,17,17,17,17,17,17,17,17,17,17
510619,1,1,0,0,0,0,0,0,0,0,0,0
510619,2,1,0,0,0,0,0,0,0,0,0,0
510620,1,1,0,0,0,0,0,0,0,0,0,0
510620,2,1,0,0,0,0,0,0,0,0,0,0
510621,1,1,0,0,0,0,0,0,0,0,0,0
510622,1,1,33,33,33,33,33,33,33,33,33,33
510623,1,1,9,8,20,0,6,18,13,23,14,6
510624,1,1,0,0,0,0,0,0,0,0,0,0
510625,0,1,0,0,0,0,0,0,0,0,0,0
510625,1,1,0,0,0,0,0,0,0,0,0,0
510626,1,1,16,16,16,16,16,16,16,16,16,16
510627,1,1,0,0,0,0,0,0,0,0,0,0
510627,2,1,0,0,0,0,0,0,0,0,0,0
510627,3,1,0,0,0,0,0,0,0,0,0,0
510627,4,1,0,0,0,0,0,0,0,0,0,0
510627,5,1,0,0,0,0,0,0,0,0,0,0
510628,1,1,0,0,0,0,0,0,0,0,0,0
510628,2,1,0,0,0,0,0,0,0,0,0,0
510629,1,1,0,0,0,0,0,0,0,0,0,0
510629,2,1,0,0,0,0,0,0,0,2,0,13
510630,1,1,0,0,0,0,0,0,0,0,0,0
510631,1,1,26,26,26,26,26,26,26,26,26,26
510632,1,1,0,0,0,0,0,0,0,0,0,0
510633,1,1,0,0,0,0,0,0,0,0,0,0
510634,1,1,0,0,0,0,0,0,0,0,0,0
510634,2,1,0,0,0,0,0,0,0,0,0,0
510635,1,1,21,21,21,21,21,21,21,21,21,21
510636,1,1,0,0,0,0,0,0,0,0,0,0
510637,1,1,0,0,0,0,0,0,0,0,0,0
510638,1,1,16,14,32,26,0,12,4,9,15,3
510639,1,1,0,0,0,0,0,0,0,0,0,0
510639,2,1,11,0,0,12,0,0,19,0,0,0
510640,0,1,0,0,0,0,0,0,0,0,0,0
510640,1,1,0,0,0,0,0,0,0,0,0,0
510641,0,1,15,21,9,19,27,20,26,17,9,15
510641,1,1,0,0,0,0,0,0,0,0,0,0
510642,0,1,0,0,0,0,0,0,0,0,0,0
510642,1,1,0,0,0,11,0,0,0,0,0,0
510643,1,1,0,0,0,0,0,0,0,0,0,0
510643,2,1,0,0,0,0,0,0,0,0,0,0
510644,1,1,22,21,22,10,24,16,17,26,14,32
510645,0,1,0,0,0,0,0,0,0,0,0,0
510645,1,1,0,0,0,0,0,0,0,0,0,0
510646,1,1,0,0,0,0,0,0,0,0,0,0
510646,2,1,0,0,0,0,0,0,0,0,0,0
510647,1,1,0,0,0,0,0,0,0,0,0,0
510648,1,1,0,15,0,19,30,0,0,0,0,0
510649,1,1,0,0,0,0,0,0,0,0,0,0
510650,1,1,0,0,39,0,0,0,0,0,0,0
510651,0,1,0,0,0,0,18,20,7,0,18,0
510651,1,1,18,18,0,0,0,0,20,0,0,17
510652,1,1,0,0,0,0,0,0,0,0,9,0
510653,1,1,0,3,0,0,0,0,0,0,0,0
510653,2,1,0,0,0,0,0,0,0,0,0,0
510654,1,1,18,0,0,24,22,0,19,0,24,22
510655,1,1,0,0,0,0,0,0,0,0,0,0
510655,2,1,0,0,0,0,0,0,0,0,0,0
510656,0,1,19,39,20,14,18,26,11,29,33,7
510656,1,1,0,0,0,0,0,12,0,0,0,0
510657,0,1,32,32,32,32,32,32,32,32,32,32
510657,1,1,0,0,0,0,11,20,0,15,17,0
510658,0,1,0,0,0,0,0,0,0,0,0,0
510658,1,1,0,0,0,0,0,0,0,0,0,0
510658,2,1,0,9,17,21,0,0,0,0,26,0
510659,0,1,0,0,0,0,0,0,0,0,0,0
510659,1,1,0,0,0,0,0,0,19,0,0,0
510660,0,1,0,0,0,0,0,0,0,9,12,0
510660,1,1,0,0,0,0,0,0,0,0,0,0
510661,1,1,0,18,0,11,0,0,0,0,0,0
510661,2,1,0,0,0,0,0,0,0,0,0,0
510661,3,1,0,0,0,0,0,0,0,0,0,0
510662,1,1,17,12,13,11,0,26,17,0,29,23
510663,1,1,0,0,0,0,0,0,20,0,0,0
510664,1,1,0,0,0,0,0,0,0,0,0,0
510665,1,1,0,0,0,0,0,0,0,0,0,0
510666,1,1,0,0,0,0,0,0,0,0,0,0
510666,2,1,0,0,0,0,0,0,0,0,0,0
510667,1,1,0,0,0,0,0,0,0,0,0,0
510668,1,1,0,0,0,0,0,0,0,0,0,0
510668,2,1,0,0,0,0,0,0,0,0,4,0
510669,1,1,27,27,27,27,27,27,27,27,27,27
510670,1,1,0,0,0,0,23,0,0,0,14,17
510671,1,1,0,0,14,0,25,22,0,0,0,0
510672,0,1,20,20,20,20,20,20,20,20,20,20
510672,1,1,15,0,0,0,0,0,0,15,0,0
510673,0,1,0,0,20,32,12,0,0,6,0,0
510673,1,1,0,0,0,8,0,0,0,0,0,0
510674,1,1,0,0,0,0,0,0,0,0,0,0
510675,1,1,0,0,0,0,0,0,0,0,0,0
510676,1,1,10,10,10,10,10,10,10,10,10,10
510677,1,1,0,0,0,0,0,0,0,0,0,0
510678,1,1,0,0,0,0,0,0,0,0,0,0
510679,1,1,0,0,0,0,0,0,0,0,0,0
510679,2,1,0,0,0,0,0,0,0,0,0,21
510680,0,1,0,5,0,0,0,3,21,5,22,34
510680,1,1,0,15,0,0,0,0,0,0,0,0
510681,1,1,0,0,0,0,0,0,0,0,0,0
510681,2,1,0,0,0,0,0,0,0,0,0,0
510682,1,1,0,0,0,0,0,0,0,0,0,0
510682,2,1,0,3,0,0,0,0,15,0,0,0
510683,1,1,0,26,0,0,0,0,0,0,0,0
510684,1,1,19,0,0,18,0,0,0,0,17,0
510685,1,1,15,0,0,0,14,14,30,0,0,22
510686,1,1,7,7,7,7,7,7,7,7,7,7
510687,1,1,0,0,0,0,25,0,0,9,0,0
510687,2,1,0,11,0,0,0,0,0,0,0,0
510688,1,1,0,0,0,0,0,0,0,0,0,0
510688,2,1,0,0,0,0,0,0,0,0,0,0
510688,3,1,0,0,0,0,0,0,0,0,0,0
510689,1,1,0,0,0,0,0,0,0,0,0,0
510690,0,1,23,0,0,0,22,0,0,0,0,0
510690,1,1,23,0,0,0,0,0,8,22,0,0
510690,2,1,0,0,0,0,0,0,0,0,0,0
510691,1,1,11,11,18,22,27,18,17,19,23,35
510691,2,1,17,0,0,0,0,0,0,0,0,0
510692,0,1,16,0,0,16,0,0,0,13,13,0
510692,1,1,0,0,0,0,0,0,0,0,0,0
510692,2,1,0,0,0,0,0,0,0,0,0,0
510692,3,1,0,0,0,9,0,0,0,0,0,17
510693,1,1,0,5,0,0,0,0,19,0,0,0
510693,2,1,0,0,0,0,0,0,0,0,0,0
510694,1,1,0,0,0,0,0,0,0,0,0,0
510695,1,1,4,0,0,0,0,0,0,0,0,0
510696,0,1,0,0,0,0,0,0,0,0,0,0
510696,1,1,0,0,0,0,0,0,0,0,0,0
510696,2,1,7,0,0,18,0,0,0,0,8,7
510697,1,1,0,0,0,0,0,0,0,0,0,0
510697,2,1,0,0,0,0,0,0,0,0,0,0
510697,3,1,0,0,0,0,0,0,0,0,0,0
510698,1,1,0,0,0,0,0,0,0,0,0,0
510698,2,1,0,0,0,0,17,6,0,0,21,0
510698,3,1,0,0,11,0,0,0,0,0,0,0
510699,1,1,0,0,25,35,0,30,0,0,0,0
510700,1,1,0,0,35,0,0,0,0,0,0,0
510701,1,1,0,0,0,0,0,0,0,0,0,0
510702,1,1,0,0,0,0,0,0,0,0,0,0
510702,2,1,0,0,0,0,0,0,0,0,0,0
510703,1,1,0,0,0,0,0,0,0,0,0,0
510704,1,1,23,0,0,0,0,0,9,0,0,0
510704,2,1,0,0,0,0,0,0,0,0,0,0
510705,1,1,0,31,0,25,12,0,34,17,0,29
510706,0,1,24,28,39,0,3,0,10,23,0,6
510706,1,1,0,0,0,15,0,6,0,0,0,0
510707,1,1,0,0,0,0,13,0,0,0,0,21
510707,2,1,0,0,0,0,0,0,0,0,0,0
510708,1,1,0,0,0,0,32,0,0,16,19,33
510708,2,1,0,0,0,0,0,0,0,0,0,0
510709,1,1,0,0,0,0,0,0,0,0,0,0
510709,2,1,0,0,0,0,0,0,0,0,0,0
510710,1,1,13,18,30,22,18,26,13,31,12,7
510711,1,1,9,0,0,0,12,0,0,0,20,37
510711,2,1,0,0,0,0,0,0,0,0,0,0
510712,1,1,0,0,0,0,26,0,0,0,0,0
510712,2,1,0,0,0,0,0,27,0,0,0,0
510712,3,1,0,0,0,0,0,0,0,0,0,0
510713,1,1,0,0,0,0,0,0,0,0,0,0
510714,1,1,0,0,0,0,0,0,0,0,0,0
510715,0,1,0,0,8,0,0,0,0,0,0,0
510715,1,1,0,0,0,0,0,0,0,0,0,0
510716,1,1,0,0,0,0,0,0,0,0,0,0
510716,2,1,0,0,0,0,0,0,0,0,0,0
510716,3,1,0,0,0,0,0,0,0,0,0,0
510717,1,1,47,47,47,47,47,47,47,47,47,47
530001,1,1,15,15,15,15,15,15,15,15,15,15
530001,2,1,0,0,0,0,0,0,0,0,0,0
530002,1,1,0,0,0,0,0,0,0,0,0,0
530002,2,1,0,0,0,0,0,0,0,0,0,0
530002,3,1,0,0,19,0,0,0,0,0,0,0
530003,1,1,0,0,0,0,0,0,0,0,0,0
530003,2,1,0,0,0,0,0,0,0,0,0,0
530004,1,1,0,0,0,0,0,0,0,0,0,0
530004,2,1,0,0,0,0,0,0,0,0,0,0
530005,1,1,0,0,0,0,0,0,0,0,0,0
530005,2,1,0,0,0,0,0,0,0,0,0,0
530006,1,1,19,19,19,19,19,19,19,19,19,19
530007,1,1,17,17,17,17,17,17,17,17,17,17
530008,1,1,0,0,0,0,0,0,0,0,0,0
530008,2,1,0,0,0,0,0,0,0,0,0,0
530009,1,1,0,0,0,0,0,0,0,0,0,0
530009,2,1,0,0,0,0,0,0,0,0,0,0
530010,1,1,10,10,10,10,10,10,10,10,10,10
530011,0,1,0,0,0,0,0,0,0,0,0,0
530011,1,1,0,0,0,23,0,0,0,0,0,0
530012,1,1,0,0,0,0,0,0,0,0,0,0
530013,1,1,0,0,0,0,0,0,0,0,0,0
530013,2,1,0,0,0,0,0,0,0,0,0,0
530014,0,1,0,0,0,0,0,0,0,0,0,0
530014,1,1,0,0,0,0,0,0,0,0,0,0
530015,1,1,0,0,0,0,0,0,0,0,0,0
530015,2,1,0,0,0,0,0,0,0,0,0,0
530016,1,1,20,20,20,20,20,20,20,20,20,20
530017,1,1,0,0,0,0,0,0,0,0,0,0
530017,2,1,0,0,0,0,0,0,0,0,0,0
530018,0,1,28,28,28,28,28,28,28,28,28,28
530018,1,1,17,17,17,17,17,17,17,17,17,17
530019,1,1,0,0,0,0,0,0,0,0,0,0
530020,0,1,0,0,0,0,0,0,0,0,0,0
530020,1,1,0,0,0,0,0,0,0,0,0,0
530021,1,1,0,0,0,0,0,0,0,0,0,0
530021,2,1,0,0,0,0,0,0,0,0,0,0
530022,1,1,0,0,0,0,0,0,0,0,0,0
530023,1,1,0,0,0,0,0,0,0,0,0,0
530023,2,1,0,0,0,0,0,0,0,0,0,0
530023,3,1,0,0,0,0,0,0,0,0,0,0
530024,1,1,17,17,17,17,17,17,17,17,17,17
530024,2,1,0,7,0,0,0,0,0,0,0,0
530025,0,1,0,0,0,0,0,0,0,0,0,0
530025,1,1,0,0,0,0,0,0,0,0,0,0
530026,1,1,32,23,19,4,16,26,14,6,15,9
530027,1,1,0,0,0,0,0,0,0,0,0,0
530028,1,1,0,0,0,0,0,0,0,0,0,0
530029,1,1,10,10,10,10,10,10,10,10,10,10
530030,0,1,0,0,0,0,0,0,0,0,0,0
530030,1,1,0,0,0,0,0,0,0,0,0,0
530031,1,1,0,0,0,0,0,0,0,0,0,0
530032,1,1,0,0,0,0,0,7,0,0,0,0
530033,0,1,0,0,0,0,0,0,0,0,0,0
530033,1,1,0,0,0,0,0,0,0,0,0,0
530033,2,1,0,0,0,0,0,0,0,0,0,0
530034,0,1,0,0,0,0,0,0,0,0,0,0
530034,1,1,0,0,0,0,0,0,0,0,0,0
530035,0,1,0,0,0,0,0,0,0,0,0,0
530035,1,1,0,0,0,0,0,0,0,0,0,0
530036,0,1,14,14,14,14,14,14,14,14,14,14
530036,1,1,0,0,0,0,0,0,0,0,0,0
530037,1,1,4,4,4,4,4,4,4,4,4,4
530037,2,1,0,0,0,0,0,0,0,0,0,0
530038,1,1,5,5,5,5,5,5,5,5,5,5
530038,2,1,0,0,0,0,0,0,0,0,0,0
530039,1,1,17,17,17,17,17,17,17,17,17,17
530039,2,1,0,0,0,0,0,0,0,0,0,0
530040,1,1,23,23,23,23,23,23,23,23,23,23
530041,1,1,0,0,0,0,0,0,0,0,0,0
530041,2,1,0,0,0,0,0,0,0,0,0,0
530042,1,1,25,25,25,25,25,25,25,25,25,25
530042,2,1,0,0,0,0,0,0,0,0,0,0
530043,1,1,13,13,13,13,13,13,13,13,13,13
530043,2,1,0,0,0,0,0,0,0,0,0,0
530044,1,1,0,0,0,0,0,0,0,0,0,0
530044,2,1,0,0,0,0,0,0,0,0,0,0
530045,1,1,0,0,0,0,0,0,0,0,0,0
530045,2,1,0,0,0,0,0,0,0,0,0,0
530046,0,1,38,38,38,38,38,38,38,38,38,38
530046,1,1,0,0,0,0,0,0,0,0,0,0
530047,1,1,15,15,15,15,15,15,15,15,15,15
530047,2,1,0,0,0,0,0,0,0,0,0,0
530048,0,1,0,0,0,0,0,0,0,0,0,0
530048,1,1,0,0,0,0,0,0,0,0,0,0
530049,0,1,0,0,0,0,0,0,0,0,0,0
530049,1,1,0,0,0,0,0,0,0,0,0,0
530050,1,1,0,0,0,0,0,0,0,0,0,0
530050,2,1,0,0,0,0,0,0,0,0,0,0
530051,1,1,0,0,0,0,0,0,0,0,0,0
530051,2,1,0,0,0,0,0,0,0,0,0,0
530051,3,1,0,0,0,0,0,3,0,0,0,0
530052,1,1,13,13,13,13,13,13,13,13,13,13
530053,1,1,0,0,13,0,0,0,0,0,24,0
530054,0,1,1,1,1,1,1,1,1,1,1,1
530054,1,1,0,0,0,0,0,0,0,0,0,0
530055,1,1,27,18,0,6,23,25,11,0,0,9
530056,1,1,0,0,0,0,0,0,0,0,0,0
530056,2,1,0,0,0,0,0,0,0,0,0,0
530056,3,1,0,0,0,0,0,0,0,0,0,0
530057,0,1,33,33,33,33,33,33,33,33,33,33
530057,1,1,0,0,0,0,0,0,0,0,0,0
530058,0,1,0,0,0,0,0,0,0,0,0,0
530058,1,1,0,0,0,0,0,0,0,0,0,0
530059,1,1,0,0,0,0,0,0,0,0,0,0
530059,2,1,0,0,0,0,0,0,0,0,0,0
530060,1,1,0,0,0,0,0,0,0,0,0,0
530060,2,1,0,0,0,0,0,0,0,0,0,0
530061,0,1,0,0,0,0,0,0,0,0,0,0
530061,0,2,0,0,0,0,0,0,0,0,0,0
530061,0,3,0,8,0,0,0,0,0,0,0,0
530061,1,1,0,0,0,0,0,0,0,0,0,0
530062,1,1,10,10,10,10,10,10,10,10,10,10
530062,2,1,0,0,0,0,0,0,0,0,0,0
530063,1,1,15,15,15,15,15,15,15,15,15,15
530064,1,1,0,0,0,0,0,0,0,0,0,11
530064,2,1,0,0,0,0,0,0,0,0,0,0
530064,3,1,0,0,0,0,0,0,0,0,0,0
530065,1,1,31,17,31,14,14,12,14,22,22,36
530066,0,1,0,0,0,0,0,0,0,0,0,0
530066,1,1,0,0,0,0,0,0,0,0,0,0
530067,1,1,0,0,0,0,0,0,0,0,0,0
530067,2,1,0,0,0,0,2,0,0,0,0,0
530068,1,1,0,0,0,0,0,0,0,0,0,0
530069,1,1,4,4,4,4,4,4,4,4,4,4
530069,2,1,0,0,0,0,0,0,0,20,0,0
530070,1,1,21,21,21,21,21,21,21,21,21,21
530070,2,1,0,0,0,0,0,0,0,0,0,0
530071,1,1,0,0,0,0,0,0,0,0,0,0
530072,1,1,0,0,0,0,0,0,0,0,0,0
530072,2,1,0,0,0,0,0,0,0,0,0,0
530073,1,1,21,21,21,21,21,21,21,21,21,21
530074,1,1,0,0,0,0,0,0,0,0,0,0
530074,3,1,15,15,15,15,15,15,15,15,15,15
530075,0,1,0,0,0,0,0,0,0,0,0,0
530075,1,1,0,0,0,0,0,0,0,0,0,0
530076,1,1,10,10,10,10,10,10,10,10,10,10
530076,2,1,0,0,0,18,0,0,0,0,0,0
530077,1,1,29,29,29,29,29,29,29,29,29,29
530078,0,1,13,13,13,13,13,13,13,13,13,13
530078,1,1,0,0,0,0,0,0,0,0,0,0
530079,1,1,23,23,23,23,23,23,23,23,23,23
530080,1,1,5,5,5,5,5,5,5,5,5,5
530081,1,1,0,0,0,0,0,0,0,0,0,0
530081,2,1,0,0,0,0,0,0,0,0,15,0
530082,0,1,0,9,0,0,14,0,0,0,8,0
530082,1,1,0,0,0,0,0,0,0,0,0,0
530083,1,1,16,16,16,16,16,16,16,16,16,16
530084,1,1,6,6,6,6,6,6,6,6,6,6
530084,2,1,0,0,0,0,0,0,0,0,0,0
530085,1,1,22,22,22,22,22,22,22,22,22,22
530086,1,1,15,15,15,15,15,15,15,15,15,15
530087,1,1,14,14,14,14,14,14,14,14,14,14
530088,0,1,20,20,20,20,20,20,20,20,20,20
530088,1,1,10,10,10,10,10,10,10,10,10,10
530089,1,1,0,0,0,0,0,0,0,0,0,0
530090,0,1,36,36,36,36,36,36,36,36,36,36
530090,1,1,0,0,0,0,0,0,0,0,0,0
530091,1,1,17,17,17,17,17,17,17,17,17,17
530092,0,1,11,11,11,11,11,11,11,11,11,11
530092,1,1,0,0,0,0,0,0,0,0,0,0
530093,1,1,19,19,19,19,19,19,19,19,19,19
530094,1,1,20,20,20,20,20,20,20,20,20,20
530095,0,1,0,0,0,0,0,0,0,0,0,0
530095,1,1,0,0,0,0,0,0,0,0,0,0
530095,2,1,0,0,0,0,0,0,0,0,0,0
530095,3,1,0,11,0,37,0,0,0,0,0,0