ST_CASE,VEH_NO,PER_NO,P1,P2,P3,P4,P5,P6,P7,P8,P9,P10
530096,1,1,0,0,0,0,0,0,0,0,0,0
530097,1,1,0,0,0,0,0,0,0,0,0,0
530097,2,1,0,5,0,0,0,0,0,0,0,0
530098,1,1,16,16,16,16,16,16,16,16,16,16
530099,1,1,20,20,20,20,20,20,20,20,20,20
530099,2,1,0,7,0,0,5,14,0,0,0,0
530100,1,1,4,5,7,0,10,0,12,13,0,2
530101,1,1,12,12,12,12,12,12,12,12,12,12
530101,2,1,0,0,0,0,0,0,0,0,0,0
530102,1,1,0,0,0,0,0,0,0,0,0,0
530103,1,1,19,6,12,16,22,20,14,24,16,25
530104,1,1,0,0,0,0,0,0,0,0,0,0
530104,2,1,0,0,0,0,0,0,0,0,0,0
530105,0,1,0,0,0,0,0,0,0,0,0,0
530105,1,1,2,2,2,2,2,2,2,2,2,2
530107,1,1,0,0,0,0,0,0,0,0,0,0
530107,2,1,0,0,0,0,0,0,0,0,0,0
530107,3,1,0,0,0,0,0,0,0,0,0,0
530108,1,1,0,20,0,0,0,0,0,0,0,0
530108,2,1,0,0,0,0,0,0,0,0,0,0
530108,3,1,0,0,0,0,0,0,0,0,0,0
530109,1,1,38,13,17,16,17,9,4,26,23,36
530110,0,1,0,0,0,0,0,0,0,0,0,0
530110,1,1,0,0,0,0,0,0,0,0,0,0
530111,1,1,12,12,12,12,12,12,12,12,12,12
530112,1,1,0,0,0,0,0,0,0,0,0,0
530112,2,1,0,0,0,0,0,0,0,0,0,0
530113,1,1,0,0,0,0,0,0,0,0,0,0
530113,2,1,0,0,0,0,0,0,0,0,0,0
530114,1,1,0,0,0,0,0,0,0,0,0,0
530114,2,1,0,0,0,0,0,0,0,0,0,0
530115,1,1,0,0,0,0,0,0,0,0,0,0
530115,2,1,0,0,0,0,0,0,0,0,0,0
530116,1,1,20,20,20,20,20,20,20,20,20,20
530117,1,1,24,24,24,24,24,24,24,24,24,24
530118,0,1,16,16,16,16,16,16,16,16,16,16
530118,1,1,0,0,0,0,0,0,0,0,0,0
530119,1,1,12,12,12,12,12,12,12,12,12,12
530119,2,1,0,0,0,0,0,0,0,0,0,0
530120,1,1,14,14,14,14,14,14,14,14,14,14
530121,1,1,0,0,0,0,0,0,0,0,0,0
530122,1,1,0,0,0,0,0,0,0,0,0,0
530123,1,1,0,0,0,0,0,0,0,0,0,0
530123,2,1,0,0,0,0,0,0,0,0,0,0
530123,3,1,0,0,0,0,0,0,0,0,0,0
530123,4,1,0,0,0,0,0,0,0,0,0,0
530124,1,1,16,16,16,16,16,16,16,16,16,16
530125,1,1,9,9,9,9,9,9,9,9,9,9
530125,2,1,0,0,0,0,0,0,0,0,0,0
530126,0,1,17,17,17,17,17,17,17,17,17,17
530126,1,1,0,0,0,10,0,0,0,12,0,0
530127,1,1,26,26,26,26,26,26,26,26,26,26
530128,1,1,29,29,29,29,29,29,29,29,29,29
530128,2,1,0,0,0,0,0,0,0,0,8,0
530129,1,1,12,12,12,12,12,12,12,12,12,12
530130,1,1,0,0,0,0,0,0,0,0,0,0
530131,1,1,0,0,0,0,0,0,0,0,0,0
530132,1,1,0,0,0,0,0,0,0,0,0,0
530133,1,1,23,23,23,23,23,23,23,23,23,23
530134,1,1,33,33,33,33,33,33,33,33,33,33
530135,1,1,17,17,17,17,17,17,17,17,17,17
530135,2,1,17,17,17,17,17,17,17,17,17,17
530136,0,1,0,0,0,0,0,0,0,0,0,0
530136,1,1,6,6,6,6,6,6,6,6,6,6
530137,1,1,18,18,18,18,18,18,18,18,18,18
530138,1,1,0,0,0,0,0,0,0,0,0,0
530138,2,1,0,0,0,0,0,0,0,0,0,0
530139,1,1,17,22,15,20,27,13,12,13,19,18
530140,1,1,11,11,11,11,11,11,11,11,11,11
530141,1,1,11,11,11,11,11,11,11,11,11,11
530143,0,1,0,0,0,0,0,0,0,0,0,0
530143,1,1,0,0,0,0,0,0,0,0,7,0
530144,0,1,27,27,27,27,27,27,27,27,27,27
530144,1,1,0,0,0,0,0,0,0,0,0,0
530145,1,1,0,0,0,0,0,0,0,0,0,0
530145,2,1,0,0,0,0,0,0,0,0,0,0
530145,3,1,0,0,0,0,0,0,0,0,0,0
530146,1,1,23,23,23,23,23,23,23,23,23,23
530147,1,1,12,12,12,12,12,12,12,12,12,12
530148,1,1,0,0,0,0,0,0,0,0,0,0
530148,2,1,0,0,0,0,0,0,0,0,0,0
530148,3,1,0,0,0,0,0,0,0,0,27,0
530149,1,1,0,0,0,0,0,0,0,0,0,0
530149,2,1,0,0,0,0,0,0,0,0,0,0
530150,0,1,0,35,0,0,0,0,0,0,0,0
530150,0,2,0,0,0,0,0,0,0,0,0,0
530150,0,3,0,0,0,0,0,0,14,16,0,3
530150,1,1,24,24,24,24,24,24,24,24,24,24
530151,1,1,12,12,12,12,12,12,12,12,12,12
530152,1,1,0,0,0,0,0,0,0,0,20,0
530152,2,1,30,0,0,26,0,0,0,5,25,11
530153,0,1,0,0,0,0,0,0,0,0,0,0
530153,1,1,0,0,0,0,0,0,0,0,0,0
530154,0,1,0,0,0,0,0,0,0,0,0,0
530154,1,1,18,18,18,18,18,18,18,18,18,18
530155,1,1,0,0,0,0,0,0,0,0,0,0
530156,1,1,13,13,13,13,13,13,13,13,13,13
530157,1,1,0,0,0,0,0,0,0,0,0,0
530157,2,1,0,0,0,0,0,0,0,0,0,0
530158,1,1,29,29,29,29,29,29,29,29,29,29
530158,2,1,0,0,0,0,0,0,0,9,0,0
530159,1,1,0,0,0,0,0,0,0,0,0,0
530160,1,1,0,0,0,0,0,0,0,0,0,0
530160,2,1,0,0,0,0,0,0,0,0,0,0
530160,3,1,0,0,0,0,0,0,0,0,0,0
530161,1,1,0,0,0,0,0,0,0,0,0,0
530162,1,1,20,20,20,20,20,20,20,20,20,20
530163,1,1,0,0,0,0,0,0,0,0,0,0
530164,1,1,0,0,0,0,0,0,0,0,0,0
530164,2,1,0,0,0,0,0,0,0,0,0,0
530165,1,1,11,11,11,11,11,11,11,11,11,11
530166,1,1,0,0,0,0,0,0,0,0,0,0
530167,1,1,0,0,0,0,0,0,0,0,0,0
530167,2,1,0,0,0,0,0,0,0,0,0,0
530168,1,1,0,0,0,0,0,0,0,0,0,0
530168,2,1,0,0,0,0,0,0,0,0,0,0
530169,1,1,22,22,22,22,22,22,22,22,22,22
530170,1,1,0,0,0,0,0,0,0,0,0,0
530170,2,1,0,0,0,0,0,0,0,0,0,0
530171,1,1,0,0,0,0,0,0,0,0,0,0
530171,2,1,0,0,0,0,0,0,0,0,0,0
530172,1,1,0,0,0,0,0,0,0,0,0,0
530172,2,1,0,0,0,0,0,0,0,0,0,0
530173,1,1,0,0,0,0,0,0,0,0,0,0
530174,1,1,0,0,0,0,0,0,0,0,0,0
530175,1,1,21,21,21,21,21,21,21,21,21,21
530176,1,1,0,0,0,0,0,0,0,0,0,0
530176,2,1,0,0,0,0,0,0,0,0,0,0
530177,1,1,0,0,0,0,0,0,0,0,0,0
530177,2,1,0,0,0,0,0,0,0,0,0,0
530178,1,1,15,15,15,15,15,15,15,15,15,15
530179,1,1,21,21,21,21,21,21,21,21,21,21
530180,1,1,14,14,14,14,14,14,14,14,14,14
530182,1,1,0,0,0,0,0,0,0,0,0,0
530183,1,1,16,16,16,16,16,16,16,16,16,16
530184,1,1,0,0,0,0,0,0,0,0,0,0
530184,2,1,0,0,0,0,0,0,0,0,0,0
530185,0,1,0,0,0,0,0,0,0,0,0,0
530185,1,1,0,0,0,0,0,0,0,0,0,0
530186,1,1,0,0,0,0,0,0,0,0,0,0
530186,2,1,0,0,0,0,0,0,0,0,0,0
530187,1,1,8,8,8,8,8,8,8,8,8,8
530188,1,1,15,15,15,15,15,15,15,15,15,15
530189,1,1,0,0,0,0,0,0,0,0,0,0
530190,1,1,0,0,0,0,0,0,0,0,0,0
530190,2,1,0,0,0,0,0,0,0,0,0,0
530191,1,1,0,0,0,0,0,0,0,0,0,0
530191,2,1,0,0,0,0,0,0,0,0,0,0
530192,1,1,0,0,0,0,0,0,0,0,0,0
530193,1,1,0,0,0,0,0,0,0,0,0,0
530193,2,1,0,0,0,0,0,0,0,0,0,0
530193,3,1,0,0,0,0,0,0,0,0,0,0
530193,4,1,0,0,0,0,0,0,0,0,0,0
530193,5,1,0,0,0,0,0,0,0,0,0,0
530193,6,1,0,0,0,0,0,0,0,0,0,0
530193,7,1,0,0,0,0,0,0,0,0,0,0
530193,8,1,0,0,0,0,0,0,0,0,0,0
530194,1,1,16,16,16,16,16,16,16,16,16,16
530196,1,1,0,0,0,0,0,0,0,0,0,0
530197,0,1,0,0,0,0,0,0,0,0,0,0
530197,1,1,0,0,0,0,0,0,0,0,0,0
530198,1,1,0,0,0,0,0,0,0,0,0,0
530199,1,1,27,27,27,27,27,27,27,27,27,27
530200,1,1,0,0,0,0,0,0,0,0,0,0
530201,1,1,0,0,0,0,0,0,0,0,0,0
530201,2,1,0,0,0,0,0,0,0,0,0,0
530202,0,1,0,0,0,0,0,0,0,0,0,0
530202,1,1,0,0,0,0,0,0,0,0,0,0
530203,1,1,18,18,18,18,18,18,18,18,18,18
530204,0,1,0,0,0,0,0,0,0,0,0,0
530204,1,1,0,0,0,0,0,0,0,0,0,0
530205,1,1,0,0,0,0,0,0,0,0,0,0
530205,2,1,0,0,0,0,0,0,0,0,0,0
530206,1,1,0,0,0,0,0,0,0,0,0,0
530207,1,1,0,0,0,0,7,0,0,0,0,0
530208,1,1,7,0,0,0,0,0,0,0,0,0
530208,2,1,0,0,0,0,0,0,0,0,0,0
530208,3,1,0,0,0,0,0,0,0,0,0,0
530209,0,1,0,0,0,0,0,0,0,0,0,0
530209,1,1,0,0,0,0,0,0,0,0,0,0
530210,1,1,0,0,0,0,0,0,0,0,0,0
530210,2,1,0,0,0,0,0,0,0,0,0,0
530212,1,1,0,0,0,0,0,0,0,0,0,0
530212,2,1,0,0,0,0,0,0,0,0,0,0
530213,0,1,37,37,37,37,37,37,37,37,37,37
530213,1,1,10,0,0,0,0,0,13,0,0,9
530214,1,1,19,19,19,19,19,19,19,19,19,19
530214,2,1,0,0,0,0,0,0,0,0,0,0
530215,0,1,19,25,21,17,29,19,31,22,44,3
530215,1,1,22,22,22,22,22,22,22,22,22,22
530216,1,1,0,0,0,0,0,0,0,0,0,0
530216,2,1,0,0,0,0,0,0,0,0,0,0
530217,0,1,23,0,0,0,0,7,0,0,16,11
530217,1,1,0,0,0,0,0,0,0,0,0,0
530218,1,1,0,0,0,0,0,0,0,0,0,0
530218,2,1,0,3,0,0,0,0,0,0,0,0
530219,1,1,14,14,14,14,14,14,14,14,14,14
530220,1,1,0,0,12,0,0,0,0,12,0,10
530221,2,1,0,0,0,0,0,0,0,0,0,0
530222,1,1,0,0,0,0,0,0,0,0,0,0
530223,1,1,0,0,0,0,0,0,0,0,0,0
530224,1,1,0,0,0,0,0,0,0,0,0,0
530225,1,1,15,15,15,15,15,15,15,15,15,15
530226,1,1,0,0,0,11,0,0,0,0,0,0
530226,2,1,0,0,0,0,0,0,0,0,0,0
530226,3,1,0,0,0,0,0,0,0,0,0,0
530227,1,1,0,0,0,0,0,0,0,0,0,0
530227,2,1,0,0,0,0,0,0,0,0,0,0
530228,1,1,11,11,11,11,11,11,11,11,11,11
530228,2,1,0,0,0,0,0,0,0,0,0,0
530229,1,1,0,0,0,0,0,0,0,0,0,0
530229,2,1,0,0,0,0,0,0,0,0,0,0
530230,1,1,0,0,0,0,0,0,0,0,0,0
530230,2,1,0,0,0,0,0,0,0,0,0,0
530231,1,1,17,17,17,17,17,17,17,17,17,17
530232,1,1,0,0,0,0,0,0,0,0,0,0
530232,2,1,0,0,0,0,0,0,0,0,0,0
530233,1,1,15,15,15,15,15,15,15,15,15,15
530233,2,1,0,0,0,0,0,0,0,16,0,0
530233,3,1,0,0,0,0,0,0,0,0,0,0
530234,0,1,0,0,0,0,0,0,0,0,0,0
530235,0,1,0,0,0,0,0,0,0,0,0,0
530235,1,1,0,0,0,0,0,0,0,0,0,0
530236,1,1,0,0,0,0,0,0,0,0,0,0
530236,2,1,26,0,0,0,0,0,0,0,0,0
530237,0,1,0,0,0,0,0,0,0,0,0,0
530237,1,1,0,0,0,20,0,14,0,16,30,14
530238,1,1,0,0,0,0,0,0,0,0,0,0
530239,0,1,0,0,0,0,0,0,0,0,0,0
530239,1,1,0,0,0,0,0,0,0,0,0,0
530240,1,1,0,0,0,0,0,0,0,0,0,0
530241,1,1,0,0,0,0,0,0,0,0,0,0
530241,2,1,0,0,0,0,0,0,0,0,0,0
530241,3,1,0,0,0,0,0,0,0,0,0,0
530241,4,1,0,0,0,0,0,0,0,0,0,0
530242,0,1,0,0,0,0,0,0,0,0,0,0
530242,1,1,0,0,0,0,0,0,0,0,0,0
530243,1,1,10,0,0,0,0,0,0,0,0,0
530244,0,1,0,0,0,0,0,0,0,0,0,0
530244,1,1,0,0,0,0,0,0,0,0,0,0
530245,1,1,0,0,0,0,0,0,0,0,0,0
530246,1,1,16,16,16,16,16,16,16,16,16,16
530247,1,1,0,0,0,0,0,0,0,0,0,0
530248,1,1,0,0,0,0,0,0,0,0,0,0
530249,1,1,0,0,0,0,0,0,0,0,0,0
530249,2,1,0,0,0,24,0,0,0,0,0,0
530250,0,1,28,28,28,28,28,28,28,28,28,28
530250,0,2,31,0,0,0,0,0,24,22,7,18
530250,0,3,14,5,28,29,24,0,0,18,0,16
530250,1,1,1,1,1,1,1,1,1,1,1,1
530251,1,1,0,0,0,16,0,0,0,0,0,0
530252,1,1,0,0,0,0,0,0,0,0,0,0
530253,1,1,0,0,0,0,0,0,0,0,0,0
530253,2,1,0,0,0,0,0,0,0,0,0,0
530254,1,1,24,24,24,24,24,24,24,24,24,24
530255,1,1,0,0,0,0,0,0,0,0,0,0
530256,0,1,0,0,0,0,0,0,0,0,0,0
530256,1,1,0,0,0,0,0,0,0,0,0,0
530257,1,1,0,0,0,0,0,0,0,0,0,6
530257,2,1,0,0,0,0,0,0,0,0,11,0
530258,0,1,0,0,0,0,0,0,0,0,0,0
530258,1,1,9,9,9,9,9,9,9,9,9,9
530259,1,1,0,0,0,0,0,0,0,0,0,0
530260,1,1,3,3,3,3,3,3,3,3,3,3
530260,2,1,0,0,0,0,0,0,0,0,0,0
530261,1,1,25,25,25,25,25,25,25,25,25,25
530261,2,1,0,17,0,0,0,0,0,0,0,0
530262,1,1,0,0,0,0,10,25,17,13,0,0
530263,1,1,13,13,13,13,13,13,13,13,13,13
530264,1,1,0,0,0,0,0,0,0,0,0,0
530264,2,1,0,0,0,0,0,0,0,8,0,0
530265,1,1,0,0,0,0,0,0,0,0,0,0
530265,2,1,0,0,0,0,0,0,0,0,0,0
530266,1,1,13,13,13,13,13,13,13,13,13,13
530267,1,1,27,27,27,27,27,27,27,27,27,27
530267,2,1,0,0,0,0,0,0,0,0,0,0
530268,1,1,19,19,19,19,19,19,19,19,19,19
530269,1,1,0,0,0,0,0,0,0,0,0,0
530270,0,1,16,16,16,16,16,16,16,16,16,16
530270,1,1,0,0,0,0,0,0,0,0,0,0
530271,1,1,24,24,24,24,24,24,24,24,24,24
530272,1,1,0,0,0,0,0,0,0,0,0,0
530273,1,1,0,0,0,0,0,0,0,0,0,0
530273,2,1,0,0,0,0,0,0,0,0,0,0
530274,1,1,22,22,22,22,22,22,22,22,22,22
530274,2,1,0,0,0,0,0,0,0,0,0,0
530274,3,1,0,0,0,0,0,0,0,0,0,0
530275,1,1,0,0,0,0,0,0,0,0,0,0
530276,1,1,0,0,0,0,0,0,0,0,0,0
530277,1,1,0,0,0,0,0,0,0,0,0,0
530277,2,1,0,0,0,0,0,0,0,0,27,0
530278,1,1,5,5,5,5,5,5,5,5,5,5
530278,2,1,3,3,3,3,3,3,3,3,3,3
530279,1,1,0,0,0,0,0,0,0,0,0,0
530279,2,1,0,0,0,0,0,0,0,0,0,0
530280,1,1,0,0,0,0,0,0,0,0,0,0
530281,1,1,0,0,0,0,0,0,0,0,0,0
530282,1,1,0,0,0,0,0,0,0,0,0,0
530282,2,1,0,0,0,0,0,0,0,0,0,0
530283,1,1,26,26,26,26,26,26,26,26,26,26
530284,1,1,3,3,3,3,3,3,3,3,3,3
530284,2,1,5,5,5,5,5,5,5,5,5,5
530285,1,1,0,0,0,0,0,0,0,0,0,0
530286,0,1,0,0,0,0,0,0,0,0,0,0
530287,1,1,0,0,0,0,0,0,0,0,0,0
530288,1,1,0,0,0,0,0,0,0,0,0,0
530288,2,1,0,0,0,0,0,0,0,0,0,0
530289,1,1,0,0,0,0,0,0,0,0,0,0
530289,2,1,0,0,0,0,0,0,0,0,0,0
530289,3,1,0,0,0,0,0,0,0,0,0,0
530291,1,1,21,21,21,21,21,21,21,21,21,21
530292,1,1,19,0,0,0,0,0,0,11,0,0
530292,2,1,0,0,0,0,0,0,0,0,0,0
530293,1,1,12,12,12,12,12,12,12,12,12,12
530293,2,1,0,0,0,0,0,0,0,0,0,0
530294,0,1,0,0,0,0,0,0,0,0,0,0
530294,1,1,0,0,0,0,0,0,0,0,0,0
530295,1,1,12,12,12,12,12,12,12,12,12,12
530295,2,1,0,0,0,6,0,0,5,0,0,0
530296,1,1,0,0,0,0,0,0,0,0,0,0
530296,2,1,0,0,0,0,0,0,0,0,0,0
530298,1,1,0,0,0,0,0,0,0,0,0,0
530299,1,1,0,0,0,0,0,0,0,0,0,0
530300,1,1,0,0,0,0,0,0,0,0,0,0
530301,0,1,20,20,20,20,20,20,20,20,20,20
530301,1,1,0,0,0,0,0,0,0,0,0,0
530302,0,1,0,0,0,0,0,0,0,0,0,0
530302,1,1,0,0,0,0,0,0,0,0,0,0
530303,0,1,0,0,0,0,0,0,0,0,0,0
530303,1,1,0,0,0,0,0,0,0,0,0,0
530304,1,1,7,7,7,7,7,7,7,7,7,7
530305,1,1,23,23,23,23,23,23,23,23,23,23
530306,0,1,0,0,0,0,0,0,0,0,0,0
530306,1,1,0,0,0,0,0,0,0,0,0,0
530307,1,1,0,0,0,0,0,0,0,0,0,0
530307,2,1,0,0,0,0,0,0,0,0,0,0
530308,1,1,0,0,0,0,0,0,0,0,0,0
530308,2,1,0,0,0,0,0,0,0,0,0,0
530309,0,1,0,0,0,0,0,0,0,0,0,0
530309,1,1,0,0,0,0,0,0,0,0,0,0
530310,0,1,12,12,12,12,12,12,12,12,12,12
530310,1,1,18,0,14,0,0,32,19,0,0,0
530311,1,1,23,23,23,23,23,23,23,23,23,23
530312,1,1,0,0,0,0,0,0,0,0,0,0
530312,2,1,0,0,0,0,0,0,0,0,0,0
530313,1,1,14,14,14,14,14,14,14,14,14,14
530314,1,1,0,0,0,0,0,0,0,0,0,0
530314,2,1,0,0,0,0,0,0,0,0,0,0
530315,1,1,0,0,0,0,0,0,0,0,0,0
530315,2,1,0,0,0,0,0,0,0,0,0,0
530316,1,1,27,27,27,27,27,27,27,27,27,27
530317,1,3,0,10,0,0,3,0,0,5,0,0
530318,1,1,0,0,0,0,0,0,0,0,0,0
530319,1,1,0,0,0,0,0,0,0,0,0,0
530320,0,1,28,28,28,28,28,28,28,28,28,28
530320,1,1,0,0,0,0,0,0,0,0,0,0
530321,1,1,0,0,0,0,0,0,0,0,0,0
530321,2,1,0,0,0,0,0,0,0,0,0,0
530321,3,1,7,0,0,0,0,0,0,0,0,0
530322,1,1,15,15,15,15,15,15,15,15,15,15
530323,1,1,9,9,9,9,9,9,9,9,9,9
530324,1,1,0,0,0,0,0,0,0,0,0,0
530324,2,1,0,0,0,0,0,0,0,0,0,0
530325,0,1,5,5,5,5,5,5,5,5,5,5
530325,1,1,0,0,0,0,0,0,0,0,0,0
530326,1,1,0,0,0,0,0,0,0,0,0,0
530326,2,1,0,0,0,0,0,0,0,0,0,0
530327,1,1,14,14,14,14,14,14,14,14,14,14
530327,2,1,0,0,0,0,0,0,0,0,0,0
530328,1,1,0,0,0,0,0,0,0,0,0,0
530328,2,1,0,0,0,0,0,0,0,0,0,0
530328,3,1,0,0,0,0,0,0,0,0,0,0
530329,0,1,0,0,0,0,0,0,0,0,0,0
530329,1,1,0,0,0,0,0,0,0,0,0,0
530330,1,1,0,0,0,0,0,0,0,0,0,3
530330,2,1,0,0,0,0,0,0,0,0,0,0
530331,0,1,0,0,0,0,0,0,0,0,0,0
530331,1,1,0,20,0,0,0,0,0,5,0,0
530332,1,1,0,0,0,0,0,0,0,0,0,0
530332,2,1,0,0,0,0,0,0,0,0,0,0
530333,1,1,0,0,0,0,0,0,0,0,0,0
530334,0,1,0,0,0,0,0,0,0,0,0,0
530334,1,1,0,0,0,0,0,0,0,0,0,0
530335,1,1,0,0,0,0,0,0,0,0,0,0
530335,2,1,0,0,0,0,0,0,0,0,0,0
530336,1,1,0,0,0,0,0,0,0,0,0,0
530337,1,1,0,0,0,0,0,0,0,0,0,0
530337,2,1,0,0,0,5,0,0,0,0,0,0
530338,1,1,6,9,7,31,31,14,18,22,25,9
530339,1,1,0,0,0,0,0,0,0,0,0,0
530340,1,1,0,0,0,0,0,0,0,0,0,0
530340,2,1,0,0,0,0,0,0,0,0,0,0
530341,1,1,0,0,0,0,0,0,0,0,0,0
530341,2,1,0,0,0,0,0,0,0,0,0,0
530341,3,1,8,8,8,8,8,8,8,8,8,8
530342,1,1,25,25,25,25,25,25,25,25,25,25
530343,0,1,0,0,0,0,0,0,0,0,0,0
530343,1,1,0,0,0,0,0,0,0,0,0,0
530344,0,1,16,16,16,16,16,16,16,16,16,16
530344,1,1,0,0,0,0,0,0,0,0,0,0
530345,1,1,18,18,18,18,18,18,18,18,18,18
530346,1,1,0,0,0,0,0,0,0,0,0,0
530346,2,1,0,0,0,0,0,0,0,0,0,0
530347,1,1,24,24,24,24,24,24,24,24,24,24
530348,1,1,0,0,0,0,0,0,0,0,0,0
530349,0,1,22,22,22,22,22,22,22,22,22,22
530349,1,1,0,0,0,0,0,0,20,0,0,0
530350,1,1,6,0,0,0,0,0,30,0,10,12
530351,1,1,0,0,0,0,0,0,0,0,0,0
530351,2,1,14,14,14,14,14,14,14,14,14,14
530352,1,1,0,0,0,0,0,0,0,0,0,0
530353,1,1,24,24,24,24,24,24,24,24,24,24
530354,1,1,0,0,0,0,0,0,0,0,0,0
530354,2,1,0,0,0,0,0,0,0,0,0,0
530355,1,1,0,0,0,0,0,0,0,0,0,0
530356,0,1,0,0,0,0,0,0,0,0,0,0
530356,1,1,0,0,0,0,0,0,0,0,0,0
530357,0,1,13,13,13,13,13,13,13,13,13,13
530357,1,1,10,0,0,0,0,0,0,0,0,15
530358,1,1,0,0,0,0,0,0,0,0,0,0
530359,1,1,0,0,0,0,0,0,0,0,0,0
530359,2,1,0,0,0,0,0,0,0,0,0,0
530360,1,1,0,0,0,0,0,0,0,0,0,0
530360,2,1,0,0,0,0,0,0,0,0,0,0
530361,1,1,19,19,19,19,19,19,19,19,19,19
530362,1,1,0,0,0,0,0,0,0,0,0,0
530362,2,1,0,0,0,0,0,0,0,0,0,0
530364,1,1,21,21,21,21,21,21,21,21,21,21
530365,1,1,0,0,0,0,0,0,0,0,0,0
530365,2,1,0,0,0,0,0,0,0,0,0,0
530366,1,1,23,23,23,23,23,23,23,23,23,23
530366,2,1,0,0,0,0,0,0,0,0,0,0
530367,1,1,25,25,25,25,25,25,25,25,25,25
530368,0,1,0,0,0,0,0,0,0,0,15,0
530368,1,1,18,20,0,0,0,0,11,0,0,0
530369,1,1,25,25,25,25,25,25,25,25,25,25
530369,2,1,0,0,20,0,26,0,0,0,15,0
530370,0,1,0,0,0,0,0,0,0,0,0,0
530370,1,1,0,0,0,0,0,0,0,0,0,0
530371,1,1,0,0,14,13,0,0,0,0,39,0
530371,2,1,0,0,0,0,0,0,0,0,15,0
530372,0,1,0,0,0,0,0,0,0,0,0,0
530372,1,1,0,0,0,0,0,0,0,0,16,0
530372,2,1,0,0,0,0,0,0,0,0,0,0
530373,0,1,0,0,0,0,0,0,0,0,0,0
530373,1,1,0,0,0,0,0,0,0,0,0,0
530374,0,1,0,0,0,11,0,0,23,0,0,0
530374,1,1,13,11,12,11,19,14,15,37,24,12
530375,1,1,0,0,0,0,0,0,0,0,0,0
530376,1,1,0,0,0,0,0,0,0,0,0,0
530376,2,1,0,0,0,0,0,0,0,0,0,0
530377,1,1,0,0,0,0,0,0,0,0,0,0
530377,2,1,0,0,0,0,0,0,0,0,0,0
530377,3,1,0,0,0,0,0,0,9,15,0,0
530377,4,1,0,0,0,0,0,0,0,10,0,0
530378,1,1,0,0,0,0,0,0,0,0,0,0
530378,2,1,0,0,0,0,0,0,0,0,0,0
530379,1,1,21,21,21,21,21,21,21,21,21,21
530380,0,1,0,0,0,0,0,0,0,0,0,0
530380,1,1,0,0,0,0,0,0,0,0,0,0
530381,1,1,0,0,0,0,0,0,0,0,0,0
530381,2,1,0,0,0,0,0,0,0,0,0,0
530381,3,1,0,0,0,0,0,0,0,0,0,0
530382,1,1,0,0,0,0,0,0,0,0,0,0
530383,0,1,2,2,2,2,2,2,2,2,2,2
530383,1,1,0,0,0,0,0,0,0,0,0,0
530384,1,1,0,0,0,0,0,0,0,0,0,0
530385,0,1,0,0,0,0,0,0,0,0,0,0
530385,1,1,0,0,0,0,0,0,0,0,0,0
530385,2,1,0,0,0,0,0,0,0,0,0,0
530386,0,1,0,0,0,0,0,0,0,0,0,0
530386,1,1,17,17,17,17,17,17,17,17,17,17
530387,1,1,0,0,0,0,0,0,0,0,0,0
530388,1,1,0,0,0,0,0,0,0,0,0,0
530389,0,1,0,0,0,0,0,0,0,0,0,0
530389,1,1,0,0,0,0,0,0,0,0,0,0
530390,1,1,0,0,0,0,0,0,0,0,0,0
530391,0,1,28,28,28,28,28,28,28,28,28,28
530391,1,1,0,0,0,0,0,0,0,0,0,0
530392,0,1,0,0,0,0,0,0,0,0,0,0
530392,1,1,0,0,0,0,0,0,0,0,0,0
530393,1,1,0,0,0,0,0,0,0,0,0,0
530393,2,1,0,0,0,0,0,0,0,0,0,0
530394,1,1,0,0,0,0,0,0,0,0,0,0
530394,2,1,0,0,0,0,0,0,0,0,0,0
530395,1,1,21,21,21,21,21,21,21,21,21,21
530396,1,1,26,26,26,26,26,26,26,26,26,26
530397,1,1,0,0,0,0,0,0,0,0,0,0
530398,1,1,0,0,0,0,0,0,0,0,0,0
530398,2,1,0,0,0,0,0,0,0,0,0,0
530398,3,1,0,0,0,0,0,0,0,0,0,0
530399,0,1,0,0,0,0,0,0,0,0,0,0
530399,1,1,0,0,0,0,0,0,0,0,0,0
530399,2,1,0,0,0,0,0,0,0,0,0,0
530399,3,1,29,32,0,0,0,0,0,0,0,0
530400,1,1,0,0,0,0,0,0,0,0,0,0
530400,2,1,0,0,0,0,0,0,0,0,0,0
530401,0,1,0,0,0,0,0,0,0,0,0,0
530401,1,1,0,0,0,0,0,0,0,0,10,0
530402,1,1,14,14,14,14,14,14,14,14,14,14
530404,1,1,0,0,0,0,0,0,0,0,0,0
530404,2,1,0,0,0,0,0,0,0,0,0,0
530404,3,1,0,22,9,0,0,0,0,0,44,0
530405,0,1,9,9,9,9,9,9,9,9,9,9
530405,1,1,0,0,0,0,0,0,0,0,0,0
530406,1,1,3,3,3,3,3,3,3,3,3,3
530406,2,1,0,0,0,0,0,0,0,0,0,0
530407,0,1,0,0,0,0,0,0,0,11,0,0
530407,1,1,0,2,7,0,0,0,0,0,8,14
530408,1,1,0,0,0,0,0,0,0,0,0,0