ST_CASE,VEH_NO,PER_NO,P1,P2,P3,P4,P5,P6,P7,P8,P9,P10
530408,2,1,0,0,0,0,0,0,0,0,0,0
530409,1,1,13,32,7,36,11,0,0,0,0,11
530410,1,1,3,0,0,0,0,0,0,0,0,0
530410,2,1,0,0,0,0,0,0,0,0,0,0
530410,3,1,0,0,0,0,0,0,0,0,0,0
530410,4,1,0,0,0,0,0,0,0,0,0,0
530412,0,1,0,0,0,0,0,0,0,0,0,0
530412,1,1,36,22,16,0,9,10,0,0,20,0
530413,1,1,0,0,0,32,3,0,0,19,0,0
540001,1,1,0,0,0,0,0,0,0,0,0,0
540001,2,1,0,0,0,0,0,0,0,0,0,0
540002,1,1,0,0,0,0,0,21,0,0,0,0
540003,1,1,0,0,0,0,0,0,0,0,0,0
540005,1,1,0,0,0,0,0,0,0,0,0,0
540007,1,1,0,0,0,0,0,0,0,0,0,0
540008,1,1,0,0,0,0,0,0,0,0,0,0
540008,2,1,0,0,0,0,0,0,0,0,0,0
540008,3,1,0,0,0,0,0,0,0,0,0,0
540009,1,1,0,0,0,0,0,0,0,0,0,0
540009,2,1,0,0,0,0,0,0,0,0,0,0
540010,0,1,0,0,0,0,0,0,0,0,0,0
540010,1,1,0,0,0,0,0,0,0,0,0,0
540011,1,1,3,16,11,0,17,0,21,0,8,13
540011,2,1,0,0,0,0,0,0,0,0,0,0
540012,1,1,0,0,0,0,0,0,0,0,0,0
540012,2,1,0,0,0,0,0,0,0,0,0,0
540013,1,1,0,0,0,0,0,0,0,0,0,0
540014,1,1,0,0,0,0,0,0,0,0,0,0
540015,1,1,66,66,66,66,66,66,66,66,66,66
540016,1,1,0,0,0,0,0,0,0,0,0,0
540017,1,1,23,14,16,11,3,14,22,13,0,16
540017,2,1,0,0,0,0,0,0,0,0,0,0
540018,1,1,29,29,29,29,29,29,29,29,29,29
540019,1,1,0,0,0,0,0,0,0,0,0,0
540019,2,1,0,0,0,0,0,0,0,0,0,0
540020,1,1,15,15,15,15,15,15,15,15,15,15
540021,1,1,0,0,0,0,0,0,0,0,0,0
540021,2,1,0,0,0,0,0,0,0,0,0,0
540022,1,1,0,0,0,0,0,0,0,0,0,0
540023,0,1,38,38,38,38,38,38,38,38,38,38
540023,1,1,0,0,0,6,0,0,29,7,0,23
540024,0,1,24,7,0,0,0,0,0,0,0,0
540024,1,1,0,0,0,34,0,0,0,0,0,0
540025,1,1,0,0,0,0,0,0,0,0,0,0
540026,1,1,0,0,0,0,0,0,0,0,0,0
540027,1,1,0,0,0,0,0,0,0,0,0,0
540028,1,1,16,2,0,13,25,0,0,0,16,21
540028,2,1,0,0,0,0,0,0,0,0,0,0
540029,1,1,0,0,0,0,0,0,0,0,0,0
540030,1,1,0,0,0,0,0,0,0,0,0,0
540031,1,1,0,0,0,0,0,0,0,0,0,0
540031,2,1,0,0,0,0,0,0,0,0,0,0
540032,1,1,0,0,0,0,0,0,0,0,0,0
540033,1,1,0,0,0,0,0,0,0,0,0,0
540033,2,1,0,0,0,0,0,0,0,0,0,0
540034,1,1,15,15,15,15,15,15,15,15,15,15
540035,1,1,0,0,0,0,0,0,0,0,0,0
540035,2,1,0,0,0,0,0,0,0,0,0,0
540036,1,1,26,26,26,26,26,26,26,26,26,26
540037,1,1,0,0,0,0,0,0,0,0,0,0
540038,1,1,0,0,0,0,0,0,0,0,0,0
540038,2,1,0,0,0,0,0,0,0,0,0,0
540039,1,1,0,0,0,0,0,0,0,0,0,0
540040,1,1,0,0,0,0,0,0,0,0,0,0
540040,2,1,0,0,0,0,0,0,0,0,0,0
540041,1,1,6,6,6,6,6,6,6,6,6,6
540042,1,1,0,0,0,0,0,0,0,0,0,0
540042,2,1,0,0,0,0,0,0,0,0,0,0
540043,1,1,0,0,5,0,0,19,0,22,0,20
540044,1,1,0,0,0,0,0,0,0,0,0,0
540045,1,1,0,0,0,0,0,0,0,0,0,0
540045,2,1,0,0,0,0,0,0,0,0,0,0
540046,1,1,0,0,0,0,0,0,0,0,0,0
540047,0,1,0,0,0,0,0,0,0,0,0,0
540047,1,1,0,0,0,0,0,0,0,0,0,0
540048,1,1,0,0,0,0,0,0,0,0,0,0
540049,1,1,0,0,0,0,0,0,0,0,0,0
540049,2,1,0,0,0,0,0,0,0,0,0,0
540050,0,1,0,0,0,0,0,0,0,0,0,0
540050,1,1,0,39,0,0,0,0,0,0,0,0
540051,1,1,0,0,0,0,0,0,0,0,0,0
540051,2,1,0,0,0,0,0,0,0,0,0,0
540052,1,1,0,0,0,0,0,0,0,0,0,0
540053,0,1,0,0,0,0,0,0,0,0,0,0
540053,1,1,0,0,0,0,0,0,0,0,0,0
540054,1,1,0,0,0,0,0,0,0,0,0,4
540054,2,1,13,13,13,13,13,13,13,13,13,13
540054,3,1,0,0,0,0,0,11,0,22,0,0
540055,1,1,16,16,16,16,16,16,16,16,16,16
540056,1,1,0,0,0,0,0,0,0,0,0,0
540057,0,1,17,17,17,17,17,17,17,17,17,17
540057,1,1,0,0,0,0,0,0,0,13,0,0
540058,1,1,0,0,0,0,0,0,0,0,0,0
540059,1,1,0,0,0,0,0,0,0,0,0,0
540060,1,1,0,0,0,0,0,0,0,0,0,0
540060,2,1,0,0,0,0,0,0,0,21,0,0
540060,3,1,0,0,0,0,0,0,0,0,0,0
540061,1,1,21,21,21,21,21,21,21,21,21,21
540061,2,1,0,0,0,0,0,0,0,0,0,0
540062,1,1,8,8,8,8,8,8,8,8,8,8
540063,0,1,0,0,0,0,0,0,0,0,0,0
540063,0,2,0,0,0,0,10,0,0,0,0,0
540063,1,1,0,0,0,0,0,0,0,0,0,0
540064,0,1,0,0,0,0,0,0,0,0,0,0
540064,1,1,0,0,0,0,0,0,0,0,0,0
540065,1,1,15,15,15,15,15,15,15,15,15,15
540066,1,1,0,0,0,0,0,0,0,0,0,0
540066,2,1,0,0,0,0,0,0,0,0,0,0
540067,1,1,0,0,0,0,0,0,0,0,0,0
540068,1,1,0,0,0,0,0,0,0,0,0,0
540069,1,1,0,0,0,0,0,0,0,0,0,0
540069,2,1,0,0,0,0,0,0,0,0,0,0
540070,1,1,0,0,0,0,0,0,0,0,0,0
540071,1,1,0,0,0,0,0,0,0,0,0,0
540072,1,1,0,0,0,0,0,0,0,0,0,0
540072,2,1,0,0,0,0,0,0,0,0,0,0
540073,0,1,0,0,0,0,0,0,0,0,0,0
540073,1,1,0,0,0,0,0,0,0,0,0,0
540074,1,1,0,0,0,0,0,0,0,0,0,0
540075,1,1,19,19,19,19,19,19,19,19,19,19
540076,1,1,0,0,0,0,0,0,0,0,0,0
540077,1,1,0,0,0,0,0,0,0,0,0,0
540077,2,1,0,0,0,0,0,0,0,0,0,0
540078,1,1,0,0,0,0,0,0,0,0,0,0
540078,2,1,0,0,0,0,0,0,9,0,0,0
540079,1,1,0,0,0,0,0,0,0,0,0,0
540080,1,1,0,0,0,0,0,0,0,0,0,0
540081,1,1,0,0,0,0,0,0,0,0,0,0
540081,2,1,0,0,0,0,0,0,0,0,0,0
540082,1,1,25,16,13,14,19,14,19,17,17,19
540083,0,1,0,0,0,0,0,0,0,0,0,0
540083,1,1,0,0,0,0,12,0,0,0,0,0
540084,1,1,0,0,0,0,0,0,0,0,0,0
540084,2,1,0,0,0,0,0,0,0,0,0,0
540085,1,1,0,0,0,0,0,0,0,0,0,0
540086,1,1,0,0,0,0,0,0,0,0,0,0
540087,1,1,0,0,0,0,0,0,0,0,0,0
540087,2,1,0,0,13,0,0,0,0,2,0,0
540089,1,1,0,0,13,0,0,0,0,0,0,0
540089,2,1,0,0,0,0,0,0,0,23,0,0
540090,1,1,0,5,0,0,0,0,0,0,0,0
540090,2,1,0,0,0,0,0,0,0,0,0,0
540091,1,1,0,0,0,0,0,0,0,0,0,0
540091,2,1,0,0,0,0,0,0,0,0,0,0
540092,1,1,0,0,0,0,0,0,0,0,0,0
540093,1,1,0,0,0,0,0,0,0,0,0,0
540093,2,1,0,0,0,0,0,0,0,0,0,0
540093,3,1,0,0,0,0,0,0,0,0,0,0
540094,1,1,11,11,11,11,11,11,11,11,11,11
540095,1,1,0,0,0,0,0,0,0,0,0,0
540096,0,1,0,0,0,0,0,0,0,0,0,0
540096,1,1,18,11,39,22,6,35,28,30,11,11
540096,2,1,12,19,10,6,0,14,48,18,12,24
540097,1,1,0,0,0,0,0,0,0,0,0,0
540097,2,1,13,13,13,13,13,13,13,13,13,13
540098,1,1,0,0,0,0,0,0,0,0,0,0
540099,1,1,0,0,0,0,0,0,0,0,0,0
540099,2,1,0,0,0,0,0,0,17,0,0,8
540099,3,1,0,0,0,0,0,0,0,0,0,0
540100,1,1,13,4,6,7,11,22,8,8,10,21
540101,1,1,12,12,12,12,12,12,12,12,12,12
540102,1,1,18,18,18,18,18,18,18,18,18,18
540103,1,1,0,0,0,0,0,0,0,0,0,0
540104,1,1,18,18,18,18,18,18,18,18,18,18
540105,1,1,10,10,10,10,10,10,10,10,10,10
540106,1,1,0,0,0,0,0,0,0,0,0,0
540106,2,1,0,0,0,0,0,0,0,0,0,0
540106,3,1,0,0,0,0,0,0,0,0,0,0
540107,1,1,14,14,14,14,14,14,14,14,14,14
540108,1,1,0,0,0,0,0,0,0,0,0,0
540109,1,1,1,1,1,1,1,1,1,1,1,1
540110,1,1,27,0,0,0,0,0,0,0,0,0
540110,2,1,1,1,1,1,1,1,1,1,1,1
540111,1,1,0,0,0,0,0,0,0,0,0,0
540111,2,1,0,0,0,0,0,0,0,0,0,0
540112,1,1,0,0,0,0,0,0,0,0,0,0
540113,1,1,0,0,10,0,0,0,0,0,0,0
540113,2,1,23,23,23,23,23,23,23,23,23,23
540114,1,1,19,19,19,19,19,19,19,19,19,19
540115,1,1,0,0,0,0,0,0,0,0,0,0
540115,2,1,0,0,0,0,0,0,0,0,0,0
540116,1,1,0,0,0,0,0,17,0,0,23,0
540117,1,1,20,20,20,20,20,20,20,20,20,20
540118,1,1,0,0,0,0,0,0,10,0,0,0
540118,2,1,0,0,0,0,0,0,0,0,0,0
540118,3,1,0,0,0,0,0,0,0,0,0,0
540119,1,1,0,0,0,0,0,0,0,0,0,0
540119,2,1,27,27,27,27,27,27,27,27,27,27
540120,1,1,16,51,39,61,36,32,25,28,27,36
540121,1,1,0,0,0,0,0,0,0,0,0,0
540122,1,1,0,0,0,0,0,0,0,0,0,0
540123,1,1,27,27,27,27,27,27,27,27,27,27
540124,1,1,0,0,0,0,0,0,0,0,0,0
540125,1,1,0,0,0,0,0,0,0,0,0,0
540125,2,1,0,0,0,0,0,0,0,0,0,0
540126,0,1,23,23,23,23,23,23,23,23,23,23
540126,1,1,0,0,0,0,0,0,0,0,0,0
540127,1,1,13,13,13,13,13,13,13,13,13,13
540127,2,1,0,0,0,18,0,31,0,18,0,0
540128,1,1,0,0,0,0,0,0,0,0,0,0
540129,1,1,0,0,0,0,0,0,0,0,0,0
540129,2,1,0,0,0,0,0,0,0,0,0,0
540129,3,1,0,0,0,0,0,0,0,0,0,0
540130,1,1,0,0,0,0,4,0,0,0,0,0
540130,2,1,18,18,18,18,18,18,18,18,18,18
540131,1,1,21,21,21,21,21,21,21,21,21,21
540132,1,1,16,16,16,16,16,16,16,16,16,16
540133,1,1,25,25,25,25,25,25,25,25,25,25
540134,1,1,0,0,0,0,0,0,0,0,0,0
540134,2,1,0,0,0,0,0,0,0,0,0,0
540135,1,1,0,0,0,0,0,0,0,0,0,0
540136,1,1,8,8,8,8,8,8,8,8,8,8
540137,1,2,0,0,0,0,0,0,0,0,0,0
540138,1,1,0,0,0,0,0,0,0,0,0,0
540139,0,1,0,0,0,0,0,0,0,0,0,0
540139,1,1,0,19,0,0,0,0,0,0,0,0
540140,1,1,0,0,0,0,0,0,0,0,0,0
540141,1,1,24,24,24,24,24,24,24,24,24,24
540142,0,1,37,37,37,37,37,37,37,37,37,37
540142,1,1,0,0,0,0,0,0,0,0,0,0
540143,1,1,28,28,28,28,28,28,28,28,28,28
540144,1,1,0,0,0,0,0,0,0,0,0,0
540145,1,1,0,0,0,0,0,0,0,0,0,0
540146,1,1,17,17,17,17,17,17,17,17,17,17
540147,1,1,0,0,0,0,0,0,0,0,0,0
540147,2,1,0,0,0,0,0,0,0,0,0,0
540148,1,1,0,0,0,0,0,0,0,0,0,0
540148,2,1,0,0,0,0,0,0,0,0,0,0
540149,1,1,22,22,22,22,22,22,22,22,22,22
540150,1,1,0,0,0,0,0,0,0,0,0,0
540151,1,1,0,0,0,0,0,0,0,0,0,0
540151,2,1,0,0,0,0,0,0,0,0,0,0
540152,1,1,0,0,0,0,0,0,0,0,0,0
540152,2,1,0,0,0,0,0,0,0,0,0,0
540153,1,1,5,0,0,5,0,25,0,3,0,0
540154,1,1,0,0,0,0,0,0,0,0,0,0
540155,1,1,0,0,0,0,0,0,0,0,0,0
540156,1,1,12,12,12,12,12,12,12,12,12,12
540157,1,1,0,0,0,0,0,0,0,0,0,0
540158,1,1,0,0,0,0,0,0,0,0,0,0
540158,2,1,0,0,0,0,0,0,0,0,0,0
540159,1,1,0,0,0,0,0,0,0,0,0,0
540159,2,1,0,0,0,0,0,0,0,0,0,0
540160,1,1,0,0,0,0,0,0,0,0,0,0
540161,1,1,23,23,23,23,23,23,23,23,23,23
540161,2,1,0,0,0,0,0,0,0,0,0,0
540162,1,1,0,0,0,0,0,0,0,0,0,0
540163,1,1,12,12,12,12,12,12,12,12,12,12
540164,1,1,12,12,12,12,12,12,12,12,12,12
540165,1,1,0,0,0,0,0,0,0,0,0,0
540166,1,1,0,0,0,0,0,0,0,0,0,0
540167,1,1,6,6,6,6,6,6,6,6,6,6
540168,1,1,0,0,0,0,0,0,0,0,0,0
540168,2,1,0,0,0,0,0,0,0,0,0,0
540169,1,1,0,0,0,0,0,0,0,0,0,0
540169,2,1,0,0,0,0,0,0,0,0,0,0
540170,0,1,0,0,0,0,0,0,0,0,0,0
540170,1,1,0,0,17,0,0,0,0,0,0,0
540171,1,1,19,19,19,19,19,19,19,19,19,19
540172,0,1,0,0,0,0,0,0,0,0,0,0
540172,1,1,0,0,0,0,0,0,17,0,0,16
540173,1,1,55,55,55,55,55,55,55,55,55,55
540174,0,1,25,25,25,25,25,25,25,25,25,25
540174,1,1,0,0,0,0,0,0,0,0,0,19
540175,1,1,0,0,0,0,0,0,0,0,0,0
540176,1,1,0,0,12,0,0,0,0,0,0,0
540176,2,1,0,0,0,0,0,0,0,0,0,0
540177,1,1,0,0,0,0,0,0,0,0,0,0
540178,1,1,14,14,14,14,14,14,14,14,14,14
540179,1,1,0,0,0,0,0,0,0,0,0,0
540180,1,1,0,0,0,0,0,0,0,0,0,0
540180,2,1,0,0,0,0,0,0,0,0,0,0
540180,3,1,0,0,0,0,0,0,0,0,0,0
540181,1,1,0,0,0,0,0,0,0,0,0,0
540182,1,1,0,0,0,0,0,0,0,0,0,0
540182,2,1,0,0,0,0,0,0,0,0,0,0
540183,1,1,0,0,0,0,0,0,0,0,0,0
540183,2,1,0,0,0,0,0,0,0,0,0,0
540184,1,1,0,10,10,18,18,0,0,11,0,0
540185,0,1,0,0,0,0,0,0,0,0,0,0
540185,1,1,12,0,0,0,0,0,0,0,0,0
540186,1,1,0,0,0,0,0,0,0,0,0,0
540187,1,1,0,0,0,0,0,0,0,0,0,0
540187,2,1,0,0,0,0,0,0,0,0,0,0
540188,0,1,36,36,36,36,36,36,36,36,36,36
540188,1,1,0,0,0,0,0,0,0,0,0,0
540189,1,1,0,0,0,0,0,0,0,0,0,0
540189,2,1,0,0,0,0,0,0,0,0,0,0
540190,1,1,0,0,0,0,15,0,0,0,0,0
540191,1,1,17,17,17,17,17,17,17,17,17,17
540193,1,1,32,32,32,32,32,32,32,32,32,32
540194,1,1,0,0,0,0,0,0,0,0,13,0
540194,2,1,21,0,0,0,0,0,0,0,0,0
540195,1,1,0,0,0,0,0,0,0,0,0,0
540196,1,1,30,26,0,6,7,0,15,6,11,6
540197,1,1,0,0,0,0,0,0,0,0,0,0
540198,1,1,0,0,0,0,0,0,0,0,0,0
540198,2,1,0,0,0,0,0,0,0,0,29,0
540199,0,1,0,0,0,0,0,0,0,0,0,0
540199,1,1,0,0,0,0,0,0,0,0,0,0
540200,1,1,0,0,0,0,0,0,0,0,0,0
540201,1,1,0,0,0,0,0,0,0,0,0,0
540202,1,1,17,17,17,17,17,17,17,17,17,17
540203,1,1,6,20,14,19,22,16,11,22,23,9
540203,2,1,20,20,20,20,20,20,20,20,20,20
540204,1,1,0,0,0,0,0,0,0,0,0,0
540205,1,1,25,25,25,25,25,25,25,25,25,25
540206,1,1,11,11,11,11,11,11,11,11,11,11
540207,1,1,0,0,0,0,0,0,0,0,0,0
540208,1,1,0,0,0,0,0,0,0,0,0,0
540208,2,1,0,0,0,0,0,0,0,0,0,0
540209,1,1,0,0,0,0,0,0,0,0,0,0
540209,2,1,0,0,0,0,0,0,0,0,0,0
540210,1,1,0,0,0,0,0,0,0,0,0,0
540211,1,1,0,0,0,0,0,0,0,0,0,0
540212,1,1,0,0,0,0,0,0,0,0,0,0
540213,1,1,0,0,0,0,0,0,0,0,0,0
540213,2,1,0,0,0,0,0,0,0,0,0,0
540214,1,1,0,0,0,0,0,0,0,0,0,0
540214,2,1,0,0,0,0,0,0,0,0,0,7
540215,1,1,3,3,3,3,3,3,3,3,3,3
540215,2,1,0,0,0,0,0,0,0,0,0,0
540216,1,1,14,0,5,14,0,13,0,0,14,0
540217,1,1,9,0,11,21,25,13,16,21,28,24
540217,2,1,24,24,24,24,24,24,24,24,24,24
540218,1,1,0,0,0,0,0,0,0,0,0,0
540218,2,1,0,0,0,0,0,0,0,0,0,0
540219,1,1,30,30,30,30,30,30,30,30,30,30
540220,1,1,0,0,0,0,0,0,0,0,0,0
540221,1,1,0,0,0,0,0,0,0,0,0,0
540221,2,1,0,0,0,0,0,0,0,0,0,0
540222,1,1,0,0,0,0,0,0,0,0,0,0
540223,1,1,0,0,0,0,0,0,0,0,0,0
540224,1,1,17,0,8,10,24,17,17,21,14,12
540225,1,1,0,0,0,0,0,0,0,0,0,0
540225,2,1,0,0,0,0,0,0,0,0,0,0
540226,0,1,0,0,0,0,0,0,0,0,0,0
540226,0,2,0,0,0,0,20,26,0,0,0,0
540226,1,1,0,0,0,0,0,0,0,0,0,0
540227,1,1,25,25,25,25,25,25,25,25,25,25
540228,1,1,0,0,0,0,0,0,0,0,0,0
540229,1,1,0,0,0,17,0,0,0,0,0,0
540229,2,1,0,0,0,0,0,0,0,0,0,0
540230,1,1,0,0,0,0,0,0,0,0,0,0
540231,1,1,0,0,0,0,0,0,0,0,0,0
540232,0,1,34,34,34,34,34,34,34,34,34,34
540232,1,1,0,0,0,0,0,0,0,0,0,0
540233,1,1,0,0,0,0,0,0,0,0,0,0
540233,2,1,0,0,0,0,0,0,0,0,0,0
540234,1,1,0,0,0,0,0,0,0,0,0,0
540234,2,1,0,0,0,0,0,0,0,0,0,0
540234,3,1,0,0,0,0,0,0,0,0,0,0
540234,4,1,0,0,0,0,0,0,0,0,0,0
540235,1,1,30,30,30,30,30,30,30,30,30,30
540236,1,1,0,0,0,0,0,0,0,0,0,0
540236,2,1,0,0,0,0,0,0,0,0,0,0
540237,0,1,0,0,0,0,0,0,0,0,0,0
540237,1,1,0,0,0,0,0,0,13,0,0,0
540238,1,1,0,0,0,0,0,0,0,0,0,0
540239,1,1,0,0,0,0,0,0,0,0,0,0
540240,0,1,34,34,34,34,34,34,34,34,34,34
540240,1,1,0,0,0,0,0,0,0,0,0,0
540241,1,1,0,0,0,0,0,0,0,0,0,0
540242,1,1,0,0,0,0,0,0,0,0,0,0
540243,1,1,26,26,26,26,26,26,26,26,26,26
540244,1,1,0,0,0,0,0,0,0,0,0,0
540245,1,1,23,23,23,23,23,23,23,23,23,23
540246,1,1,0,0,0,0,0,0,0,0,0,0
540247,1,1,2,2,2,2,2,2,2,2,2,2
540248,1,1,17,17,17,17,17,17,17,17,17,17
540249,1,1,0,8,3,7,12,9,0,16,13,15
540249,2,1,0,0,0,0,0,0,0,0,0,0
540250,1,1,0,0,0,0,0,0,0,0,0,0
540251,1,1,13,19,11,25,17,15,14,20,17,29
540251,2,1,0,0,0,0,0,0,0,0,0,0
540251,3,1,0,0,0,0,0,0,0,0,0,0
540251,4,1,0,0,0,0,0,0,0,0,0,0
540252,1,1,0,0,0,0,0,0,0,0,0,0
540252,2,1,0,0,0,0,0,0,0,17,0,0
540253,1,1,0,0,0,0,0,0,0,0,0,0
540254,1,1,16,16,16,16,16,16,16,16,16,16
540255,1,1,9,10,23,0,23,15,0,22,27,11
540256,1,1,0,0,0,0,0,0,0,0,0,0
540256,2,1,0,0,0,0,0,0,0,3,0,0
540257,1,1,19,19,19,19,19,19,19,19,19,19
540257,2,1,0,0,0,0,0,0,0,0,0,0
540258,1,1,0,0,0,0,0,0,0,0,0,0
540259,1,1,18,18,18,18,18,18,18,18,18,18
540259,2,1,0,0,0,0,0,0,0,0,0,0
540260,1,1,0,0,0,0,0,0,0,0,0,0
540260,2,1,20,0,0,0,0,0,0,0,0,0
540261,0,1,0,0,0,0,0,0,0,0,0,0
540261,1,1,0,0,0,0,9,0,0,0,0,0
540262,1,1,20,20,20,20,20,20,20,20,20,20
540263,1,1,0,0,0,0,0,0,0,0,0,0
540263,2,1,0,0,0,0,0,0,0,0,0,0
540263,3,1,0,0,0,0,0,0,0,0,0,0
540264,1,1,12,12,12,12,12,12,12,12,12,12
540264,2,1,0,0,0,0,0,0,0,0,0,0
540265,1,1,0,0,0,0,0,0,0,0,0,0
540266,0,1,21,28,0,0,0,0,0,0,0,0
540266,1,1,0,33,20,0,16,0,8,0,0,17
540267,1,1,0,0,0,0,0,0,0,0,0,0
540267,2,1,0,0,0,0,0,0,0,0,0,0
540268,1,1,0,0,0,0,0,0,0,0,0,0
540268,2,1,0,0,0,0,0,0,0,0,0,0
540269,0,1,25,15,0,22,0,0,0,15,0,10
540269,1,1,0,0,0,0,0,0,0,0,0,0
540269,2,1,0,0,0,0,0,0,0,0,0,0
540270,0,1,0,0,0,0,0,0,0,0,0,0
540270,1,1,0,0,0,0,0,0,0,0,0,0
540271,1,1,17,17,17,17,17,17,17,17,17,17
540271,2,1,0,0,0,0,0,0,0,0,0,0
540272,1,1,0,0,0,0,0,0,0,0,0,0
540272,2,1,13,0,2,0,0,19,0,20,0,0
540273,1,1,0,0,0,0,0,0,0,0,0,0
540273,2,1,0,0,0,0,0,0,0,0,0,0
540274,1,1,0,0,0,0,0,0,0,0,0,0
540275,1,1,0,0,0,0,0,0,0,0,0,0
540276,1,1,0,0,0,0,0,0,0,0,0,0
540277,1,1,0,0,0,0,0,0,0,0,0,0
540277,2,1,0,0,0,0,0,0,0,0,0,0
540278,1,1,18,18,18,18,18,18,18,18,18,18
540279,1,1,15,15,15,15,15,15,15,15,15,15
540280,1,1,0,0,0,0,0,0,0,0,0,0
540280,2,1,0,0,0,0,0,0,0,0,0,0
540281,1,1,0,3,18,0,8,0,0,0,9,0
540282,1,1,0,0,0,0,0,0,0,0,0,0
540283,1,1,0,0,0,0,0,0,0,0,0,0
540283,2,1,0,0,0,0,0,0,0,0,0,0
540284,1,1,0,0,0,0,0,0,0,0,0,0
540285,1,1,0,0,0,0,0,0,0,0,0,0
540285,2,1,0,0,0,0,0,0,0,0,0,0
540286,1,1,25,25,25,25,25,25,25,25,25,25
540286,2,1,0,0,0,0,0,0,0,0,0,0
540287,1,1,9,9,9,9,9,9,9,9,9,9
540288,1,1,0,0,0,0,0,0,0,0,0,0
540288,2,1,0,0,0,0,0,0,0,0,0,0
540289,1,1,0,0,0,0,0,0,0,0,0,0
540290,1,1,23,23,23,23,23,23,23,23,23,23
540290,2,1,0,0,0,0,0,0,0,0,0,0
540291,1,1,0,0,0,0,0,0,0,0,0,0
540292,1,1,0,0,0,0,0,0,0,0,0,0
540292,2,1,0,0,0,0,0,0,0,0,0,0
540293,1,1,0,0,0,17,0,0,0,0,0,0
540294,1,1,38,38,38,38,38,38,38,38,38,38
540294,2,1,0,0,0,22,0,18,0,0,22,0
540294,3,1,18,14,0,0,0,10,0,0,0,0
540295,0,1,32,24,9,26,41,23,22,17,26,41
540295,1,1,0,0,0,0,0,0,0,0,0,0
540296,0,1,0,0,0,0,0,0,5,0,0,0
540296,1,1,0,0,0,0,0,0,0,0,0,0
540297,1,1,0,0,0,0,0,0,0,0,0,0
540298,1,1,0,0,0,0,0,0,0,0,0,0
540299,1,1,0,0,0,0,0,0,0,0,0,0
540300,1,1,0,0,0,0,0,0,0,0,0,0
540300,2,1,0,0,0,0,0,0,0,0,0,0
540301,0,1,0,0,0,0,0,0,0,0,0,0
540301,2,1,0,0,0,0,0,0,0,0,0,0
540302,1,1,0,0,0,0,0,0,0,0,0,0
540302,2,1,0,0,0,0,0,0,0,0,0,0
540302,3,1,0,0,0,0,0,0,0,0,0,0
540303,1,1,0,0,0,0,0,0,0,0,0,0
540304,1,1,0,0,0,0,0,0,0,0,0,0
540305,1,1,0,0,0,0,0,0,0,0,0,0
540305,2,1,0,0,0,0,0,0,0,0,0,0
540306,1,1,0,0,0,0,0,0,0,0,0,0
540307,1,1,23,23,23,23,23,23,23,23,23,23
540307,2,1,0,0,17,6,17,0,0,0,27,20
540308,1,1,0,0,0,0,0,0,0,0,0,0
540309,1,1,0,0,0,0,0,0,0,0,0,0
540309,2,1,0,0,0,0,0,0,0,0,0,12
540310,1,1,16,16,16,16,16,16,16,16,16,16
540310,2,1,0,0,0,0,0,0,0,0,0,0
540311,1,1,0,0,0,0,0,0,0,0,0,0
540311,2,1,0,0,0,0,0,0,0,0,0,0
540312,1,1,0,0,0,0,0,0,0,0,0,0
540312,2,1,0,0,0,0,0,0,0,0,0,0
540312,3,1,0,0,0,0,0,0,0,0,0,0
540313,1,1,0,0,0,0,0,0,0,0,0,0
540314,1,1,0,0,0,0,0,0,0,0,0,0
540314,2,1,0,0,0,0,0,0,0,0,0,0
540315,1,1,0,0,0,0,0,0,0,0,0,0
540315,2,1,0,0,0,0,0,0,0,0,0,0
540315,3,1,0,0,0,0,0,0,0,0,0,0
540316,1,1,21,21,21,21,21,21,21,21,21,21
540317,1,1,0,0,0,0,0,0,0,0,0,0
540318,1,1,20,20,20,20,20,20,20,20,20,20
540319,1,1,0,0,0,0,0,0,0,0,9,0
540320,1,1,15,15,15,15,15,15,15,15,15,15
540321,1,1,0,0,0,0,0,0,0,0,0,0
540321,2,1,0,0,0,0,0,0,0,0,0,0
540322,1,1,0,0,0,0,0,0,0,0,0,0
540322,2,1,0,0,0,0,0,0,0,0,0,0
550001,1,1,16,16,16,16,16,16,16,16,16,16
550002,1,1,18,18,18,18,18,18,18,18,18,18
550002,2,1,2,2,2,2,2,2,2,2,2,2
550003,1,1,0,0,0,0,0,0,0,0,0,0
550004,1,1,16,16,16,16,16,16,16,16,16,16
550005,1,1,3,3,3,3,3,3,3,3,3,3
550005,2,1,0,0,0,0,0,0,0,0,0,0
550006,1,1,0,0,0,0,0,0,0,0,0,0
550007,1,1,26,26,26,26,26,26,26,26,26,26
550008,1,1,0,0,0,0,0,0,0,0,0,0
550008,2,1,0,0,0,0,0,0,0,0,0,0
550009,0,1,28,28,28,28,28,28,28,28,28,28
550009,1,1,21,21,21,21,21,21,21,21,21,21
550010,1,1,0,0,0,0,0,0,0,0,0,0
550010,2,1,0,0,0,0,0,0,0,0,0,0
550011,1,1,0,0,0,0,0,0,0,0,0,0
550012,1,1,0,0,0,0,0,0,0,0,0,0