ST_CASE,VEH_NO,PER_NO,P1,P2,P3,P4,P5,P6,P7,P8,P9,P10
550012,2,1,0,0,0,0,0,0,0,0,0,0
550013,1,1,26,26,26,26,26,26,26,26,26,26
550014,1,1,13,13,13,13,13,13,13,13,13,13
550015,1,1,15,15,15,15,15,15,15,15,15,15
550016,1,1,0,0,0,0,0,0,0,0,0,0
550016,2,1,0,0,0,0,0,0,0,0,0,0
550017,1,1,0,0,0,0,0,0,0,0,0,0
550017,2,1,0,0,0,0,0,0,0,0,0,0
550018,1,1,27,27,27,27,27,27,27,27,27,27
550019,1,1,22,22,22,22,22,22,22,22,22,22
550020,1,1,0,0,0,0,0,0,0,0,0,0
550020,2,1,0,0,0,0,0,0,0,0,0,0
550021,1,1,0,0,0,0,0,0,0,0,0,0
550022,1,1,0,0,0,0,0,0,18,0,0,0
550023,1,1,0,0,0,0,0,0,0,0,0,0
550023,2,1,0,0,0,0,0,0,0,0,0,0
550024,1,1,9,9,9,9,9,9,9,9,9,9
550024,2,1,0,0,0,0,0,0,0,0,0,0
550025,1,1,19,19,19,19,19,19,19,19,19,19
550026,1,1,0,0,0,0,0,0,0,0,0,0
550026,2,1,0,0,0,0,0,0,0,0,0,0
550027,1,1,5,5,5,5,5,5,5,5,5,5
550028,1,1,0,0,0,0,0,0,0,0,0,0
550029,1,1,0,0,0,0,0,0,0,0,0,0
550030,0,1,0,0,0,0,0,0,0,0,0,0
550030,1,1,0,8,0,27,13,7,15,30,23,0
550030,2,1,0,0,0,0,0,0,0,23,0,0
550030,3,1,0,0,0,0,0,0,0,0,0,0
550031,1,1,23,28,0,28,0,0,49,0,0,0
550032,1,1,18,18,18,18,18,18,18,18,18,18
550032,2,1,0,0,0,0,0,32,0,0,0,0
550033,1,1,0,0,0,0,0,0,0,0,0,0
550033,2,1,0,0,0,0,0,0,0,0,0,0
550034,1,1,0,0,0,0,0,0,0,0,0,0
550034,2,1,9,9,9,9,9,9,9,9,9,9
550035,1,1,29,29,29,29,29,29,29,29,29,29
550036,1,1,23,23,23,23,23,23,23,23,23,23
550037,1,1,27,27,27,27,27,27,27,27,27,27
550038,1,1,0,0,0,0,0,0,0,0,0,0
550039,1,1,26,26,26,26,26,26,26,26,26,26
550040,1,1,18,0,0,0,0,0,0,0,0,0
550040,2,1,0,0,0,0,0,0,0,0,0,0
550041,1,1,9,9,9,9,9,9,9,9,9,9
550042,1,1,23,23,23,23,23,23,23,23,23,23
550043,1,1,26,26,26,26,26,26,26,26,26,26
550044,1,1,0,0,0,0,0,0,0,0,0,0
550045,1,1,25,25,25,25,25,25,25,25,25,25
550046,1,1,20,20,20,20,20,20,20,20,20,20
550047,1,1,0,0,0,0,0,0,0,0,0,0
550047,2,1,0,0,0,0,0,0,0,0,0,0
550048,1,1,0,0,0,0,0,0,0,0,0,0
550048,2,1,0,0,0,0,0,0,0,0,0,0
550049,1,1,0,0,0,0,0,0,0,0,0,0
550049,2,1,0,0,0,0,0,0,0,0,0,0
550050,1,1,25,25,25,25,25,25,25,25,25,25
550051,1,1,0,0,0,0,0,0,0,0,0,0
550052,0,1,0,0,0,0,0,0,0,0,0,0
550052,1,1,0,0,0,0,0,0,0,0,0,0
550053,1,1,0,0,0,0,0,0,0,0,0,0
550053,2,1,0,0,0,0,0,0,0,0,0,0
550054,1,1,0,0,0,0,0,0,0,0,0,0
550054,2,1,0,0,0,0,0,0,0,0,0,0
550055,1,1,0,0,0,0,0,0,0,0,0,0
550055,2,1,0,0,0,0,0,0,0,0,0,0
550056,1,1,0,0,0,0,0,0,0,0,0,0
550057,1,1,3,3,3,3,3,3,3,3,3,3
550058,1,1,0,0,10,0,12,0,0,0,0,9
550058,2,1,0,0,0,0,0,0,0,0,0,0
550059,1,1,0,0,0,0,0,0,0,0,0,0
550060,1,1,0,0,0,10,11,0,0,13,4,0
550061,1,1,0,0,0,0,0,0,0,0,0,0
550061,2,1,0,0,0,0,0,0,0,0,0,0
550062,1,1,0,0,0,0,0,0,0,0,0,0
550062,2,1,0,0,0,0,0,0,0,0,0,0
550062,3,1,0,0,0,0,0,0,0,0,0,0
550063,1,1,0,0,0,0,0,0,0,0,0,0
550064,1,1,28,28,28,28,28,28,28,28,28,28
550064,2,1,0,0,0,0,0,0,0,0,0,0
550065,1,1,29,29,29,29,29,29,29,29,29,29
550066,1,1,39,39,39,39,39,39,39,39,39,39
550067,1,1,0,0,0,0,0,0,0,0,0,0
550067,2,1,0,0,0,0,0,0,0,0,0,0
550068,1,1,0,0,0,0,0,0,0,0,0,0
550068,2,1,0,0,0,0,0,0,0,0,0,0
550069,1,1,0,0,0,0,0,0,0,0,0,0
550069,2,1,0,0,0,0,0,0,0,0,0,0
550070,1,1,0,0,0,0,0,0,0,0,0,0
550071,1,1,0,0,0,0,0,0,0,0,0,0
550071,2,1,0,0,0,0,0,0,0,0,0,0
550072,1,1,21,21,21,21,21,21,21,21,21,21
550073,1,1,46,46,46,46,46,46,46,46,46,46
550074,1,1,0,0,0,0,0,0,0,0,0,0
550075,1,1,0,0,0,0,0,0,0,0,0,0
550076,1,1,0,0,0,0,0,0,0,0,0,0
550077,1,1,22,22,22,22,22,22,22,22,22,22
550078,1,1,0,0,0,0,0,0,0,0,0,0
550079,1,1,0,0,0,0,0,0,0,0,0,0
550080,1,1,0,0,0,0,0,0,0,0,0,0
550081,1,1,21,18,29,53,0,32,0,0,0,10
550082,1,1,24,24,24,24,24,24,24,24,24,24
550083,1,1,0,0,0,0,0,0,0,0,0,0
550084,0,1,25,25,25,25,25,25,25,25,25,25
550084,1,1,0,0,0,0,0,0,0,0,0,0
550085,1,1,13,13,13,13,13,13,13,13,13,13
550086,1,1,0,0,0,0,0,0,0,0,0,0
550086,2,1,0,0,0,0,0,0,0,0,0,0
550087,1,1,0,0,0,0,0,0,0,0,0,0
550088,1,1,0,0,0,0,0,0,0,0,0,0
550088,2,1,0,0,0,0,0,0,0,0,0,0
550089,1,1,0,0,0,0,0,0,0,0,0,0
550089,2,1,8,8,8,8,8,8,8,8,8,8
550090,1,1,3,3,3,3,3,3,3,3,3,3
550090,2,1,0,0,0,10,0,0,0,0,0,0
550090,3,1,0,0,0,0,0,0,0,0,0,0
550090,4,1,0,0,0,0,0,0,0,0,0,0
550090,5,1,0,0,0,0,0,0,0,0,0,0
550090,6,1,0,0,0,0,0,0,0,0,0,0
550090,7,1,0,0,0,9,0,0,0,0,0,0
550090,8,1,0,0,0,0,0,0,0,0,14,0
550091,0,1,12,12,12,12,12,12,12,12,12,12
550091,1,1,0,0,0,0,0,0,0,0,0,0
550092,1,1,0,0,0,0,0,0,0,0,0,0
550092,2,1,0,0,0,0,0,0,0,0,0,0
550093,0,1,32,32,32,32,32,32,32,32,32,32
550093,1,1,0,0,0,0,0,0,0,0,0,0
550094,1,1,0,0,0,0,0,0,0,0,0,0
550094,2,1,3,3,3,3,3,3,3,3,3,3
550095,1,1,0,0,0,0,0,0,0,0,0,0
550095,2,1,0,0,0,0,0,0,0,0,0,0
550096,1,1,0,0,0,0,0,0,0,0,0,0
550096,2,1,0,0,0,0,0,0,0,0,0,0
550097,1,1,0,0,0,0,0,0,0,0,0,0
550097,2,1,0,0,0,0,0,0,0,0,0,0
550098,1,1,0,0,0,0,0,0,0,0,0,0
550099,1,1,24,24,24,24,24,24,24,24,24,24
550100,1,1,0,0,0,0,0,0,0,0,0,0
550101,1,1,0,0,0,0,0,0,0,0,0,0
550102,1,1,0,0,0,0,0,0,0,0,0,0
550102,2,1,0,0,0,0,0,0,0,0,0,0
550103,1,1,0,0,0,0,0,0,0,0,0,0
550103,2,1,0,0,0,0,0,0,0,0,0,0
550104,1,1,0,0,0,0,0,0,0,0,0,0
550104,2,1,0,0,0,0,0,0,0,0,0,0
550105,2,1,24,24,24,24,24,24,24,24,24,24
550106,1,1,0,0,0,0,0,0,0,0,0,0
550106,2,1,0,0,0,0,0,0,0,0,0,0
550107,1,1,0,0,0,0,0,0,0,0,0,0
550107,2,1,0,0,0,0,0,0,0,0,0,0
550108,1,1,0,0,0,0,0,0,0,0,0,0
550109,1,1,0,0,0,0,0,0,0,0,0,0
550109,2,1,0,0,0,0,0,0,0,0,0,0
550110,1,1,0,0,0,0,0,0,0,0,0,0
550111,0,1,0,0,0,0,0,0,0,0,0,0
550111,1,1,0,0,0,0,0,0,0,0,0,0
550112,1,1,0,0,0,0,0,0,0,0,0,0
550112,2,1,0,0,0,0,0,0,0,0,0,0
550113,1,1,10,10,10,10,10,10,10,10,10,10
550114,0,1,0,0,0,0,0,0,0,0,0,0
550114,1,1,0,0,0,0,0,0,0,0,0,0
550115,1,1,0,0,0,0,0,0,0,0,0,0
550115,2,1,0,0,0,0,0,0,0,0,0,0
550116,1,1,17,17,17,17,17,17,17,17,17,17
550116,2,1,0,0,0,0,0,0,0,0,0,0
550117,1,1,17,17,17,17,17,17,17,17,17,17
550118,1,1,0,0,0,0,0,0,0,0,0,0
550118,2,1,0,0,0,0,0,0,0,0,0,0
550119,1,1,0,0,0,0,0,0,0,0,0,0
550119,2,1,0,0,0,0,0,0,0,0,0,0
550119,3,1,0,0,0,0,0,0,0,0,0,0
550120,1,1,0,0,0,0,0,0,0,0,0,0
550120,2,1,0,0,0,0,0,0,0,0,0,0
550121,1,1,21,21,21,21,21,21,21,21,21,21
550122,1,1,1,1,1,1,1,1,1,1,1,1
550122,2,1,0,0,0,0,0,0,0,0,0,0
550123,1,1,0,0,0,0,21,14,0,0,0,0
550123,2,1,0,0,0,0,0,0,0,0,0,0
550124,1,1,18,18,18,18,18,18,18,18,18,18
550125,1,1,0,0,0,0,0,0,0,0,0,0
550126,1,1,0,0,0,0,0,0,0,0,0,0
550127,1,1,34,34,34,34,34,34,34,34,34,34
550128,1,1,20,20,20,20,20,20,20,20,20,20
550129,1,1,23,23,23,23,23,23,23,23,23,23
550130,1,1,11,11,11,11,11,11,11,11,11,11
550131,0,1,13,13,13,13,13,13,13,13,13,13
550131,1,1,3,3,3,3,3,3,3,3,3,3
550132,1,1,0,0,0,0,0,0,0,0,0,0
550132,2,1,0,0,0,0,0,0,0,0,0,0
550133,1,1,0,0,0,0,0,0,0,0,0,0
550133,2,1,0,0,0,0,0,0,0,0,0,0
550134,1,1,0,0,0,0,0,0,0,0,0,0
550134,2,1,0,0,0,0,0,0,0,0,0,0
550135,1,1,0,0,0,0,0,0,0,0,0,0
550136,0,1,0,0,0,0,0,0,0,0,0,0
550136,1,1,0,0,0,0,0,0,0,0,0,0
550137,1,1,19,19,19,19,19,19,19,19,19,19
550138,1,1,23,23,23,23,23,23,23,23,23,23
550139,1,1,2,2,2,2,2,2,2,2,2,2
550140,1,1,0,0,0,0,0,6,0,0,0,0
550141,1,1,29,29,29,29,29,29,29,29,29,29
550142,1,1,0,0,0,0,0,0,0,0,0,0
550143,1,1,13,13,13,13,13,13,13,13,13,13
550144,1,1,0,0,0,0,0,0,0,0,0,0
550144,2,1,0,0,0,0,0,0,0,0,0,0
550145,1,1,0,0,0,0,0,0,0,0,0,0
550145,2,1,0,20,0,0,0,0,0,0,0,0
550146,1,1,0,0,0,0,0,0,0,0,0,0
550147,1,1,18,18,18,18,18,18,18,18,18,18
550147,2,1,0,0,0,0,0,0,0,0,0,0
550148,1,1,0,0,0,0,0,0,0,0,0,0
550148,2,1,0,0,0,0,0,0,0,0,0,0
550149,1,1,4,4,4,4,4,4,4,4,4,4
550149,2,1,0,0,0,0,0,0,0,0,0,0
550150,1,1,0,0,0,0,0,0,4,0,0,0
550151,1,1,18,18,18,18,18,18,18,18,18,18
550152,1,1,21,21,21,21,21,21,21,21,21,21
550153,0,1,0,0,0,0,0,0,0,0,0,0
550153,1,1,0,0,0,0,0,0,0,0,0,0
550154,1,1,24,24,24,24,24,24,24,24,24,24
550155,1,1,0,0,0,0,0,0,0,0,0,0
550155,2,1,15,15,15,15,15,15,15,15,15,15
550156,1,1,0,0,0,0,0,0,0,0,0,0
550156,2,1,0,0,0,0,0,0,0,0,0,0
550156,3,1,0,0,0,0,0,0,0,0,0,0
550157,1,1,0,0,13,0,0,0,0,0,0,0
550158,1,1,12,12,12,12,12,12,12,12,12,12
550159,1,1,0,0,0,0,0,0,0,0,0,0
550159,2,1,0,0,0,0,0,0,0,0,0,0
550160,0,1,11,0,0,0,0,0,0,0,0,11
550160,1,1,0,0,0,0,0,0,0,0,0,0
550161,1,1,19,19,19,19,19,19,19,19,19,19
550162,1,1,3,3,3,3,3,3,3,3,3,3
550162,2,1,0,0,0,0,0,0,0,0,0,0
550162,3,1,0,0,0,0,0,0,0,0,0,0
550163,1,1,0,0,0,0,0,0,0,0,0,0
550163,2,1,0,0,0,0,0,0,0,0,0,0
550164,1,1,0,0,0,0,0,0,0,0,0,0
550164,2,1,0,0,0,0,0,0,0,0,0,0
550165,1,1,0,0,0,0,0,0,0,0,0,0
550166,1,1,0,0,0,0,0,0,0,0,0,0
550167,1,1,0,0,0,0,0,0,0,0,0,0
550167,2,1,0,0,0,0,0,0,0,0,0,0
550168,1,1,0,0,0,0,0,0,0,0,0,0
550168,2,1,0,0,0,0,0,0,0,0,0,0
550169,1,1,15,15,15,15,15,15,15,15,15,15
550170,1,1,0,0,0,0,0,0,0,0,0,0
550170,2,1,0,0,0,0,0,0,0,0,0,0
550171,1,1,0,0,0,0,0,0,0,0,0,0
550171,2,1,0,0,0,0,0,0,0,0,0,0
550172,1,1,9,9,9,9,9,9,9,9,9,9
550173,1,1,21,21,21,21,21,21,21,21,21,21
550173,2,1,0,0,0,0,0,0,0,0,0,0
550174,1,1,0,0,0,0,0,0,0,0,0,0
550174,2,1,0,0,0,0,0,0,0,0,0,0
550174,3,1,0,0,0,0,0,0,0,0,0,0
550175,1,1,0,0,0,0,0,0,0,0,0,0
550176,1,1,17,17,17,17,17,17,17,17,17,17
550177,1,1,12,12,12,12,12,12,12,12,12,12
550178,0,1,0,0,0,0,0,0,0,0,0,0
550178,1,1,0,0,0,0,0,0,0,0,0,0
550179,0,1,11,11,11,11,11,11,11,11,11,11
550179,1,1,0,20,20,0,29,0,0,0,0,23
550180,1,1,0,0,0,0,0,0,0,0,0,0
550180,2,1,0,0,0,0,0,0,0,0,0,0
550180,3,1,0,0,0,0,0,0,0,0,0,0
550180,4,1,0,0,0,0,0,0,0,0,0,0
550180,5,1,0,0,0,0,0,0,0,0,0,0
550180,6,1,0,0,0,0,0,0,0,0,0,0
550180,7,1,0,0,0,0,0,0,0,0,0,0
550180,8,1,0,0,0,0,0,0,0,0,0,0
550180,9,1,0,0,0,0,0,0,0,0,0,0
550180,10,1,0,0,0,0,0,0,0,0,0,0
550180,11,1,0,0,0,0,0,0,0,0,0,0
550181,1,1,0,0,0,0,0,0,0,0,0,0
550182,0,1,0,0,0,0,0,0,0,0,0,0
550182,1,1,0,0,0,0,0,0,0,0,0,0
550183,0,1,0,0,0,0,0,0,0,0,0,0
550183,1,1,19,0,0,0,10,19,24,0,0,0
550184,1,1,0,0,0,0,0,0,0,0,0,0
550185,1,1,0,0,0,0,0,0,0,0,0,0
550185,2,1,0,0,0,0,0,0,0,0,0,0
550186,1,1,0,0,0,0,0,0,0,0,0,0
550187,1,1,0,0,0,0,0,0,0,0,0,0
550187,2,1,0,0,0,0,0,0,0,0,0,0
550188,1,1,3,3,3,3,3,3,3,3,3,3
550188,2,1,0,0,0,0,0,0,0,0,0,0
550189,1,1,11,11,11,11,11,11,11,11,11,11
550190,1,1,0,0,0,0,0,0,0,0,0,0
550191,1,1,18,18,18,18,18,18,18,18,18,18
550192,1,1,24,24,24,24,24,24,24,24,24,24
550193,1,1,0,0,0,0,0,0,0,0,0,0
550193,2,1,0,0,0,0,0,0,0,0,0,0
550194,0,1,0,0,0,0,0,0,0,0,0,27
550194,1,1,0,0,0,0,0,0,0,0,0,0
550195,1,1,28,28,28,28,28,28,28,28,28,28
550196,1,1,0,0,0,0,0,0,0,0,0,0
550196,2,1,0,0,0,0,0,0,0,0,0,0
550197,0,1,0,0,0,0,0,0,0,0,0,0
550197,0,2,0,0,0,0,0,0,0,0,0,0
550197,0,3,0,0,0,0,0,0,0,0,0,0
550197,0,4,0,0,0,0,0,0,0,0,0,0
550197,1,1,0,0,0,0,0,0,0,0,0,0
550198,1,1,0,0,0,0,0,0,0,0,0,0
550199,1,1,21,21,21,21,21,21,21,21,21,21
550199,2,1,0,0,0,0,0,0,0,0,0,0
550200,1,1,0,0,0,0,0,0,0,0,0,0
550201,1,1,0,0,0,0,0,0,0,0,0,0
550201,2,1,0,0,0,0,0,0,0,0,0,0
550202,1,1,0,0,0,0,0,0,0,0,0,0
550202,2,1,0,0,0,0,0,0,0,0,0,0
550202,3,1,0,0,0,0,0,0,0,0,0,0
550203,0,1,0,0,0,0,0,0,0,0,0,0
550203,0,2,0,0,0,0,0,0,0,12,0,0
550203,0,3,0,0,0,0,0,0,0,0,12,0
550203,1,1,0,0,0,0,0,0,0,0,0,0
550204,1,1,0,0,0,0,0,0,0,0,0,0
550205,1,1,0,0,0,0,0,0,0,0,0,0
550206,1,1,0,0,0,0,0,0,0,0,0,0
550206,2,1,0,0,0,0,0,0,0,0,0,0
550206,3,1,0,0,0,0,0,0,0,0,0,0
550207,1,1,0,0,0,0,0,0,0,0,0,0
550208,1,1,0,0,0,0,0,0,0,0,0,0
550208,2,1,0,0,0,0,0,0,0,0,0,0
550209,1,1,9,9,9,9,9,9,9,9,9,9
550210,1,1,20,20,20,20,20,20,20,20,20,20
550211,1,1,19,19,19,19,19,19,19,19,19,19
550212,1,1,0,0,0,0,0,0,0,0,0,0
550212,2,1,0,0,0,0,0,0,0,0,0,0
550213,0,1,33,33,33,33,33,33,33,33,33,33
550213,1,1,0,0,0,0,17,0,0,0,0,0
550214,1,1,23,23,23,23,23,23,23,23,23,23
550215,1,1,0,0,0,3,0,0,0,0,9,0
550216,1,1,24,24,24,24,24,24,24,24,24,24
550217,1,1,0,0,0,0,0,0,0,0,0,0
550218,1,1,24,24,24,24,24,24,24,24,24,24
550219,1,1,20,20,20,20,20,20,20,20,20,20
550220,1,1,0,0,0,0,0,0,0,0,0,0
550220,2,1,0,0,0,0,0,0,0,0,0,0
550221,0,1,0,0,0,0,0,0,0,0,0,0
550221,1,1,0,0,0,0,0,0,0,0,0,0
550222,1,1,16,16,16,16,16,16,16,16,16,16
550223,1,1,0,0,0,0,0,0,0,0,0,0
550224,1,1,0,0,0,0,0,0,0,0,0,0
550225,1,1,0,0,0,0,0,0,0,0,0,0
550226,1,1,0,0,0,0,0,0,0,0,0,0
550227,1,1,0,0,0,0,0,0,0,0,0,0
550228,1,1,0,0,0,0,0,13,5,0,0,0
550229,1,1,0,0,0,0,0,0,0,0,0,0
550230,1,1,20,20,20,20,20,20,20,20,20,20
550231,1,1,0,0,0,0,0,0,0,0,0,0
550231,2,1,0,0,0,0,0,0,0,0,0,0
550232,1,1,0,0,0,0,0,0,0,0,0,0
550233,1,1,0,0,0,0,0,0,0,0,0,0
550234,1,1,22,29,9,0,12,18,9,19,12,12
550235,1,1,12,12,12,12,12,12,12,12,12,12
550236,1,1,0,0,0,0,0,0,0,0,0,0
550237,1,1,0,0,0,0,0,0,0,0,0,0
550237,2,1,0,0,0,0,0,0,0,0,0,0
550238,1,1,0,0,0,0,0,0,0,0,0,0
550238,2,1,0,0,0,0,0,0,0,0,0,0
550239,1,1,0,0,0,0,0,0,0,0,0,0
550240,1,1,7,0,0,5,0,19,0,12,0,0
550240,2,1,8,13,8,0,0,0,0,5,0,0
550241,1,1,22,22,22,22,22,22,22,22,22,22
550242,0,1,15,15,15,15,15,15,15,15,15,15
550242,1,1,0,0,4,0,23,0,0,0,0,0
550243,1,1,0,0,0,0,0,0,0,0,0,0
550244,1,1,0,0,0,0,0,0,0,0,0,0
550245,1,1,0,0,0,0,0,0,0,0,0,0
550245,2,1,0,0,0,0,0,0,0,0,0,0
550246,1,1,0,0,0,0,0,0,0,0,0,0
550247,1,1,13,13,13,13,13,13,13,13,13,13
550248,1,1,0,0,0,0,0,0,0,0,0,0
550249,1,1,0,0,11,0,11,0,22,0,0,16
550250,1,1,18,18,18,18,18,18,18,18,18,18
550251,1,1,18,18,18,18,18,18,18,18,18,18
550252,1,1,0,0,0,0,0,0,0,0,0,0
550253,1,1,17,17,17,17,17,17,17,17,17,17
550253,2,1,0,0,0,0,0,0,0,0,0,0
550254,1,1,16,16,16,16,16,16,16,16,16,16
550255,1,1,0,0,0,0,0,0,0,0,0,0
550256,1,1,17,17,17,17,17,17,17,17,17,17
550257,1,1,0,0,0,0,0,0,0,0,0,0
550257,2,1,0,0,0,0,0,0,0,0,0,0
550258,1,1,0,0,0,0,0,0,0,0,0,0
550259,1,1,18,18,18,18,18,18,18,18,18,18
550260,1,1,0,0,0,0,0,0,0,0,0,0
550261,1,1,0,0,0,0,0,0,0,0,0,0
550262,1,1,27,27,27,27,27,27,27,27,27,27
550263,1,1,5,5,5,5,5,5,5,5,5,5
550264,1,1,10,10,10,10,10,10,10,10,10,10
550265,0,1,13,13,13,13,13,13,13,13,13,13
550265,1,1,8,8,8,8,8,8,8,8,8,8
550266,1,1,0,0,0,0,0,0,0,0,0,0
550267,1,1,15,15,15,15,15,15,15,15,15,15
550268,1,1,24,24,24,24,24,24,24,24,24,24
550268,2,1,0,0,0,0,0,0,0,0,0,0
550268,3,1,0,0,0,0,0,0,0,0,0,0
550268,4,1,0,0,0,0,0,0,0,0,0,0
550269,1,1,0,0,0,0,0,0,0,0,0,0
550269,2,1,0,0,0,0,0,0,0,0,0,0
550270,1,1,10,10,10,10,10,10,10,10,10,10
550271,1,1,16,16,16,16,16,16,16,16,16,16
550271,2,1,0,0,0,0,0,0,0,0,0,0
550272,1,1,0,0,0,0,0,0,0,0,0,0
550272,2,1,0,0,0,0,0,0,0,0,0,0
550273,1,1,0,0,0,0,0,0,0,0,0,0
550273,2,1,0,0,0,0,0,0,0,0,0,0
550273,3,1,0,0,0,0,0,0,0,0,0,0
550274,1,1,0,0,0,0,0,0,0,0,0,0
550275,0,1,0,0,0,0,0,0,0,0,0,0
550275,1,1,0,0,0,0,0,0,0,0,0,0
550276,1,1,0,0,0,0,0,0,0,0,0,0
550276,2,1,0,0,0,0,0,0,0,0,0,0
550276,3,1,0,0,0,0,0,0,0,0,0,0
550277,1,1,5,5,5,5,5,5,5,5,5,5
550278,1,1,0,0,0,0,0,0,0,0,0,0
550279,0,1,22,22,22,22,22,22,22,22,22,22
550279,1,1,0,0,0,0,0,0,0,0,0,0
550280,1,1,0,0,0,0,0,0,0,0,0,0
550280,2,1,0,0,0,0,0,0,0,0,0,0
550281,1,1,0,0,0,0,0,0,0,0,0,0
550281,2,1,0,0,0,0,0,0,0,0,0,0
550282,1,1,0,0,0,0,0,0,0,0,0,0
550282,2,1,0,7,0,0,0,0,0,0,0,0
550283,1,1,0,0,0,0,0,0,0,0,0,0
550284,1,1,27,27,27,27,27,27,27,27,27,27
550285,1,1,8,16,13,18,10,21,11,21,0,24
550285,2,1,3,3,3,3,3,3,3,3,3,3
550286,0,1,0,0,0,0,0,0,0,0,0,0
550286,1,1,0,0,0,0,0,0,0,0,0,0
550287,1,1,0,0,0,0,0,0,0,0,0,0
550288,0,1,0,0,0,0,0,0,0,0,0,0
550288,1,1,0,0,0,0,0,0,0,0,0,0
550289,1,1,0,0,0,0,0,0,0,0,0,0
550289,2,1,0,0,0,0,0,0,0,0,0,0
550290,0,1,0,0,0,0,0,0,0,0,0,0
550290,1,1,0,0,10,15,0,0,0,31,12,15
550290,2,1,0,0,0,0,0,0,0,0,0,0
550291,0,1,0,0,0,0,0,0,0,0,0,0
550291,1,1,0,0,0,0,0,0,0,0,0,0
550292,1,1,0,0,0,0,0,0,0,0,0,0
550292,2,1,0,0,0,0,0,0,0,0,0,0
550293,1,1,0,0,0,0,0,0,0,0,0,0
550293,2,1,0,0,0,0,0,0,0,0,0,0
550294,0,1,72,72,72,72,72,72,72,72,72,72
550294,1,1,0,0,0,0,0,0,0,0,0,0
550295,1,1,0,0,0,0,0,0,0,0,0,0
550295,2,1,0,0,0,0,0,0,0,0,0,0
550296,1,1,0,0,0,0,5,0,0,0,0,0
550296,2,1,0,0,0,0,0,0,0,0,0,0
550297,1,1,0,0,0,0,0,0,0,0,0,0
550297,2,1,0,0,0,0,0,0,0,0,0,0
550298,1,1,0,0,0,0,0,0,0,0,0,0
550298,2,1,0,0,0,0,0,0,0,0,0,0
550298,3,1,0,0,0,0,0,0,0,0,0,0
550299,1,1,0,0,0,0,0,0,0,0,0,0
550299,2,1,0,0,0,0,0,0,0,0,0,0
550300,1,1,17,17,17,17,17,17,17,17,17,17
550301,0,1,10,10,10,10,10,10,10,10,10,10
550301,1,1,0,0,0,0,0,0,0,0,0,0
550302,1,1,0,0,0,0,0,0,0,0,0,0
550302,2,1,0,0,0,0,0,0,0,0,0,17
550303,1,1,0,0,0,0,0,0,0,0,0,0
550303,2,1,0,0,0,0,0,0,0,0,0,0
550304,1,1,0,0,0,0,0,0,0,0,0,0
550305,1,1,15,15,15,15,15,15,15,15,15,15
550305,2,1,10,10,10,10,10,10,10,10,10,10
550306,1,1,0,0,0,0,0,0,0,0,0,0
550306,2,1,0,0,0,0,0,0,0,0,0,0
550307,1,1,0,0,0,0,0,0,0,0,0,0
550307,2,1,0,0,0,0,0,0,0,0,0,0
550308,1,1,0,0,0,0,0,0,0,0,0,0
550308,2,1,0,0,0,0,0,0,0,0,0,0
550309,1,1,0,0,0,0,0,0,0,0,0,0
550309,2,1,0,0,0,0,0,0,0,0,0,0
550310,1,1,27,27,27,27,27,27,27,27,27,27
550311,1,1,17,17,17,17,17,17,17,17,17,17
550312,1,1,0,0,0,0,0,0,0,0,0,0
550312,2,1,0,0,0,0,0,0,0,0,0,0
550313,1,1,14,14,14,14,14,14,14,14,14,14
550314,1,1,0,0,0,0,0,0,0,0,0,0
550314,2,1,0,0,0,0,0,0,0,0,0,0
550315,1,1,0,0,0,0,0,0,0,0,0,0
550315,2,1,0,0,0,0,0,0,0,0,0,0
550316,1,1,19,19,19,19,19,19,19,19,19,19
550316,2,1,0,0,0,0,0,0,0,0,0,0
550317,1,1,15,15,15,15,15,15,15,15,15,15
550318,1,1,0,0,0,0,0,0,0,0,0,0
550318,2,1,0,0,0,0,0,0,0,0,0,0
550319,1,1,0,0,0,0,0,18,0,23,0,0
550320,1,1,0,0,0,0,0,0,0,0,0,0
550320,2,1,0,0,0,0,0,0,0,0,0,0
550321,1,1,12,12,12,12,12,12,12,12,12,12
550322,1,1,9,9,9,9,9,9,9,9,9,9
550323,1,1,0,0,0,0,0,0,0,0,0,0
550324,1,1,20,20,20,20,20,20,20,20,20,20
550325,1,1,5,5,5,5,5,5,5,5,5,5
550326,1,1,0,0,0,0,0,0,0,0,0,0
550326,2,1,0,0,0,0,0,0,0,0,0,0
550327,1,1,0,0,0,0,0,0,0,0,0,0
550328,1,1,0,0,0,0,0,0,0,0,0,0
550329,1,1,5,5,5,5,5,5,5,5,5,5
550330,1,1,25,25,25,25,25,25,25,25,25,25
550330,2,1,0,0,0,0,0,0,0,0,0,0
550330,3,1,0,0,0,0,9,0,0,0,0,0
550330,4,1,0,0,0,0,0,0,0,0,0,0
550330,5,1,0,0,0,0,0,0,0,0,0,0
550330,6,1,0,0,0,0,0,23,0,0,0,0
550330,7,1,0,0,0,0,0,0,0,0,0,0