ST_CASE,VEH_NO,PER_NO,P1,P2,P3,P4,P5,P6,P7,P8,P9,P10
550331,1,1,0,0,0,0,0,0,0,0,0,0
550332,1,1,0,0,0,26,0,0,0,0,0,0
550332,2,1,18,18,18,18,18,18,18,18,18,18
550333,1,1,26,26,26,26,26,26,26,26,26,26
550334,1,1,11,11,11,11,11,11,11,11,11,11
550335,0,1,0,0,0,0,0,0,0,0,0,0
550335,1,1,0,0,0,0,0,0,0,0,0,0
550336,1,1,0,0,0,0,0,0,0,0,0,0
550337,1,1,0,0,0,0,0,0,0,0,0,0
550338,0,1,0,0,0,0,0,0,0,0,0,0
550338,1,1,0,0,28,0,0,12,0,0,0,0
550339,1,1,4,4,4,4,4,4,4,4,4,4
550340,1,1,0,0,0,0,0,0,0,0,0,0
550340,2,1,0,0,0,0,0,0,0,0,0,0
550341,1,1,0,0,0,0,0,0,0,0,0,0
550341,2,1,1,1,1,1,1,1,1,1,1,1
550342,1,1,0,0,0,0,0,0,0,0,0,0
550342,2,1,0,0,0,0,0,0,0,0,0,0
550343,1,1,23,23,23,23,23,23,23,23,23,23
550343,2,1,0,0,0,0,0,0,0,0,0,0
550344,0,1,0,0,14,0,0,0,50,24,0,0
550344,1,1,8,0,6,14,0,20,0,0,14,0
550345,1,1,0,0,0,0,0,0,0,0,0,0
550345,2,1,0,0,0,0,0,0,0,0,0,0
550346,1,1,33,33,33,33,33,33,33,33,33,33
550346,2,1,0,0,0,0,0,0,0,0,0,0
550347,1,1,0,0,0,0,0,0,0,0,0,0
550347,2,1,5,5,5,5,5,5,5,5,5,5
550348,1,1,0,0,0,0,0,0,0,0,0,0
550348,2,1,0,0,0,0,0,0,0,0,0,0
550349,1,1,0,0,0,0,0,0,0,0,0,0
550349,2,1,0,0,0,0,0,0,0,0,0,0
550350,1,1,0,0,0,0,0,0,0,0,0,0
550350,2,1,0,0,0,0,0,0,0,0,0,0
550351,1,1,0,0,0,0,0,0,0,0,0,0
550352,1,1,0,0,0,0,0,0,0,0,0,0
550353,1,1,0,0,0,0,0,0,0,0,0,0
550354,1,1,0,0,0,0,0,0,0,0,0,0
550355,1,1,0,0,0,0,0,0,0,0,0,0
550355,2,1,0,7,14,0,0,0,0,0,17,0
550356,1,1,0,0,0,0,0,0,0,0,0,0
550357,1,1,2,2,2,2,2,2,2,2,2,2
550357,2,1,0,0,0,0,0,0,0,0,0,0
550358,1,1,16,16,16,16,16,16,16,16,16,16
550358,2,1,0,0,0,0,0,0,0,0,0,0
550359,1,1,0,0,0,0,0,0,0,0,0,0
550360,1,1,0,0,0,0,0,0,0,0,0,0
550360,2,1,0,0,0,0,0,0,0,0,0,0
550361,1,1,0,0,0,0,0,0,0,0,0,0
550361,2,1,0,0,0,0,0,0,0,0,0,0
550362,1,1,0,0,0,0,0,0,0,0,0,0
550363,1,1,0,0,0,0,0,0,0,0,0,0
550364,1,1,16,16,16,16,16,16,16,16,16,16
550364,2,1,0,0,0,0,0,0,0,0,0,0
550364,3,1,0,0,0,0,0,0,0,0,0,0
550365,1,1,0,14,0,0,0,0,0,6,17,0
550365,2,1,0,0,0,0,0,0,0,0,0,0
550366,1,1,0,0,0,0,0,0,0,0,0,0
550367,1,1,0,0,0,0,0,0,0,0,0,0
550368,1,1,0,0,0,0,0,0,0,0,0,0
550368,2,1,0,0,0,0,0,0,0,0,0,0
550369,1,1,0,0,0,0,0,0,0,0,0,0
550369,2,1,0,0,0,0,0,0,0,0,0,0
550370,0,1,0,0,0,0,0,0,0,0,0,0
550370,1,1,0,0,0,0,0,0,0,0,0,0
550371,1,1,0,0,0,0,0,0,0,0,0,0
550372,1,1,0,0,0,0,0,0,0,0,0,0
550373,1,1,0,0,0,0,0,0,0,0,0,0
550373,2,1,0,0,0,0,0,0,0,0,0,0
550374,1,1,0,0,0,0,0,0,0,0,0,0
550375,1,1,12,12,12,12,12,12,12,12,12,12
550375,2,1,0,0,0,0,0,0,0,0,0,0
550376,1,1,14,14,14,14,14,14,14,14,14,14
550378,1,1,21,21,21,21,21,21,21,21,21,21
550379,1,1,7,13,13,21,8,0,7,15,5,30
550380,0,1,0,0,0,0,0,0,0,0,0,0
550380,1,1,0,0,0,0,0,0,0,0,0,0
550381,1,1,9,9,9,9,9,9,9,9,9,9
550382,1,1,0,0,0,0,0,0,0,0,0,0
550382,2,1,0,0,0,0,0,0,0,0,0,0
550382,3,1,9,0,0,0,0,0,0,0,0,0
550383,1,1,1,1,1,1,1,1,1,1,1,1
550384,0,1,19,19,19,19,19,19,19,19,19,19
550384,1,1,15,15,15,15,15,15,15,15,15,15
550385,1,1,0,0,0,0,0,0,0,0,0,0
550385,2,1,0,0,0,0,0,0,0,0,0,0
550386,1,1,0,0,0,0,0,0,0,0,0,0
550386,2,1,0,0,0,0,0,0,0,0,0,0
550387,1,1,0,0,0,0,0,0,0,0,0,0
550387,2,1,0,0,0,0,0,0,0,0,0,0
550387,3,1,0,0,0,0,0,0,0,0,0,0
550388,1,1,21,21,21,21,21,21,21,21,21,21
550388,2,1,0,0,0,0,0,0,0,0,0,0
550389,1,1,0,0,0,0,0,0,0,0,0,0
550389,2,1,0,0,0,0,0,0,0,0,0,0
550390,1,1,0,0,0,0,0,0,0,0,0,0
550390,2,1,4,4,4,4,4,4,4,4,4,4
550391,1,1,0,0,0,0,0,0,0,0,0,0
550391,2,1,0,0,0,0,0,0,0,0,0,0
550392,1,1,13,13,13,13,13,13,13,13,13,13
550393,1,1,14,14,14,14,14,14,14,14,14,14
550394,1,1,0,0,0,0,0,0,0,0,0,0
550394,2,1,0,0,0,0,0,0,0,0,0,0
550395,1,1,0,0,0,0,0,0,0,0,0,0
550396,1,1,0,0,0,0,0,0,0,0,0,0
550397,1,1,0,0,0,0,0,0,0,0,0,0
550398,0,1,17,17,17,17,17,17,17,17,17,17
550398,1,1,0,0,0,0,0,0,0,0,0,0
550399,1,1,0,0,0,0,0,0,0,0,0,0
550400,1,1,13,13,13,13,13,13,13,13,13,13
550401,0,1,0,0,0,0,0,0,0,0,0,0
550401,1,1,0,0,0,0,0,0,0,0,0,0
550402,1,1,0,0,0,0,0,0,0,0,0,0
550402,2,1,0,0,0,0,0,0,0,0,0,0
550403,1,1,18,18,18,18,18,18,18,18,18,18
550404,1,1,25,25,25,25,25,25,25,25,25,25
550405,1,1,22,0,0,8,20,0,0,0,7,0
550406,1,1,0,0,0,0,0,0,0,0,0,0
550406,2,1,0,0,0,0,0,0,0,0,0,0
550407,1,1,8,8,8,8,8,8,8,8,8,8
550408,1,1,8,8,8,8,8,8,8,8,8,8
550408,2,1,0,0,0,0,0,0,0,0,0,0
550409,1,1,23,23,23,23,23,23,23,23,23,23
550410,1,1,0,0,0,0,0,0,0,0,0,0
550411,1,1,27,27,27,27,27,27,27,27,27,27
550412,1,1,21,14,16,9,17,19,41,22,14,30
550413,1,1,0,0,0,0,0,0,0,0,0,0
550414,1,1,0,0,0,0,0,0,19,0,0,0
550415,1,1,0,0,0,0,0,0,0,0,0,0
550415,2,1,0,0,0,0,0,0,0,0,0,0
550416,1,1,22,22,22,22,22,22,22,22,22,22
550417,1,1,0,0,19,0,0,0,0,0,0,0
550417,2,1,0,0,0,0,0,0,0,0,0,0
550417,3,1,0,0,0,0,0,0,0,0,0,0
550418,1,1,0,0,0,0,0,0,0,0,0,0
550418,2,1,0,0,0,0,0,0,0,0,0,0
550419,1,1,0,0,0,0,0,0,0,0,0,0
550419,2,1,0,0,0,0,0,0,0,0,0,0
550420,1,1,0,0,0,0,0,0,0,0,0,0
550421,1,1,0,0,0,0,0,0,0,0,0,0
550421,2,1,14,14,14,14,14,14,14,14,14,14
550422,1,1,18,18,18,18,18,18,18,18,18,18
550423,1,1,0,0,0,0,0,0,0,0,0,0
550423,2,1,0,0,0,0,0,0,0,0,0,0
550424,1,1,0,0,0,0,0,0,0,0,0,0
550424,2,1,0,0,0,0,0,0,0,0,0,0
550425,1,1,18,18,18,18,18,18,18,18,18,18
550426,1,1,2,2,2,2,2,2,2,2,2,2
550426,2,1,0,0,0,0,0,0,0,0,0,0
550427,1,1,0,0,0,0,0,0,0,0,0,0
550427,2,1,0,0,0,0,0,0,0,0,0,0
550428,1,1,0,0,0,0,0,0,0,0,0,0
550429,1,1,0,0,0,0,0,0,0,0,0,0
550429,2,1,0,0,0,0,0,0,0,0,0,0
550430,1,1,0,0,0,0,0,0,0,0,0,0
550430,2,1,0,0,0,12,0,0,0,0,17,0
550430,3,1,0,0,12,0,0,0,19,0,0,0
550431,1,1,0,0,0,0,0,0,0,0,0,0
550431,2,1,0,0,0,0,0,0,0,0,0,0
550432,1,1,0,0,0,0,0,0,0,0,0,0
550433,1,1,0,0,0,0,0,0,0,0,0,0
550433,2,1,0,0,0,0,0,0,0,0,0,0
550434,1,1,0,0,0,0,0,0,0,0,0,0
550434,2,1,0,0,0,0,0,0,0,0,0,0
550435,1,1,0,0,0,0,0,0,0,0,0,0
550436,1,1,0,0,0,0,0,0,0,0,0,0
550436,2,1,0,0,0,0,0,0,0,0,0,0
550437,1,1,27,27,27,27,27,27,27,27,27,27
550437,2,1,0,0,0,0,9,12,13,22,0,0
550438,0,1,0,0,0,0,0,0,0,0,0,0
550438,1,1,0,0,0,0,0,0,0,0,0,0
550439,0,1,0,0,0,0,0,0,0,0,0,0
550439,1,1,0,0,0,0,0,0,0,0,0,0
550440,0,1,0,0,0,0,0,0,0,0,0,0
550440,1,1,0,0,0,0,0,0,0,0,0,0
550441,1,1,0,0,0,0,0,0,0,0,0,0
550441,2,1,0,0,0,0,0,0,0,0,0,0
550442,1,1,0,0,0,0,0,0,0,0,0,0
550443,1,1,37,37,37,37,37,37,37,37,37,37
550444,1,1,15,15,15,15,15,15,15,15,15,15
550446,1,1,22,22,22,22,22,22,22,22,22,22
550447,0,1,0,0,0,0,0,0,0,0,0,0
550447,1,1,0,0,0,0,0,0,0,0,0,0
550448,1,1,15,15,15,15,15,15,15,15,15,15
550449,1,1,5,5,5,5,5,5,5,5,5,5
550450,1,1,0,0,0,0,13,0,0,0,11,0
550450,2,1,13,0,0,0,0,0,0,0,0,0
550451,1,1,0,0,0,0,0,0,0,0,0,0
550452,1,1,0,0,0,0,0,0,0,0,0,0
550452,2,1,0,0,0,0,0,0,0,0,0,0
550453,1,1,0,0,0,0,0,0,0,0,0,0
550453,2,1,0,0,0,0,0,0,0,0,0,0
550454,1,1,0,0,0,0,12,28,0,0,0,0
550455,0,1,0,0,0,0,0,0,0,0,0,0
550455,1,1,0,0,0,0,0,0,0,0,0,0
550456,0,1,0,0,0,0,0,0,0,0,0,0
550456,1,1,0,0,0,0,0,0,0,0,0,0
550457,1,1,21,21,21,21,21,21,21,21,21,21
550458,1,1,0,0,0,0,0,0,0,0,0,0
550458,2,1,0,0,0,0,0,0,0,0,0,0
550459,1,1,0,0,0,0,0,0,0,0,0,0
550459,2,1,0,0,0,0,0,0,0,0,0,0
550460,1,1,0,0,0,0,0,0,0,0,0,0
550460,2,1,0,0,0,0,0,0,0,0,0,0
550461,1,1,16,16,16,16,16,16,16,16,16,16
550462,1,1,0,0,0,0,0,0,0,0,0,0
550462,2,1,0,0,0,0,0,0,0,0,0,0
550463,1,1,0,0,0,0,0,0,0,0,0,0
550464,1,1,0,0,0,0,0,0,0,0,0,0
550465,1,1,0,0,0,0,0,0,0,0,0,0
550466,1,1,0,0,0,0,0,0,0,0,0,0
550467,1,1,17,17,17,17,17,17,17,17,17,17
550468,1,1,0,0,0,0,0,0,0,0,0,0
550469,1,1,19,19,19,19,19,19,19,19,19,19
550470,1,1,16,16,16,16,16,16,16,16,16,16
550471,0,1,0,0,0,0,0,0,0,0,0,0
550471,1,1,0,0,0,0,0,0,0,0,0,0
550472,1,1,0,0,0,0,0,0,0,0,0,0
550472,2,1,0,0,0,0,0,0,0,0,0,0
550473,1,1,0,0,0,0,0,0,0,0,0,0
550473,2,1,0,0,0,0,0,0,0,0,0,13
550474,1,1,0,0,0,0,0,0,0,0,0,0
550474,2,1,0,0,0,0,0,0,0,0,0,0
550475,1,1,0,0,0,0,0,0,0,0,0,0
550475,2,1,0,21,0,19,0,7,0,0,0,0
550476,1,1,0,0,0,0,0,0,0,0,0,0
550476,2,1,0,10,0,0,0,0,29,0,0,0
550476,3,1,11,6,0,0,0,0,0,0,0,0
550477,1,1,28,28,28,28,28,28,28,28,28,28
550478,0,1,0,0,0,0,0,0,0,0,0,0
550478,1,1,0,0,0,0,0,0,0,0,0,0
550479,1,1,0,0,0,0,0,0,0,0,0,0
550479,2,1,0,0,0,0,0,0,0,0,0,0
550480,1,1,23,23,23,23,23,23,23,23,23,23
550480,2,1,0,0,0,0,0,0,0,0,0,0
550480,3,1,23,23,23,23,23,23,23,23,23,23
550480,5,1,0,0,0,0,0,0,0,0,0,0
550481,1,1,0,0,0,0,0,0,0,0,0,0
550481,2,1,0,0,0,0,0,0,0,0,0,0
550481,3,1,0,0,0,0,0,0,0,5,0,0
550482,1,1,25,25,25,25,25,25,25,25,25,25
550483,1,1,23,23,23,23,23,23,23,23,23,23
550484,1,1,9,9,9,9,9,9,9,9,9,9
550485,1,1,0,0,0,0,0,0,0,0,0,0
550485,2,1,0,0,0,0,0,0,0,0,0,0
550486,1,1,0,0,0,0,0,0,0,0,0,0
550486,2,1,0,0,0,0,0,0,0,0,0,0
550487,1,1,0,0,0,0,0,0,0,0,0,0
550488,1,1,20,20,20,20,20,20,20,20,20,20
550489,1,1,13,13,13,13,13,13,13,13,13,13
550490,1,1,0,0,0,0,0,0,0,0,0,0
550490,2,1,0,0,0,0,0,0,0,0,0,0
550491,0,1,18,18,18,18,18,18,18,18,18,18
550491,1,1,0,0,37,12,17,0,10,31,0,0
550492,1,1,29,29,29,29,29,29,29,29,29,29
550493,1,1,0,0,0,0,0,0,0,0,0,0
550493,2,1,0,0,0,0,0,0,0,0,0,0
550494,1,1,0,0,0,0,0,0,0,0,0,0
550494,2,1,0,0,0,0,0,0,0,0,0,0
550495,1,1,0,0,0,0,0,0,0,0,0,0
550495,2,1,0,0,0,0,0,0,0,0,0,0
550496,1,1,0,0,0,0,0,0,0,0,0,0
550497,1,1,0,0,0,0,0,0,0,0,0,0
550498,0,1,0,0,0,0,0,0,0,0,0,0
550498,1,1,0,0,0,0,0,0,0,0,0,0
550499,1,1,0,0,0,0,0,0,0,0,0,0
550500,1,1,0,0,0,0,0,0,0,0,0,0
550500,2,1,0,0,0,0,0,0,0,0,0,0
550501,1,1,24,24,24,24,24,24,24,24,24,24
550502,1,1,0,0,0,0,0,0,0,0,0,0
550502,2,1,0,0,0,0,0,0,0,0,0,0
550503,1,1,21,21,21,21,21,21,21,21,21,21
550504,1,1,0,0,0,0,0,0,0,0,0,0
550505,1,1,19,19,19,19,19,19,19,19,19,19
550506,1,1,0,0,0,0,0,0,0,0,0,0
550506,2,1,0,0,0,0,0,0,0,0,0,0
550507,1,1,31,31,31,31,31,31,31,31,31,31
550508,1,1,0,0,0,0,0,0,0,0,0,0
550509,1,1,0,0,0,0,0,0,0,0,0,0
550509,2,1,15,15,15,15,15,15,15,15,15,15
550510,0,1,0,0,0,0,0,0,0,0,0,0
550510,1,1,0,0,0,0,0,0,0,0,0,0
550511,1,1,39,39,39,39,39,39,39,39,39,39
550512,1,1,0,0,0,0,0,0,0,0,0,0
550513,1,1,0,0,0,0,0,0,0,0,0,0
550514,1,1,0,0,0,0,0,0,0,0,0,0
550515,1,1,0,0,0,0,0,0,0,0,0,0
550516,1,1,19,19,19,19,19,19,19,19,19,19
550517,1,1,26,26,26,26,26,26,26,26,26,26
550518,1,1,18,18,18,18,18,18,18,18,18,18
550519,1,1,23,23,23,23,23,23,23,23,23,23
550520,1,1,0,0,0,0,0,0,0,0,0,0
550521,1,1,26,26,26,26,26,26,26,26,26,26
550522,1,1,0,0,0,0,0,0,0,0,0,0
550523,1,1,0,0,0,0,0,0,0,0,0,0
550523,2,1,0,0,0,0,0,0,0,0,0,0
550524,0,1,0,0,0,0,0,0,0,0,0,0
550524,1,1,0,0,0,0,0,0,0,0,0,0
550525,1,1,16,16,16,16,16,16,16,16,16,16
550526,1,1,0,0,0,0,0,0,0,0,0,0
550527,1,1,14,14,14,14,14,14,14,14,14,14
550528,1,1,24,24,24,24,24,24,24,24,24,24
550529,1,1,0,0,0,0,0,0,0,0,0,0
550529,2,1,0,0,0,0,0,0,0,0,0,0
550530,1,1,0,0,0,0,0,0,0,0,0,0
550530,2,1,0,0,0,0,0,0,0,0,0,0
550531,0,1,0,0,0,0,0,0,0,0,0,0
550531,1,1,0,0,0,0,0,0,0,0,0,0
550531,2,1,0,0,0,0,0,0,0,0,0,49
550532,1,1,21,21,21,21,21,21,21,21,21,21
550533,1,1,20,20,20,20,20,20,20,20,20,20
550534,1,1,28,28,28,28,28,28,28,28,28,28
550534,2,1,0,0,0,0,0,0,0,0,0,0
550535,1,1,0,0,0,0,0,0,0,0,0,0
550536,1,1,19,19,19,19,19,19,19,19,19,19
550537,1,1,0,0,0,0,0,0,0,0,0,0
550538,1,1,0,0,0,0,0,0,0,0,0,0
550538,2,1,0,0,0,0,0,0,0,0,0,0
550539,0,1,0,0,0,0,0,0,0,0,0,0
550539,1,1,0,0,0,0,0,0,0,0,0,0
550540,0,1,0,0,0,0,0,0,0,0,0,0
550540,1,1,0,0,0,0,0,0,0,0,0,0
550541,1,1,19,19,19,19,19,19,19,19,19,19
550542,1,1,0,0,0,0,0,0,0,0,0,0
550542,2,1,0,16,3,14,0,23,0,10,15,23
550543,1,1,0,0,0,0,0,0,0,0,0,0
550543,2,1,0,0,0,0,0,0,0,0,0,0
550544,1,1,0,0,0,0,0,0,0,0,0,0
550545,0,1,0,0,0,0,0,0,0,0,0,0
550545,1,1,0,0,0,0,0,0,0,0,0,0
550546,1,1,26,26,26,26,26,26,26,26,26,26
550547,1,1,0,0,0,0,0,0,0,0,0,0
550547,2,1,0,0,0,0,0,0,0,0,0,0
550548,1,1,12,12,12,12,12,12,12,12,12,12
550548,2,1,0,0,0,0,0,0,0,0,0,0
550548,3,1,0,0,0,0,0,0,0,0,0,0
550549,0,1,0,0,0,0,0,0,0,0,0,0
550549,0,2,0,0,0,0,0,0,0,0,0,0
550549,1,1,0,0,0,0,0,0,0,0,0,0
550550,1,1,0,0,0,0,0,0,0,0,0,0
550551,1,1,0,0,0,0,0,0,0,0,0,0
550551,2,1,0,0,0,0,0,0,0,0,0,0
560001,1,1,16,16,16,16,16,16,16,16,16,16
560001,2,1,0,0,0,0,0,0,0,0,0,0
560002,1,1,0,0,0,0,0,0,0,0,0,0
560003,1,1,46,46,46,46,46,46,46,46,46,46
560004,1,1,0,0,0,0,0,27,0,0,0,0
560005,1,1,18,18,18,18,18,18,18,18,18,18
560006,1,1,0,0,0,0,0,0,0,0,0,0
560006,2,1,0,0,0,0,0,0,0,0,0,0
560007,1,1,23,23,23,23,23,23,23,23,23,23
560008,1,1,0,0,0,0,0,0,0,0,0,0
560009,0,1,0,18,17,0,34,0,18,0,0,0
560009,1,1,0,0,0,0,0,0,0,0,0,0
560010,1,1,0,0,0,0,0,0,0,0,0,0
560010,2,1,0,0,0,0,0,0,0,0,0,0
560010,3,1,0,0,0,0,0,0,0,0,0,0
560011,1,1,13,13,13,13,13,13,13,13,13,13
560012,1,1,0,0,0,0,12,0,0,0,0,0
560012,2,1,0,0,0,0,0,0,0,0,0,0
560012,3,1,0,0,0,0,0,0,0,0,0,0
560013,1,1,26,26,26,26,26,26,26,26,26,26
560014,1,1,13,0,0,0,0,0,0,0,0,0
560014,2,1,6,16,4,8,20,16,4,3,9,18
560015,1,1,9,9,9,9,9,9,9,9,9,9
560016,1,1,0,0,0,0,0,0,0,0,0,0
560017,1,1,0,0,0,0,0,0,0,0,0,0
560017,2,1,0,0,0,0,0,0,0,0,0,0
560018,1,1,26,26,26,26,26,26,26,26,26,26
560019,1,1,0,0,0,0,0,0,0,0,0,0
560019,2,1,0,0,0,0,0,0,0,0,0,13
560020,0,1,0,0,0,0,0,0,0,0,0,0
560020,1,1,0,0,0,0,0,0,0,0,0,0
560021,1,1,0,0,0,0,0,0,0,0,0,0
560022,1,1,0,0,0,0,0,0,17,0,0,9
560022,2,1,0,0,0,0,0,0,0,0,0,0
560023,1,1,21,21,21,21,21,21,21,21,21,21
560024,0,1,0,0,0,23,0,0,0,13,16,0
560024,1,1,0,0,0,0,0,0,0,0,0,0
560025,1,1,0,0,0,0,0,0,0,0,0,0
560025,2,1,0,0,0,0,0,0,0,0,0,0
560026,1,1,0,0,0,0,0,0,0,0,0,0
560026,2,1,0,0,0,0,0,0,0,0,0,0
560027,1,1,0,0,0,0,0,0,0,0,0,0
560028,1,1,18,18,18,18,18,18,18,18,18,18
560029,1,1,0,0,0,0,0,0,0,0,0,0
560029,2,1,0,0,0,0,0,0,0,0,0,0
560029,3,1,0,0,0,0,0,0,0,0,0,0
560029,4,1,0,0,0,0,0,0,0,0,0,0
560030,1,1,0,0,0,0,0,0,0,0,0,0
560030,2,1,0,0,0,0,0,0,0,0,0,0
560031,1,1,0,0,0,0,0,0,0,0,0,0
560032,1,1,0,0,0,0,0,0,0,0,0,0
560033,1,1,0,17,0,3,10,18,0,16,11,27
560034,1,1,0,0,0,0,0,0,0,0,0,0
560035,1,1,16,16,16,16,16,16,16,16,16,16
560036,1,1,0,0,0,14,0,0,0,0,16,0
560036,2,1,0,0,0,7,0,0,0,0,0,0
560037,1,1,0,0,0,6,7,5,0,0,0,13
560038,1,1,0,0,0,0,0,0,0,0,0,0
560039,1,1,0,0,0,0,0,0,0,0,0,0
560039,2,1,0,0,0,0,0,0,0,0,0,0
560040,1,1,31,31,31,31,31,31,31,31,31,31
560041,1,1,0,33,0,22,15,6,21,0,19,26
560042,1,1,21,37,28,17,16,9,26,13,15,17
560043,1,1,0,0,0,0,0,0,0,0,0,0
560043,2,1,0,0,0,0,17,9,14,0,0,5
560044,1,1,0,0,0,0,0,0,0,0,0,0
560044,2,1,0,0,0,0,0,0,0,9,0,0
560045,1,1,21,21,21,21,21,21,21,21,21,21
560045,2,1,0,0,0,0,0,0,0,0,0,0
560046,1,1,0,0,0,0,0,0,0,0,8,0
560047,1,1,0,0,0,0,0,0,0,0,0,0
560047,2,1,0,0,0,0,0,0,0,0,0,0
560048,1,1,0,0,0,0,0,0,0,0,0,0
560048,2,1,0,0,0,0,0,0,0,0,0,0
560049,1,1,18,18,18,18,18,18,18,18,18,18
560050,1,1,18,0,0,0,0,0,0,0,0,0
560050,2,1,0,0,0,31,0,0,0,0,0,0
560051,1,1,0,0,0,11,0,0,0,0,0,0
560052,1,1,0,0,0,0,0,0,0,0,0,0
560053,1,1,0,0,0,0,0,0,0,0,0,0
560054,1,1,12,12,12,12,12,12,12,12,12,12
560055,1,1,26,26,26,26,26,26,26,26,26,26
560056,1,1,16,16,16,16,16,16,16,16,16,16
560057,1,1,18,0,0,0,0,0,15,0,0,0
560058,1,1,0,0,0,0,0,0,0,0,0,0
560058,2,1,0,0,0,0,0,0,0,0,0,0
560058,3,1,0,0,0,0,0,0,0,0,0,0
560059,1,1,3,3,3,3,3,3,3,3,3,3
560059,2,1,0,14,0,0,0,0,0,0,0,0
560060,1,1,0,0,0,0,0,0,0,0,0,0
560061,1,1,26,26,26,26,26,26,26,26,26,26
560061,2,1,0,0,0,0,0,0,0,0,0,0
560062,1,1,0,0,0,0,0,0,0,0,0,0
560063,1,1,0,0,0,0,0,0,0,0,0,0
560063,2,1,0,0,0,0,0,12,0,0,0,0
560064,1,1,0,0,0,0,0,0,0,0,0,0
560065,1,1,0,0,0,0,0,0,0,0,0,0
560065,2,1,0,0,0,0,0,0,0,0,0,0
560066,1,1,24,24,24,24,24,24,24,24,24,24
560066,2,1,0,0,0,0,0,0,0,0,0,0
560067,1,1,0,0,0,0,0,0,0,0,0,0
560067,2,1,0,0,0,9,0,13,0,0,0,0
560068,1,1,14,14,14,14,14,14,14,14,14,14
560069,1,1,32,25,22,24,16,8,23,30,23,20
560070,1,1,0,0,0,0,0,0,0,0,0,0
560070,2,1,0,0,0,0,0,0,0,0,0,0
560071,1,1,21,21,21,21,21,21,21,21,21,21
560072,0,1,34,13,24,30,26,26,15,29,14,22
560072,1,1,0,0,0,0,0,0,0,0,0,0
560073,1,1,38,30,37,35,27,34,7,37,16,9
560074,1,1,0,0,0,0,0,0,0,0,0,0
560075,1,1,0,0,0,0,0,0,0,0,0,0
560076,1,1,21,21,21,21,21,21,21,21,21,21
560077,1,1,0,0,0,0,0,16,0,0,0,0
560077,2,1,0,0,0,0,0,0,0,0,0,0
560078,1,1,0,0,0,0,0,0,16,0,0,0
560079,1,1,24,24,24,24,24,24,24,24,24,24
560080,1,1,10,10,10,10,10,10,10,10,10,10
560080,2,1,0,0,0,0,0,0,0,0,0,0
560081,1,1,21,21,21,21,21,21,21,21,21,21
560082,1,1,0,27,0,0,0,25,0,0,0,5
560083,1,1,0,0,0,0,0,0,0,0,0,0
560084,1,1,0,0,0,0,0,0,0,0,0,0
560084,2,1,0,0,0,0,0,0,0,0,0,0
560085,1,1,0,0,0,0,0,0,0,0,0,0
560086,1,1,0,0,0,0,0,0,0,0,0,0
560087,1,1,0,0,0,0,0,0,0,0,0,0
560087,2,1,0,0,0,0,0,0,0,0,0,0
560087,3,1,0,0,0,0,0,0,0,0,0,0
560088,1,1,0,0,0,0,0,0,0,0,0,0
560088,2,1,13,13,13,13,13,13,13,13,13,13
560089,1,1,0,0,0,0,0,0,0,0,0,0
560090,1,1,0,0,0,0,0,0,0,0,0,0
560090,2,1,0,0,0,0,0,0,0,0,0,0
560091,1,1,0,0,0,0,0,0,0,0,0,0
560092,1,1,0,0,0,0,0,0,0,0,0,0
560092,2,1,0,0,0,0,0,0,0,0,0,11
560093,1,1,0,0,0,0,0,0,0,0,0,0
560094,1,1,12,12,12,12,12,12,12,12,12,12
560094,2,1,0,0,0,0,0,0,0,0,0,0
560095,1,1,0,0,0,0,0,0,0,0,0,0
560096,1,1,0,0,0,0,0,0,0,0,0,0
560097,0,1,0,0,0,0,0,0,0,0,0,0
560097,1,1,31,31,31,31,31,31,31,31,31,31
560098,1,1,0,0,0,0,0,0,0,14,0,0
560099,1,1,94,94,94,94,94,94,94,94,94,94
560100,0,1,13,13,13,13,13,13,13,13,13,13
560100,1,1,0,0,0,0,0,0,0,0,0,0
560101,1,1,0,0,0,0,0,0,0,0,0,0
560101,2,1,0,0,0,0,0,0,0,0,0,0
560101,3,1,0,0,0,0,0,0,0,0,0,0
560102,1,1,27,27,27,27,27,27,27,27,27,27
560103,1,1,0,0,0,0,0,0,0,0,0,0
560103,2,1,0,0,0,0,0,0,0,0,0,0
560104,1,1,0,0,0,31,0,8,0,0,0,0
560104,2,1,0,0,0,0,0,0,0,0,0,0
560105,1,1,0,0,0,0,0,0,0,0,0,0
560106,1,1,0,0,0,0,0,0,0,0,0,0
560107,1,1,19,21,21,0,12,5,22,7,9,8
560109,1,1,17,0,0,0,17,0,0,0,0,0
560110,1,1,8,5,15,19,21,5,19,16,18,13
560111,1,1,0,0,0,0,0,0,0,0,0,0
560111,2,1,17,0,0,0,0,0,0,0,0,0
560112,1,1,0,0,0,0,0,0,0,0,0,12
560112,2,1,0,0,0,0,0,0,0,0,0,0
560113,1,1,0,0,0,0,0,0,0,0,0,0
560113,2,1,0,0,0,0,0,0,0,0,0,0