ST_CASE,VEH_NO,PER_NO,P1,P2,P3,P4,P5,P6,P7,P8,P9,P10
60001,1,1,13,13,13,13,13,13,13,13,13,13
60002,1,1,17,17,17,17,17,17,17,17,17,17
60003,1,1,23,23,23,23,23,23,23,23,23,23
60004,1,1,22,22,22,22,22,22,22,22,22,22
60005,1,1,0,0,0,0,0,0,0,0,0,0
60006,1,1,0,0,8,0,0,0,0,0,0,0
60006,2,1,0,0,0,0,0,0,0,17,0,0
60007,1,1,0,0,0,0,0,0,0,0,0,0
60007,2,1,0,0,0,0,0,0,0,0,0,0
60008,1,1,0,0,0,0,0,0,0,0,0,0
60009,1,1,0,0,0,0,0,0,0,0,0,0
60010,0,1,0,0,0,0,0,0,0,0,0,0
60010,1,1,0,0,0,0,0,0,0,0,0,0
60011,0,1,0,0,0,0,0,0,0,0,0,0
60011,1,1,0,0,0,0,0,0,0,0,0,0
60012,0,1,14,14,14,14,14,14,14,14,14,14
60012,1,1,0,0,0,0,0,0,0,0,0,0
60013,1,1,4,4,4,4,4,4,4,4,4,4
60014,0,1,38,38,38,38,38,38,38,38,38,38
60014,1,1,0,0,0,0,0,0,0,0,13,0
60015,0,1,31,0,0,0,0,0,0,0,13,0
60015,1,1,0,0,0,0,0,0,0,11,0,23
60015,2,1,0,0,0,0,0,0,0,0,0,0
60016,0,1,25,25,25,25,25,25,25,25,25,25
60016,1,1,0,20,21,0,0,0,8,25,0,0
60017,1,1,0,0,0,0,0,0,0,0,0,0
60017,2,1,0,27,0,0,0,0,0,0,0,0
60018,1,1,0,0,0,0,0,0,0,0,0,0
60018,2,1,0,0,0,0,0,0,0,0,0,0
60018,3,1,0,0,0,0,0,0,0,0,0,0
60019,1,1,0,0,0,0,0,0,0,0,0,0
60020,1,1,0,0,0,0,0,0,0,0,15,0
60020,2,1,0,12,0,0,0,0,0,0,0,0
60020,3,1,0,0,0,0,0,0,0,0,0,0
60021,1,1,0,0,0,0,0,0,0,0,0,0
60021,2,1,0,0,0,0,0,0,0,0,0,0
60022,1,1,5,5,5,5,5,5,5,5,5,5
60022,2,1,0,0,0,0,0,0,0,0,0,0
60023,1,1,11,11,11,11,11,11,11,11,11,11
60024,1,1,0,0,0,0,0,0,0,0,0,0
60025,0,1,0,0,0,0,0,0,0,0,0,0
60025,1,1,0,0,0,0,0,0,0,0,0,0
60026,1,1,0,0,0,0,0,0,0,0,0,0
60026,2,1,0,0,0,0,0,0,0,0,16,0
60027,1,1,0,0,0,0,0,0,0,0,0,0
60028,1,1,0,0,0,0,0,0,0,0,0,0
60028,2,1,0,0,0,0,0,0,0,0,0,51
60029,0,1,0,0,0,0,0,0,0,0,0,0
60029,1,1,21,34,0,0,0,18,18,0,0,11
60030,0,1,0,0,0,0,0,0,0,0,0,0
60030,1,1,16,0,30,24,0,16,0,29,0,13
60031,1,1,16,19,15,28,27,0,19,14,12,19
60032,1,1,7,14,0,15,0,10,15,18,0,10
60033,1,1,0,0,0,0,0,0,0,0,0,0
60033,2,1,0,0,0,0,12,0,0,0,0,0
60034,1,1,0,0,8,2,0,0,0,9,0,0
60034,2,1,2,2,2,2,2,2,2,2,2,2
60035,1,1,0,0,0,0,0,0,0,0,0,0
60036,1,1,0,0,0,0,0,0,0,0,0,0
60037,1,1,23,23,23,23,23,23,23,23,23,23
60038,0,1,0,47,30,33,0,0,0,10,15,29
60038,1,1,3,3,3,3,3,3,3,3,3,3
60039,1,1,0,0,0,0,0,0,0,0,0,0
60040,1,1,0,0,0,0,0,0,0,0,0,0
60040,2,1,0,0,0,0,0,15,0,0,0,0
60041,1,1,0,23,0,0,12,0,24,6,0,8
60042,1,1,0,0,0,0,15,0,0,0,0,0
60042,2,1,0,0,0,0,0,0,0,0,0,0
60043,1,1,19,19,19,19,19,19,19,19,19,19
60044,0,1,0,0,0,0,0,0,0,0,0,0
60044,1,1,0,0,0,0,0,0,0,0,0,0
60045,0,1,0,0,0,0,0,0,0,0,0,0
60045,1,1,0,0,0,0,0,0,0,0,0,0
60046,0,1,0,0,0,0,0,0,0,0,0,0
60046,1,1,0,0,0,22,0,0,0,0,0,0
60047,0,1,16,16,16,16,16,16,16,16,16,16
60047,1,1,6,0,0,0,4,0,0,0,0,0
60048,1,1,25,25,25,25,25,25,25,25,25,25
60049,1,1,0,0,0,0,0,0,0,0,0,0
60049,2,1,0,0,0,0,0,0,0,0,0,0
60050,1,1,0,0,0,0,0,0,0,0,0,0
60050,2,1,0,0,0,0,0,0,0,0,0,0
60051,1,1,17,17,17,17,17,17,17,17,17,17
60052,1,1,4,4,4,4,4,4,4,4,4,4
60053,1,1,0,0,0,0,0,0,11,11,0,0
60053,2,1,0,0,0,0,0,0,0,0,0,0
60053,3,1,0,0,0,0,0,0,0,0,0,0
60054,0,1,0,0,0,0,0,0,0,0,0,0
60054,1,1,0,0,0,0,14,0,9,0,0,0
60055,1,1,0,0,0,0,0,0,0,0,0,0
60056,1,1,0,0,0,0,0,0,0,0,0,0
60056,2,1,0,0,0,12,0,0,0,0,0,20
60057,0,1,0,0,0,0,0,0,0,0,0,11
60057,1,1,0,0,0,0,0,0,0,0,0,0
60058,1,1,14,14,14,14,14,14,14,14,14,14
60058,2,1,0,0,0,0,0,0,0,0,0,0
60059,1,1,0,0,0,0,0,0,0,0,0,0
60060,1,1,0,0,0,0,0,0,0,0,0,0
60060,2,1,0,0,0,0,0,0,0,0,0,0
60060,3,1,0,0,0,0,0,0,0,0,0,0
60061,1,1,0,0,0,0,0,0,0,0,0,0
60061,2,1,0,0,0,0,0,0,0,0,0,0
60062,1,1,0,0,0,0,0,0,0,0,0,0
60062,2,1,0,0,0,0,0,0,0,0,0,0
60063,1,1,16,16,16,16,16,16,16,16,16,16
60063,2,1,0,0,0,0,0,0,0,0,0,0
60064,1,1,29,29,29,29,29,29,29,29,29,29
60065,1,1,16,16,16,16,16,16,16,16,16,16
60066,1,1,0,0,0,0,18,0,0,0,0,0
60066,2,1,16,16,16,16,16,16,16,16,16,16
60067,1,1,0,0,0,0,0,0,0,0,0,0
60068,1,1,0,0,0,0,0,0,0,0,18,0
60069,0,1,30,30,30,30,30,30,30,30,30,30
60069,1,1,11,11,11,11,11,11,11,11,11,11
60070,1,1,0,0,0,0,0,0,0,0,0,0
60070,2,1,0,0,0,0,0,0,0,0,0,0
60071,1,1,0,0,0,0,0,0,0,0,0,0
60071,2,1,0,0,0,0,0,0,0,0,0,0
60072,1,1,0,0,0,0,13,0,0,0,0,0
60072,2,1,0,0,0,0,0,0,0,0,0,0
60073,0,1,0,0,0,0,0,0,0,0,0,0
60073,1,1,31,30,9,28,0,0,13,0,0,21
60074,1,1,0,0,0,0,0,0,0,0,0,0
60074,2,1,0,0,0,0,0,0,0,27,0,0
60075,1,1,0,0,0,0,0,0,0,0,0,0
60075,2,1,0,0,0,0,0,0,0,0,0,0
60076,1,1,0,0,0,0,0,0,0,0,0,0
60077,1,1,18,18,18,18,18,18,18,18,18,18
60078,1,1,0,0,0,0,0,0,0,0,0,0
60078,2,1,16,0,0,0,0,0,0,0,0,0
60079,1,1,0,0,0,0,0,0,0,0,0,0
60080,0,1,25,25,25,25,25,25,25,25,25,25
60080,1,1,0,0,0,0,0,0,0,0,0,0
60081,1,1,0,0,0,0,0,0,0,0,0,0
60081,2,1,0,0,0,0,0,0,0,0,0,0
60081,3,1,0,0,0,0,16,0,0,0,0,0
60082,1,1,16,16,16,16,16,16,16,16,16,16
60082,2,1,0,0,0,9,0,0,0,0,0,0
60083,1,1,5,5,5,5,5,5,5,5,5,5
60083,2,1,0,0,0,0,0,0,0,0,0,0
60084,1,1,0,0,0,0,0,0,0,0,0,0
60085,0,1,24,24,24,24,24,24,24,24,24,24
60085,1,1,0,0,0,0,0,0,0,0,0,0
60086,0,1,28,28,28,28,28,28,28,28,28,28
60086,1,1,0,0,0,0,0,0,0,0,0,0
60087,1,1,0,0,0,0,0,0,0,0,0,0
60087,2,1,0,4,0,0,0,0,0,0,0,0
60088,1,1,0,0,0,0,0,0,0,0,0,0
60089,0,1,0,0,0,0,0,0,0,0,0,0
60089,1,1,0,0,0,0,0,0,0,0,0,0
60090,0,1,0,0,0,0,0,0,0,0,0,0
60090,1,1,0,0,0,0,0,0,0,0,0,0
60091,1,1,0,0,0,0,0,0,0,0,0,0
60091,2,1,0,0,0,0,0,0,0,0,0,0
60092,0,1,0,0,0,0,0,0,0,0,0,0
60092,1,1,0,0,0,0,0,0,0,0,0,0
60093,1,1,0,0,0,0,0,0,0,0,0,0
60093,2,1,0,0,0,0,0,0,0,0,0,0
60094,0,1,0,0,0,0,0,0,0,0,0,0
60094,1,1,0,0,0,0,0,0,0,0,0,0
60095,1,1,0,0,0,0,0,0,0,0,0,0
60096,1,1,0,0,0,0,0,0,0,0,0,0
60096,2,1,0,0,0,0,0,0,0,0,0,0
60097,0,1,0,0,0,0,0,0,0,0,0,0
60097,1,1,0,0,0,0,0,0,0,0,0,0
60098,1,1,0,0,0,0,0,0,0,0,0,0
60098,2,1,0,0,0,10,0,0,0,0,0,0
60098,3,1,0,0,0,0,0,0,0,20,0,0
60099,1,1,0,0,0,0,0,0,0,0,0,0
60099,2,1,0,0,0,0,0,0,0,0,0,0
60100,1,1,0,0,0,0,0,0,0,0,0,0
60100,2,1,0,0,0,0,0,0,0,0,0,0
60101,1,1,36,36,36,36,36,36,36,36,36,36
60102,1,1,3,3,3,3,3,3,3,3,3,3
60102,2,1,0,0,0,0,0,0,0,0,0,0
60102,3,1,0,0,0,0,0,0,0,0,0,0
60103,1,1,0,0,0,0,0,0,0,0,0,0
60104,0,1,0,8,0,0,11,24,0,0,4,0
60104,0,2,0,0,0,0,0,0,0,0,0,0
60104,1,1,0,0,0,0,27,0,0,0,0,0
60105,1,1,0,0,0,0,0,0,0,0,0,0
60105,2,1,0,0,7,0,0,3,14,0,0,17
60106,0,1,38,38,38,38,38,38,38,38,38,38
60106,1,1,34,10,25,0,0,0,0,0,0,16
60107,0,1,23,23,23,23,23,23,23,23,23,23
60107,1,1,15,15,15,15,15,15,15,15,15,15
60108,1,1,0,0,0,0,0,0,0,0,0,0
60108,2,1,0,0,0,0,0,0,0,0,0,0
60108,3,1,0,0,0,0,0,0,0,0,0,0
60109,1,1,2,2,2,2,2,2,2,2,2,2
60109,2,1,0,0,0,0,0,0,0,0,17,0
60109,3,1,0,0,0,0,0,0,0,0,0,0
60110,1,1,15,15,15,15,15,15,15,15,15,15
60111,1,1,0,0,0,0,0,0,0,0,0,0
60111,2,1,0,0,0,0,0,0,0,0,0,0
60112,1,1,0,0,0,0,0,0,0,0,0,0
60112,2,1,0,0,0,0,0,0,0,0,0,0
60113,0,1,9,0,0,24,0,0,0,0,17,0
60113,1,1,0,0,0,0,0,0,0,0,0,0
60114,1,1,0,0,0,0,0,0,0,0,0,0
60115,1,1,23,23,23,23,23,23,23,23,23,23
60116,1,1,16,16,16,16,16,16,16,16,16,16
60117,1,1,19,19,19,19,19,19,19,19,19,19
60118,0,1,24,24,24,24,24,24,24,24,24,24
60118,1,1,0,14,0,0,0,0,0,0,0,0
60119,1,1,4,4,4,4,4,4,4,4,4,4
60119,2,1,0,0,0,0,0,0,0,0,0,0
60120,0,1,28,28,28,28,28,28,28,28,28,28
60120,1,1,0,0,0,0,0,0,0,0,0,0
60121,1,1,18,18,18,18,18,18,18,18,18,18
60121,2,1,0,0,0,0,0,0,0,0,0,0
60122,0,1,20,20,20,20,20,20,20,20,20,20
60122,1,1,0,0,0,0,0,0,0,0,0,0
60123,1,1,45,45,45,45,45,45,45,45,45,45
60124,1,1,0,0,0,0,0,0,0,0,0,0
60125,1,1,0,0,0,0,0,0,0,0,0,0
60126,1,1,0,0,10,0,19,0,0,16,0,0
60127,0,1,0,0,0,0,0,0,0,0,0,0
60127,1,1,0,0,0,0,0,0,0,0,0,0
60128,0,1,0,0,0,0,0,0,0,0,0,0
60128,1,1,0,0,0,0,0,0,0,0,0,0
60129,1,1,0,0,0,0,0,0,0,0,0,0
60130,0,1,0,0,0,0,0,0,0,0,0,0
60130,1,1,0,0,0,0,0,0,0,0,0,0
60131,1,1,0,0,0,0,0,0,0,0,0,0
60132,1,1,16,16,16,16,16,16,16,16,16,16
60133,0,1,0,0,0,0,0,0,0,0,0,0
60133,1,1,0,0,0,0,0,0,0,0,0,0
60134,1,1,0,0,0,0,0,0,0,0,0,0
60135,1,1,0,0,0,0,0,0,0,0,0,0
60135,2,1,0,0,0,0,0,0,0,0,0,0
60136,1,1,0,0,0,0,0,0,0,0,0,0
60137,0,1,0,0,0,0,0,0,0,0,0,0
60137,1,1,0,0,0,0,0,0,0,0,0,0
60138,0,1,19,19,19,19,19,19,19,19,19,19
60138,1,1,0,0,0,11,0,15,0,0,0,0
60139,0,1,0,0,0,0,0,0,0,0,0,0
60139,1,1,0,0,0,0,0,0,0,0,0,0
60140,1,1,0,0,0,0,0,0,0,0,0,0
60140,2,1,0,0,0,0,0,0,0,0,0,0
60141,0,1,0,0,0,0,0,0,0,0,0,0
60141,1,1,0,0,0,0,0,0,0,0,0,0
60142,0,1,0,0,0,0,0,0,0,0,0,0
60142,1,1,0,0,0,0,0,0,0,0,0,0
60143,1,1,22,22,22,22,22,22,22,22,22,22
60144,0,1,0,0,2,0,0,0,0,0,0,0
60144,1,1,0,0,0,0,0,0,0,0,0,0
60145,1,1,0,0,0,0,0,0,0,0,0,0
60146,0,1,23,26,0,0,0,0,0,0,9,18
60146,1,1,0,0,0,0,0,0,0,0,0,0
60147,1,1,0,0,0,0,0,0,0,0,0,0
60147,2,1,0,0,0,0,0,0,0,0,0,0
60147,3,1,0,0,0,0,0,0,0,0,0,0
60147,4,1,0,0,0,0,0,0,0,0,0,0
60148,1,1,25,25,25,25,25,25,25,25,25,25
60148,2,1,0,0,0,0,0,0,0,0,0,0
60149,1,1,17,17,17,17,17,17,17,17,17,17
60149,2,1,0,0,14,0,0,0,0,0,0,0
60150,1,1,0,0,0,0,0,0,31,0,0,0
60150,2,1,0,0,0,0,0,0,0,0,0,0
60151,1,1,16,16,16,16,16,16,16,16,16,16
60151,2,1,0,0,0,0,0,0,0,0,0,0
60151,3,1,0,0,0,0,0,0,0,0,0,0
60152,0,1,0,0,0,0,0,0,0,0,0,0
60152,1,1,0,0,0,0,0,0,0,0,0,0
60153,1,1,0,0,0,0,0,0,0,0,0,0
60153,2,1,0,0,0,0,0,0,0,0,0,0
60154,1,1,0,0,0,0,0,0,0,0,0,0
60155,1,1,0,0,0,0,0,0,0,0,0,0
60155,2,1,0,0,0,0,0,0,0,0,0,0
60156,1,1,16,16,16,16,16,16,16,16,16,16
60157,1,1,10,10,10,10,10,10,10,10,10,10
60157,2,1,10,10,10,10,10,10,10,10,10,10
60158,1,1,0,0,15,0,11,26,0,0,0,0
60159,1,1,0,0,0,0,0,0,0,0,0,0
60159,2,1,0,0,0,0,0,0,0,0,0,0
60159,3,1,0,0,0,0,0,0,0,0,0,0
60160,0,1,0,0,0,0,0,0,0,0,0,9
60160,1,1,0,0,0,0,0,0,0,0,0,0
60161,0,1,0,0,0,0,0,0,0,0,0,0
60161,1,1,0,0,0,0,0,0,0,0,0,0
60162,1,1,0,0,0,0,0,0,0,0,0,0
60163,1,1,27,27,27,27,27,27,27,27,27,27
60163,2,1,0,0,0,0,0,0,0,8,0,0
60163,3,1,0,0,0,0,0,0,0,0,0,0
60164,0,1,15,15,15,15,15,15,15,15,15,15
60164,1,1,0,0,0,0,0,0,0,0,0,0
60165,0,1,0,0,0,0,0,0,0,0,0,0
60165,1,1,0,0,0,0,0,0,0,0,0,0
60166,0,1,18,18,18,18,18,18,18,18,18,18
60166,1,1,0,0,0,0,0,0,0,0,0,0
60167,1,1,19,19,19,19,19,19,19,19,19,19
60168,1,1,18,18,18,18,18,18,18,18,18,18
60168,2,1,0,0,0,0,0,0,0,0,0,0
60169,1,1,0,0,0,0,0,0,0,18,0,0
60169,2,1,0,0,0,0,0,26,0,0,0,0
60170,1,1,3,3,3,3,3,3,3,3,3,3
60170,2,1,0,0,0,0,0,0,0,0,0,40
60170,3,1,0,0,0,0,0,0,0,0,8,0
60171,1,1,16,16,16,16,16,16,16,16,16,16
60172,1,1,27,27,27,27,27,27,27,27,27,27
60173,1,1,16,16,16,16,16,16,16,16,16,16
60174,1,1,39,39,39,39,39,39,39,39,39,39
60175,0,1,31,31,31,31,31,31,31,31,31,31
60175,1,1,0,0,0,0,0,0,0,0,0,0
60176,1,1,0,0,0,0,0,0,0,0,0,0
60177,0,1,31,31,31,31,31,31,31,31,31,31
60177,1,1,0,0,0,0,0,0,0,0,0,31
60178,1,1,13,13,13,13,13,13,13,13,13,13
60179,1,1,6,6,6,6,6,6,6,6,6,6
60180,0,1,30,30,30,30,30,30,30,30,30,30
60180,1,1,37,28,23,0,0,0,0,0,0,0
60181,1,1,0,0,0,0,0,0,0,8,0,0
60182,0,1,0,0,0,0,0,0,0,0,0,0
60182,1,1,0,0,0,0,0,0,0,0,0,0
60183,0,1,0,0,0,0,0,0,0,0,0,0
60183,0,2,0,0,0,0,0,0,0,0,19,0
60183,1,1,22,27,0,17,0,0,0,0,0,13
60184,0,1,12,12,12,12,12,12,12,12,12,12
60184,1,1,0,0,0,0,0,0,0,0,0,0
60185,0,1,31,31,31,31,31,31,31,31,31,31
60185,1,1,0,11,32,0,0,0,0,0,0,0
60186,0,1,0,0,0,0,0,0,0,0,0,0
60186,1,1,0,0,0,0,0,0,0,0,0,0
60187,1,1,0,0,0,0,0,0,0,0,0,0
60187,2,1,0,0,0,0,0,0,0,0,0,0
60188,1,1,0,0,0,0,0,0,0,0,0,0
60188,2,1,0,0,0,0,0,0,0,0,0,4
60189,1,1,16,16,16,16,16,16,16,16,16,16
60190,0,1,0,0,0,0,0,0,0,0,0,0
60190,1,1,0,0,0,0,0,0,0,0,0,0
60191,0,1,0,0,0,0,0,0,0,0,0,0
60191,1,1,0,0,0,0,16,0,0,0,24,0
60192,1,1,0,0,0,0,0,0,0,0,0,0
60193,0,1,25,25,25,25,25,25,25,25,25,25
60193,1,1,0,0,0,0,0,0,0,0,0,0
60194,0,1,0,0,0,0,0,0,0,0,0,0
60194,1,1,0,0,0,0,0,0,0,0,0,0
60195,0,1,0,0,0,0,0,0,0,0,0,0
60195,1,1,0,0,0,0,0,0,0,0,0,0
60196,0,1,0,0,0,0,0,0,0,0,0,0
60196,1,1,0,0,0,0,0,0,0,0,0,0
60197,0,1,0,0,0,0,0,0,0,0,0,0
60197,1,1,0,0,0,0,0,0,0,0,0,0
60198,0,1,13,13,13,13,13,13,13,13,13,13
60198,1,1,0,0,0,0,0,0,0,0,0,0
60199,1,1,0,0,0,0,0,0,0,0,0,0
60199,2,1,0,0,0,0,0,0,0,0,0,0
60200,1,1,0,0,0,0,0,0,0,0,0,0
60201,1,1,0,0,0,0,0,0,0,0,15,0
60202,0,1,0,0,0,0,0,0,0,0,0,0
60202,1,1,0,0,0,0,0,0,0,0,0,0
60203,1,1,0,0,0,0,0,0,0,0,0,0
60204,0,1,0,0,0,0,0,0,0,0,0,0
60204,1,1,0,0,0,0,0,0,0,0,0,0
60205,1,1,0,11,0,0,0,0,0,0,0,0
60205,2,1,0,0,0,0,0,0,0,0,0,0
60206,0,1,18,18,18,18,18,18,18,18,18,18
60206,1,1,0,0,0,0,8,0,0,0,0,0
60207,1,1,0,0,0,0,0,0,0,0,0,0
60207,2,1,0,0,0,0,0,0,0,0,0,0
60208,1,1,0,0,0,0,0,0,0,0,0,0
60209,0,1,0,0,0,0,0,0,0,0,0,0
60209,1,1,0,0,0,0,0,0,0,0,0,0
60209,2,1,0,0,0,0,0,29,0,0,0,0
60210,1,1,0,0,0,0,0,0,0,0,0,0
60210,2,1,0,0,0,0,0,0,0,0,0,0
60211,0,1,0,0,0,0,0,0,0,0,0,0
60211,1,1,0,0,0,0,10,19,14,0,0,0
60211,3,1,0,27,0,0,0,0,0,0,0,0
60212,1,1,0,0,0,0,0,0,0,0,0,0
60212,2,1,0,0,0,0,0,0,0,0,0,0
60213,0,1,14,14,14,14,14,14,14,14,14,14
60213,1,1,0,0,0,0,0,0,0,0,0,0
60214,1,1,0,0,0,0,0,0,0,0,0,0
60214,2,1,0,0,0,0,0,0,0,0,0,0
60214,3,1,0,0,0,0,0,0,0,0,5,0
60215,1,1,0,0,0,0,0,0,0,0,0,0
60215,2,1,0,0,0,0,0,0,0,0,0,0
60216,1,1,0,0,0,0,0,0,0,0,0,0
60216,2,1,0,0,0,0,0,0,0,0,0,0
60217,1,1,0,0,0,19,0,0,0,0,0,0
60217,2,1,0,0,0,0,0,0,0,0,0,0
60218,1,1,0,0,0,0,0,0,0,0,0,0
60219,1,1,0,0,0,0,0,0,0,0,0,0
60220,1,1,17,17,17,17,17,17,17,17,17,17
60220,2,1,0,0,0,0,13,0,0,13,0,0
60221,1,1,0,0,0,0,0,0,0,0,0,0
60221,2,1,0,0,0,0,0,0,0,0,0,0
60222,1,1,21,21,21,21,21,21,21,21,21,21
60222,2,1,31,0,0,0,0,0,0,0,0,17
60222,3,1,0,0,0,0,0,0,0,0,0,0
60223,1,1,0,0,0,0,0,0,0,0,0,0
60224,1,1,0,0,0,0,0,0,0,0,0,0
60224,2,1,0,0,0,0,0,0,0,0,0,0
60225,0,1,11,11,11,11,11,11,11,11,11,11
60225,0,2,9,9,9,9,9,9,9,9,9,9
60225,1,1,6,0,0,0,0,0,0,0,0,0
60226,0,1,0,0,0,0,0,0,0,0,0,0
60226,1,1,0,0,0,14,0,27,0,11,13,0
60227,1,1,31,31,31,31,31,31,31,31,31,31
60228,1,1,6,6,6,6,6,6,6,6,6,6
60229,1,1,0,0,0,0,0,0,0,0,0,0
60230,1,1,24,24,24,24,24,24,24,24,24,24
60231,1,1,16,16,16,16,16,16,16,16,16,16
60232,0,1,0,0,0,0,0,0,0,0,0,0
60232,1,1,0,0,0,0,0,0,0,0,0,0
60233,1,1,0,0,0,0,0,0,0,0,0,0
60234,1,1,31,31,31,31,31,31,31,31,31,31
60235,1,1,0,0,0,0,0,0,0,0,0,0
60236,1,1,0,0,0,0,0,0,0,0,0,0
60236,2,1,0,0,0,0,0,0,0,0,0,0
60237,0,1,27,27,27,27,27,27,27,27,27,27
60237,1,1,0,0,0,0,0,0,0,0,0,0
60238,1,1,0,0,0,0,0,0,0,0,0,0
60238,2,1,0,0,0,0,0,0,0,0,0,0
60239,1,1,33,33,33,33,33,33,33,33,33,33
60240,0,1,16,16,16,16,16,16,16,16,16,16
60240,1,1,0,0,0,0,0,0,0,0,0,0
60241,1,1,10,10,10,10,10,10,10,10,10,10
60242,1,1,0,0,0,0,0,0,0,0,0,0
60243,1,1,0,0,0,0,0,0,0,0,0,0
60244,1,1,19,19,19,19,19,19,19,19,19,19
60245,1,1,20,25,0,0,8,10,15,16,0,0
60246,1,1,18,18,18,18,18,18,18,18,18,18
60247,0,1,27,27,27,27,27,27,27,27,27,27
60247,1,1,0,0,0,0,0,0,0,0,0,0
60248,0,1,0,0,0,0,0,0,0,0,0,0
60248,1,1,0,0,0,0,0,0,0,0,0,0
60249,1,1,0,0,0,0,0,0,0,0,0,0
60250,1,1,0,0,0,0,0,0,0,0,0,0
60251,0,1,0,0,0,0,0,0,0,0,0,0
60251,1,1,0,0,0,0,0,0,0,0,0,0
60252,0,1,0,0,0,17,0,5,0,0,0,0
60252,1,1,11,0,24,0,0,0,0,10,0,0
60253,0,1,0,0,0,0,0,0,0,0,0,0
60253,1,1,0,0,0,0,0,0,0,0,0,0
60254,1,1,0,0,0,0,0,0,0,0,0,0
60255,1,1,0,0,0,0,0,0,0,0,0,0
60256,0,1,0,0,0,0,0,0,0,0,0,0
60256,1,1,0,0,0,0,0,0,0,0,0,0
60257,1,1,11,0,15,5,0,20,22,0,17,0
60257,2,1,0,0,0,0,0,0,0,0,0,0
60258,1,1,2,2,2,2,2,2,2,2,2,2
60259,1,1,0,0,0,0,0,0,0,0,0,0
60260,1,1,19,19,19,19,19,19,19,19,19,19
60261,1,1,0,0,0,0,0,0,0,0,0,0
60262,0,1,0,0,0,0,0,0,0,0,0,0
60262,1,1,16,0,0,0,0,0,0,0,0,0
60263,1,1,0,0,0,0,0,0,0,0,0,0
60264,0,1,17,17,17,17,17,17,17,17,17,17
60264,1,1,0,0,0,0,0,0,0,0,0,0
60265,1,1,0,0,0,0,0,0,0,0,0,0
60265,2,1,0,0,0,0,0,0,0,0,0,0
60265,3,1,0,0,0,0,0,0,0,0,0,0
60266,1,1,14,14,14,14,14,14,14,14,14,14
60267,1,1,0,0,0,0,0,0,0,0,0,0
60267,3,1,0,0,0,0,0,0,0,0,0,0
60267,4,1,0,0,0,0,0,0,0,0,0,0
60267,5,1,0,0,0,0,0,0,0,0,0,0
60268,1,1,0,0,0,0,0,0,0,0,0,0
60268,2,1,0,0,0,0,0,0,0,0,13,0
60268,3,1,0,0,0,0,0,0,0,0,0,0
60269,1,1,0,0,0,0,0,0,0,0,0,0
60270,1,1,0,0,0,0,0,0,0,0,0,0
60270,2,1,0,0,0,0,0,0,0,0,0,0
60271,1,1,0,0,0,0,0,0,0,0,0,0
60271,2,1,0,0,0,0,0,0,0,0,0,0
60271,3,1,0,0,0,0,0,0,0,0,0,0
60271,4,1,0,0,0,0,0,0,0,0,0,0
60272,1,1,0,0,0,0,0,0,0,0,0,0
60272,2,1,0,20,0,7,0,20,0,12,6,12
60272,3,1,0,0,0,0,0,0,0,0,0,0
60272,4,1,0,0,0,0,0,0,0,0,0,0
60272,5,1,0,0,0,0,0,0,0,0,0,0
60273,0,1,0,0,0,0,14,31,33,0,0,36
60273,0,2,0,0,0,0,0,0,0,0,0,0
60273,1,1,17,18,6,17,26,4,26,22,18,28
60273,3,1,0,0,14,0,0,0,0,0,0,0
60274,1,1,0,0,0,0,0,0,0,0,0,0
60275,0,1,0,0,0,0,0,0,0,0,0,0
60275,1,1,0,0,0,0,0,23,0,0,0,0
60276,1,1,0,0,0,0,0,0,0,0,0,0