ST_CASE,VEH_NO,PER_NO,P1,P2,P3,P4,P5,P6,P7,P8,P9,P10
60276,2,1,0,0,0,0,0,0,0,0,0,0
60277,1,1,0,0,0,0,0,0,0,0,0,0
60277,2,1,0,0,0,0,0,0,0,0,0,0
60277,3,1,0,0,0,0,0,0,0,0,0,0
60278,1,1,0,0,0,0,0,34,0,0,0,0
60278,2,1,0,0,0,0,0,0,0,0,0,0
60278,3,1,0,0,0,0,0,0,0,0,0,0
60279,1,1,0,0,0,0,0,0,0,0,0,0
60280,1,1,0,0,0,0,0,0,0,0,0,0
60280,2,1,2,2,2,2,2,2,2,2,2,2
60281,1,1,0,0,0,0,0,0,0,0,0,0
60281,2,1,0,0,0,0,0,0,0,0,0,0
60281,3,1,0,0,0,0,0,0,0,0,0,0
60282,1,1,0,0,0,0,0,0,0,0,0,0
60283,1,1,0,0,0,0,0,0,0,0,0,0
60283,2,1,0,0,0,0,0,0,0,0,0,0
60284,1,1,0,0,0,0,0,0,0,0,0,0
60284,2,1,9,9,9,9,9,9,9,9,9,9
60285,1,1,0,0,0,0,0,0,0,0,0,0
60285,2,1,0,0,0,0,0,0,0,0,0,0
60286,1,1,0,0,0,0,0,0,0,0,0,0
60287,1,1,0,0,0,0,0,0,0,0,0,0
60288,1,1,0,0,0,0,0,0,0,0,0,0
60288,2,1,0,0,0,0,0,0,0,0,0,0
60289,1,1,0,0,0,0,0,0,0,0,0,0
60290,1,1,20,20,20,20,20,20,20,20,20,20
60291,1,1,0,0,0,0,0,0,0,0,0,0
60291,2,1,0,14,35,29,0,0,0,33,0,0
60292,0,1,25,25,25,25,25,25,25,25,25,25
60292,1,1,14,22,0,0,0,0,12,6,0,0
60293,1,1,0,0,0,0,0,0,0,0,0,0
60294,1,1,22,22,22,22,22,22,22,22,22,22
60295,1,1,0,0,0,0,0,0,0,0,0,0
60295,2,1,0,0,0,0,0,0,0,0,0,0
60296,1,1,0,0,0,0,0,0,0,0,0,0
60296,2,1,0,0,0,0,0,0,0,0,0,0
60297,1,1,0,0,0,0,0,0,0,0,0,0
60298,1,1,0,0,0,0,0,0,0,0,0,0
60299,0,1,18,18,18,18,18,18,18,18,18,18
60299,1,1,0,0,0,0,0,0,0,0,0,0
60300,0,1,19,19,19,19,19,19,19,19,19,19
60300,1,1,0,0,0,0,0,0,0,0,9,0
60301,1,1,21,21,21,21,21,21,21,21,21,21
60301,2,1,0,0,0,0,0,0,0,0,0,0
60302,1,1,0,0,0,0,0,0,0,0,0,0
60302,2,1,0,0,0,0,0,0,0,0,0,0
60303,1,1,4,4,4,4,4,4,4,4,4,4
60304,1,1,0,0,0,0,0,0,0,0,0,0
60305,1,1,12,12,12,12,12,12,12,12,12,12
60306,0,1,0,0,0,0,0,0,0,0,0,0
60306,0,2,0,0,0,15,0,0,0,0,0,0
60306,0,3,0,0,0,0,0,0,0,17,0,0
60306,0,4,21,0,0,0,0,0,0,0,23,0
60306,1,1,0,0,0,0,0,0,0,0,0,0
60307,1,1,22,22,22,22,22,22,22,22,22,22
60308,1,1,0,0,0,0,0,0,0,0,0,0
60308,2,1,0,0,0,0,0,0,0,0,0,21
60309,1,1,0,0,0,0,0,0,0,0,0,0
60310,1,1,0,0,0,0,0,0,0,0,0,0
60310,2,1,0,0,0,0,0,0,0,0,0,28
60311,0,1,0,0,0,0,0,0,0,0,0,0
60311,1,1,0,0,0,0,8,0,0,0,0,0
60312,0,1,0,0,0,0,0,0,0,0,0,0
60312,1,1,0,0,0,0,0,0,0,0,0,0
60313,1,1,14,14,14,14,14,14,14,14,14,14
60314,1,1,17,17,17,17,17,17,17,17,17,17
60315,1,1,14,14,14,14,14,14,14,14,14,14
60316,1,1,0,0,0,0,0,0,0,0,0,0
60316,2,1,0,0,0,0,0,0,0,0,0,0
60316,3,1,0,0,0,0,0,0,0,0,0,0
60317,1,1,0,0,0,0,0,0,0,0,0,0
60317,2,1,0,0,0,0,0,0,0,0,0,0
60317,3,1,0,0,0,0,0,0,0,0,0,0
60318,0,1,2,2,2,2,2,2,2,2,2,2
60318,1,1,0,0,0,0,0,0,0,0,0,0
60318,2,1,0,0,22,0,0,0,0,0,0,0
60318,3,1,0,0,0,0,0,0,0,0,0,0
60318,4,1,0,0,0,0,0,0,0,0,0,0
60318,5,1,0,0,0,0,0,0,0,0,0,0
60318,6,1,0,0,0,0,0,0,0,0,0,0
60318,7,1,0,0,0,0,0,16,0,0,0,0
60319,1,1,16,16,16,16,16,16,16,16,16,16
60320,0,1,0,0,15,0,0,0,0,12,19,16
60320,1,1,6,0,0,0,0,9,0,0,0,0
60320,2,1,0,0,0,0,0,0,0,0,0,0
60321,0,1,40,40,40,40,40,40,40,40,40,40
60321,1,1,3,3,3,3,3,3,3,3,3,3
60322,1,1,0,0,0,0,0,0,0,0,0,0
60322,2,1,0,0,0,0,0,0,0,0,0,0
60322,3,1,0,0,0,0,0,0,0,0,0,0
60323,1,1,1,1,1,1,1,1,1,1,1,1
60323,2,1,0,0,0,0,0,0,0,0,0,0
60324,1,1,0,0,0,0,0,0,0,0,0,0
60324,2,1,0,0,0,0,0,0,0,0,0,0
60325,0,1,0,0,0,0,0,0,0,0,0,0
60325,1,1,0,0,0,0,0,0,0,0,0,0
60326,0,1,0,0,0,0,0,0,0,0,0,0
60326,1,1,0,0,0,0,0,0,0,0,0,0
60327,1,1,0,0,0,0,0,0,0,0,0,0
60327,2,1,0,0,0,0,0,0,0,0,0,0
60328,1,1,0,0,21,8,12,0,9,24,0,0
60328,2,1,0,0,0,0,0,0,0,0,0,0
60329,1,1,0,0,0,0,0,0,0,0,0,0
60329,2,1,0,0,0,0,0,0,0,0,0,0
60329,3,1,0,10,0,0,0,0,0,0,0,0
60330,0,1,0,0,0,0,0,0,0,0,0,0
60330,1,1,0,0,0,0,0,0,0,0,0,0
60331,1,1,0,0,0,0,0,0,0,0,0,0
60331,2,1,0,0,0,0,0,0,0,0,0,0
60331,3,1,0,0,0,0,0,0,0,0,0,0
60331,4,1,0,0,0,0,0,0,0,0,0,0
60331,5,1,0,0,0,0,0,0,0,0,0,0
60332,1,1,0,0,0,0,0,0,0,0,0,0
60332,2,1,0,0,0,0,0,0,0,0,0,0
60333,1,1,0,0,0,0,0,0,0,0,0,0
60333,2,1,0,0,0,0,0,0,0,0,0,0
60334,1,1,0,0,0,0,0,0,0,0,0,0
60335,0,1,0,0,0,0,0,0,0,0,0,0
60335,1,1,0,0,0,0,0,0,0,0,0,0
60336,0,1,8,8,8,8,8,8,8,8,8,8
60336,1,1,0,0,0,0,0,0,0,13,8,0
60337,0,1,0,0,0,0,0,0,0,0,0,0
60337,1,1,0,0,0,0,0,0,0,0,0,0
60338,1,1,10,10,10,10,10,10,10,10,10,10
60339,0,1,0,0,0,0,0,0,0,0,0,0
60339,1,1,0,0,0,0,0,0,0,0,0,0
60339,2,1,0,0,0,0,0,0,0,0,0,0
60340,0,1,0,0,0,0,0,0,0,0,0,0
60341,1,1,9,9,9,9,9,9,9,9,9,9
60342,1,1,14,14,14,14,14,14,14,14,14,14
60343,0,1,20,20,20,20,20,20,20,20,20,20
60343,1,1,16,15,5,14,23,15,22,25,23,13
60344,1,1,8,8,8,8,8,8,8,8,8,8
60345,0,1,0,0,0,0,0,0,0,10,0,0
60345,1,1,0,0,0,0,0,0,0,8,0,0
60346,0,1,0,0,0,0,0,0,8,0,0,0
60346,1,1,0,0,0,0,0,0,0,0,0,0
60347,1,1,0,0,0,0,0,0,0,0,0,0
60347,2,1,0,0,0,0,0,0,0,0,0,0
60347,3,1,0,0,0,0,0,0,0,0,0,16
60347,4,1,0,0,0,0,0,0,0,0,0,0
60348,1,1,10,10,10,10,10,10,10,10,10,10
60348,2,1,17,34,0,18,16,0,0,10,0,0
60349,0,1,0,0,0,0,0,0,0,0,0,0
60349,1,1,0,0,0,0,0,0,0,0,0,0
60350,0,1,35,35,35,35,35,35,35,35,35,35
60350,1,1,0,0,0,0,0,0,0,0,0,0
60351,1,1,11,11,11,11,11,11,11,11,11,11
60352,1,1,14,14,14,14,14,14,14,14,14,14
60353,1,1,21,21,21,21,21,21,21,21,21,21
60353,2,1,0,0,0,0,0,0,0,0,0,0
60354,1,1,0,0,14,0,0,0,0,0,0,5
60354,2,1,0,0,0,0,0,0,0,0,0,0
60355,1,1,23,23,23,23,23,23,23,23,23,23
60356,1,1,0,0,0,0,0,0,0,0,0,0
60356,2,1,0,0,0,0,0,0,0,0,0,0
60357,0,1,20,20,20,20,20,20,20,20,20,20
60357,1,1,0,0,0,0,0,0,0,0,0,0
60358,0,1,0,0,0,0,0,0,7,0,0,0
60358,1,1,0,0,0,0,0,4,0,0,0,0
60359,1,1,0,0,0,0,0,0,0,0,0,0
60359,2,1,0,0,0,0,0,0,0,0,0,0
60360,1,1,30,30,30,30,30,30,30,30,30,30
60361,0,1,0,0,0,0,0,0,0,0,0,0
60361,1,1,0,0,0,0,10,0,0,0,0,0
60362,1,1,0,0,0,0,0,0,0,0,0,0
60363,1,1,0,0,0,0,0,0,0,0,0,0
60364,0,1,0,0,0,0,0,0,0,0,0,0
60364,1,1,0,0,0,0,0,0,0,0,0,0
60365,1,1,0,0,0,0,0,0,0,0,0,0
60366,0,1,0,0,0,0,0,0,0,0,0,0
60366,1,1,0,0,0,0,20,0,0,0,0,0
60367,1,1,0,0,0,0,0,0,0,0,0,0
60368,0,1,4,24,13,29,21,34,15,0,35,0
60368,1,1,0,0,0,0,0,0,0,0,0,0
60369,1,1,20,20,20,20,20,20,20,20,20,20
60370,1,1,0,0,0,0,0,0,0,0,0,0
60370,2,1,0,0,0,0,0,0,0,0,0,0
60371,0,1,0,0,0,0,0,0,0,0,0,0
60371,1,1,0,0,0,0,0,0,0,0,0,0
60372,0,1,0,0,0,0,0,0,0,0,0,0
60372,1,1,0,0,0,0,0,0,0,0,0,0
60373,1,1,0,0,0,0,0,0,0,0,0,0
60373,2,1,0,0,0,0,0,0,0,0,0,0
60374,1,1,16,16,16,16,16,16,16,16,16,16
60374,2,1,0,0,0,0,0,0,0,0,0,0
60375,0,1,13,13,13,13,13,13,13,13,13,13
60375,1,1,0,17,9,0,0,17,9,15,15,0
60376,1,1,0,13,9,0,23,27,17,0,23,3
60377,1,1,0,0,0,0,0,0,0,0,0,0
60377,2,1,0,0,0,0,0,0,0,0,0,0
60377,3,1,0,0,0,0,0,0,0,0,0,0
60378,1,1,8,8,8,8,8,8,8,8,8,8
60379,0,1,6,6,6,6,6,6,6,6,6,6
60379,1,1,7,26,0,22,14,0,0,0,22,0
60379,2,1,20,21,0,0,0,0,0,18,24,0
60379,3,1,0,28,5,0,0,26,0,0,0,0
60379,4,1,12,0,0,0,0,19,14,0,26,0
60379,5,1,0,0,0,0,0,0,0,13,0,0
60379,6,1,21,0,6,0,0,5,0,18,29,0
60379,7,1,0,0,0,0,0,0,0,11,0,0
60380,1,1,0,0,0,0,0,0,0,0,0,0
60380,2,1,0,0,0,0,0,0,0,0,0,0
60381,1,1,0,0,0,0,0,0,0,0,0,0
60381,2,1,0,0,0,0,0,0,0,0,0,0
60382,0,1,0,0,0,41,37,0,33,0,0,0
60382,1,1,0,0,0,0,0,0,0,0,0,0
60382,2,1,0,0,22,0,14,0,48,0,6,0
60383,1,1,0,0,0,0,0,0,0,0,0,0
60384,0,1,24,24,24,24,24,24,24,24,24,24
60384,1,1,0,0,0,0,0,0,0,0,0,0
60385,1,1,15,0,9,0,0,25,24,0,0,8
60386,1,1,0,0,0,0,0,0,0,0,0,0
60386,2,1,0,0,0,0,0,0,0,0,0,0
60387,1,1,0,0,0,0,0,0,0,0,0,0
60388,0,1,28,28,28,28,28,28,28,28,28,28
60388,1,1,0,0,27,0,0,0,0,0,0,0
60389,1,1,0,0,0,0,0,0,0,0,0,0
60390,0,1,0,0,0,13,0,0,0,5,0,0
60390,0,2,0,0,0,4,0,0,0,7,0,0
60390,1,1,16,0,0,0,0,0,0,0,0,0
60391,0,1,0,0,0,0,0,0,0,0,0,0
60391,1,1,0,0,0,0,0,0,0,0,0,0
60392,1,1,27,27,27,27,27,27,27,27,27,27
60393,1,1,21,21,21,21,21,21,21,21,21,21
60393,2,1,0,0,0,0,0,0,0,0,0,0
60394,1,1,0,0,0,0,0,0,0,0,0,0
60395,1,1,0,0,0,0,0,0,0,0,0,0
60396,1,1,0,0,0,0,0,24,0,0,0,0
60396,2,1,0,0,0,0,0,0,0,0,0,0
60397,1,1,0,0,0,0,0,0,0,0,0,0
60398,1,1,21,21,21,21,21,21,21,21,21,21
60399,1,1,2,2,2,2,2,2,2,2,2,2
60399,2,1,0,0,0,7,0,0,0,0,0,0
60400,1,1,0,0,0,0,0,0,0,0,0,0
60400,2,1,0,0,0,0,0,0,0,0,0,0
60401,1,1,0,0,0,0,0,0,0,0,0,0
60402,1,1,0,0,0,0,0,0,0,0,0,0
60402,2,1,0,0,0,0,0,0,0,0,0,0
60403,0,1,0,0,0,0,0,0,0,0,0,0
60403,1,1,0,0,0,0,0,0,0,0,0,0
60403,2,1,0,0,0,0,0,0,0,0,0,0
60403,3,1,0,0,0,0,0,0,0,0,0,0
60404,1,1,0,0,0,0,0,0,0,0,0,0
60404,2,1,0,0,0,0,0,0,0,0,0,0
60404,3,1,0,0,0,0,0,0,0,0,0,0
60405,1,1,17,17,17,17,17,17,17,17,17,17
60406,1,1,0,0,0,0,0,0,0,0,0,0
60406,2,1,0,0,0,0,0,0,0,0,0,0
60407,1,1,0,0,0,0,0,0,0,0,0,0
60407,2,1,0,0,0,0,0,0,0,0,0,0
60408,1,1,0,0,0,0,0,0,0,0,0,0
60408,2,1,0,0,29,21,25,25,0,8,12,40
60409,1,1,0,0,0,0,0,0,0,0,0,0
60410,1,1,14,14,14,14,14,14,14,14,14,14
60411,1,1,0,0,0,0,0,0,0,0,0,0
60412,0,1,28,28,28,28,28,28,28,28,28,28
60412,1,1,2,2,2,2,2,2,2,2,2,2
60413,0,1,0,0,0,0,0,0,0,0,0,0
60413,1,1,0,0,0,0,0,0,0,0,0,0
60414,0,1,0,0,0,0,0,0,0,0,0,0
60414,1,1,0,20,0,0,0,0,0,0,12,15
60415,1,1,0,0,0,0,0,0,0,0,0,0
60416,1,1,13,13,13,13,13,13,13,13,13,13
60417,1,1,20,20,20,20,20,20,20,20,20,20
60418,1,1,18,18,18,18,18,18,18,18,18,18
60419,0,1,0,0,0,0,0,0,0,0,0,0
60419,1,1,0,0,0,0,0,18,0,8,0,0
60420,1,1,11,11,11,11,11,11,11,11,11,11
60421,1,1,21,21,21,21,21,21,21,21,21,21
60421,2,1,13,0,4,13,0,0,0,0,0,0
60422,1,1,8,8,8,8,8,8,8,8,8,8
60423,1,1,0,0,0,0,0,0,0,0,0,0
60423,2,1,0,0,0,0,0,0,0,0,0,6
60423,3,1,0,0,0,0,6,13,0,0,0,0
60424,1,1,9,9,9,9,9,9,9,9,9,9
60425,1,1,5,5,5,5,5,5,5,5,5,5
60426,1,1,0,0,0,0,0,0,0,0,0,0
60427,1,1,0,0,0,0,0,0,0,0,0,0
60427,2,1,0,0,0,0,0,0,0,0,0,17
60427,3,1,0,0,0,0,0,0,0,0,0,0
60427,4,1,0,0,0,0,0,0,0,0,0,0
60428,0,1,0,0,0,0,0,0,0,0,0,0
60428,1,1,0,0,0,0,0,0,0,0,0,0
60429,1,1,0,0,0,0,0,0,0,0,0,0
60430,1,1,22,22,22,22,22,22,22,22,22,22
60431,1,1,0,0,0,0,0,0,0,0,0,0
60432,0,1,0,0,0,0,0,0,0,0,0,0
60432,1,1,10,0,0,10,0,0,35,0,0,0
60433,1,1,22,22,22,22,22,22,22,22,22,22
60433,2,1,0,0,0,0,0,0,0,0,23,0
60434,0,1,0,0,0,0,0,0,0,0,0,0
60434,1,1,0,0,0,0,0,0,0,0,0,0
60434,2,1,0,0,0,0,0,0,0,0,0,0
60435,1,1,0,0,0,0,0,0,0,0,0,0
60436,1,1,0,0,0,0,0,0,0,0,0,0
60436,2,1,0,0,0,0,0,0,0,0,0,0
60437,0,1,0,0,0,0,0,0,0,0,0,0
60437,1,1,0,0,0,0,0,0,0,0,0,0
60438,1,1,11,11,11,11,11,11,11,11,11,11
60439,0,1,0,0,0,0,0,0,0,0,0,0
60439,1,1,0,0,0,0,0,0,0,0,0,0
60440,1,1,0,0,0,0,0,0,0,0,0,0
60440,2,1,0,0,0,0,0,0,0,0,20,0
60441,1,1,0,0,0,0,0,0,0,0,0,0
60442,1,1,16,16,16,16,16,16,16,16,16,16
60442,2,1,0,0,0,0,0,12,0,0,0,0
60443,1,1,0,0,0,0,0,0,0,0,0,0
60443,2,1,0,0,0,0,0,0,0,0,0,0
60443,3,1,0,0,0,0,0,0,0,0,0,0
60444,0,1,15,15,15,15,15,15,15,15,15,15
60444,0,2,13,0,17,39,0,0,0,0,5,3
60444,1,1,0,0,0,0,0,0,0,0,0,0
60445,0,1,0,0,0,0,0,0,0,0,0,0
60445,1,1,0,0,0,0,0,0,0,0,0,0
60446,0,1,0,0,0,0,0,0,0,0,0,0
60446,1,1,0,0,0,0,0,0,0,0,0,0
60447,1,1,7,7,7,7,7,7,7,7,7,7
60448,1,1,0,0,0,0,0,0,0,0,0,0
60448,2,1,0,0,0,0,0,0,0,0,0,0
60449,1,1,0,0,0,0,0,0,0,0,0,0
60449,2,1,0,0,0,0,0,0,0,0,0,0
60450,1,1,0,0,0,0,0,0,0,0,0,0
60450,2,1,0,0,0,0,0,0,0,0,0,0
60451,1,1,0,0,0,0,0,0,0,0,0,0
60451,2,1,0,0,0,0,0,0,0,0,0,0
60452,1,1,0,0,17,0,0,0,0,0,0,0
60452,2,1,0,0,0,0,0,0,0,0,0,0
60453,1,1,0,0,0,0,0,0,0,0,0,0
60454,1,1,18,18,18,18,18,18,18,18,18,18
60454,2,1,0,0,0,0,0,0,0,0,0,0
60455,1,1,9,0,0,0,0,20,0,0,0,0
60456,1,1,0,0,0,0,0,0,0,0,0,0
60456,2,1,0,0,0,0,0,0,0,0,0,0
60457,1,1,0,0,0,0,0,0,0,0,0,0
60457,2,1,0,0,0,0,0,0,0,0,0,0
60458,0,1,2,2,2,2,2,2,2,2,2,2
60458,1,1,0,0,0,0,0,0,0,0,0,0
60459,1,1,9,9,9,9,9,9,9,9,9,9
60460,1,1,18,18,18,18,18,18,18,18,18,18
60461,1,1,0,0,0,0,0,0,0,0,0,0
60461,2,1,0,0,0,0,0,0,0,0,0,0
60462,1,1,0,0,0,0,0,0,0,0,0,0
60462,2,1,0,0,0,0,0,0,0,0,0,0
60463,1,1,17,17,17,17,17,17,17,17,17,17
60463,2,1,0,0,0,0,0,0,0,0,0,0
60464,0,1,0,0,0,0,0,0,0,0,0,0
60464,1,1,0,0,21,0,0,0,0,0,0,0
60465,0,1,18,18,18,18,18,18,18,18,18,18
60465,1,1,0,0,0,0,0,0,0,0,0,0
60466,0,1,0,0,0,0,0,0,0,0,0,0
60466,1,1,0,0,0,0,0,0,0,0,0,0
60467,1,1,28,28,28,28,28,28,28,28,28,28
60468,0,1,0,0,0,0,0,0,0,0,0,0
60468,1,1,0,0,0,0,0,0,0,0,0,0
60469,1,1,19,19,19,19,19,19,19,19,19,19
60470,1,1,19,19,19,19,19,19,19,19,19,19
60472,1,1,0,0,0,0,0,0,0,0,0,0
60473,1,1,0,0,0,0,0,0,0,0,0,0
60474,0,1,0,0,0,0,0,0,0,0,0,0
60474,1,1,0,0,0,0,0,0,0,0,0,0
60475,1,1,9,9,9,9,9,9,9,9,9,9
60476,1,1,0,0,0,0,0,0,0,0,0,0
60476,2,1,0,0,0,0,0,0,0,0,0,0
60477,0,1,0,0,0,0,0,0,0,0,0,0
60477,1,1,0,0,0,0,0,0,0,20,0,0
60478,1,1,26,26,26,26,26,26,26,26,26,26
60479,1,1,0,0,0,0,0,0,0,0,0,0
60480,1,1,15,19,0,5,15,11,0,4,7,11
60480,2,1,0,0,0,0,0,0,0,0,0,0
60481,1,1,11,11,11,11,11,11,11,11,11,11
60482,1,1,4,4,4,4,4,4,4,4,4,4
60482,2,1,0,0,0,0,0,0,0,0,0,0
60483,1,1,21,21,21,21,21,21,21,21,21,21
60483,2,1,0,0,0,0,0,0,0,0,0,0
60484,1,1,0,0,0,0,0,0,0,0,0,22
60485,0,1,0,0,0,10,0,0,0,0,0,0
60485,1,1,0,0,0,0,0,0,0,0,0,0
60486,1,1,0,0,0,0,0,0,0,0,0,0
60487,0,1,0,0,0,0,0,0,0,0,0,0
60487,1,1,0,0,0,0,0,0,0,0,0,0
60488,1,1,0,0,0,0,0,0,0,0,0,0
60489,1,1,0,0,0,0,0,0,0,0,0,0
60489,2,1,0,0,0,0,0,0,0,0,0,0
60490,1,1,0,0,0,0,0,0,0,0,0,0
60490,2,1,0,0,0,0,0,0,0,0,0,0
60491,1,1,28,28,28,28,28,28,28,28,28,28
60492,0,1,0,0,0,0,0,0,0,0,0,0
60492,1,1,0,0,0,0,0,0,0,0,0,0
60493,0,1,0,0,0,0,0,0,0,0,0,0
60493,1,1,0,0,0,0,0,0,0,0,0,0
60494,1,1,0,0,0,0,8,0,18,0,0,11
60494,2,1,0,0,0,16,0,0,0,0,0,0
60495,1,1,37,37,37,37,37,37,37,37,37,37
60496,1,1,20,20,20,20,20,20,20,20,20,20
60497,0,1,8,8,8,8,8,8,8,8,8,8
60497,1,1,23,0,0,13,0,0,32,17,0,20
60498,1,1,21,0,26,0,12,0,7,25,0,23
60499,1,1,0,0,0,0,0,0,0,0,0,0
60499,2,1,0,0,0,0,0,0,0,0,0,0
60500,1,1,17,17,17,17,17,17,17,17,17,17
60501,1,1,0,0,0,0,0,0,0,0,0,0
60501,2,1,0,0,0,0,0,0,0,0,0,0
60501,3,1,0,0,0,0,0,0,0,0,0,0
60502,1,1,23,23,23,23,23,23,23,23,23,23
60503,1,1,21,21,21,21,21,21,21,21,21,21
60504,1,1,0,0,0,0,0,0,0,0,0,0
60504,2,1,0,0,0,0,0,0,0,0,0,0
60505,1,1,13,13,13,13,13,13,13,13,13,13
60505,2,1,0,0,0,0,0,0,0,0,0,0
60505,3,1,0,15,0,0,16,0,0,0,0,0
60506,1,1,0,0,0,0,0,0,0,0,0,0
60506,2,1,0,0,0,0,0,0,0,0,0,0
60507,1,1,0,0,0,0,0,0,0,0,0,0
60508,1,1,26,26,26,26,26,26,26,26,26,26
60508,2,1,0,0,0,0,0,0,0,0,0,0
60509,1,1,0,0,0,0,0,0,0,0,0,0
60510,1,1,0,0,0,0,0,0,0,0,0,0
60510,2,1,0,0,0,0,0,0,0,0,0,0
60510,3,1,0,0,0,0,0,0,0,0,0,0
60511,1,1,9,9,9,9,9,9,9,9,9,9
60512,1,1,0,0,0,0,0,0,0,0,0,0
60513,1,1,0,0,0,0,0,0,0,0,0,0
60513,2,1,0,0,0,0,0,0,0,0,0,0
60513,3,1,0,0,0,0,0,0,0,0,0,0
60513,4,1,0,0,16,0,24,0,22,0,0,0
60514,1,1,0,0,23,0,8,0,0,0,0,0
60514,2,1,0,0,0,0,0,0,0,0,0,0
60515,1,1,0,0,0,0,0,0,0,0,0,0
60515,2,1,0,0,0,0,0,0,0,0,0,0
60516,1,1,0,0,0,0,0,0,0,0,0,0
60516,2,1,6,6,6,6,6,6,6,6,6,6
60517,0,1,0,0,0,0,0,0,0,0,0,0
60517,1,1,0,0,0,0,0,0,0,0,0,0
60518,1,1,9,17,14,37,18,5,19,23,10,10
60519,1,1,1,1,1,1,1,1,1,1,1,1
60519,2,1,0,0,0,0,0,0,0,0,0,0
60520,1,1,0,0,0,18,0,0,0,10,29,0
60521,1,1,0,0,0,0,0,0,0,0,0,0
60522,1,1,0,0,0,0,0,0,0,0,0,0
60523,1,1,0,0,0,0,0,0,0,0,0,0
60524,0,1,0,0,0,0,0,0,0,0,0,0
60524,1,1,0,0,0,0,0,0,0,0,0,0
60525,1,1,12,12,12,12,12,12,12,12,12,12
60525,2,1,0,0,0,22,0,14,0,11,0,0
60526,0,1,0,19,25,19,15,32,0,36,0,0
60526,1,1,0,0,0,0,0,0,0,0,0,0
60527,1,1,0,0,0,0,0,0,0,0,0,0
60528,1,1,0,0,0,0,0,0,0,0,0,0
60529,1,1,0,0,0,0,0,0,0,0,0,0
60529,2,1,0,0,0,0,0,0,0,0,0,0
60530,1,1,18,18,18,18,18,18,18,18,18,18
60530,2,1,0,0,0,0,0,0,0,0,0,0
60531,1,1,12,12,12,12,12,12,12,12,12,12
60531,2,1,0,0,0,0,0,0,0,0,0,0
60532,1,1,0,0,0,0,0,0,0,0,0,0
60532,2,1,0,0,0,0,0,0,0,0,0,0
60533,0,1,0,0,0,0,0,0,0,0,0,0
60533,1,1,0,0,0,0,0,0,0,0,0,0
60534,0,1,0,0,0,0,0,0,0,0,0,0
60534,1,1,0,0,0,0,0,0,0,0,0,0
60535,0,1,11,11,11,11,11,11,11,11,11,11
60535,1,1,0,0,0,0,0,0,0,0,0,0
60535,2,1,0,0,0,0,0,0,0,0,0,0
60536,0,1,0,0,0,0,0,0,0,0,0,0
60536,1,1,0,0,0,22,0,0,0,0,0,21
60537,1,1,19,19,19,19,19,19,19,19,19,19
60538,1,1,25,25,25,25,25,25,25,25,25,25
60539,0,1,0,0,0,0,0,0,0,0,0,0
60539,1,1,8,8,8,8,8,8,8,8,8,8
60540,1,1,24,24,24,24,24,24,24,24,24,24
60541,0,1,0,0,0,0,0,0,0,0,0,0
60541,1,1,0,0,0,0,0,0,0,0,0,0
60542,1,1,0,0,0,0,0,0,0,0,0,0
60543,0,1,0,0,0,0,0,0,0,0,0,0
60543,1,1,11,11,11,11,11,11,11,11,11,11
60544,0,1,27,18,8,11,11,18,8,38,20,14
60544,1,1,0,0,0,0,0,0,0,0,0,0
60545,0,1,0,0,0,0,0,0,0,0,0,0
60545,1,1,21,0,0,0,0,0,0,0,0,0
60546,1,1,0,0,0,0,0,0,0,0,0,0
60546,2,1,0,0,0,0,0,0,0,24,0,0
60547,0,1,0,0,0,0,0,0,0,0,0,0
60547,1,1,0,0,0,0,0,0,0,0,0,0
60548,1,1,0,0,0,0,0,0,0,0,0,0
60548,2,1,0,0,0,0,0,0,0,0,0,0