ST_CASE,VEH_NO,PER_NO,P1,P2,P3,P4,P5,P6,P7,P8,P9,P10
60549,0,1,16,17,29,0,0,0,0,0,0,0
60549,1,1,0,0,0,0,0,0,0,0,0,0
60550,0,1,0,0,0,0,0,0,0,0,0,0
60550,1,1,18,18,18,18,18,18,18,18,18,18
60551,0,1,25,25,25,25,25,25,25,25,25,25
60551,1,1,17,17,17,17,17,17,17,17,17,17
60552,0,1,0,0,0,0,0,0,0,0,0,0
60553,0,1,0,0,0,0,0,0,0,0,0,0
60553,1,1,0,0,0,0,0,0,0,0,0,0
60554,1,1,0,0,0,0,0,0,0,0,0,0
60554,2,1,0,0,0,0,0,0,0,0,0,0
60554,3,1,0,0,0,0,0,0,0,0,0,0
60555,0,1,0,0,0,0,0,0,0,0,0,0
60555,1,1,0,0,0,0,0,0,0,0,0,0
60556,1,1,20,20,20,20,20,20,20,20,20,20
60557,1,1,0,0,0,0,0,0,0,0,0,0
60558,1,1,0,0,0,0,0,0,0,0,0,0
60558,2,1,0,0,0,0,0,0,0,0,0,0
60559,1,1,9,9,9,9,9,9,9,9,9,9
60560,0,1,0,0,0,0,0,0,0,0,0,0
60560,1,1,0,0,0,0,0,0,0,0,0,0
60561,1,1,14,14,14,14,14,14,14,14,14,14
60561,2,1,0,0,0,0,0,0,0,0,0,0
60562,1,1,0,0,0,0,0,0,0,0,0,0
60562,2,1,0,0,0,0,0,0,0,0,0,0
60563,1,1,0,0,0,0,0,0,0,0,0,0
60563,2,1,0,0,0,0,0,0,0,0,0,0
60564,1,1,0,0,0,0,0,0,0,0,0,0
60565,0,1,3,3,3,3,3,3,3,3,3,3
60565,1,1,0,9,0,11,23,17,0,0,0,0
60566,1,1,0,0,0,0,0,0,0,0,0,0
60566,2,1,0,0,0,0,0,0,0,0,0,0
60566,3,1,0,0,0,0,0,0,0,0,0,0
60567,1,1,0,0,0,0,0,0,0,0,0,0
60568,0,1,0,0,0,0,0,0,0,0,0,0
60568,0,2,0,14,0,0,21,17,0,34,20,26
60568,1,1,0,0,0,0,0,0,0,0,0,0
60568,2,1,0,0,0,0,0,0,0,0,0,0
60569,1,1,0,0,0,0,0,0,0,20,0,0
60569,2,1,0,0,0,0,0,0,0,0,0,0
60570,1,1,10,0,17,0,25,0,0,0,0,0
60571,1,1,0,0,0,0,0,0,0,0,0,0
60572,1,1,0,0,0,0,0,0,0,0,0,0
60572,2,1,0,0,0,0,0,0,0,12,7,0
60573,1,1,16,16,16,16,16,16,16,16,16,16
60574,0,1,29,0,0,13,4,33,10,0,27,0
60574,1,1,0,0,0,3,0,0,0,0,0,0
60575,1,1,0,0,0,0,0,0,0,0,0,0
60576,1,1,0,0,0,0,0,0,0,0,0,0
60576,2,1,0,0,0,2,15,0,0,0,0,0
60576,3,1,0,0,0,0,24,0,0,0,0,14
60577,1,1,0,0,0,0,0,0,0,0,15,0
60578,0,1,0,0,0,0,0,0,0,0,0,0
60578,1,1,0,0,0,0,0,0,0,0,0,0
60579,1,1,0,0,0,0,0,0,0,0,0,0
60579,2,1,0,0,0,0,0,0,0,0,0,0
60580,0,1,24,24,24,24,24,24,24,24,24,24
60580,1,1,0,0,23,0,0,6,0,14,0,0
60580,2,1,0,0,0,0,0,0,0,0,0,0
60580,3,1,0,18,0,0,0,0,7,0,0,0
60581,0,1,29,29,29,29,29,29,29,29,29,29
60581,1,1,0,0,0,0,0,0,0,0,0,0
60581,2,1,0,15,0,0,0,0,0,30,0,0
60581,3,1,1,0,0,26,0,27,0,0,6,7
60582,1,1,0,0,0,0,0,0,0,0,0,0
60583,1,1,0,0,0,0,0,0,0,0,0,0
60584,1,1,0,0,0,0,0,0,0,0,0,0
60584,2,1,17,17,17,17,17,17,17,17,17,17
60585,0,1,0,0,0,0,0,0,0,0,0,0
60585,1,1,0,9,0,0,0,0,0,0,0,17
60586,0,1,20,20,20,20,20,20,20,20,20,20
60586,1,1,0,0,0,0,0,0,0,0,0,0
60587,1,1,0,0,0,0,0,0,0,0,0,0
60587,2,1,0,0,0,0,0,0,0,0,0,0
60588,1,1,18,0,0,0,16,0,28,0,0,0
60588,2,1,0,0,0,0,0,0,0,0,0,0
60589,0,1,0,0,0,0,0,0,0,0,0,0
60589,1,1,0,0,0,0,0,0,0,0,0,0
60590,1,1,0,0,0,0,0,0,0,0,0,0
60591,1,1,0,0,0,0,0,0,0,0,0,0
60592,1,1,0,0,0,0,0,0,0,18,11,30
60593,1,1,0,0,0,0,0,0,0,0,0,0
60594,1,1,0,0,0,0,0,0,0,0,0,0
60594,2,1,0,0,0,0,0,0,0,0,0,0
60595,1,1,0,0,0,0,0,0,0,0,0,0
60596,1,1,11,11,11,11,11,11,11,11,11,11
60597,1,1,0,0,0,0,0,0,0,0,0,0
60598,0,1,4,4,4,4,4,4,4,4,4,4
60598,1,1,0,0,0,0,0,0,0,0,0,0
60599,1,1,51,51,51,51,51,51,51,51,51,51
60600,1,1,0,0,0,0,0,0,0,0,0,0
60600,2,1,0,0,0,0,0,0,0,0,0,0
60601,1,1,0,0,0,0,0,0,0,0,0,0
60601,2,1,20,20,20,20,20,20,20,20,20,20
60602,1,1,0,0,0,0,0,0,0,0,0,0
60603,1,1,12,12,12,12,12,12,12,12,12,12
60604,1,1,0,0,0,0,0,0,0,0,0,0
60605,1,1,0,0,0,0,0,0,0,0,0,0
60606,1,1,0,0,0,0,0,0,0,0,0,0
60607,0,1,0,0,0,0,0,0,0,0,0,0
60607,1,1,5,5,5,5,5,5,5,5,5,5
60609,1,1,0,0,0,0,0,0,0,0,0,0
60610,1,1,16,16,16,16,16,16,16,16,16,16
60611,1,1,22,22,22,22,22,22,22,22,22,22
60612,1,1,0,0,0,0,0,0,0,0,0,0
60613,1,1,0,0,0,0,0,0,0,0,0,0
60613,2,1,0,0,0,0,0,0,0,0,0,0
60614,1,1,0,0,0,0,0,0,0,0,0,0
60615,1,1,0,0,0,0,0,0,0,0,0,0
60615,2,1,0,0,0,0,0,0,0,0,0,0
60616,1,1,0,0,0,0,0,0,0,0,0,0
60617,0,1,28,28,28,28,28,28,28,28,28,28
60617,1,1,0,0,0,0,0,0,0,0,0,0
60618,1,1,0,0,0,0,0,0,0,0,0,0
60618,2,1,0,0,0,0,0,0,0,0,0,0
60619,1,1,0,0,0,0,0,0,0,0,0,0
60619,2,1,0,0,0,0,0,0,0,0,0,0
60620,1,1,8,8,8,8,8,8,8,8,8,8
60620,2,1,0,0,0,0,0,0,0,0,0,0
60621,0,1,0,0,0,0,0,0,0,0,0,0
60621,1,1,0,0,0,0,0,0,0,0,0,0
60622,1,1,0,0,0,0,0,0,0,0,0,0
60622,2,1,0,0,0,0,0,0,0,0,0,0
60623,0,1,0,0,0,0,0,0,0,0,0,0
60623,1,1,0,0,0,0,0,0,0,0,0,0
60624,1,1,21,21,21,21,21,21,21,21,21,21
60625,1,1,0,0,0,0,0,0,0,8,0,40
60625,2,1,0,0,0,0,0,0,0,0,0,0
60626,1,1,26,26,26,26,26,26,26,26,26,26
60627,0,1,0,0,0,0,0,0,0,2,0,0
60627,1,1,0,0,0,0,0,0,0,0,0,0
60628,1,1,0,0,0,0,0,0,0,0,0,0
60629,1,1,0,0,0,0,0,0,0,0,0,0
60629,2,1,0,0,2,0,0,0,0,0,0,0
60630,1,1,0,0,0,0,0,0,0,0,0,0
60630,2,1,0,0,0,0,0,0,0,0,0,0
60631,1,1,0,0,0,0,0,0,0,0,0,0
60632,1,1,0,0,0,0,0,0,0,0,0,0
60633,0,1,0,0,0,0,0,0,0,0,0,0
60633,1,1,0,0,0,0,0,0,0,0,0,0
60634,1,1,12,12,12,12,12,12,12,12,12,12
60634,2,1,0,0,0,0,0,0,0,0,0,0
60635,1,1,0,0,0,0,0,0,0,0,0,0
60636,1,1,0,0,0,0,0,0,0,0,0,0
60636,2,1,0,0,0,0,0,0,0,0,0,0
60636,3,1,0,0,0,0,0,0,0,0,0,0
60637,1,1,0,0,0,0,0,0,0,0,0,0
60638,0,1,15,15,15,15,15,15,15,15,15,15
60638,1,1,0,0,0,0,0,0,0,0,0,0
60639,1,1,0,0,0,0,0,0,0,0,0,0
60639,2,1,0,0,0,0,0,0,0,0,0,0
60639,3,1,0,0,0,0,0,0,0,0,0,0
60640,1,1,16,16,16,16,16,16,16,16,16,16
60640,2,1,0,0,0,0,0,0,0,0,0,0
60641,1,1,0,0,14,34,21,0,0,0,0,0
60641,2,1,0,16,0,0,0,0,9,0,0,0
60642,0,1,34,34,34,34,34,34,34,34,34,34
60642,1,1,0,0,0,0,0,0,0,0,0,0
60643,0,1,0,0,0,0,0,0,0,0,0,0
60643,0,2,0,0,0,0,0,0,0,0,0,0
60643,0,3,0,0,0,0,0,0,0,0,0,0
60643,1,1,0,24,0,0,0,0,0,0,0,0
60644,1,1,16,16,16,16,16,16,16,16,16,16
60645,1,1,0,0,0,0,0,0,0,0,0,0
60645,2,1,0,0,0,0,0,0,0,0,0,0
60646,0,1,9,9,9,9,9,9,9,9,9,9
60646,1,1,0,0,0,0,0,0,0,0,0,0
60647,1,1,0,0,0,0,0,0,0,0,0,0
60647,2,1,0,0,0,0,0,0,0,0,0,0
60648,1,1,17,17,17,17,17,17,17,17,17,17
60649,1,1,0,0,0,0,0,0,0,0,0,0
60649,2,1,0,0,0,0,0,0,0,0,0,0
60650,0,1,0,0,0,0,0,0,0,0,0,0
60650,1,1,0,0,0,28,0,0,0,0,0,0
60651,1,1,21,21,21,21,21,21,21,21,21,21
60652,1,1,8,8,8,8,8,8,8,8,8,8
60652,2,1,0,0,0,0,0,0,0,0,0,0
60653,1,1,0,0,0,0,0,0,0,0,0,0
60653,2,1,0,0,0,0,0,0,0,0,0,0
60654,1,1,0,0,0,0,0,0,0,0,0,0
60654,2,1,0,0,0,0,0,0,0,0,0,0
60655,1,1,0,0,0,0,0,0,0,0,0,0
60656,1,1,0,0,0,0,0,0,0,0,0,0
60656,2,1,0,19,0,0,0,0,0,0,28,0
60657,1,1,7,7,7,7,7,7,7,7,7,7
60658,1,1,0,0,0,0,0,0,0,0,0,0
60658,2,1,0,0,0,0,0,0,0,9,0,0
60659,1,1,0,0,0,0,0,0,0,0,0,0
60659,2,1,0,0,0,0,0,0,0,0,0,0
60660,1,1,16,16,16,16,16,16,16,16,16,16
60661,0,1,0,4,0,0,18,0,0,0,0,19
60661,1,1,16,0,0,0,13,0,25,0,0,0
60662,1,1,0,0,0,0,0,0,0,0,0,0
60663,1,1,14,0,0,0,0,0,0,0,0,0
60664,1,1,17,17,17,17,17,17,17,17,17,17
60665,1,1,0,0,0,0,0,0,0,0,0,0
60665,2,1,0,0,0,0,0,0,0,0,0,0
60666,1,1,0,0,0,0,0,0,0,0,0,0
60666,2,1,0,0,0,0,0,0,0,0,0,0
60666,3,1,0,0,0,0,0,0,0,0,0,0
60667,1,1,0,0,0,0,0,0,0,0,0,0
60667,2,1,0,0,0,0,0,0,0,0,0,0
60668,1,1,0,0,17,0,0,0,15,0,0,0
60669,1,1,0,0,0,0,0,0,0,0,0,0
60669,2,1,0,0,0,0,0,0,0,0,0,0
60670,1,1,18,18,18,18,18,18,18,18,18,18
60670,2,1,0,0,0,0,11,0,2,0,0,0
60671,1,1,38,25,17,3,23,32,38,16,8,19
60671,2,1,0,0,0,0,0,0,0,0,0,0
60672,1,1,0,0,0,0,0,30,0,0,0,0
60672,2,1,0,0,0,0,0,0,0,0,0,0
60673,1,1,0,0,0,0,0,0,0,0,0,0
60673,2,1,0,0,0,0,0,0,0,0,0,0
60674,1,1,0,0,0,0,0,0,0,0,0,0
60674,2,1,0,0,0,0,0,0,0,0,0,0
60675,1,1,62,62,62,62,62,62,62,62,62,62
60676,1,1,27,27,27,27,27,27,27,27,27,27
60677,0,1,0,0,0,0,0,0,0,0,0,0
60677,1,1,0,0,0,0,0,0,0,0,0,0
60678,1,1,0,0,0,0,0,0,0,0,0,19
60678,2,1,0,0,0,0,0,0,0,0,0,0
60678,3,1,0,0,0,0,0,0,0,0,0,0
60679,0,1,24,24,24,24,24,24,24,24,24,24
60679,1,1,14,14,14,14,14,14,14,14,14,14
60680,1,1,0,9,0,0,0,0,0,0,0,0
60680,2,1,0,0,0,0,0,0,0,17,0,0
60681,0,1,0,0,0,0,0,0,0,0,0,0
60681,1,1,0,0,0,0,0,0,0,0,0,0
60682,1,1,0,0,0,0,0,0,0,0,0,0
60683,1,1,0,0,0,0,0,0,0,0,0,0
60683,2,1,0,0,0,0,0,0,0,0,0,0
60684,0,1,0,0,0,0,0,0,0,0,0,0
60684,1,1,0,0,0,0,0,0,0,0,0,0
60685,1,1,0,0,0,0,0,0,0,0,0,17
60686,1,1,0,0,0,0,0,0,0,0,0,0
60687,1,1,0,0,0,0,0,0,0,0,0,0
60687,2,1,0,0,0,0,0,0,0,0,0,0
60688,1,1,0,0,0,0,0,0,0,0,0,0
60688,2,1,0,0,0,0,0,0,0,0,0,0
60689,1,1,0,0,0,0,0,0,0,0,0,0
60690,1,1,0,0,0,0,0,0,0,0,0,0
60690,2,1,0,0,0,8,0,0,0,0,0,0
60691,1,1,0,0,4,0,0,0,0,0,0,0
60692,0,1,0,0,0,0,0,0,0,0,0,0
60692,1,1,0,0,5,0,0,0,0,0,36,0
60693,1,1,0,0,0,0,0,0,0,0,0,0
60693,2,1,6,6,6,6,6,6,6,6,6,6
60694,1,1,22,22,22,22,22,22,22,22,22,22
60694,2,1,0,0,0,0,0,0,0,0,0,0
60694,3,1,0,0,0,0,16,0,0,0,0,0
60694,4,1,0,0,0,0,17,0,0,0,0,0
60695,1,1,0,0,0,0,0,0,0,0,0,0
60696,1,1,0,0,0,0,0,0,0,0,0,0
60696,2,1,0,0,0,0,0,0,0,0,0,0
60697,1,1,0,0,0,0,0,0,0,0,0,0
60697,2,1,0,0,0,0,11,0,0,0,0,0
60698,1,1,3,3,3,3,3,3,3,3,3,3
60699,1,1,0,0,0,0,0,0,0,0,0,0
60699,2,1,0,0,0,0,0,0,0,0,0,0
60700,1,1,16,16,16,16,16,16,16,16,16,16
60701,1,1,0,0,0,0,0,0,0,0,0,0
60702,0,1,0,0,0,0,0,0,0,0,0,0
60702,0,2,18,9,23,0,14,15,0,0,0,0
60702,0,3,0,0,0,0,0,0,0,0,0,0
60702,1,1,0,0,0,0,0,0,0,0,0,0
60702,2,1,0,0,0,0,0,0,0,0,0,0
60703,1,1,0,0,0,0,2,0,0,0,0,0
60704,1,1,0,0,0,0,0,0,0,0,0,0
60704,2,1,13,0,0,0,0,0,0,34,0,0
60705,1,1,0,0,0,0,0,0,0,0,0,0
60705,2,1,0,0,0,0,0,0,0,0,0,0
60706,1,1,22,7,0,15,11,28,37,23,7,21
60706,2,1,0,0,0,0,0,0,0,0,0,0
60707,0,1,0,0,0,0,0,0,0,0,0,0
60707,1,1,0,0,0,0,0,0,22,0,0,0
60707,2,1,0,0,0,0,0,0,0,0,0,0
60708,1,1,18,18,18,18,18,18,18,18,18,18
60708,2,1,0,0,0,0,0,0,0,0,0,0
60709,1,1,5,0,0,0,0,0,0,0,0,0
60709,2,1,0,0,0,0,0,0,0,0,0,0
60710,0,1,19,19,19,19,19,19,19,19,19,19
60710,1,1,0,0,0,0,0,0,0,0,0,0
60710,2,1,0,24,0,0,0,0,0,0,0,0
60711,1,1,0,0,0,0,0,0,0,0,0,0
60711,2,1,0,0,0,0,0,0,0,0,0,0
60712,1,1,0,0,0,0,0,0,0,0,0,0
60713,1,1,0,0,0,0,0,0,0,0,0,0
60713,2,1,0,0,0,0,0,0,0,0,0,0
60714,0,1,18,18,18,18,18,18,18,18,18,18
60714,1,1,0,0,0,0,0,0,0,0,0,0
60715,1,1,0,0,0,0,0,0,0,0,0,0
60716,1,1,0,0,0,0,0,0,0,0,0,0
60716,2,1,0,0,0,0,0,0,0,0,0,0
60717,1,1,0,0,0,0,0,26,0,0,0,0
60717,2,1,0,0,0,0,0,0,0,0,0,0
60718,0,1,0,0,0,0,0,0,0,0,0,0
60718,1,1,8,0,0,0,10,17,0,0,0,0
60719,1,1,30,30,30,30,30,30,30,30,30,30
60720,1,1,13,13,13,13,13,13,13,13,13,13
60720,2,1,0,0,0,0,0,0,0,0,0,0
60721,1,1,0,0,0,0,0,0,0,0,0,0
60721,2,1,0,0,0,0,0,0,0,0,0,0
60722,1,1,17,0,0,0,0,0,0,0,0,0
60723,0,1,0,0,0,0,0,0,0,0,0,0
60723,1,1,0,0,0,0,0,0,0,0,0,0
60724,1,1,0,0,12,0,0,0,0,0,0,0
60724,2,1,0,0,0,0,0,0,0,0,0,0
60725,0,1,27,27,27,27,27,27,27,27,27,27
60725,1,1,0,0,0,0,0,0,0,0,0,0
60726,1,1,0,0,0,0,0,0,0,0,0,0
60727,1,1,0,0,0,0,0,0,0,0,0,0
60727,2,1,0,0,0,0,0,0,0,0,0,0
60728,0,1,0,0,0,0,0,0,0,0,0,0
60728,1,1,0,0,0,0,0,0,0,0,0,0
60729,1,1,0,0,0,0,0,0,0,0,0,0
60729,2,1,0,0,0,0,0,0,0,0,0,0
60730,0,1,39,39,39,39,39,39,39,39,39,39
60730,1,1,0,0,0,0,0,0,0,0,0,0
60731,0,1,0,0,0,0,0,0,0,0,0,0
60731,1,1,0,0,0,0,0,0,0,0,0,0
60732,1,1,2,2,2,2,2,2,2,2,2,2
60733,1,1,24,24,24,24,24,24,24,24,24,24
60734,1,1,0,0,0,0,0,0,0,0,0,0
60735,0,1,34,34,34,34,34,34,34,34,34,34
60735,1,1,0,0,0,0,0,0,0,0,0,0
60736,0,1,0,0,0,0,0,0,0,0,0,0
60736,1,1,0,0,0,0,10,13,25,15,0,0
60737,1,1,0,0,0,0,0,0,0,0,0,0
60738,1,1,0,0,0,0,0,0,4,2,9,0
60739,1,1,0,0,0,0,0,0,0,0,0,0
60741,1,1,0,0,0,0,0,0,0,0,0,0
60742,1,1,6,6,6,6,6,6,6,6,6,6
60743,1,1,0,0,0,0,0,0,0,0,0,0
60743,2,1,0,0,0,0,0,0,0,0,0,0
60744,1,1,0,0,0,0,0,0,0,0,0,0
60744,2,1,0,0,0,0,0,0,0,0,0,0
60745,1,1,17,17,17,17,17,17,17,17,17,17
60746,0,1,0,0,0,0,0,0,0,0,0,0
60746,1,1,4,0,0,0,0,0,8,0,0,0
60746,2,1,0,0,0,0,0,0,0,11,0,0
60748,0,1,0,0,0,0,0,0,0,0,0,0
60748,1,1,0,0,0,0,0,0,0,0,0,0
60749,1,1,0,0,0,0,0,0,0,0,0,0
60750,0,1,0,0,0,0,25,20,0,16,0,29
60750,1,1,0,0,0,0,4,0,15,12,48,0
60751,0,1,0,0,0,0,0,0,0,0,0,0
60751,1,1,0,9,14,0,0,0,19,0,23,5
60752,0,1,0,0,0,0,0,0,0,0,0,0
60752,1,1,0,0,0,0,28,0,0,17,24,0
60753,1,1,0,0,0,0,0,0,0,0,0,0
60753,2,1,0,0,0,0,0,0,0,0,0,0
60753,3,1,0,11,0,0,0,0,0,0,0,0
60754,1,1,21,21,21,21,21,21,21,21,21,21
60755,1,1,2,2,2,2,2,2,2,2,2,2
60756,0,1,20,20,20,20,20,20,20,20,20,20
60756,1,1,0,0,0,0,34,0,0,0,0,0
60757,1,1,36,36,36,36,36,36,36,36,36,36
60758,0,1,21,21,21,21,21,21,21,21,21,21
60758,1,1,12,30,0,8,18,0,0,0,0,18
60758,2,1,12,0,24,30,17,17,22,16,14,11
60759,1,1,0,0,0,0,0,0,0,0,0,0
60760,1,1,17,15,0,0,0,0,0,0,0,0
60761,1,1,0,0,0,0,0,0,0,0,0,0
60762,1,1,0,0,0,0,0,0,0,0,0,0
60763,0,1,0,0,0,0,0,0,0,0,0,0
60763,1,1,0,0,0,0,0,0,0,0,0,0
60764,1,1,0,0,0,0,0,0,0,0,0,0
60764,2,1,25,25,25,25,25,25,25,25,25,25
60765,0,1,0,0,0,0,0,0,0,0,0,0
60765,1,1,0,0,0,0,0,0,0,0,0,0
60765,2,1,0,0,0,0,0,0,0,0,0,0
60766,1,1,0,0,0,0,0,0,0,0,0,0
60767,1,1,25,25,25,25,25,25,25,25,25,25
60768,1,1,4,4,4,4,4,4,4,4,4,4
60768,2,1,0,0,0,0,0,0,0,0,0,0
60769,1,1,20,20,20,20,20,20,20,20,20,20
60770,0,1,7,7,7,7,7,7,7,7,7,7
60770,1,1,0,5,0,0,0,0,31,11,0,0
60771,0,1,0,0,0,0,0,0,0,0,0,0
60771,1,1,0,0,24,0,0,0,0,0,0,0
60772,1,1,0,0,0,0,0,0,0,0,0,0
60773,1,1,14,14,14,14,14,14,14,14,14,14
60773,2,1,0,23,0,11,0,0,8,14,15,20
60774,1,1,0,0,0,0,0,0,0,0,0,0
60774,2,1,0,0,0,0,0,0,0,0,0,0
60775,1,1,21,21,21,21,21,21,21,21,21,21
60776,1,1,0,0,0,0,0,0,0,0,0,0
60777,1,1,0,0,0,0,0,0,0,0,0,0
60777,2,1,0,0,0,0,0,0,0,0,24,0
60777,3,1,0,0,0,0,0,0,0,0,0,0
60778,1,1,22,22,22,22,22,22,22,22,22,22
60779,1,1,0,0,0,0,0,0,0,0,0,0
60779,2,1,0,0,0,0,0,0,0,0,0,0
60780,1,1,0,0,0,0,0,0,0,0,0,0
60780,2,1,0,0,0,0,0,0,0,0,0,0
60781,1,1,0,0,0,0,0,0,0,0,0,0
60781,2,1,0,0,0,0,0,0,0,0,0,0
60782,0,1,40,28,28,14,6,21,17,12,23,7
60782,1,1,0,0,0,0,0,0,0,0,0,0
60783,1,1,3,3,3,3,3,3,3,3,3,3
60783,2,1,0,0,0,0,0,0,0,0,0,0
60784,1,1,13,0,0,0,0,0,0,0,0,18
60785,1,1,0,0,0,0,0,0,0,0,0,0
60785,2,1,0,0,0,0,0,0,0,0,0,0
60786,1,1,4,4,4,4,4,4,4,4,4,4
60786,2,1,0,0,0,0,0,0,0,0,0,0
60787,1,1,0,0,0,0,0,0,0,0,0,0
60787,2,1,0,0,0,0,0,0,0,0,0,0
60788,1,1,21,21,21,21,21,21,21,21,21,21
60788,2,1,0,0,0,0,0,0,0,0,0,0
60789,1,1,0,0,0,0,0,0,0,0,0,0
60790,1,1,2,2,2,2,2,2,2,2,2,2
60791,1,1,0,0,0,15,0,0,3,0,0,0
60792,1,1,8,8,8,8,8,8,8,8,8,8
60792,2,1,0,0,0,0,0,0,0,0,0,0
60793,0,1,0,0,0,0,0,0,0,0,0,0
60793,1,1,0,0,0,0,0,0,0,0,0,0
60794,1,1,25,25,25,25,25,25,25,25,25,25
60795,1,1,23,23,23,23,23,23,23,23,23,23
60796,0,1,0,0,0,0,0,0,0,16,0,0
60796,1,1,0,0,0,0,0,0,0,0,0,0
60797,1,1,14,14,14,14,14,14,14,14,14,14
60798,0,1,17,17,17,17,17,17,17,17,17,17
60798,1,1,0,0,0,0,0,0,0,0,0,0
60799,1,1,20,20,20,20,20,20,20,20,20,20
60800,0,1,6,6,6,6,6,6,6,6,6,6
60800,1,1,13,15,12,6,19,18,26,26,17,17
60801,1,1,0,0,0,0,0,0,0,0,0,0
60802,1,1,0,0,0,0,0,0,0,0,0,0
60802,2,1,0,0,0,0,0,0,0,0,0,0
60803,1,1,0,0,0,0,0,0,0,0,0,0
60804,1,1,0,0,0,0,0,0,0,0,0,0
60805,1,1,32,32,32,32,32,32,32,32,32,32
60806,1,1,0,0,0,0,0,0,0,13,10,0
60806,2,1,0,0,0,0,0,0,0,0,0,0
60807,1,1,16,16,16,16,16,16,16,16,16,16
60808,1,1,0,0,0,0,0,0,0,0,0,0
60808,2,1,0,0,0,0,0,0,0,0,0,0
60809,1,1,0,0,0,0,0,0,0,0,0,0
60810,1,1,21,21,21,21,21,21,21,21,21,21
60811,0,1,0,0,0,0,0,0,0,0,0,0
60811,1,1,0,0,0,0,0,0,0,0,0,0
60812,1,1,0,0,0,0,0,0,0,0,0,0
60812,2,1,0,0,0,0,0,0,0,0,0,0
60813,1,1,0,0,0,0,0,0,0,0,0,0
60814,1,1,11,11,11,11,11,11,11,11,11,11
60815,0,1,0,0,0,0,0,0,0,0,0,0
60815,1,1,0,0,0,0,0,0,0,0,0,0
60816,1,1,0,0,0,0,0,0,0,0,0,0
60817,1,1,0,0,0,0,0,0,0,0,0,0
60818,1,1,0,0,0,0,0,0,0,0,0,0
60819,0,1,25,25,25,25,25,25,25,25,25,25
60819,1,1,0,31,6,0,0,0,11,13,18,0
60820,1,1,0,0,0,0,0,0,0,0,0,0
60820,2,1,0,0,0,0,0,0,0,0,0,0
60821,1,1,12,12,12,12,12,12,12,12,12,12
60822,1,1,16,16,16,16,16,16,16,16,16,16
60823,0,1,28,28,28,28,28,28,28,28,28,28
60823,1,1,0,24,0,16,0,0,0,25,16,0
60824,1,1,15,15,15,15,15,15,15,15,15,15
60824,2,1,0,0,0,0,0,0,0,0,0,0
60825,1,1,0,0,0,0,0,0,0,0,0,0
60825,2,1,0,0,0,0,0,0,0,0,0,0
60826,1,1,20,20,20,20,20,20,20,20,20,20
60826,2,1,0,0,0,0,0,0,0,0,0,0
60827,0,1,0,0,0,0,0,0,0,0,0,0
60827,1,1,20,10,0,0,23,0,37,0,0,0
60828,1,1,0,0,0,0,0,0,0,0,0,0
60828,2,1,0,0,0,0,0,0,0,0,0,0
60829,1,1,28,28,28,28,28,28,28,28,28,28
60830,1,1,26,26,26,26,26,26,26,26,26,26
60831,1,1,0,0,0,0,0,0,0,0,0,0
60833,0,1,0,0,0,0,0,0,0,0,0,0
60833,1,1,0,0,0,0,0,0,0,0,4,2
60833,2,1,0,0,0,0,0,0,0,0,0,0
60833,3,1,0,0,0,0,0,16,0,0,0,0
60834,1,1,5,5,5,5,5,5,5,5,5,5
60835,1,1,0,0,0,0,0,0,0,0,0,0
60836,1,1,0,0,0,0,0,0,0,0,0,0
60837,1,1,16,16,16,16,16,16,16,16,16,16
60838,1,1,0,0,0,0,0,0,0,0,0,0
60839,1,1,0,0,0,0,0,0,0,0,0,0
60839,2,1,0,0,0,0,0,0,0,0,0,0
60840,0,1,0,0,0,0,0,0,0,0,0,0
60840,1,1,0,7,0,0,0,0,0,0,0,0
60841,0,1,0,0,0,0,0,0,0,0,0,0