ST_CASE,VEH_NO,PER_NO,P1,P2,P3,P4,P5,P6,P7,P8,P9,P10
60841,1,1,0,0,0,0,0,0,0,0,0,0
60843,1,1,0,0,0,0,0,0,0,0,0,0
60843,2,1,0,0,0,0,0,0,0,0,0,0
60844,1,1,0,0,0,0,0,0,0,0,0,0
60845,0,1,0,0,0,0,0,0,0,0,0,0
60845,1,1,0,0,0,0,0,0,0,0,0,0
60846,1,1,17,17,17,17,17,17,17,17,17,17
60846,2,1,0,0,0,0,0,0,0,0,0,0
60847,0,1,0,0,0,0,0,0,0,0,0,0
60847,1,1,0,0,0,0,0,0,0,0,0,0
60848,1,1,27,27,27,27,27,27,27,27,27,27
60848,2,1,0,0,0,0,17,0,15,0,0,0
60849,1,1,0,0,0,0,0,0,0,0,0,0
60849,2,1,0,0,0,0,0,0,0,0,0,0
60849,3,1,0,0,0,0,0,0,0,0,0,0
60849,4,1,0,0,0,0,0,0,0,0,0,0
60849,5,1,0,0,0,0,0,0,0,0,0,0
60850,0,1,0,0,0,0,0,0,0,0,0,0
60850,1,1,0,0,0,0,0,0,0,0,0,0
60851,1,1,25,25,25,25,25,25,25,25,25,25
60852,1,1,26,28,16,0,16,18,12,21,0,0
60853,1,1,19,19,19,19,19,19,19,19,19,19
60854,1,1,0,0,0,0,0,0,0,15,0,0
60855,1,1,0,0,0,11,0,0,0,0,0,0
60855,2,1,0,0,0,0,0,0,0,0,0,0
60855,3,1,0,0,0,0,0,0,0,0,0,0
60856,0,1,27,27,27,27,27,27,27,27,27,27
60856,1,1,0,0,0,0,0,12,14,13,0,0
60857,0,1,0,0,0,0,0,0,0,0,0,0
60857,1,1,0,0,0,0,0,0,17,0,0,0
60858,0,1,0,0,0,0,0,0,0,0,0,0
60858,1,1,0,0,0,0,0,0,0,0,0,0
60859,1,1,18,18,18,18,18,18,18,18,18,18
60860,1,1,14,14,14,14,14,14,14,14,14,14
60861,0,1,0,0,0,0,0,0,0,0,0,0
60861,1,1,0,0,0,0,0,0,0,0,0,0
60862,0,1,21,21,21,21,21,21,21,21,21,21
60862,1,1,0,0,0,0,0,0,0,0,0,0
60863,0,1,0,0,0,0,0,0,0,0,0,0
60863,1,1,0,0,0,0,0,0,0,0,0,0
60864,1,1,0,0,0,0,0,0,0,0,0,0
60865,1,1,0,0,0,0,0,0,0,0,0,0
60865,2,1,0,0,0,0,0,0,0,0,0,0
60866,1,1,0,0,0,0,0,0,0,0,0,0
60867,1,1,0,0,0,0,0,0,0,0,0,0
60867,2,1,0,0,0,0,0,0,0,0,0,0
60868,0,1,24,22,12,12,13,0,0,0,24,29
60868,1,1,0,0,0,0,0,0,0,0,0,0
60869,0,1,0,0,0,0,0,0,0,0,0,0
60869,1,1,0,0,0,0,0,0,0,0,0,0
60870,1,1,17,17,17,17,17,17,17,17,17,17
60871,0,1,0,0,0,0,0,0,0,0,0,0
60871,1,1,0,0,0,0,0,0,0,0,0,0
60872,1,1,0,0,0,0,0,0,0,0,0,0
60873,0,1,0,0,0,0,0,0,0,0,0,0
60873,1,1,0,0,0,0,0,0,0,0,0,0
60874,1,1,0,0,0,0,0,0,5,21,0,0
60874,2,1,8,8,8,8,8,8,8,8,8,8
60875,1,1,11,25,15,34,15,18,12,18,9,0
60876,1,1,0,0,0,0,0,0,0,0,0,0
60876,2,1,0,0,0,0,0,0,0,0,0,0
60877,0,1,0,0,0,0,0,0,0,0,0,0
60877,1,1,0,0,0,0,0,0,28,0,0,0
60878,1,1,0,0,0,0,0,0,0,0,0,0
60878,2,1,0,0,0,0,0,0,0,0,0,0
60879,0,1,9,9,9,9,9,9,9,9,9,9
60879,0,2,0,0,0,0,0,0,0,0,0,0
60879,1,1,0,0,0,0,0,0,0,0,0,0
60880,1,1,22,22,22,22,22,22,22,22,22,22
60881,1,1,0,0,0,0,0,0,0,0,0,0
60882,1,1,20,20,20,20,20,20,20,20,20,20
60882,2,1,0,0,0,0,0,0,0,0,0,0
60882,3,1,0,0,0,0,0,0,0,0,0,0
60883,1,1,0,0,0,0,0,0,0,0,0,0
60883,2,1,0,0,0,0,0,0,0,0,0,0
60884,1,1,0,0,0,0,0,0,0,0,0,0
60884,2,1,0,0,0,0,0,0,0,0,0,0
60885,1,1,0,0,0,0,0,0,0,0,0,0
60886,1,1,0,0,0,0,0,0,0,0,0,0
60886,2,1,0,0,0,0,0,0,0,0,0,0
60887,1,1,32,29,9,28,0,7,27,11,19,15
60887,2,1,0,0,0,0,0,0,0,0,0,0
60888,1,1,0,0,0,0,0,0,0,0,0,0
60889,1,1,24,24,24,24,24,24,24,24,24,24
60890,0,1,0,0,0,0,0,0,0,0,0,0
60890,1,1,0,0,0,0,0,0,0,0,0,0
60891,1,1,0,0,0,0,0,0,0,0,0,0
60892,1,1,0,0,0,0,0,0,0,0,0,0
60892,2,1,0,0,0,0,0,0,0,0,0,7
60893,1,1,23,23,23,23,23,23,23,23,23,23
60894,1,1,20,20,20,20,20,20,20,20,20,20
60894,2,1,0,0,0,0,0,0,0,0,0,0
60895,1,1,0,0,0,0,0,0,0,0,0,0
60895,2,1,0,0,0,0,0,0,0,0,0,0
60896,1,1,14,14,14,14,14,14,14,14,14,14
60897,1,1,0,0,0,0,0,0,0,0,0,0
60897,2,1,0,0,0,0,0,0,0,0,0,0
60898,1,1,0,0,0,0,0,0,0,0,0,0
60899,1,1,0,0,0,0,0,0,0,0,0,0
60899,2,1,0,0,0,0,0,0,0,0,0,0
60899,3,1,0,0,0,0,0,0,0,0,0,0
60900,1,1,0,15,18,10,20,16,16,15,0,16
60900,2,1,0,0,0,0,0,0,0,0,15,0
60901,1,1,0,0,0,0,0,0,0,0,0,0
60901,2,1,0,0,0,0,0,0,0,0,0,0
60901,3,1,0,0,0,0,0,0,0,0,0,0
60902,1,1,0,0,0,0,0,0,0,0,0,0
60903,1,1,0,0,0,0,0,0,0,0,0,0
60903,2,1,0,0,0,0,0,0,0,0,0,0
60904,1,1,19,19,19,19,19,19,19,19,19,19
60905,1,1,0,0,0,0,0,0,0,0,0,0
60905,2,1,0,0,0,0,0,0,0,0,0,0
60906,1,1,0,0,0,0,0,0,0,0,0,0
60907,1,1,0,28,0,0,0,0,0,0,0,0
60907,2,1,0,0,0,0,0,0,0,0,0,0
60908,0,1,3,3,3,3,3,3,3,3,3,3
60908,1,1,0,17,0,0,0,0,0,0,0,0
60909,1,1,15,15,15,15,15,15,15,15,15,15
60910,1,1,15,15,15,15,15,15,15,15,15,15
60910,2,1,0,0,0,0,0,0,0,0,0,0
60911,0,1,0,0,0,0,0,0,0,0,0,0
60911,1,1,0,0,0,0,4,0,0,0,11,0
60912,1,1,0,0,0,0,0,0,0,0,0,0
60912,2,1,0,0,0,0,0,0,0,0,0,0
60912,3,1,0,0,0,0,0,0,0,0,0,0
60913,1,1,0,0,0,0,0,0,0,0,0,0
60914,1,1,28,28,28,28,28,28,28,28,28,28
60915,1,1,18,18,18,18,18,18,18,18,18,18
60916,1,1,15,15,15,15,15,15,15,15,15,15
60917,1,1,19,19,19,19,19,19,19,19,19,19
60918,0,1,26,26,26,26,26,26,26,26,26,26
60918,1,1,0,0,0,0,0,0,0,0,0,0
60919,1,1,20,20,20,20,20,20,20,20,20,20
60920,1,1,15,15,15,15,15,15,15,15,15,15
60921,0,1,0,0,0,0,0,0,0,0,0,0
60921,1,1,0,0,0,0,0,0,0,0,0,0
60922,1,1,0,0,0,0,0,0,0,0,0,0
60923,0,1,0,0,0,0,0,0,0,0,0,0
60923,2,1,0,0,0,0,0,0,0,0,0,0
60923,3,1,0,0,0,0,0,0,0,0,0,0
60924,0,1,0,0,0,0,0,0,0,0,0,0
60924,1,1,0,13,0,0,0,0,0,0,8,0
60925,1,1,0,0,0,0,0,0,0,0,0,0
60926,1,1,0,0,0,0,22,40,0,0,0,0
60926,2,1,0,0,0,0,16,0,0,0,0,0
60926,3,1,0,0,0,0,0,0,0,0,0,0
60926,4,1,0,0,0,0,0,0,0,18,0,0
60927,1,1,0,0,0,0,0,0,0,0,0,0
60927,2,1,0,0,0,0,0,0,0,0,0,0
60928,1,1,0,0,0,0,0,0,0,0,0,0
60928,2,1,0,0,0,0,0,0,0,0,0,0
60929,0,1,0,32,10,9,0,16,13,18,27,0
60929,1,1,0,0,0,0,0,5,0,0,0,0
60930,0,1,0,0,0,0,0,0,0,0,0,0
60930,1,1,17,6,2,9,20,4,7,20,9,12
60931,1,1,0,0,0,0,0,0,0,0,0,0
60931,2,1,0,0,0,0,0,0,0,0,0,0
60931,3,1,0,0,0,0,0,0,0,0,0,0
60932,1,1,15,15,15,15,15,15,15,15,15,15
60933,1,1,12,12,12,12,12,12,12,12,12,12
60934,1,1,0,0,0,0,0,0,0,0,0,0
60935,1,1,7,0,0,0,0,0,0,0,0,0
60935,2,1,0,0,0,0,0,0,0,0,0,0
60936,1,1,0,0,0,0,0,0,0,0,0,0
60937,0,1,0,0,0,0,0,0,0,0,0,0
60937,1,1,0,0,0,0,31,0,0,0,0,0
60938,1,1,0,0,0,0,0,0,0,0,0,0
60939,0,1,0,0,0,0,0,0,0,0,20,0
60939,1,1,0,11,0,0,31,0,19,0,35,0
60940,1,1,24,24,24,24,24,24,24,24,24,24
60940,2,1,0,0,0,0,0,0,0,6,0,0
60941,1,1,16,16,16,16,16,16,16,16,16,16
60942,1,1,14,14,14,14,14,14,14,14,14,14
60943,1,1,0,0,0,0,0,0,0,0,0,0
60944,1,1,18,18,18,18,18,18,18,18,18,18
60945,1,1,27,27,27,27,27,27,27,27,27,27
60945,2,1,0,0,0,0,0,0,0,0,0,0
60946,1,1,21,21,21,21,21,21,21,21,21,21
60946,2,1,0,0,0,0,0,0,0,0,0,0
60947,0,1,0,0,0,0,0,0,0,0,0,0
60947,0,2,0,0,17,0,0,0,0,0,0,0
60947,1,1,25,25,25,25,25,25,25,25,25,25
60948,0,1,20,20,20,20,20,20,20,20,20,20
60948,1,1,0,0,0,19,0,0,0,14,0,0
60949,1,1,14,14,14,14,14,14,14,14,14,14
60950,1,1,0,0,0,0,0,0,0,0,0,0
60951,1,1,0,0,0,0,0,0,0,0,0,0
60952,1,1,11,11,11,11,11,11,11,11,11,11
60953,1,1,0,0,0,0,0,0,0,0,0,0
60953,2,1,0,0,0,0,0,0,0,0,0,0
60953,3,1,0,0,0,0,0,0,0,0,0,0
60954,1,1,5,5,5,5,5,5,5,5,5,5
60955,1,1,0,0,0,0,0,0,0,0,0,0
60956,1,1,0,0,0,0,0,0,0,0,0,0
60957,1,1,25,25,25,25,25,25,25,25,25,25
60957,2,1,0,0,0,0,0,0,0,0,0,0
60958,1,1,0,0,0,0,0,0,0,0,0,0
60958,2,1,0,0,0,0,0,0,0,0,0,0
60959,1,1,18,18,18,18,18,18,18,18,18,18
60960,0,1,0,0,0,0,0,0,0,0,0,0
60960,0,2,13,0,0,8,11,9,0,17,0,0
60960,1,1,8,8,8,8,8,8,8,8,8,8
60961,1,1,0,0,0,0,0,0,0,0,0,0
60962,1,1,0,0,0,0,0,0,0,0,0,0
60963,1,1,0,0,0,0,0,0,0,0,0,0
60963,2,1,0,0,0,0,0,0,0,0,0,0
60964,0,1,0,0,0,0,0,0,0,0,0,0
60964,1,1,30,20,0,11,29,19,7,7,11,15
60965,1,1,0,0,0,0,0,0,0,0,0,0
60966,1,1,0,6,0,0,0,0,0,8,0,0
60967,1,1,0,0,0,0,0,0,0,0,0,0
60967,2,1,0,0,0,0,0,0,0,0,0,18
60968,1,1,13,0,0,0,0,0,0,0,0,0
60968,2,1,0,0,6,0,11,0,11,7,0,0
60969,1,1,0,0,0,0,0,0,0,0,0,0
60969,2,1,0,0,0,0,0,0,0,0,0,0
60970,1,1,19,19,19,19,19,19,19,19,19,19
60971,1,1,0,0,0,0,0,0,0,0,0,0
60971,2,1,0,0,0,0,0,0,0,0,0,7
60972,1,1,19,19,19,19,19,19,19,19,19,19
60973,1,1,27,27,27,27,27,27,27,27,27,27
60974,1,1,0,0,0,0,0,0,0,0,0,0
60975,0,1,0,0,0,0,0,0,0,0,0,0
60975,1,1,0,22,0,0,18,0,0,0,0,0
60976,1,1,0,0,0,0,0,0,0,0,0,0
60976,2,1,0,0,0,0,0,0,0,0,0,0
60977,0,1,28,28,28,28,28,28,28,28,28,28
60977,1,1,0,21,0,27,0,0,8,0,14,0
60978,1,1,23,23,23,23,23,23,23,23,23,23
60978,2,1,0,0,0,0,0,0,0,0,0,0
60979,0,1,0,0,0,0,0,0,0,0,0,0
60979,1,1,0,0,0,0,0,12,0,0,0,0
60979,2,1,15,0,0,0,0,0,0,0,0,0
60980,1,1,0,0,0,0,0,0,0,0,0,0
60981,0,1,0,0,0,0,0,0,0,0,0,0
60982,1,1,17,17,17,17,17,17,17,17,17,17
60982,2,1,0,0,0,0,0,0,0,0,0,0
60983,0,1,0,0,0,0,0,0,0,0,0,0
60983,1,1,0,0,0,0,0,0,0,0,0,0
60984,1,1,21,21,21,21,21,21,21,21,21,21
60984,2,1,0,0,0,0,0,0,0,0,0,0
60985,2,1,13,0,0,0,0,19,0,0,0,0
60986,1,1,19,0,0,0,0,0,0,0,0,0
60987,0,1,15,15,15,15,15,15,15,15,15,15
60987,1,1,9,0,0,0,0,0,0,0,0,0
60988,0,1,0,0,0,0,0,0,0,0,0,0
60988,1,1,0,0,0,0,0,0,0,0,0,0
60989,1,1,0,0,0,0,0,0,0,0,0,0
60989,2,1,0,0,0,0,0,0,0,0,0,0
60990,1,1,0,0,0,0,0,0,0,0,0,0
60991,1,1,0,0,0,0,0,0,0,0,0,0
60992,0,1,0,0,0,0,0,0,0,0,0,0
60992,1,1,0,0,0,0,0,0,0,0,0,0
60993,1,1,19,19,19,19,19,19,19,19,19,19
60994,1,1,0,0,0,0,0,0,0,0,0,0
60995,1,1,5,5,5,5,5,5,5,5,5,5
60995,3,1,0,0,0,0,0,0,0,0,0,0
60995,4,1,0,0,0,0,0,0,0,0,0,0
60996,0,1,0,0,0,0,0,0,0,0,0,0
60996,1,1,0,0,0,0,25,0,0,0,0,0
60997,1,1,16,16,16,16,16,16,16,16,16,16
60997,2,1,18,18,18,18,18,18,18,18,18,18
60998,1,1,0,0,0,0,0,0,0,0,0,0
60998,2,1,0,0,0,0,0,0,0,0,0,0
60999,1,1,0,0,0,0,0,0,0,0,0,0
60999,2,1,0,0,0,0,0,0,0,0,0,0
61000,1,1,0,0,0,0,0,0,0,0,0,0
61001,1,1,0,0,0,0,0,0,0,0,0,0
61001,2,1,0,0,0,0,0,0,0,0,0,0
61002,1,1,0,0,0,0,0,0,0,0,0,0
61002,2,1,0,0,0,0,0,0,0,0,0,0
61003,0,1,0,0,0,0,0,0,0,13,0,0
61003,1,1,0,0,0,0,0,0,0,0,8,0
61004,1,1,0,0,0,0,0,0,0,0,0,0
61004,2,1,0,0,0,0,0,0,0,0,0,0
61005,1,1,28,28,28,28,28,28,28,28,28,28
61006,1,1,0,0,0,0,0,0,0,0,0,0
61007,0,1,0,0,0,0,0,0,0,0,0,0
61007,1,1,0,0,0,0,0,0,0,0,0,0
61008,1,1,0,0,0,0,0,0,0,0,0,0
61008,2,1,0,0,0,0,0,0,0,0,0,0
61009,1,1,15,15,15,15,15,15,15,15,15,15
61010,1,1,0,0,0,0,0,0,0,0,0,0
61011,1,1,0,0,0,2,0,0,0,0,0,0
61011,2,1,0,0,0,0,0,0,0,0,0,0
61012,1,1,0,0,0,0,0,0,0,0,0,0
61013,1,1,0,0,0,0,0,0,0,0,0,0
61014,1,1,0,0,0,0,0,0,0,0,0,0
61015,1,1,0,0,0,0,0,0,0,0,0,0
61015,2,1,0,0,0,0,0,0,0,0,0,0
61016,0,1,0,0,0,0,0,0,0,0,0,0
61016,0,2,0,0,0,0,0,0,0,0,0,0
61016,1,1,0,0,0,0,0,0,0,0,0,16
61017,1,1,0,0,0,0,0,0,0,0,0,0
61018,1,1,0,0,0,0,0,0,0,0,0,0
61018,2,1,0,0,0,0,0,0,0,0,0,0
61019,1,1,0,0,0,0,0,0,0,0,0,0
61020,1,1,0,0,0,0,0,0,0,0,0,0
61021,0,1,24,24,24,24,24,24,24,24,24,24
61021,1,1,0,0,0,0,0,0,0,0,0,0
61022,1,1,0,0,0,0,0,0,0,0,0,0
61023,0,1,0,0,0,0,0,0,0,0,0,0
61023,1,1,15,15,15,15,15,15,15,15,15,15
61024,1,1,0,0,0,0,5,22,0,9,7,15
61025,1,1,28,28,28,28,28,28,28,28,28,28
61025,2,1,0,0,0,0,0,0,0,0,0,0
61026,1,1,0,0,0,17,0,14,0,0,0,0
61026,2,1,0,0,0,0,0,0,0,0,0,0
61027,1,1,0,0,0,0,0,0,0,0,0,0
61027,2,1,0,0,0,0,0,0,0,0,0,0
61028,0,1,0,0,0,0,0,0,0,0,0,0
61028,1,1,14,14,14,14,14,14,14,14,14,14
61029,1,1,0,0,0,0,0,0,0,0,0,0
61029,2,1,0,0,0,0,0,0,0,0,0,0
61030,1,1,9,9,9,9,9,9,9,9,9,9
61031,1,1,18,18,18,18,18,18,18,18,18,18
61032,0,1,0,0,0,0,0,0,0,0,0,0
61032,1,1,0,19,18,0,0,21,0,0,0,0
61033,1,1,13,13,13,13,13,13,13,13,13,13
61033,2,1,0,0,0,0,0,0,0,0,0,0
61033,3,1,0,0,0,0,0,0,0,0,0,0
61034,1,1,35,35,35,35,35,35,35,35,35,35
61035,0,1,0,0,0,0,0,0,0,0,0,0
61035,0,2,0,0,0,0,10,0,18,0,20,0
61035,0,3,0,0,0,0,0,0,0,0,0,0
61035,1,1,24,24,24,24,24,24,24,24,24,24
61036,0,1,0,0,0,0,0,0,0,0,0,0
61036,1,1,0,9,0,0,0,0,0,0,0,0
61037,1,1,0,0,0,0,0,0,0,21,0,19
61038,1,1,0,0,0,0,0,0,0,0,0,0
61039,1,1,32,32,32,32,32,32,32,32,32,32
61039,2,1,0,0,24,0,0,0,0,0,0,0
61040,1,1,20,20,20,20,20,20,20,20,20,20
61041,1,1,20,20,20,20,20,20,20,20,20,20
61042,1,1,0,0,0,0,0,0,0,0,0,0
61043,1,1,0,0,0,0,0,0,0,0,0,0
61044,1,1,0,0,0,0,0,0,0,0,0,0
61045,1,1,0,0,0,0,0,0,0,0,0,0
61045,2,1,0,0,0,0,0,0,0,0,0,0
61046,1,1,0,0,0,5,0,0,0,22,0,0
61047,0,1,0,0,0,0,0,0,0,0,0,0
61047,1,1,0,0,0,0,0,0,0,0,0,0
61048,1,1,0,0,0,0,0,0,0,0,0,0
61048,2,1,0,0,0,0,0,0,0,0,0,0
61049,0,1,0,0,0,0,0,0,0,0,0,0
61049,1,1,0,0,0,0,0,0,0,0,0,0
61050,0,1,11,21,0,0,0,0,0,0,2,0
61050,1,1,20,20,20,20,20,20,20,20,20,20
61051,0,1,0,0,0,0,0,0,0,0,0,0
61051,1,1,0,0,0,0,0,0,0,0,0,0
61052,1,1,0,0,0,0,0,0,0,0,0,0
61052,2,1,0,0,0,0,0,0,0,0,0,0
61053,1,1,23,23,23,23,23,23,23,23,23,23
61053,2,1,0,25,0,0,0,0,0,0,0,0
61053,3,1,0,0,0,0,0,0,0,0,0,0
61054,1,1,0,0,0,0,0,0,0,0,0,0
61055,1,1,0,0,0,0,0,0,0,0,0,0
61056,1,1,0,0,0,0,0,0,0,0,0,0
61056,2,1,0,0,0,0,0,0,0,0,0,0
61056,3,1,0,0,0,0,0,0,0,0,0,0
61057,1,1,30,30,30,30,30,30,30,30,30,30
61058,1,1,26,26,26,26,26,26,26,26,26,26
61058,2,1,0,0,0,0,0,0,0,0,0,0
61059,1,1,0,0,0,0,0,0,0,0,18,0
61059,2,1,0,0,0,0,0,0,0,0,0,0
61060,1,1,19,19,19,19,19,19,19,19,19,19
61061,0,1,0,0,0,0,0,0,0,0,0,0
61061,1,1,5,5,5,5,5,5,5,5,5,5
61062,1,1,6,6,6,6,6,6,6,6,6,6
61062,2,1,0,0,0,0,4,0,0,0,0,0
61063,1,1,0,0,0,0,0,0,0,0,0,0
61063,2,1,0,0,0,0,0,0,0,0,0,0
61063,3,1,0,0,0,0,0,0,0,0,0,0
61063,4,1,0,0,0,0,0,0,0,0,0,0
61063,5,1,0,0,0,0,0,0,0,0,0,0
61064,1,1,0,0,0,0,0,0,0,0,0,0
61065,1,1,24,24,24,24,24,24,24,24,24,24
61066,1,1,34,0,23,27,0,0,0,0,0,14
61067,0,1,23,10,25,0,21,27,29,9,9,21
61067,1,1,0,0,0,0,0,0,0,0,18,0
61068,1,1,0,0,0,0,0,0,0,0,0,0
61069,1,1,0,0,0,0,0,0,0,0,0,0
61070,1,1,13,13,13,13,13,13,13,13,13,13
61070,2,1,0,0,0,0,0,0,0,0,0,0
61071,0,1,0,0,0,0,0,0,0,0,0,0
61072,1,1,0,0,0,0,0,0,0,0,0,0
61073,0,1,0,0,0,0,0,0,0,0,0,0
61074,1,1,31,31,31,31,31,31,31,31,31,31
61074,2,1,0,0,0,2,0,0,0,0,0,0
61075,1,1,0,0,0,0,0,0,0,0,0,0
61076,1,1,22,22,22,22,22,22,22,22,22,22
61077,1,1,17,17,17,17,17,17,17,17,17,17
61078,1,1,11,11,11,11,11,11,11,11,11,11
61078,2,1,0,0,0,0,0,0,0,0,0,0
61079,1,1,15,15,15,15,15,15,15,15,15,15
61080,0,1,0,0,0,0,0,0,0,0,0,0
61080,1,1,0,0,0,0,0,0,0,0,0,0
61081,1,1,0,0,0,0,0,0,0,0,0,0
61081,2,1,0,0,0,0,9,0,0,0,0,0
61082,0,1,0,0,0,0,0,0,0,0,0,0
61082,1,1,0,0,0,0,0,0,0,0,0,0
61083,1,1,0,0,0,0,0,0,0,0,0,0
61084,1,1,20,20,20,20,20,20,20,20,20,20
61085,1,1,0,0,0,0,0,0,0,0,0,0
61086,0,1,0,0,0,0,0,0,0,0,0,0
61086,1,1,0,0,0,0,0,0,0,0,0,0
61087,1,1,0,0,0,0,0,0,0,0,0,6
61088,1,1,19,19,19,19,19,19,19,19,19,19
61089,1,1,19,0,0,15,0,0,0,0,0,0
61090,1,1,11,11,11,11,11,11,11,11,11,11
61091,1,1,8,8,8,8,8,8,8,8,8,8
61092,1,1,0,0,0,0,0,0,0,0,0,0
61092,2,1,0,0,0,0,0,0,0,0,0,0
61093,1,1,0,0,0,0,0,0,0,0,0,0
61094,1,1,0,0,0,0,0,0,0,0,0,0
61095,1,1,0,0,0,0,0,0,0,0,0,0
61096,1,1,0,0,0,0,0,0,0,0,0,0
61096,2,1,0,0,0,0,0,0,0,0,0,0
61096,3,1,0,0,0,0,0,0,0,0,0,0
61097,1,1,0,0,0,0,0,0,0,0,0,0
61097,2,1,0,0,0,14,10,0,0,0,0,21
61098,1,1,0,19,0,0,0,0,0,0,0,0
61098,2,1,0,0,0,0,0,0,9,0,0,0
61099,1,1,0,0,0,0,0,0,0,0,0,0
61099,2,1,0,0,0,0,0,0,0,0,0,0
61100,1,1,0,0,0,0,0,0,0,0,0,0
61101,1,1,16,16,16,16,16,16,16,16,16,16
61102,1,1,0,0,0,0,0,0,0,0,0,0
61102,2,1,0,0,0,0,0,0,0,0,0,0
61103,1,1,8,8,8,8,8,8,8,8,8,8
61104,1,1,0,0,0,0,0,0,0,0,0,0
61104,2,1,0,0,0,0,11,0,0,0,0,0
61105,1,1,0,0,0,0,0,0,0,0,0,0
61106,1,1,0,0,0,0,0,0,0,0,0,0
61106,2,1,0,0,0,4,0,0,0,0,0,0
61107,1,1,0,0,0,0,0,0,0,0,0,0
61107,2,1,0,0,0,0,0,0,0,0,0,0
61108,1,1,0,0,0,0,0,0,0,0,0,0
61109,1,1,0,0,0,0,0,0,0,0,0,0
61110,0,1,0,6,0,0,0,0,0,0,0,10
61110,1,1,33,33,33,33,33,33,33,33,33,33
61111,0,1,0,0,0,0,0,0,0,0,0,0
61111,1,1,6,6,6,6,6,6,6,6,6,6
61112,1,1,0,0,0,0,0,0,0,0,0,0
61113,1,1,0,0,34,0,0,0,0,0,0,0
61113,2,1,26,26,26,26,26,26,26,26,26,26
61114,1,1,9,9,9,9,9,9,9,9,9,9
61114,2,1,0,0,0,0,0,0,0,0,0,0
61115,1,1,0,0,0,0,0,0,0,0,0,0
61116,1,1,0,0,0,0,0,0,0,0,0,0
61117,1,1,0,0,0,0,0,0,0,0,0,0
61117,2,1,1,1,1,1,1,1,1,1,1,1
61118,1,1,0,0,0,0,0,0,0,0,0,0
61119,0,1,0,0,0,0,0,0,0,0,0,0
61119,1,1,0,0,0,0,0,0,0,0,0,0
61119,2,1,0,0,0,0,0,0,0,0,0,0
61120,1,1,8,8,8,8,8,8,8,8,8,8
61121,1,1,20,20,20,20,20,20,20,20,20,20
61122,1,1,0,0,0,0,0,0,0,0,0,0
61123,1,1,18,18,18,18,18,18,18,18,18,18
61123,2,1,0,0,0,0,0,0,0,0,0,0
61124,1,1,24,24,24,24,24,24,24,24,24,24
61125,0,1,0,0,0,0,0,0,0,0,0,0
61125,1,1,21,14,17,0,0,0,0,33,0,0
61125,2,1,0,0,0,0,0,0,0,0,0,0
61126,1,1,0,0,0,0,0,0,0,0,0,0
61127,1,1,0,0,0,0,0,0,0,0,0,0
61127,2,1,0,0,0,0,0,0,0,0,0,0
61128,1,1,17,17,17,17,17,17,17,17,17,17
61129,1,1,6,0,0,0,26,0,0,0,0,0
61130,1,1,0,0,0,0,0,0,0,0,0,0
61130,2,1,0,0,0,0,0,0,0,0,0,0
61131,1,1,0,0,0,0,0,0,0,0,0,0
61132,1,1,0,0,0,0,0,0,0,0,0,0
61132,2,1,0,0,0,0,0,0,0,0,0,0
61132,3,1,0,0,0,0,0,0,0,0,0,0
61132,4,1,0,0,0,0,0,0,0,0,0,0
61132,5,1,0,0,0,0,0,0,0,0,0,0
61133,1,1,17,17,17,17,17,17,17,17,17,17
61134,1,1,0,0,0,0,0,0,0,0,0,0
61134,2,1,0,0,0,0,0,0,0,0,0,0
61134,3,1,0,0,0,0,0,0,0,0,0,0