ST_CASE,VEH_NO,PER_NO,P1,P2,P3,P4,P5,P6,P7,P8,P9,P10
61134,4,1,0,0,0,0,0,0,0,0,0,0
61135,0,1,24,24,24,24,24,24,24,24,24,24
61135,1,1,0,0,0,0,0,0,0,0,0,0
61135,2,1,0,0,0,0,0,0,0,0,0,0
61136,1,1,0,0,0,0,0,0,0,0,0,0
61136,2,1,18,0,0,0,0,0,0,28,0,0
61137,1,1,0,0,0,0,0,0,0,0,0,0
61137,2,1,0,16,0,0,0,0,0,0,0,0
61138,1,1,0,0,0,0,0,0,0,0,0,0
61138,2,1,0,0,0,0,0,0,0,0,0,0
61139,1,1,0,0,0,0,0,0,0,0,0,0
61140,1,1,0,0,0,0,0,24,0,0,0,0
61141,1,1,4,4,4,4,4,4,4,4,4,4
61142,1,1,0,0,0,0,0,0,0,0,0,0
61143,1,1,40,40,40,40,40,40,40,40,40,40
61144,1,1,18,18,18,18,18,18,18,18,18,18
61145,1,1,0,0,0,0,0,0,0,0,0,0
61145,2,1,0,0,0,0,0,0,0,0,0,0
61146,0,1,0,0,0,0,0,10,0,0,0,0
61146,1,1,0,0,0,0,0,0,0,0,0,0
61146,2,1,0,0,0,0,6,18,0,0,0,0
61147,1,1,0,0,0,0,0,0,0,0,0,0
61147,2,1,11,16,0,0,0,0,2,0,0,0
61148,1,1,18,18,18,18,18,18,18,18,18,18
61149,1,1,0,0,0,0,0,0,0,0,0,0
61150,1,1,0,0,0,0,0,0,0,0,0,0
61150,2,1,0,0,0,0,0,0,0,0,0,0
61151,0,1,0,0,0,0,0,0,0,0,0,0
61151,1,1,17,17,17,17,17,17,17,17,17,17
61151,2,1,0,0,0,0,0,0,0,0,0,0
61152,1,1,0,0,0,0,0,0,0,0,0,0
61152,2,1,0,0,0,0,0,0,0,0,0,0
61153,1,1,3,3,3,3,3,3,3,3,3,3
61154,0,1,47,47,47,47,47,47,47,47,47,47
61154,1,1,8,8,8,8,8,8,8,8,8,8
61155,1,1,16,0,10,4,5,0,0,0,0,12
61156,1,1,2,2,2,2,2,2,2,2,2,2
61157,1,1,17,17,17,17,17,17,17,17,17,17
61157,2,1,0,0,0,0,0,0,0,0,0,0
61158,0,1,0,0,0,0,0,0,0,0,0,0
61158,1,1,0,0,0,0,0,0,0,0,0,0
61159,1,1,0,0,0,0,0,0,0,0,0,0
61159,2,1,0,0,0,0,0,0,0,0,0,0
61160,1,1,0,0,0,0,0,0,0,0,0,0
61161,1,1,0,0,0,0,0,0,0,0,0,0
61162,1,1,0,0,0,0,0,0,0,0,0,0
61162,2,1,0,0,13,0,0,0,0,0,0,0
61162,3,1,0,0,0,0,0,0,0,0,0,0
61162,4,1,0,0,0,0,0,0,0,0,0,0
61163,1,1,0,0,0,0,0,0,0,0,0,0
61163,2,1,0,0,0,0,0,0,0,0,0,0
61164,0,1,0,0,0,0,0,0,0,0,0,0
61164,1,1,0,18,0,0,0,0,10,5,17,0
61165,1,1,0,0,0,0,0,0,0,0,0,0
61165,2,1,0,0,0,0,0,0,0,0,0,0
61166,1,1,0,0,0,0,0,0,0,0,0,0
61166,2,1,0,0,0,0,0,0,0,0,0,0
61167,1,1,0,0,0,0,0,0,0,0,0,0
61167,2,1,0,0,0,0,0,0,0,0,0,0
61168,0,1,0,0,0,0,0,0,19,0,0,0
61168,1,1,0,0,0,0,0,0,0,0,0,0
61169,1,1,17,31,15,34,28,10,13,0,23,7
61170,0,1,14,0,0,0,0,0,0,25,0,0
61170,1,1,0,0,0,0,0,0,0,0,0,0
61170,2,1,0,0,0,0,0,0,0,0,0,0
61171,1,1,0,0,3,0,19,22,0,0,14,0
61172,1,1,16,16,16,16,16,16,16,16,16,16
61172,2,1,0,0,0,0,0,0,0,0,0,0
61172,3,1,0,0,0,0,0,0,0,0,0,0
61173,1,1,0,0,0,0,0,0,0,0,0,0
61173,2,1,0,0,0,0,0,0,0,0,0,0
61174,1,1,0,0,0,0,0,0,0,0,0,0
61174,2,1,0,0,0,0,0,0,0,0,0,0
61175,1,1,12,12,12,12,12,12,12,12,12,12
61176,1,1,0,0,0,0,0,0,0,0,0,0
61176,2,1,0,0,0,0,0,0,0,19,0,0
61176,3,1,0,0,5,0,0,0,23,6,0,0
61177,1,1,0,0,0,0,0,0,0,0,0,0
61178,1,1,0,0,0,0,0,0,0,0,0,0
61178,2,1,0,0,0,0,0,0,0,0,0,0
61179,1,1,27,27,27,27,27,27,27,27,27,27
61180,1,1,16,16,16,16,16,16,16,16,16,16
61181,0,1,17,17,17,17,17,17,17,17,17,17
61181,1,1,0,0,0,0,0,0,0,0,0,0
61182,1,1,6,6,6,6,6,6,6,6,6,6
61182,2,1,0,0,0,0,0,0,0,0,0,0
61183,1,1,15,15,15,15,15,15,15,15,15,15
61184,0,1,0,0,0,0,0,0,0,0,0,0
61184,1,1,0,0,0,0,0,0,0,0,0,0
61185,0,1,0,0,0,0,0,0,0,0,0,0
61185,1,1,0,0,0,0,0,0,0,0,0,0
61186,1,1,0,0,0,0,0,0,0,0,0,0
61187,0,1,0,0,0,0,0,0,0,0,0,0
61187,1,1,0,0,0,0,0,0,0,0,0,0
61188,1,1,8,13,0,0,0,0,14,0,12,0
61188,2,1,0,0,0,0,0,0,0,0,6,0
61189,1,1,0,0,0,0,0,0,0,0,0,0
61189,2,1,0,0,0,0,0,0,0,0,0,0
61190,0,1,31,31,31,31,31,31,31,31,31,31
61190,1,1,0,0,0,0,0,0,0,0,0,0
61192,0,1,0,0,0,0,0,0,0,0,0,0
61192,1,1,9,10,0,24,0,0,0,0,0,0
61192,2,1,0,0,0,0,0,0,0,0,0,0
61193,0,1,12,12,12,12,12,12,12,12,12,12
61193,1,1,0,0,0,0,0,0,0,0,0,0
61193,2,1,0,0,0,0,0,0,0,0,0,0
61194,1,1,13,13,13,13,13,13,13,13,13,13
61194,2,1,0,0,0,0,0,0,0,0,0,0
61195,1,1,0,0,0,0,0,0,30,0,0,0
61195,2,1,0,0,0,0,0,0,0,0,0,0
61195,3,1,0,0,0,0,0,0,0,0,0,0
61195,4,1,0,0,0,0,0,0,0,0,0,0
61195,5,1,0,0,0,0,0,0,0,0,0,0
61196,1,1,0,0,0,0,0,0,0,0,0,0
61197,1,1,0,0,0,0,0,0,0,0,0,0
61198,1,1,0,0,0,0,0,0,0,0,0,0
61199,1,1,0,0,0,0,0,0,0,0,0,0
61200,1,1,0,0,0,0,0,0,0,0,0,0
61200,2,1,0,0,0,0,0,0,0,0,0,0
61200,3,1,0,0,0,0,0,0,0,0,0,0
61201,1,1,6,0,10,0,0,0,0,8,0,11
61201,2,1,26,0,25,0,0,12,12,15,11,28
61202,1,1,23,23,23,23,23,23,23,23,23,23
61203,1,1,0,0,0,0,0,0,0,0,0,0
61203,2,1,0,0,0,0,0,0,0,0,0,0
61204,1,1,0,0,0,0,0,0,0,0,0,0
61205,0,1,0,0,0,0,0,0,0,0,0,0
61205,1,1,0,0,0,0,0,0,0,0,0,0
61206,1,1,0,0,0,0,0,0,0,0,0,0
61206,2,1,0,0,0,0,0,0,0,0,0,0
61207,1,1,0,0,0,0,0,0,0,0,0,0
61207,2,1,0,0,0,0,0,0,0,0,0,0
61208,1,1,0,0,0,0,0,0,0,0,0,0
61208,2,1,0,0,3,0,0,0,0,0,0,0
61209,1,1,0,0,0,0,0,0,0,0,0,0
61209,2,1,0,0,0,0,0,0,0,0,0,0
61210,1,1,14,27,14,10,10,26,14,13,0,28
61210,2,1,23,0,0,0,12,0,0,0,0,37
61211,1,1,0,0,0,0,0,0,0,0,0,0
61211,2,1,0,0,0,0,0,0,0,4,0,0
61212,1,1,0,0,0,0,0,0,0,0,0,0
61213,1,1,0,0,0,0,0,0,0,0,0,0
61213,2,1,0,0,0,0,0,0,0,0,0,0
61214,1,1,27,0,0,0,0,0,0,0,0,0
61214,2,1,0,0,0,0,0,0,0,0,0,0
61215,1,1,21,21,21,21,21,21,21,21,21,21
61216,1,1,0,0,0,0,0,0,0,0,0,0
61216,2,1,0,0,0,0,0,0,0,0,0,0
61217,1,1,0,0,0,0,0,0,0,27,0,0
61218,1,1,26,26,26,26,26,26,26,26,26,26
61219,1,1,0,0,0,0,0,0,0,0,0,0
61220,1,1,13,13,13,13,13,13,13,13,13,13
61221,1,1,19,19,19,19,19,19,19,19,19,19
61222,1,1,8,8,8,8,8,8,8,8,8,8
61223,1,1,30,13,0,0,0,10,0,0,32,0
61224,1,1,0,0,0,0,0,0,0,0,0,0
61224,2,1,0,0,0,0,0,0,0,0,0,0
61225,1,1,0,0,0,0,0,0,0,0,0,0
61225,2,1,0,0,0,0,0,0,0,0,0,0
61226,0,1,0,0,0,0,0,0,0,0,0,0
61226,1,1,0,0,0,0,0,0,0,0,0,0
61227,1,1,0,0,0,11,0,8,0,0,0,0
61228,0,1,22,22,22,22,22,22,22,22,22,22
61228,1,1,0,0,34,0,0,0,0,0,0,0
61229,1,1,0,0,9,0,0,0,0,0,0,8
61229,2,1,0,0,0,0,0,0,0,0,0,0
61230,1,1,0,0,0,0,0,0,0,0,0,0
61230,2,1,0,0,0,0,0,0,0,0,0,0
61231,1,1,11,11,11,11,11,11,11,11,11,11
61232,1,1,0,0,0,0,0,0,0,0,0,0
61232,2,1,0,0,0,0,0,0,0,0,0,0
61233,1,1,20,20,20,20,20,20,20,20,20,20
61234,1,1,0,0,0,0,0,0,0,0,0,0
61234,2,1,0,0,0,0,0,0,0,0,0,0
61235,1,1,0,0,0,0,0,22,0,0,0,0
61236,1,1,0,0,0,0,0,0,0,0,0,0
61236,2,1,0,0,0,0,0,0,0,0,0,0
61237,0,1,0,0,0,0,0,0,0,0,0,0
61237,0,2,0,0,0,9,0,11,0,0,0,0
61237,1,1,0,0,0,9,0,0,0,0,0,0
61238,0,1,9,9,9,9,9,9,9,9,9,9
61238,1,1,0,0,0,0,0,0,0,0,0,0
61239,1,1,0,0,15,0,0,0,0,0,0,2
61239,2,1,0,14,0,0,20,0,13,0,0,0
61240,1,1,0,0,0,0,0,0,0,0,0,0
61241,0,1,0,0,0,0,0,0,0,0,0,0
61241,1,1,0,0,0,0,0,0,0,0,0,0
61242,1,1,0,0,0,0,0,0,0,0,0,0
61243,0,1,32,32,32,32,32,32,32,32,32,32
61243,1,1,0,0,0,0,0,0,0,0,0,0
61244,1,1,0,0,0,0,0,0,0,0,0,0
61245,1,1,0,0,0,0,0,0,0,0,0,0
61246,1,1,0,0,0,0,0,0,0,3,0,12
61246,2,1,0,0,15,0,0,7,0,0,0,0
61247,0,1,0,0,0,0,0,0,0,0,0,0
61247,0,2,0,0,0,8,0,0,0,0,0,0
61247,1,1,0,0,0,0,0,0,0,0,0,0
61248,0,1,0,0,0,0,0,29,0,8,0,0
61248,1,1,0,0,0,0,0,0,0,0,0,0
61249,0,1,0,0,0,0,0,0,0,0,0,0
61249,1,1,0,0,0,0,0,0,0,0,0,0
61250,0,1,0,0,0,0,0,0,0,0,0,0
61250,1,1,0,0,0,0,0,0,17,17,0,83
61251,1,1,0,0,0,0,0,0,0,0,0,0
61251,2,1,0,0,0,0,0,0,0,0,0,0
61252,0,1,0,0,0,0,0,0,0,0,0,0
61252,1,1,20,20,20,20,20,20,20,20,20,20
61253,1,1,19,19,19,19,19,19,19,19,19,19
61253,2,1,0,0,0,0,0,0,0,0,0,0
61254,1,1,16,16,16,16,16,16,16,16,16,16
61255,1,1,28,28,28,28,28,28,28,28,28,28
61256,1,1,0,0,0,0,0,0,0,0,0,0
61256,2,1,0,0,0,0,0,0,0,0,0,0
61256,3,1,0,0,0,0,0,0,0,0,0,0
61256,4,1,0,0,0,0,0,0,0,0,0,0
61256,5,1,0,0,0,0,0,0,0,0,0,0
61257,0,1,0,0,0,0,0,0,0,0,0,0
61257,2,1,0,0,0,0,0,0,0,0,0,0
61258,0,1,19,19,19,19,19,19,19,19,19,19
61258,1,1,25,0,19,0,0,0,21,0,24,0
61259,0,1,0,0,0,0,0,0,0,0,0,0
61259,0,2,12,0,0,0,0,0,0,0,0,0
61259,1,1,0,0,0,0,0,0,0,0,0,0
61260,0,1,21,21,21,21,21,21,21,21,21,21
61260,1,1,0,0,0,0,0,0,0,0,0,0
61261,1,1,5,5,5,5,5,5,5,5,5,5
61262,1,1,0,0,0,0,0,0,0,0,0,0
61263,1,1,0,0,0,0,0,0,0,0,0,0
61264,1,1,10,10,10,10,10,10,10,10,10,10
61265,1,1,0,0,0,0,0,0,0,0,0,0
61266,0,1,0,0,0,0,0,0,0,0,0,0
61266,1,1,0,0,0,0,0,0,0,0,0,0
61267,0,1,9,9,9,9,9,9,9,9,9,9
61267,1,1,0,0,0,0,0,0,0,0,0,0
61268,0,1,8,8,8,8,8,8,8,8,8,8
61268,1,1,0,0,11,13,0,0,0,0,0,4
61269,0,1,0,0,0,0,0,0,0,0,0,0
61269,1,1,0,0,0,0,0,0,0,0,0,0
61270,1,1,0,0,0,0,0,0,0,0,0,0
61271,1,1,10,10,10,10,10,10,10,10,10,10
61272,1,1,20,20,20,20,20,20,20,20,20,20
61273,1,1,0,0,0,0,0,0,0,0,0,0
61273,2,1,0,0,0,0,0,0,0,0,0,0
61273,3,1,0,0,0,22,0,0,0,0,0,0
61274,1,1,0,0,0,0,0,0,0,0,0,0
61275,0,1,23,23,23,23,23,23,23,23,23,23
61275,1,1,0,0,0,0,0,0,0,0,0,0
61276,0,1,0,0,0,0,0,0,0,0,0,0
61276,1,1,0,0,0,0,0,0,0,0,0,0
61277,1,1,34,34,34,34,34,34,34,34,34,34
61278,1,1,0,0,0,0,0,0,0,0,0,0
61279,1,1,9,9,9,9,9,9,9,9,9,9
61280,1,1,18,18,18,18,18,18,18,18,18,18
61281,0,1,0,0,0,0,0,0,0,0,0,0
61281,1,1,0,0,0,0,0,0,0,0,0,0
61282,0,1,3,3,3,3,3,3,3,3,3,3
61282,1,1,25,0,0,0,0,0,0,0,0,0
61283,1,1,0,0,0,0,0,0,0,0,0,0
61283,2,1,0,0,0,0,0,0,0,0,0,0
61284,1,1,0,0,0,0,0,0,0,0,0,0
61285,1,1,0,0,0,0,0,0,0,0,0,0
61286,1,1,0,0,0,0,0,0,0,0,0,0
61286,2,1,17,17,17,17,17,17,17,17,17,17
61287,0,1,0,0,0,0,0,0,0,0,0,0
61287,1,1,0,0,0,0,0,0,0,0,0,0
61288,1,1,23,23,23,23,23,23,23,23,23,23
61289,1,1,23,23,23,23,23,23,23,23,23,23
61289,2,1,0,0,0,0,0,0,0,0,0,0
61290,0,1,0,0,0,0,0,0,0,0,0,0
61290,0,2,0,0,0,0,0,0,0,0,0,0
61290,1,1,26,12,17,13,15,0,20,0,18,0
61291,0,1,0,0,0,0,0,0,0,0,0,0
61291,1,1,0,0,0,0,0,0,0,0,0,0
61292,1,1,0,0,0,0,0,0,0,0,0,0
61292,2,1,0,0,0,0,0,0,0,0,0,0
61293,0,1,0,0,0,0,0,0,0,0,0,0
61293,1,1,0,0,0,6,0,0,0,0,0,0
61294,0,1,0,0,0,0,0,0,0,0,0,0
61294,1,1,7,7,7,7,7,7,7,7,7,7
61295,1,1,21,21,21,21,21,21,21,21,21,21
61296,1,1,13,13,13,13,13,13,13,13,13,13
61298,1,1,23,23,23,23,23,23,23,23,23,23
61299,1,1,20,20,20,20,20,20,20,20,20,20
61300,1,1,27,27,27,27,27,27,27,27,27,27
61300,2,1,0,0,0,25,0,0,0,0,0,0
61301,1,1,17,17,17,17,17,17,17,17,17,17
61302,0,1,18,18,18,18,18,18,18,18,18,18
61302,1,1,0,0,0,0,0,0,0,0,0,0
61303,0,1,0,0,0,0,0,0,0,0,0,0
61303,1,1,0,0,0,0,24,0,0,0,0,0
61304,1,1,0,0,0,0,0,0,0,0,0,0
61304,2,1,0,0,0,0,0,0,0,0,0,0
61305,1,1,0,0,0,0,0,0,0,0,0,0
61306,1,1,14,14,14,14,14,14,14,14,14,14
61307,1,1,0,0,0,0,0,0,0,0,0,0
61307,2,1,0,0,0,0,0,5,0,0,0,0
61308,1,1,0,0,0,0,0,0,0,0,0,0
61308,2,1,0,0,0,0,0,0,0,0,0,0
61309,1,1,0,0,0,0,0,0,0,23,0,5
61310,0,1,21,21,21,21,21,21,21,21,21,21
61310,1,1,0,0,0,0,0,0,0,0,0,0
61311,0,1,0,0,0,0,0,9,0,0,0,0
61311,1,1,0,0,0,0,0,0,0,0,0,0
61311,3,1,0,0,0,0,0,0,0,0,0,0
61312,1,1,0,0,0,0,0,0,0,0,0,0
61313,1,1,0,0,0,0,0,0,0,0,0,0
61314,1,1,24,24,24,24,24,24,24,24,24,24
61314,2,1,0,0,0,0,0,0,0,0,0,0
61314,3,1,0,0,0,0,0,0,4,0,0,0
61315,1,1,6,13,4,10,8,0,8,12,0,34
61315,2,1,0,0,0,0,0,0,0,0,0,0
61316,1,1,14,14,14,14,14,14,14,14,14,14
61317,1,1,0,0,0,0,0,0,0,0,0,0
61317,2,1,0,26,0,0,0,0,0,0,24,11
61318,1,1,0,0,0,0,0,0,0,0,0,0
61319,1,1,19,19,19,19,19,19,19,19,19,19
61320,1,1,23,23,23,23,23,23,23,23,23,23
61321,1,1,0,0,0,0,0,0,0,0,0,0
61322,1,1,20,20,20,20,20,20,20,20,20,20
61322,2,1,0,0,0,0,0,0,0,0,0,4
61323,0,1,0,0,0,0,0,0,0,0,0,0
61323,1,1,0,0,0,0,0,0,0,0,0,0
61324,1,1,23,23,23,23,23,23,23,23,23,23
61324,2,1,0,0,0,0,0,0,0,0,0,0
61325,0,1,0,0,0,0,0,0,0,0,0,0
61325,1,1,0,0,0,0,0,0,0,0,0,0
61326,1,1,0,0,0,0,0,14,0,0,0,0
61326,2,1,20,20,20,20,20,20,20,20,20,20
61327,1,1,3,3,3,3,3,3,3,3,3,3
61328,1,1,13,13,13,13,13,13,13,13,13,13
61329,1,1,26,26,26,26,26,26,26,26,26,26
61330,1,1,0,0,16,0,0,0,0,0,0,9
61330,2,1,0,0,0,0,0,0,0,0,0,0
61331,0,1,15,15,15,15,15,15,15,15,15,15
61331,1,1,0,0,0,0,0,0,0,0,0,0
61332,0,1,17,17,17,17,17,17,17,17,17,17
61332,1,1,0,0,0,0,0,0,0,0,0,0
61333,1,1,0,0,0,0,0,0,0,0,0,11
61333,2,1,2,2,2,2,2,2,2,2,2,2
61334,1,1,28,28,28,28,28,28,28,28,28,28
61334,2,1,0,9,10,0,0,0,0,0,0,6
61335,0,1,23,28,19,21,13,33,0,44,0,0
61335,1,1,0,0,38,0,0,0,0,0,5,0
61336,1,1,0,0,0,0,0,0,0,0,0,0
61337,1,1,0,0,0,0,0,0,0,0,0,0
61337,2,1,0,0,0,0,0,0,0,0,0,0
61338,1,1,0,0,0,0,0,0,12,14,0,0
61338,2,1,0,0,0,0,0,0,0,0,0,0
61339,1,1,0,0,0,0,0,0,0,0,0,0
61339,2,1,0,0,0,0,0,0,0,0,0,0
61340,1,1,0,0,0,0,0,0,0,0,0,0
61340,2,1,0,0,0,0,0,0,0,0,0,0
61341,1,1,0,0,0,0,0,0,0,0,0,0
61341,2,1,0,0,0,0,0,0,0,0,0,0
61343,0,1,0,0,0,0,0,0,0,0,0,0
61343,0,2,0,0,0,0,8,0,0,24,36,0
61343,1,1,0,0,0,0,0,0,0,0,0,0
61344,1,1,7,7,7,7,7,7,7,7,7,7
61345,1,1,0,0,0,0,0,0,0,0,0,0
61346,0,1,0,0,0,0,0,0,0,0,0,0
61346,1,1,0,0,0,0,0,0,0,0,0,0
61347,0,1,32,32,32,32,32,32,32,32,32,32
61347,1,1,0,0,0,0,0,0,0,0,0,0
61348,0,1,0,0,0,0,0,0,0,0,0,0
61348,1,1,13,13,13,13,13,13,13,13,13,13
61349,0,1,0,0,0,0,0,0,0,0,0,0
61349,1,1,0,0,0,0,0,0,0,0,0,0
61350,0,1,19,19,19,19,19,19,19,19,19,19
61350,1,1,0,0,0,0,0,0,0,0,0,0
61351,0,1,21,21,21,21,21,21,21,21,21,21
61351,1,1,0,0,0,0,0,0,0,0,0,0
61352,0,1,31,40,17,24,36,12,17,18,28,21
61352,1,1,0,0,13,0,12,0,0,0,0,0
61353,1,1,16,16,16,16,16,16,16,16,16,16
61354,1,1,0,0,0,0,0,0,0,0,0,0
61354,2,1,0,0,0,0,0,0,0,0,0,0
61355,1,1,13,13,13,13,13,13,13,13,13,13
61355,2,1,0,0,0,0,0,18,0,0,0,0
61356,0,1,30,0,0,0,16,0,0,11,0,0
61356,1,1,0,0,0,0,0,0,0,0,25,0
61357,1,1,0,0,0,0,0,0,0,0,0,0
61357,2,1,0,0,0,0,0,0,0,0,0,0
61358,1,1,0,0,0,0,0,0,0,0,0,0
61359,0,1,0,0,14,0,0,40,28,0,19,0
61359,1,1,21,21,21,21,21,21,21,21,21,21
61360,0,1,0,0,0,0,0,0,0,0,0,0
61360,1,1,0,0,10,0,0,0,19,19,0,41
61361,0,1,0,0,0,0,0,0,0,0,0,0
61361,1,1,0,0,0,0,0,0,0,0,0,0
61362,1,1,0,0,0,0,0,0,0,0,0,0
61363,1,1,8,8,8,8,8,8,8,8,8,8
61364,1,1,0,0,0,0,0,0,0,0,0,0
61364,2,1,0,0,0,0,0,0,0,0,0,0
61365,1,1,0,0,0,0,0,0,0,0,0,0
61366,1,1,10,10,10,10,10,10,10,10,10,10
61367,0,1,0,0,0,0,0,0,0,0,0,0
61367,1,1,0,0,0,0,0,0,0,0,0,0
61368,1,1,0,0,0,0,0,0,0,0,0,0
61368,2,1,0,0,0,0,0,0,0,0,0,0
61369,1,1,0,0,0,0,0,0,0,0,0,0
61370,1,1,0,0,0,0,0,0,0,0,0,0
61370,2,1,0,0,0,0,0,0,0,0,0,0
61371,1,1,0,0,0,0,0,0,0,0,0,0
61371,2,1,15,15,15,15,15,15,15,15,15,15
61372,0,1,0,0,0,0,0,0,0,0,0,0
61372,0,2,0,0,0,0,23,0,0,0,0,0
61372,1,1,0,0,0,14,0,0,0,0,0,17
61373,1,1,0,0,0,0,0,0,0,0,0,0
61374,0,1,0,0,0,0,0,0,0,0,0,0
61374,1,1,0,0,0,0,0,0,0,0,0,0
61375,0,1,24,24,24,24,24,24,24,24,24,24
61375,1,1,0,0,0,0,0,0,0,0,0,8
61376,0,1,0,0,0,0,0,0,0,0,0,0
61376,1,1,0,0,0,0,0,0,0,0,0,0
61376,2,1,0,0,0,0,0,0,0,0,0,0
61377,0,1,6,6,6,6,6,6,6,6,6,6
61377,1,1,0,0,0,0,0,0,0,0,0,0
61378,1,1,25,25,25,25,25,25,25,25,25,25
61379,0,1,0,0,0,0,0,0,0,0,0,0
61379,0,2,0,0,0,0,0,0,0,0,0,0
61379,1,1,7,7,7,7,7,7,7,7,7,7
61380,1,1,0,0,0,0,0,0,0,0,0,0
61380,2,1,0,0,0,0,0,0,0,0,0,0
61381,1,1,0,0,0,0,0,0,0,0,0,0
61381,2,1,0,0,0,0,0,0,0,0,0,0
61382,1,1,0,0,0,0,0,0,0,0,0,0
61383,0,1,0,0,0,0,0,0,0,0,0,0
61383,1,1,0,0,0,0,0,0,0,0,0,0
61384,1,1,0,0,0,0,10,0,0,0,0,0
61384,2,1,0,0,0,0,0,0,0,0,0,0
61385,1,1,0,0,0,0,0,0,0,16,0,0
61385,2,1,0,0,0,0,0,0,0,0,0,0
61385,3,1,0,0,0,0,0,0,0,0,0,0
61386,0,1,0,0,0,0,0,0,0,0,0,0
61386,1,1,0,0,0,0,0,0,0,0,0,0
61387,0,1,0,0,0,0,0,27,0,0,0,3
61387,1,1,0,0,0,0,0,0,0,0,0,0
61388,1,1,17,17,17,17,17,17,17,17,17,17
61388,2,1,0,0,15,0,0,0,29,0,0,22
61389,1,1,14,14,14,14,14,14,14,14,14,14
61389,2,1,0,0,0,0,0,0,0,0,0,0
61390,1,1,0,0,0,0,0,0,0,0,0,0
61391,0,1,0,0,0,0,0,0,0,0,0,0
61391,0,2,0,0,0,0,0,0,0,0,0,0
61391,1,1,6,6,6,6,6,6,6,6,6,6
61392,1,1,0,0,0,0,0,0,0,0,0,0
61393,1,1,0,0,0,0,0,0,0,0,0,0
61394,0,1,0,0,0,0,0,0,0,0,0,0
61394,0,2,24,0,0,0,0,0,0,0,13,0
61394,1,1,0,0,0,0,0,0,0,0,0,0
61395,1,1,0,0,0,0,0,0,0,0,0,0
61396,1,1,26,26,26,26,26,26,26,26,26,26
61397,0,1,21,21,21,21,21,21,21,21,21,21
61397,1,1,0,0,0,0,0,0,0,0,0,0
61398,0,1,0,0,0,0,0,0,0,0,0,0
61398,0,2,0,0,0,15,0,0,0,0,20,0
61398,0,3,0,0,0,0,0,0,0,0,0,0
61398,1,1,11,11,11,11,11,11,11,11,11,11
61399,1,1,22,22,22,22,22,22,22,22,22,22
61400,1,1,0,0,0,0,0,0,0,0,0,0
61401,1,1,11,11,11,11,11,11,11,11,11,11
61402,1,1,0,0,0,0,0,0,0,0,0,0
61403,0,1,14,14,14,14,14,14,14,14,14,14
61403,1,1,0,0,0,0,0,0,0,0,0,0
61404,1,1,29,0,0,0,11,0,0,0,0,0
61404,2,1,0,0,0,0,0,0,0,0,0,0
61405,0,1,0,0,0,0,0,0,0,0,0,0
61405,1,1,0,0,0,0,0,0,0,0,0,0
61406,1,1,16,24,12,19,16,15,23,0,0,16
61407,1,1,0,0,0,0,0,0,0,0,0,0
61408,1,1,11,11,11,11,11,11,11,11,11,11
61409,1,1,32,32,32,32,32,32,32,32,32,32
61410,1,1,19,19,19,19,19,19,19,19,19,19
61410,2,1,0,0,0,0,0,0,0,0,0,0
61411,1,1,10,10,10,10,10,10,10,10,10,10
61411,2,1,0,0,0,0,0,0,0,0,0,0
61412,1,1,0,0,0,0,0,0,0,0,0,0
61413,1,1,0,0,0,0,0,0,0,0,0,0
61413,2,1,0,0,0,0,0,0,0,0,0,0
61414,1,1,0,0,0,0,0,0,0,0,0,0
61415,1,1,0,0,0,0,0,0,0,0,0,0
61415,2,1,0,0,0,0,0,0,0,0,0,0
61416,1,1,0,0,0,0,0,0,0,0,0,0