ST_CASE,VEH_NO,PER_NO,P1,P2,P3,P4,P5,P6,P7,P8,P9,P10
61417,0,1,0,0,0,0,0,0,0,0,0,0
61417,1,1,0,0,0,16,0,0,0,0,0,0
61418,1,1,21,21,21,21,21,21,21,21,21,21
61419,1,1,0,0,0,0,0,0,0,0,16,0
61420,1,1,0,0,0,0,0,0,0,0,0,0
61421,1,1,0,0,0,0,0,0,0,0,0,0
61421,2,1,0,0,0,0,0,0,0,0,0,0
61422,0,1,0,0,0,0,0,0,0,0,0,0
61422,1,1,0,0,0,0,0,0,0,0,0,0
61422,2,1,0,0,0,0,0,0,0,0,31,0
61423,1,1,30,30,30,30,30,30,30,30,30,30
61423,2,1,12,0,0,0,0,0,0,0,0,0
61424,1,1,0,0,0,0,0,0,0,0,0,0
61424,2,1,0,0,0,0,12,0,0,0,0,0
61424,3,1,0,0,0,0,0,0,0,0,0,0
61425,1,1,0,0,0,0,0,0,0,0,0,0
61426,1,1,0,0,0,0,0,0,0,0,0,0
61426,2,1,0,0,0,0,0,0,0,0,0,0
61426,3,1,0,0,12,0,0,0,0,0,0,0
61427,1,1,0,0,0,0,0,0,0,0,0,0
61428,1,1,26,26,26,26,26,26,26,26,26,26
61429,1,1,0,0,0,0,34,0,0,0,0,0
61429,2,1,0,0,20,0,0,0,0,0,0,0
61430,1,1,19,19,19,19,19,19,19,19,19,19
61430,3,1,0,0,0,0,0,0,0,0,0,0
61430,4,1,0,0,0,0,19,0,16,0,0,0
61431,0,1,0,34,0,0,0,26,12,26,0,0
61431,1,1,0,0,0,0,0,0,0,0,0,0
61432,1,1,0,0,0,0,0,0,0,0,0,0
61433,1,1,0,0,0,0,0,0,0,0,0,0
61433,2,1,0,0,0,0,0,0,0,0,0,0
61434,0,1,0,0,0,0,0,0,0,0,0,0
61434,1,1,0,0,0,0,0,0,0,0,0,0
61435,1,1,0,0,0,0,0,0,0,0,0,0
61435,2,1,0,0,0,0,0,0,0,0,0,0
61436,1,1,0,0,0,0,0,0,0,0,0,0
61437,1,1,0,0,0,0,0,0,0,0,0,0
61437,2,1,0,0,0,0,0,0,0,0,0,0
61438,1,1,0,0,0,0,0,0,0,0,0,0
61438,2,1,0,0,0,0,0,0,0,0,0,0
61439,0,1,0,0,0,0,0,0,0,0,0,0
61439,1,1,0,0,0,0,0,0,0,0,0,0
61440,0,1,0,0,8,0,0,15,0,0,0,0
61440,1,1,0,0,0,0,0,0,0,0,0,0
61441,1,1,0,0,0,0,0,0,0,0,0,0
61441,2,1,0,0,0,0,0,0,0,0,0,0
61442,1,1,0,0,0,0,0,0,0,0,0,0
61442,2,1,0,0,0,0,0,0,0,0,0,0
61442,3,1,0,0,0,0,10,0,0,0,0,12
61442,4,1,0,0,0,0,0,0,0,0,0,0
61443,0,1,0,0,0,0,0,0,0,0,0,0
61443,1,1,0,0,0,0,0,25,0,0,0,0
61444,1,1,0,0,0,27,0,0,0,0,0,0
61444,2,1,0,0,0,0,0,0,0,0,0,0
61444,3,1,0,0,15,0,0,0,0,0,0,0
61444,4,1,0,0,0,0,0,0,0,0,0,0
61445,1,1,9,9,9,9,9,9,9,9,9,9
61445,2,1,0,0,0,0,0,0,0,0,0,0
61446,1,1,0,0,0,0,0,0,0,0,0,0
61446,2,1,0,0,0,0,0,0,0,0,0,0
61447,1,1,20,20,20,20,20,20,20,20,20,20
61448,1,1,0,0,0,0,0,0,13,0,15,0
61448,2,1,0,0,0,0,0,0,0,0,0,0
61449,0,1,17,0,0,0,0,0,0,0,42,5
61449,1,1,0,0,0,0,0,0,0,0,0,0
61450,1,1,22,22,22,22,22,22,22,22,22,22
61451,1,1,0,0,0,0,0,0,0,0,0,0
61452,1,1,16,16,16,16,16,16,16,16,16,16
61453,0,1,0,0,0,0,0,0,0,18,0,0
61453,1,1,0,0,0,0,0,0,0,31,0,0
61454,1,1,25,25,25,25,25,25,25,25,25,25
61455,1,1,32,32,32,32,32,32,32,32,32,32
61456,1,1,0,0,0,0,0,0,0,0,0,0
61456,2,1,0,0,0,0,0,0,0,0,0,0
61457,1,1,19,19,19,19,19,19,19,19,19,19
61458,1,1,0,0,0,0,0,0,0,0,0,0
61458,2,1,0,0,0,0,0,0,0,0,0,0
61459,1,1,0,4,0,0,0,0,0,0,0,0
61460,1,1,9,9,9,9,9,9,9,9,9,9
61460,2,1,0,0,0,0,0,0,0,0,0,0
61461,0,1,0,0,0,0,0,0,0,0,0,0
61461,1,1,0,0,0,0,0,0,0,0,0,0
61462,1,1,32,32,32,32,32,32,32,32,32,32
61462,2,1,0,0,0,0,0,0,0,0,0,0
61463,1,1,22,0,0,0,0,0,0,0,0,0
61463,2,1,0,0,0,0,0,0,0,0,0,0
61463,3,1,0,0,0,0,0,0,0,0,0,0
61463,4,1,0,0,0,0,0,0,0,0,0,0
61463,5,1,0,0,0,0,0,0,0,0,0,0
61464,0,1,30,30,30,30,30,30,30,30,30,30
61464,1,1,0,0,0,0,0,0,0,0,0,0
61465,1,1,58,58,58,58,58,58,58,58,58,58
61466,0,1,0,0,0,0,0,0,0,0,0,0
61466,2,1,0,0,0,0,0,0,0,0,0,0
61467,1,1,10,10,10,10,10,10,10,10,10,10
61468,1,1,0,0,0,0,0,0,0,0,0,0
61468,2,1,0,0,0,0,0,0,0,0,0,10
61469,1,1,21,0,0,0,0,7,0,16,0,18
61470,1,1,34,34,34,34,34,34,34,34,34,34
61471,1,1,15,15,15,15,15,15,15,15,15,15
61472,1,1,0,0,0,0,0,0,0,0,0,0
61473,1,1,0,0,0,0,0,0,0,0,0,0
61474,0,1,27,27,27,27,27,27,27,27,27,27
61474,1,1,0,0,0,0,0,0,0,0,0,0
61475,1,1,0,0,0,0,0,0,0,0,0,0
61476,1,1,15,0,0,0,0,0,5,16,9,25
61476,2,1,0,0,0,0,0,0,0,0,0,0
61477,1,1,0,0,0,0,0,0,0,0,0,0
61478,0,1,29,29,29,29,29,29,29,29,29,29
61478,1,1,18,0,27,0,18,0,20,0,26,0
61479,0,1,30,30,30,30,30,30,30,30,30,30
61479,1,1,0,0,23,0,0,0,0,19,0,0
61480,0,1,0,0,0,0,0,0,0,0,0,0
61480,1,1,0,0,0,0,0,0,0,0,0,0
61481,1,1,27,27,27,27,27,27,27,27,27,27
61482,1,1,15,15,15,15,15,15,15,15,15,15
61482,2,1,0,0,0,0,0,0,0,0,0,0
61483,1,1,0,0,0,0,0,0,0,0,0,0
61483,2,1,0,0,0,0,11,0,0,0,0,0
61484,1,1,23,23,23,23,23,23,23,23,23,23
61485,1,1,0,0,0,0,0,0,0,0,0,0
61486,1,1,0,0,0,0,0,0,0,0,0,0
61487,0,1,0,0,0,0,0,0,0,0,0,0
61487,1,1,0,0,0,0,0,0,0,0,0,0
61488,1,1,18,18,18,18,18,18,18,18,18,18
61488,2,1,0,0,0,0,0,0,0,0,0,0
61489,1,1,0,0,0,0,0,0,0,0,3,0
61490,1,1,0,0,0,0,0,0,0,0,0,0
61491,0,1,0,0,0,0,0,0,0,0,0,0
61491,1,1,0,0,0,0,0,0,0,25,19,0
61492,1,1,0,0,0,0,0,0,0,0,0,0
61493,1,1,0,0,0,0,0,0,0,0,0,0
61494,0,1,0,0,0,0,0,0,0,0,0,0
61494,1,1,0,0,0,0,0,0,0,0,0,0
61495,1,1,4,4,4,4,4,4,4,4,4,4
61496,1,1,0,0,0,0,0,0,0,0,0,0
61497,1,1,0,0,0,22,0,0,0,0,0,0
61498,1,1,0,0,0,0,0,0,0,0,0,0
61499,1,1,66,66,66,66,66,66,66,66,66,66
61500,0,1,0,0,0,0,0,0,0,0,0,0
61500,1,1,0,2,0,0,11,0,0,0,24,17
61501,1,1,16,16,16,16,16,16,16,16,16,16
61502,1,1,0,0,0,0,0,0,0,0,0,0
61503,1,1,21,21,21,21,21,21,21,21,21,21
61504,1,1,0,0,0,0,0,0,0,0,0,0
61504,2,1,24,0,0,0,0,0,0,0,0,0
61504,3,1,0,0,0,0,0,0,25,0,0,0
61505,1,1,0,0,0,44,16,0,0,21,16,22
61506,0,1,21,21,21,21,21,21,21,21,21,21
61506,1,1,0,0,0,0,0,0,0,0,21,0
61507,1,1,2,2,2,2,2,2,2,2,2,2
61508,1,1,0,0,0,0,0,0,0,0,0,0
61508,2,1,0,0,0,0,0,0,0,0,0,0
61509,1,1,24,0,0,22,0,0,0,0,0,0
61509,2,1,3,3,3,3,3,3,3,3,3,3
61510,0,1,25,25,25,25,25,25,25,25,25,25
61510,1,1,0,0,0,0,0,0,0,0,0,0
61511,1,1,10,10,10,10,10,10,10,10,10,10
61512,1,1,33,33,33,33,33,33,33,33,33,33
61512,2,1,0,0,0,0,0,0,0,0,0,0
61513,1,1,7,7,7,7,7,7,7,7,7,7
61514,0,1,0,0,0,0,0,0,0,0,0,0
61514,1,1,0,0,0,0,0,0,0,0,0,0
61515,1,1,20,20,20,20,20,20,20,20,20,20
61516,1,1,0,0,0,0,0,0,0,0,0,0
61516,2,1,0,0,0,0,0,0,0,0,0,0
61516,3,1,0,0,0,0,0,0,0,0,0,0
61517,1,1,13,13,13,13,13,13,13,13,13,13
61518,1,1,0,0,0,0,0,0,0,0,0,0
61519,1,1,13,13,13,13,13,13,13,13,13,13
61520,1,1,0,0,0,0,0,0,0,0,0,0
61520,2,1,0,0,0,0,0,0,0,0,0,0
61521,1,1,0,0,0,0,0,0,0,0,0,0
61522,1,1,0,0,0,0,0,0,0,0,0,0
61523,1,1,0,0,0,0,0,0,0,0,15,0
61523,2,1,0,0,0,0,0,0,0,0,0,0
61524,1,1,0,0,0,0,0,0,0,0,0,0
61524,2,1,0,0,0,0,0,0,0,0,0,0
61525,0,1,7,7,7,7,7,7,7,7,7,7
61525,1,1,0,0,0,0,0,0,0,0,0,0
61526,1,1,0,0,0,0,0,0,0,0,0,0
61526,2,1,0,0,0,0,0,0,0,0,0,0
61526,3,1,0,0,0,0,0,0,0,0,0,0
61527,1,1,0,0,0,0,0,0,0,0,0,0
61527,2,1,0,0,0,0,0,0,0,0,0,0
61527,3,1,0,0,0,0,0,0,0,0,0,0
61528,1,1,0,0,0,0,0,0,0,0,0,0
61528,2,1,0,0,0,0,0,0,0,0,0,0
61529,1,1,0,0,0,0,0,0,0,0,0,0
61530,1,1,0,0,0,0,0,0,0,0,0,0
61531,1,1,0,0,14,0,0,12,0,24,23,0
61531,2,1,0,8,29,0,0,11,0,0,0,0
61531,3,1,0,0,0,0,23,0,14,0,0,0
61531,4,1,0,0,0,0,0,4,0,0,0,0
61531,5,1,0,0,0,0,0,0,0,26,0,0
61531,6,1,0,0,0,0,0,0,0,0,0,0
61531,7,1,22,19,0,0,7,0,0,0,16,0
61532,0,1,9,9,9,9,9,9,9,9,9,9
61532,1,1,0,0,0,0,0,0,0,0,0,0
61533,1,1,24,24,24,24,24,24,24,24,24,24
61534,1,1,0,0,0,0,0,0,0,0,0,0
61534,2,1,0,0,0,0,0,0,0,0,0,0
61535,1,1,0,0,0,0,0,0,0,0,0,0
61535,2,1,0,0,0,0,0,0,0,0,0,0
61536,1,1,0,0,0,0,0,0,4,0,0,0
61536,2,1,0,0,0,0,0,0,0,0,0,0
61537,1,1,3,3,3,3,3,3,3,3,3,3
61538,0,1,0,0,0,0,0,0,0,0,0,0
61538,1,1,0,0,0,16,0,0,0,0,0,0
61539,1,1,0,0,0,0,0,0,0,0,0,0
61539,2,1,0,0,0,0,0,0,0,0,0,0
61540,0,1,0,0,0,0,0,0,0,0,0,0
61540,1,1,0,0,0,0,0,0,0,0,0,0
61541,1,1,0,0,0,0,0,0,0,0,0,0
61542,1,1,0,0,0,0,0,0,0,0,0,0
61542,2,1,0,0,0,0,0,0,0,0,0,0
61543,0,1,0,0,18,25,7,0,31,27,17,0
61543,1,1,0,0,0,0,0,0,0,12,0,0
61544,1,1,0,0,0,0,0,0,0,0,0,0
61544,2,1,0,0,0,0,0,0,0,11,0,0
61545,1,1,0,0,0,0,0,0,0,0,0,0
61545,2,1,22,0,0,0,0,0,0,0,0,0
61545,3,1,0,0,0,0,0,0,0,0,0,0
61545,4,1,0,9,0,0,0,0,0,0,0,0
61545,5,1,0,0,0,0,0,0,0,0,0,0
61546,1,1,0,0,0,0,0,0,0,0,0,0
61546,2,1,0,0,0,0,0,0,0,0,0,0
61547,1,1,0,0,0,0,0,0,0,0,0,0
61548,1,1,0,0,0,0,0,0,0,0,0,0
61549,0,1,47,47,47,47,47,47,47,47,47,47
61549,1,1,0,0,0,0,0,0,0,0,0,0
61549,2,1,0,0,0,0,0,0,0,0,0,0
61549,3,1,26,0,0,0,9,0,22,0,0,9
61549,4,1,0,0,0,0,0,0,0,0,0,0
61549,5,1,0,0,0,0,0,0,19,0,0,0
61550,1,1,10,0,0,18,19,0,23,12,7,28
61551,0,1,0,0,0,0,0,0,0,0,0,0
61551,1,1,11,24,11,17,12,0,11,16,17,20
61552,1,1,0,0,0,0,0,0,0,0,0,0
61552,2,1,0,0,0,0,0,0,0,0,0,0
61553,1,1,0,7,0,29,9,16,22,0,0,13
61554,0,1,0,0,0,0,0,0,0,0,0,0
61554,1,1,22,0,0,0,0,19,0,0,0,0
61555,0,1,0,0,0,0,0,0,0,0,0,0
61555,1,1,0,0,0,0,0,0,0,0,0,0
61556,1,1,0,0,0,0,0,0,0,0,0,0
61556,2,1,0,0,0,0,0,0,0,0,0,0
61557,1,1,17,17,17,17,17,17,17,17,17,17
61557,2,1,0,0,0,0,0,0,0,0,0,0
61558,1,1,0,0,0,0,0,0,0,0,0,0
61559,0,1,0,0,0,0,0,0,0,0,0,0
61559,1,1,0,0,0,0,0,0,0,0,0,0
61560,0,1,33,17,0,24,24,0,20,0,16,0
61560,1,1,0,0,0,0,0,0,0,0,0,0
61561,1,1,27,22,7,13,9,32,10,8,7,23
61562,1,1,0,0,0,0,0,0,12,0,0,0
61562,2,1,0,0,17,0,0,0,0,20,0,0
61562,3,1,0,0,0,0,0,0,0,0,0,0
61563,0,1,0,0,0,0,0,0,0,0,0,0
61563,1,1,0,0,0,0,0,0,0,0,0,0
61564,1,1,0,0,0,0,0,0,0,0,0,0
61564,2,1,0,0,0,0,0,0,0,0,0,0
61565,1,1,0,0,0,0,0,0,0,0,0,0
61566,0,1,14,14,14,14,14,14,14,14,14,14
61566,1,1,21,0,23,0,0,0,0,0,0,0
61567,1,1,0,0,0,0,0,0,0,0,0,0
61567,2,1,0,0,0,0,0,0,0,0,0,0
61568,0,1,0,0,0,0,0,0,0,0,0,0
61568,1,1,0,0,0,0,0,0,0,0,0,0
61569,1,1,31,31,31,31,31,31,31,31,31,31
61570,0,1,0,0,0,0,0,0,0,0,0,0
61570,1,1,0,0,0,0,0,0,0,0,0,0
61571,0,1,0,0,0,0,0,13,8,12,0,0
61571,1,1,0,0,0,0,0,0,0,0,0,0
61572,1,1,0,0,0,0,0,0,0,0,0,0
61573,0,1,0,0,0,0,0,0,0,0,0,0
61573,1,1,0,0,0,0,0,0,0,0,0,0
61574,1,1,17,17,17,17,17,17,17,17,17,17
61575,1,1,0,0,0,0,0,0,0,0,0,0
61575,2,1,0,0,0,0,0,0,0,0,0,0
61576,1,1,0,0,0,0,0,0,0,0,0,0
61576,2,1,11,0,0,0,0,0,0,0,0,0
61576,3,1,0,0,0,0,0,0,0,0,0,0
61577,1,1,0,0,0,0,0,0,0,0,0,0
61577,2,1,0,0,0,0,0,0,0,0,0,0
61578,1,1,0,0,0,0,0,0,0,0,0,0
61578,2,1,0,0,0,0,0,22,25,0,2,0
61579,1,1,0,0,0,0,0,0,0,0,0,0
61580,1,1,0,0,0,0,0,0,0,0,0,0
61580,2,1,0,0,0,0,0,0,0,0,0,0
61581,1,1,0,0,0,0,0,0,0,0,0,0
61582,1,1,0,0,0,0,0,22,0,0,0,0
61582,2,1,0,0,0,0,0,0,0,0,0,0
61583,1,1,32,32,32,32,32,32,32,32,32,32
61583,2,1,0,0,0,0,0,0,0,0,0,0
61584,1,1,0,0,0,0,0,0,0,0,0,0
61585,0,1,9,9,9,9,9,9,9,9,9,9
61585,1,1,0,0,0,21,0,0,0,6,0,12
61586,1,1,11,11,11,11,11,11,11,11,11,11
61586,2,1,0,0,0,0,0,0,0,0,0,0
61587,0,1,12,12,12,12,12,12,12,12,12,12
61587,1,1,6,6,6,6,6,6,6,6,6,6
61588,1,1,24,24,24,24,24,24,24,24,24,24
61589,0,1,19,19,19,19,19,19,19,19,19,19
61589,1,1,0,0,16,0,0,0,0,0,0,0
61590,0,1,6,0,11,19,0,0,0,0,0,0
61590,1,1,0,0,0,0,0,0,0,0,0,0
61591,1,1,0,0,0,32,18,17,0,0,0,0
61591,2,1,0,0,0,0,0,0,0,0,0,0
61592,0,1,0,0,0,0,0,0,0,0,0,0
61592,1,1,0,0,0,0,0,0,0,0,0,0
61593,1,1,0,0,0,0,11,0,0,0,0,0
61593,2,1,0,0,0,0,0,20,0,0,18,0
61594,1,1,22,22,22,22,22,22,22,22,22,22
61595,0,1,0,0,0,0,0,0,0,0,0,0
61595,1,1,0,0,0,0,0,0,0,0,0,0
61596,1,1,0,0,0,0,0,0,0,0,0,0
61596,2,1,0,0,0,0,0,0,0,0,0,0
61597,0,1,39,39,39,39,39,39,39,39,39,39
61597,1,1,0,0,0,0,0,0,0,0,0,0
61598,1,1,14,14,14,14,14,14,14,14,14,14
61599,1,1,0,0,0,0,0,0,0,0,0,19
61599,2,1,0,0,0,0,0,0,0,0,0,0
61600,1,1,0,0,0,0,0,0,0,0,0,0
61601,0,1,0,0,0,0,0,0,0,0,14,0
61601,1,1,0,0,0,0,0,0,0,0,0,0
61602,1,1,0,0,0,0,0,0,0,0,0,0
61602,2,1,0,0,0,0,0,0,0,0,0,0
61603,1,1,0,0,0,0,0,0,0,0,0,0
61604,1,1,0,0,0,0,0,0,0,0,0,0
61604,2,1,0,0,0,0,0,0,0,0,0,0
61605,0,1,0,0,0,0,0,0,0,0,0,0
61605,1,1,0,0,0,0,0,0,0,0,0,0
61606,1,1,0,0,0,0,0,0,0,0,0,0
61606,2,1,0,0,0,0,0,0,10,0,0,0
61607,1,1,0,0,0,0,0,0,0,0,0,0
61608,0,1,0,0,0,0,0,0,0,0,0,0
61608,1,1,0,0,0,0,0,0,0,0,0,0
61609,0,1,4,4,4,4,4,4,4,4,4,4
61609,1,1,0,0,0,0,0,0,0,0,0,0
61610,0,1,0,0,0,0,0,0,0,0,0,0
61610,1,1,0,0,0,0,0,0,0,0,0,0
61611,0,1,0,0,0,0,0,0,0,0,0,0
61611,1,1,0,0,0,0,0,0,0,0,17,0
61612,1,1,0,0,0,0,0,0,0,0,0,0
61612,2,1,0,0,0,0,0,0,0,0,0,0
61613,0,1,0,0,0,0,0,0,0,0,0,0
61613,1,1,0,0,0,0,8,0,0,0,0,0
61614,1,1,0,0,14,0,0,0,0,0,0,0
61615,1,1,0,0,9,0,0,21,0,0,0,0
61615,2,1,0,0,0,0,0,0,0,0,0,0
61615,3,1,0,0,0,0,0,3,0,0,0,0
61615,4,1,0,0,0,0,7,0,0,0,0,0
61616,1,1,14,14,14,14,14,14,14,14,14,14
61617,1,1,25,25,25,25,25,25,25,25,25,25
61618,1,1,13,13,13,13,13,13,13,13,13,13
61619,0,1,0,0,0,0,0,0,0,0,0,0
61619,1,1,0,13,0,0,0,11,0,7,0,0
61619,2,1,0,0,0,0,0,0,0,0,0,0
61619,3,1,0,10,0,0,0,0,0,0,0,0
61620,1,1,17,17,17,17,17,17,17,17,17,17
61621,1,1,0,0,0,0,0,0,0,0,0,0
61622,1,1,0,0,0,0,0,0,0,0,0,0
61623,0,1,0,0,0,0,0,0,0,0,0,0
61623,1,1,0,0,0,0,0,0,0,0,0,0
61624,1,1,14,14,14,14,14,14,14,14,14,14
61625,0,1,22,22,22,22,22,22,22,22,22,22
61626,1,1,25,25,25,25,25,25,25,25,25,25
61627,0,1,0,0,0,0,0,0,0,0,0,0
61627,1,1,0,0,0,0,0,0,0,0,0,0
61628,1,1,0,0,0,0,0,0,0,0,0,0
61628,2,1,0,0,0,0,0,0,0,0,0,0
61629,0,1,37,37,37,37,37,37,37,37,37,37
61629,1,1,0,0,0,0,0,0,0,0,0,0
61630,1,1,0,0,0,0,0,0,0,0,0,0
61630,2,1,15,36,17,0,0,8,19,8,0,6
61631,1,1,0,0,0,0,0,0,0,0,0,0
61631,2,1,0,0,0,23,0,0,0,0,0,0
61632,1,1,0,0,0,0,0,0,0,0,0,0
61633,1,1,21,21,21,21,21,21,21,21,21,21
61634,1,1,19,19,19,19,19,19,19,19,19,19
61635,0,1,17,17,17,17,17,17,17,17,17,17
61635,1,1,0,0,19,0,0,0,0,0,0,0
61636,1,1,10,10,10,10,10,10,10,10,10,10
61637,1,1,0,0,0,0,0,0,0,0,0,0
61638,1,1,0,0,0,0,0,0,0,0,0,0
61638,2,1,0,0,0,0,0,0,0,0,0,0
61639,0,1,0,0,0,0,0,0,0,0,0,0
61639,1,1,0,0,0,0,0,0,0,0,0,0
61640,1,1,21,21,21,21,21,21,21,21,21,21
61641,1,1,0,0,0,0,0,0,0,0,0,0
61642,1,1,25,25,25,25,25,25,25,25,25,25
61642,2,1,0,0,0,0,0,0,0,0,0,0
61642,3,1,0,0,0,0,0,0,0,0,0,0
61643,1,1,54,54,54,54,54,54,54,54,54,54
61643,2,1,0,0,0,0,0,0,0,0,0,0
61644,1,1,0,0,0,0,0,0,0,0,0,0
61645,1,1,0,0,0,0,0,0,0,0,0,0
61646,1,1,19,19,19,19,19,19,19,19,19,19
61646,2,1,0,0,0,0,0,0,0,0,0,0
61646,3,1,0,0,0,0,0,0,0,0,0,0
61647,1,1,0,0,0,0,0,0,0,0,0,0
61648,1,1,0,0,0,0,0,0,0,0,0,0
61648,2,1,0,0,0,0,0,0,0,0,0,0
61649,1,1,0,0,6,0,0,0,0,0,0,0
61650,0,1,0,0,0,0,0,0,0,0,0,0
61650,1,1,0,0,0,0,0,0,0,0,0,0
61651,1,1,0,0,0,0,0,0,0,0,0,0
61652,0,1,0,0,0,0,0,0,0,0,0,0
61652,1,1,0,0,0,0,0,0,0,0,0,0
61653,0,1,27,27,27,27,27,27,27,27,27,27
61653,1,1,0,0,21,0,0,0,0,0,0,0
61654,1,1,0,0,0,0,0,0,0,0,0,0
61654,2,1,0,0,0,0,0,9,0,0,0,0
61655,1,1,0,0,0,0,0,0,0,0,0,0
61655,2,1,0,0,0,0,0,0,0,0,0,0
61656,1,1,0,0,0,0,0,0,0,0,0,0
61656,2,1,0,0,0,0,0,0,0,0,0,0
61657,0,1,0,0,0,9,0,0,0,0,18,0
61657,1,1,0,0,0,0,0,0,0,0,0,0
61658,0,1,0,0,0,0,0,0,0,0,0,0
61658,1,1,0,0,0,0,0,0,0,0,0,0
61659,0,1,0,0,0,0,0,0,0,0,0,0
61659,1,1,0,0,0,0,0,0,0,0,0,0
61660,1,1,0,0,0,0,0,0,0,0,0,0
61660,2,1,0,0,0,0,0,0,0,0,0,0
61661,0,1,17,17,17,17,17,17,17,17,17,17
61661,1,1,0,0,0,0,0,1,0,0,0,38
61662,0,1,27,27,27,27,27,27,27,27,27,27
61662,1,1,0,0,0,0,0,0,0,6,14,0
61663,1,1,0,0,0,0,0,0,0,0,0,0
61663,2,1,0,0,0,0,0,0,0,0,0,0
61664,0,1,0,0,0,0,0,0,0,0,0,0
61664,1,1,0,0,0,0,0,0,0,0,0,0
61665,0,1,0,0,0,0,0,0,0,0,0,0
61665,1,1,0,0,0,0,0,0,0,0,0,0
61666,1,1,0,8,0,0,0,19,0,0,0,0
61667,1,1,34,34,34,34,34,34,34,34,34,34
61668,0,1,0,0,0,0,0,0,0,0,0,0
61668,0,2,0,0,0,0,0,0,0,0,0,0
61668,1,1,0,0,0,0,0,0,0,0,0,0
61669,1,1,14,14,14,14,14,14,14,14,14,14
61670,0,1,7,7,7,7,7,7,7,7,7,7
61670,1,1,0,0,0,0,0,0,0,0,0,0
61671,1,1,21,21,21,21,21,21,21,21,21,21
61671,2,1,0,21,18,0,0,13,0,0,0,0
61672,1,1,0,0,0,0,0,0,0,0,0,0
61673,1,1,20,20,20,20,20,20,20,20,20,20
61674,0,1,0,0,0,0,0,0,0,0,0,0
61674,1,1,0,0,0,0,0,0,0,0,0,0
61675,1,1,0,0,0,0,0,0,0,0,0,0
61676,1,1,22,22,22,22,22,22,22,22,22,22
61677,1,1,0,0,0,0,0,0,0,0,0,0
61678,1,1,0,0,0,0,0,0,0,0,0,0
61679,1,1,0,0,0,0,0,0,0,0,0,0
61679,2,1,0,0,0,0,0,0,0,0,0,0
61680,0,1,22,18,37,23,19,26,50,31,17,19
61680,1,1,0,0,0,0,0,0,0,0,0,0
61680,2,1,12,0,0,0,0,0,0,0,0,0
61680,3,1,0,0,0,0,0,0,0,0,0,0
61681,1,1,0,0,0,0,0,0,0,0,0,0
61682,0,1,0,0,0,0,0,0,0,0,0,0
61682,1,1,0,0,0,0,0,32,0,0,16,0
61683,1,1,16,9,4,41,0,5,0,0,27,26
61684,0,1,29,29,29,29,29,29,29,29,29,29
61684,1,1,0,0,0,0,16,0,0,0,0,0
61685,1,1,0,0,0,0,0,0,0,0,0,0
61686,1,1,0,0,0,0,0,0,0,0,0,0
61687,1,1,0,0,0,0,0,0,0,0,0,0
61687,2,1,0,0,0,0,0,0,0,0,0,0
61687,3,1,0,0,0,0,0,0,0,0,0,0
61688,1,1,6,6,6,6,6,6,6,6,6,6
61689,1,1,0,0,0,0,0,0,0,0,0,0
61689,2,1,0,0,0,0,0,0,0,0,0,0
61689,3,1,0,0,0,0,0,0,0,0,0,0
61690,1,1,14,14,14,14,14,14,14,14,14,14
61691,1,1,0,0,0,0,0,0,0,0,0,0
61691,2,1,0,0,0,0,0,0,0,0,0,0
61691,3,1,0,0,0,0,0,0,0,0,0,0
61692,1,1,10,10,10,10,10,10,10,10,10,10
61692,2,1,0,0,0,0,0,0,0,0,0,0
61693,1,1,0,0,0,0,0,0,0,0,4,0
61694,1,1,0,0,0,0,0,0,0,0,0,0
61694,2,1,0,0,0,0,0,0,0,0,0,0
61694,3,1,0,0,0,0,0,0,0,0,0,0