ST_CASE,VEH_NO,PER_NO,P1,P2,P3,P4,P5,P6,P7,P8,P9,P10
61695,0,1,0,0,0,0,0,0,0,0,0,0
61695,1,1,0,0,0,0,0,0,0,0,0,0
61696,1,1,0,0,0,0,0,0,0,0,0,0
61697,1,1,0,0,0,0,0,0,0,0,0,0
61698,1,1,16,22,11,5,17,0,5,13,9,15
61699,1,1,0,0,0,0,0,0,0,0,0,0
61699,2,1,0,0,0,0,0,0,0,0,0,0
61700,1,1,0,0,0,0,0,0,0,0,0,0
61701,1,1,22,22,22,22,22,22,22,22,22,22
61702,1,1,0,0,0,0,0,0,0,0,0,0
61703,1,1,0,0,0,0,0,0,0,0,0,0
61703,2,1,0,0,11,0,0,0,0,0,0,17
61704,1,1,0,0,0,0,0,0,0,0,0,0
61704,2,1,0,0,0,11,0,0,0,0,0,0
61704,3,1,0,0,0,0,0,0,0,3,0,0
61705,1,1,15,15,15,15,15,15,15,15,15,15
61706,1,1,0,0,0,0,0,0,0,0,0,0
61706,2,1,0,0,0,0,0,0,0,0,0,0
61707,0,1,9,9,9,9,9,9,9,9,9,9
61707,1,1,0,0,0,0,0,0,0,0,0,0
61707,2,1,0,0,0,0,0,0,0,0,0,0
61708,1,1,12,12,12,12,12,12,12,12,12,12
61709,1,1,0,0,0,0,0,0,0,0,0,0
61709,2,1,0,0,0,0,0,0,0,0,0,0
61709,3,1,0,0,0,0,0,28,0,0,0,0
61710,1,1,0,0,0,0,0,0,0,0,0,0
61710,2,1,0,0,0,0,0,0,0,0,0,0
61710,3,1,0,0,0,0,0,0,0,0,0,0
61711,0,1,0,0,0,0,0,0,0,0,0,0
61711,1,1,0,0,0,0,0,0,0,0,0,0
61712,1,1,2,2,2,2,2,2,2,2,2,2
61713,0,1,0,0,0,0,0,0,0,0,0,0
61713,1,1,0,0,0,0,0,0,0,25,0,0
61714,1,1,0,0,0,0,0,0,0,0,0,0
61714,2,1,0,0,0,0,0,0,0,0,0,0
61715,1,1,0,0,0,0,0,0,0,0,0,0
61716,1,1,0,0,0,0,0,0,0,0,0,0
61716,2,1,0,0,0,0,0,0,0,0,0,0
61717,1,1,0,0,0,0,0,0,0,0,0,0
61717,2,1,0,0,0,0,0,0,0,0,0,0
61718,0,1,0,0,0,0,0,0,0,0,0,0
61718,1,1,0,0,0,0,0,0,0,0,0,0
61719,0,1,0,0,0,0,0,0,0,0,0,0
61719,1,1,0,0,0,0,0,0,0,0,0,0
61720,1,1,0,0,0,0,0,0,0,0,0,0
61721,1,1,0,0,0,0,0,0,0,0,0,27
61721,2,1,0,0,0,0,0,0,0,0,0,0
61721,3,1,0,0,0,0,0,0,0,0,0,0
61722,0,1,0,0,0,0,0,0,0,0,0,0
61722,1,1,0,0,0,0,0,0,0,0,0,0
61723,0,1,0,0,0,0,0,0,0,0,0,0
61723,1,1,0,0,0,0,0,0,0,0,0,0
61724,1,1,0,0,0,0,0,0,0,0,0,0
61725,1,1,0,0,0,0,0,0,0,0,0,3
61725,2,1,12,12,12,12,12,12,12,12,12,12
61725,3,1,11,11,11,11,11,11,11,11,11,11
61726,1,1,0,0,0,0,4,0,0,0,0,0
61727,0,1,24,24,24,24,24,24,24,24,24,24
61727,1,1,0,0,0,0,0,0,0,0,0,0
61728,1,1,0,0,0,0,0,0,0,0,0,0
61728,2,1,0,0,0,0,0,0,0,0,0,0
61729,0,1,0,0,0,0,0,0,0,0,0,0
61729,1,1,0,0,0,0,0,0,0,0,0,0
61730,1,1,29,29,29,29,29,29,29,29,29,29
61730,2,1,0,0,0,0,0,0,0,0,0,0
61731,1,1,0,0,0,0,0,0,0,0,0,0
61731,2,1,0,0,0,0,0,0,0,0,0,0
61731,3,1,0,0,0,0,0,0,0,0,0,0
61732,1,1,12,12,12,12,12,12,12,12,12,12
61732,2,1,0,0,0,0,0,0,0,0,0,0
61733,1,1,0,0,0,0,0,0,0,0,0,0
61733,2,1,11,0,0,0,0,0,0,0,0,0
61734,0,1,6,6,6,6,6,6,6,6,6,6
61734,1,1,0,0,0,0,0,0,0,0,0,0
61735,1,1,0,0,0,0,0,0,0,0,0,0
61735,2,1,0,0,0,0,0,0,0,0,0,0
61736,1,1,0,0,0,0,0,0,0,0,0,0
61736,2,1,0,0,0,0,0,0,0,0,0,0
61736,3,1,0,0,0,0,7,0,0,0,0,0
61736,4,1,0,0,0,0,0,0,0,0,0,0
61736,5,1,0,0,0,0,0,0,0,0,0,0
61736,6,1,0,0,0,0,0,0,0,0,0,0
61737,1,1,0,0,0,0,0,0,0,0,0,0
61738,1,1,5,5,5,5,5,5,5,5,5,5
61738,2,1,0,0,0,0,0,0,0,0,0,0
61738,3,1,0,0,0,0,0,0,0,0,0,0
61738,4,1,0,0,0,0,0,0,0,0,0,0
61739,0,1,0,29,0,0,0,0,0,26,0,0
61739,1,1,15,15,15,15,15,15,15,15,15,15
61740,0,1,22,22,22,22,22,22,22,22,22,22
61740,0,2,26,26,26,26,26,26,26,26,26,26
61740,0,3,0,0,0,0,0,0,38,2,0,0
61740,1,1,3,3,3,3,3,3,3,3,3,3
61741,1,1,0,0,0,0,0,0,0,0,0,0
61742,1,1,0,0,0,0,0,0,0,0,0,0
61742,2,1,0,0,0,0,0,0,0,0,0,0
61743,1,1,20,20,20,20,20,20,20,20,20,20
61744,0,1,5,5,5,5,5,5,5,5,5,5
61744,1,1,0,0,0,0,0,0,0,0,0,0
61745,1,1,0,0,0,0,0,0,0,0,0,0
61745,2,1,0,0,0,0,0,0,0,0,0,0
61746,0,1,2,2,2,2,2,2,2,2,2,2
61746,1,1,0,0,0,0,0,0,0,0,0,0
61747,0,1,0,0,0,0,0,0,0,0,0,0
61747,1,1,0,0,0,0,0,0,0,0,0,0
61748,1,1,0,0,0,0,0,0,0,0,0,0
61748,2,1,0,0,0,0,0,0,0,0,0,0
61749,1,1,0,0,0,0,0,0,0,0,0,0
61749,2,1,0,0,0,0,0,0,0,0,0,0
61750,1,1,0,0,0,0,0,0,0,0,0,0
61750,2,1,0,0,0,0,0,0,0,0,0,0
61751,1,1,0,0,0,0,0,0,0,0,0,0
61752,1,1,17,17,17,17,17,17,17,17,17,17
61752,2,1,0,0,24,12,8,0,0,0,0,0
61752,3,1,0,0,0,0,0,0,0,0,0,0
61753,1,1,5,5,5,5,5,5,5,5,5,5
61754,1,1,0,0,0,0,0,0,0,0,0,0
61754,2,1,0,0,0,0,0,0,0,0,0,0
61755,0,1,0,0,0,0,0,0,0,0,0,0
61755,1,1,0,0,0,0,0,0,0,0,0,0
61756,1,1,10,10,10,10,10,10,10,10,10,10
61756,2,1,0,0,0,0,0,0,0,0,0,0
61756,3,1,0,0,0,0,0,0,0,0,0,0
61757,1,1,0,0,0,0,0,0,0,0,0,0
61758,0,1,0,0,0,0,0,0,0,0,0,0
61758,1,1,0,0,0,0,0,0,0,0,0,0
61759,1,1,15,6,31,35,20,16,0,0,2,23
61760,1,1,0,0,0,0,0,0,0,0,0,5
61761,1,1,25,25,25,25,25,25,25,25,25,25
61762,1,1,11,0,0,0,0,0,13,0,15,0
61762,2,1,0,0,0,15,0,0,0,0,0,0
61763,0,1,0,0,0,0,0,0,0,0,0,0
61763,1,1,0,0,27,0,0,14,0,0,0,18
61764,1,1,0,0,0,0,0,0,0,0,0,0
61764,2,1,0,0,0,0,0,0,0,0,0,0
61765,0,1,0,0,0,0,0,0,0,0,0,0
61765,1,1,0,0,0,0,0,0,0,0,0,0
61766,1,1,12,13,20,4,17,3,10,12,37,19
61767,1,1,24,24,24,24,24,24,24,24,24,24
61768,0,1,0,16,0,0,0,0,15,48,0,0
61768,1,1,0,0,0,0,0,0,0,0,0,0
61769,1,1,0,0,0,0,0,0,0,0,0,0
61769,2,1,0,0,0,0,0,0,0,0,0,0
61770,0,1,14,14,14,14,14,14,14,14,14,14
61770,1,1,0,0,0,0,0,30,0,0,0,0
61771,1,1,0,0,0,0,0,0,0,0,0,0
61772,0,1,25,25,25,25,25,25,25,25,25,25
61772,1,1,0,0,0,0,0,0,0,0,0,0
61773,1,1,0,0,0,0,0,0,0,0,0,0
61773,2,1,0,0,0,0,0,0,0,0,0,0
61774,1,1,0,0,0,0,0,0,0,0,0,0
61774,2,1,11,11,11,11,11,11,11,11,11,11
61775,1,1,16,16,16,16,16,16,16,16,16,16
61776,1,1,18,18,18,18,18,18,18,18,18,18
61777,1,1,15,15,15,15,15,15,15,15,15,15
61777,4,1,0,0,0,0,0,0,0,0,0,0
61778,0,1,0,0,0,0,0,0,2,14,0,0
61778,1,1,0,0,0,0,0,0,0,0,0,0
61779,1,1,0,0,0,0,0,0,0,0,0,0
61780,1,1,0,0,0,0,0,0,0,0,0,0
61781,0,1,0,0,0,0,0,0,0,0,0,0
61781,1,1,0,0,0,0,0,0,0,0,0,0
61782,1,1,17,17,17,17,17,17,17,17,17,17
61782,2,1,4,4,4,4,4,4,4,4,4,4
61783,1,1,0,0,0,0,0,0,0,0,0,0
61784,1,1,0,0,0,0,0,0,0,0,0,0
61785,1,1,0,0,0,0,0,0,0,16,0,0
61786,1,1,0,0,0,0,0,0,0,0,0,0
61786,2,1,21,21,21,21,21,21,21,21,21,21
61787,1,1,0,0,0,0,0,0,0,0,0,0
61788,1,1,0,0,0,0,0,0,0,0,0,0
61789,1,1,0,0,0,0,8,0,0,12,0,0
61790,0,1,0,0,0,0,0,0,0,0,0,0
61790,1,1,0,0,14,0,16,0,19,0,0,0
61791,0,1,0,0,0,0,0,0,0,0,0,0
61791,1,1,0,0,0,0,0,0,0,0,10,0
61792,0,1,22,22,22,22,22,22,22,22,22,22
61792,1,1,15,15,15,15,15,15,15,15,15,15
61793,1,1,0,0,0,0,0,0,0,0,0,0
61793,2,1,0,0,0,0,0,0,0,0,0,0
61794,1,1,0,0,0,0,0,0,0,0,0,0
61795,1,1,19,19,19,19,19,19,19,19,19,19
61796,1,1,0,0,0,0,0,0,0,0,0,0
61796,2,1,0,0,0,0,0,0,0,0,0,0
61797,1,1,0,0,0,0,0,0,0,0,0,0
61798,0,1,21,21,21,21,21,21,21,21,21,21
61798,1,1,0,0,0,0,0,0,0,0,24,0
61798,2,1,0,0,16,0,0,0,0,0,0,0
61798,3,1,0,0,7,22,7,0,18,0,0,0
61799,0,1,0,11,0,16,0,12,0,21,12,0
61799,0,2,0,0,0,0,0,0,0,0,0,0
61799,1,1,0,0,0,0,0,0,0,0,0,0
61800,1,1,0,0,0,0,0,0,0,0,0,13
61801,1,1,24,24,24,24,24,24,24,24,24,24
61801,2,1,0,0,0,0,0,0,0,0,0,0
61801,3,1,0,10,0,0,0,0,0,0,0,0
61802,0,1,27,22,11,0,7,17,0,0,22,7
61802,1,1,0,0,0,0,13,0,0,0,0,0
61803,1,1,0,0,0,0,0,0,0,0,0,0
61803,2,1,0,0,0,0,0,0,0,0,0,0
61804,1,1,3,3,3,3,3,3,3,3,3,3
61805,1,1,0,0,0,0,0,0,0,0,0,0
61805,2,1,0,0,0,0,0,0,0,0,0,0
61806,1,1,0,0,0,0,0,0,0,0,0,0
61807,0,1,16,16,16,16,16,16,16,16,16,16
61807,1,1,20,0,0,0,0,10,27,31,0,18
61808,0,1,0,0,0,0,0,0,0,0,0,0
61808,1,1,0,0,0,0,0,0,0,0,0,0
61809,0,1,27,27,27,27,27,27,27,27,27,27
61809,1,1,0,0,0,0,0,9,0,0,0,0
61810,0,1,0,0,0,0,0,0,0,0,0,0
61810,1,1,0,0,0,0,0,0,0,0,0,0
61810,2,1,0,0,0,0,0,0,0,0,24,0
61811,1,1,0,0,0,0,0,0,0,0,0,0
61811,2,1,0,0,0,0,0,0,0,0,0,0
61812,1,1,0,0,0,0,0,0,0,0,0,0
61812,2,1,0,0,0,0,0,0,0,0,0,0
61812,3,1,0,0,0,0,0,0,0,0,0,0
61813,1,1,34,34,34,34,34,34,34,34,34,34
61814,1,1,0,0,0,0,0,0,0,0,0,0
61814,2,1,0,0,9,0,0,0,0,0,0,0
61815,0,1,21,21,21,21,21,21,21,21,21,21
61815,1,1,13,0,38,0,0,0,0,0,0,14
61815,2,1,0,0,0,0,28,0,0,0,0,0
61816,1,1,0,0,0,0,0,0,0,0,0,0
61816,2,1,0,0,0,0,0,0,0,0,0,0
61817,0,1,0,0,0,0,0,0,0,0,0,0
61817,1,1,0,0,0,0,0,0,0,0,0,0
61818,0,1,0,17,8,0,0,32,0,0,18,0
61818,1,1,0,0,0,0,0,0,0,0,0,0
61819,1,1,0,0,0,0,0,0,0,0,0,0
61819,2,1,0,0,0,0,0,0,0,0,0,0
61820,0,1,0,0,0,0,0,0,0,0,0,0
61820,1,1,5,0,0,0,5,0,0,0,0,3
61821,1,1,0,0,0,0,0,0,0,0,0,0
61821,2,1,0,0,0,0,0,0,0,0,0,0
61822,1,1,16,16,16,16,16,16,16,16,16,16
61823,1,1,14,14,14,14,14,14,14,14,14,14
61824,0,1,23,23,23,23,23,23,23,23,23,23
61824,1,1,0,0,0,0,0,0,0,0,0,0
61824,2,1,0,0,0,0,0,0,16,12,0,0
61824,3,1,0,0,0,0,0,0,0,0,0,0
61824,4,1,0,0,0,0,0,0,0,0,0,0
61824,5,1,0,0,0,0,0,0,0,0,0,0
61825,1,1,0,0,0,0,0,0,0,0,18,0
61825,2,1,2,2,2,2,2,2,2,2,2,2
61826,0,1,0,0,0,0,0,0,0,0,0,0
61826,1,1,0,0,0,0,0,0,0,0,0,0
61827,1,1,19,19,19,19,19,19,19,19,19,19
61828,1,1,22,22,22,22,22,22,22,22,22,22
61829,1,1,0,0,0,0,0,0,0,0,0,0
61829,2,1,0,0,0,0,0,0,0,0,0,0
61830,0,1,0,0,0,0,0,0,0,0,0,0
61830,1,1,0,0,0,0,0,0,0,0,0,0
61831,0,1,0,0,0,0,0,0,0,0,0,0
61831,1,1,0,0,0,0,15,0,0,0,0,0
61832,0,1,0,24,0,0,24,30,19,0,26,0
61832,1,1,0,0,0,0,0,0,0,0,0,0
61833,0,1,0,0,0,0,0,0,0,0,0,0
61833,1,1,0,0,0,0,0,0,0,0,0,0
61834,0,1,0,0,0,0,0,0,0,0,0,0
61834,1,1,0,0,0,0,0,0,0,0,0,0
61835,1,1,20,20,20,20,20,20,20,20,20,20
61836,1,1,7,7,7,7,7,7,7,7,7,7
61837,1,1,4,4,4,4,4,4,4,4,4,4
61837,2,1,0,0,0,0,0,0,0,0,0,0
61838,0,1,0,0,0,0,0,0,0,0,0,0
61838,1,1,0,0,0,0,0,0,0,0,0,0
61839,0,1,25,25,25,25,25,25,25,25,25,25
61839,1,1,0,17,0,0,11,0,0,0,0,0
61840,0,1,0,0,0,0,0,0,0,0,0,0
61840,1,1,0,0,0,0,0,0,0,0,0,0
61841,1,1,0,0,0,0,0,0,0,0,0,0
61841,2,1,0,0,0,0,0,0,0,0,0,0
61842,0,1,8,8,8,8,8,8,8,8,8,8
61842,1,1,0,0,17,0,0,0,0,0,0,0
61843,1,1,0,0,0,0,0,0,0,0,0,0
61844,1,1,0,0,0,0,0,0,0,0,0,0
61844,2,1,17,3,0,0,0,0,0,0,0,0
61845,1,1,0,0,0,0,0,0,0,0,0,0
61845,2,1,0,0,0,0,0,0,0,0,0,0
61846,1,1,32,32,32,32,32,32,32,32,32,32
61847,1,1,0,0,0,0,0,0,0,0,0,0
61848,1,1,0,0,0,0,0,0,0,0,0,0
61848,2,1,0,0,0,0,0,0,0,0,0,0
61849,1,1,0,0,0,0,0,0,0,0,0,0
61850,0,1,16,16,16,16,16,16,16,16,16,16
61850,1,1,0,0,0,0,0,0,0,0,0,0
61851,1,1,11,11,11,11,11,11,11,11,11,11
61852,0,1,0,0,0,0,0,0,0,0,0,0
61852,1,1,2,2,2,2,2,2,2,2,2,2
61852,2,1,0,0,0,0,0,0,0,0,0,0
61853,0,1,0,0,0,0,0,0,0,0,0,0
61853,1,1,0,0,0,0,0,8,0,0,0,0
61854,1,1,0,0,0,0,0,0,0,0,0,0
61855,1,1,21,29,23,20,9,15,16,25,25,15
61855,2,1,11,0,0,0,0,0,0,0,0,0
61856,1,1,0,0,0,0,0,0,0,0,0,0
61856,2,1,0,0,0,0,0,0,0,0,0,0
61857,0,1,30,30,30,30,30,30,30,30,30,30
61857,1,1,26,0,0,0,0,0,22,31,0,0
61858,1,1,20,20,20,20,20,20,20,20,20,20
61858,2,1,0,0,0,0,0,0,0,0,0,0
61859,0,1,0,0,0,0,0,15,0,0,0,0
61859,1,1,0,0,0,0,0,11,0,0,0,0
61860,0,1,0,0,0,0,0,0,0,0,0,0
61860,1,1,0,0,0,0,0,15,0,0,0,0
61861,1,1,0,0,14,0,0,0,0,23,0,25
61862,1,1,0,0,0,0,0,0,0,0,5,0
61862,2,1,0,0,0,0,0,0,0,0,0,0
61863,1,1,0,0,0,0,0,0,0,0,0,0
61864,0,1,23,23,23,23,23,23,23,23,23,23
61864,1,1,0,0,0,0,0,0,0,0,0,0
61865,1,1,14,14,14,14,14,14,14,14,14,14
61866,1,1,18,18,18,18,18,18,18,18,18,18
61867,0,1,0,0,0,0,0,0,0,0,0,0
61867,0,2,0,0,0,0,0,0,0,0,0,0
61867,1,1,0,0,0,0,0,0,0,0,0,0
61868,1,1,22,5,0,16,11,21,21,4,24,23
61868,2,1,8,8,8,8,8,8,8,8,8,8
61869,1,1,28,28,28,28,28,28,28,28,28,28
61870,1,1,0,0,0,0,0,0,0,0,0,0
61871,1,1,0,0,0,0,0,0,0,0,0,0
61872,1,1,0,0,0,0,0,0,0,0,0,0
61872,2,1,0,0,0,0,0,0,0,0,0,0
61872,3,1,0,0,0,0,0,0,0,0,0,0
61873,1,1,0,0,0,0,0,0,0,0,0,0
61874,0,1,0,0,0,0,0,0,0,0,0,0
61874,1,1,0,0,0,0,0,0,0,0,0,0
61875,1,1,0,0,0,0,0,0,0,0,0,0
61876,1,1,15,15,15,15,15,15,15,15,15,15
61877,1,1,0,0,0,0,0,0,0,0,0,0
61878,1,1,0,0,0,0,0,0,0,0,0,0
61878,2,1,0,0,0,0,0,0,0,0,0,0
61879,1,1,0,0,0,0,0,0,0,0,0,0
61879,2,1,0,0,0,0,0,0,0,0,0,0
61880,1,1,0,0,0,0,0,0,0,0,36,0
61881,1,1,25,25,25,25,25,25,25,25,25,25
61881,2,1,0,0,0,0,0,0,0,0,13,0
61881,3,1,0,0,0,0,0,0,0,0,0,0
61882,1,1,0,0,0,0,0,0,0,0,0,0
61882,2,1,0,0,0,0,0,0,0,0,0,0
61883,1,1,0,0,0,0,0,0,0,0,0,0
61883,2,1,0,0,0,0,0,0,0,0,0,0
61884,1,1,15,15,15,15,15,15,15,15,15,15
61885,1,1,17,17,17,17,17,17,17,17,17,17
61886,1,1,0,0,0,0,0,0,0,0,0,0
61887,0,1,0,0,0,0,0,0,0,0,0,0
61887,1,1,0,0,0,0,0,0,0,0,0,0
61888,0,1,0,0,0,0,0,0,0,0,0,0
61888,1,1,0,0,0,16,0,0,0,0,0,0
61889,1,1,0,0,0,0,0,0,0,0,0,0
61889,2,1,0,0,0,0,0,0,0,0,0,0
61890,1,1,0,0,0,0,0,0,0,0,0,0
61890,2,1,0,0,0,0,0,0,0,0,0,0
61891,0,1,0,0,0,0,0,0,0,0,0,0
61891,1,1,0,0,0,0,0,0,0,0,0,0
61891,2,1,0,0,0,0,0,0,0,0,0,0
61891,3,1,0,0,0,0,0,0,0,0,0,0
61892,0,1,0,0,0,0,0,0,0,0,0,0
61892,1,1,0,0,0,0,0,0,0,0,0,0
61893,1,1,0,0,0,0,0,0,0,0,0,0
61893,2,1,0,0,0,0,0,0,0,0,0,0
61894,0,1,0,0,0,0,0,0,0,0,0,0
61894,1,1,0,0,0,0,0,0,0,0,0,0
61895,1,1,0,0,0,0,0,0,0,0,0,0
61895,2,1,3,3,3,3,3,3,3,3,3,3
61896,0,1,35,35,35,35,35,35,35,35,35,35
61896,1,1,9,9,9,9,9,9,9,9,9,9
61897,1,1,0,0,0,0,0,0,0,0,0,0
61897,2,1,0,0,0,4,0,0,0,0,0,0
61898,1,1,0,0,0,0,0,0,0,0,0,0
61898,2,1,0,0,0,0,0,0,0,0,0,0
61899,0,1,0,0,0,19,0,20,0,0,0,10
61899,1,1,0,0,0,0,0,0,0,0,0,0
61900,1,1,17,0,0,0,27,0,0,0,0,0
61900,2,1,10,22,0,13,29,0,0,11,0,0
61900,3,1,0,18,0,0,0,0,0,0,0,0
61901,1,1,0,0,0,0,0,0,0,0,0,0
61902,1,1,0,0,0,0,0,0,0,0,0,0
61902,2,1,0,0,0,0,0,0,0,0,0,0
61903,1,1,22,22,22,22,22,22,22,22,22,22
61904,1,1,0,0,0,0,0,0,0,0,0,0
61905,1,1,10,0,0,38,0,0,0,0,0,0
61906,1,1,0,0,0,0,0,0,0,6,0,0
61907,1,1,0,0,0,0,0,0,0,0,0,0
61907,2,1,0,0,0,0,0,0,0,0,0,0
61907,3,1,14,0,0,0,0,0,0,17,0,0
61908,1,1,12,12,12,12,12,12,12,12,12,12
61908,2,1,0,0,0,0,0,0,0,0,0,0
61909,1,1,19,0,12,0,16,15,0,31,12,6
61909,2,1,33,0,0,12,0,0,0,0,0,0
61910,0,1,35,35,35,35,35,35,35,35,35,35
61910,1,1,0,0,0,0,0,0,0,0,0,0
61911,0,1,0,0,0,0,0,0,0,0,0,0
61911,1,1,0,0,0,0,0,0,0,0,0,0
61912,1,1,26,26,26,26,26,26,26,26,26,26
61912,2,1,0,0,0,0,0,0,0,0,0,0
61913,1,1,29,29,29,29,29,29,29,29,29,29
61914,1,1,0,0,0,0,0,0,0,0,0,0
61914,2,1,0,0,0,0,0,0,0,0,0,0
61915,0,1,0,0,0,0,0,0,0,0,0,0
61915,1,1,0,0,0,0,0,0,0,0,0,0
61915,2,1,0,0,0,0,0,0,0,0,0,0
61916,1,1,0,0,0,0,0,0,0,0,0,0
61916,2,1,0,0,0,0,0,0,0,0,0,0
61916,3,1,0,3,0,0,0,0,0,0,0,0
61917,1,1,0,0,0,0,0,0,0,0,0,0
61918,1,1,0,0,0,0,0,0,0,0,0,0
61918,2,1,0,0,0,0,0,0,0,0,0,0
61919,1,1,16,16,16,16,16,16,16,16,16,16
61920,1,1,0,0,0,0,0,0,0,0,0,0
61920,2,1,0,0,0,0,0,0,0,0,0,0
61920,3,1,0,0,0,0,0,0,0,0,0,0
61921,1,1,0,0,0,0,0,0,0,0,0,0
61922,0,1,14,14,14,14,14,14,14,14,14,14
61922,1,1,0,0,0,0,0,0,0,0,0,0
61923,1,1,20,20,20,20,20,20,20,20,20,20
61924,1,1,18,18,18,18,18,18,18,18,18,18
61925,1,1,0,0,0,0,0,0,0,0,0,0
61926,0,1,0,0,0,0,0,0,36,0,0,0
61926,1,1,0,0,0,0,0,0,0,0,0,0
61927,0,1,0,0,0,0,0,0,0,0,0,0
61927,1,1,0,0,0,0,0,0,0,0,0,0
61928,0,1,46,46,46,46,46,46,46,46,46,46
61928,1,1,0,0,18,0,0,27,20,10,0,0
61929,1,1,0,0,0,0,0,0,0,0,0,0
61930,1,1,7,7,7,7,7,7,7,7,7,7
61930,2,1,0,0,0,0,0,0,0,0,0,0
61931,1,1,29,29,29,29,29,29,29,29,29,29
61932,1,1,0,0,0,0,0,0,0,0,0,0
61932,2,1,0,0,0,0,0,0,0,0,0,0
61933,1,1,0,0,0,0,0,0,0,0,0,0
61934,0,1,0,0,0,0,0,0,0,0,0,0
61934,1,1,5,5,5,5,5,5,5,5,5,5
61935,0,1,0,0,0,0,0,0,0,0,0,0
61936,0,1,0,0,0,0,0,0,0,0,0,0
61936,1,1,0,0,0,22,11,0,5,0,25,0
61937,1,1,0,0,0,0,12,20,0,0,0,0
61937,2,1,0,10,0,0,0,0,6,0,0,0
61938,1,1,0,0,0,0,0,0,0,0,0,0
61938,2,1,19,19,19,19,19,19,19,19,19,19
61939,1,1,0,0,0,0,0,0,0,0,0,0
61939,2,1,0,0,0,0,0,5,0,0,0,0
61939,3,1,0,0,28,0,0,0,0,9,0,0
61939,4,1,0,0,13,0,0,0,0,0,0,0
61940,0,1,25,25,25,25,25,25,25,25,25,25
61940,1,1,13,0,0,0,0,0,0,0,0,0
61941,1,1,18,10,24,0,0,13,7,34,23,15
61942,1,1,18,18,18,18,18,18,18,18,18,18
61943,1,1,15,15,15,15,15,15,15,15,15,15
61944,1,1,7,18,17,24,15,27,20,17,6,36
61945,1,1,10,10,10,10,10,10,10,10,10,10
61945,2,1,0,0,0,0,0,0,0,0,0,0
61946,1,1,0,0,0,0,0,0,0,0,0,0
61946,2,1,0,0,0,0,0,0,0,0,0,0
61947,1,1,7,7,7,7,7,7,7,7,7,7
61948,1,1,5,5,5,5,5,5,5,5,5,5
61949,1,1,0,0,0,0,0,0,0,0,0,0
61950,1,1,0,0,0,0,0,0,0,0,0,0
61951,0,1,33,33,33,33,33,33,33,33,33,33
61951,1,1,0,0,0,0,0,0,0,0,0,0
61952,0,1,0,0,0,0,0,0,0,0,0,0
61952,1,1,0,0,0,0,0,27,0,0,0,0
61953,0,1,25,25,25,25,25,25,25,25,25,25
61953,1,1,5,5,5,5,5,5,5,5,5,5
61954,1,1,0,0,0,0,0,0,0,0,0,0
61954,2,1,0,0,0,0,0,0,0,0,0,0
61955,1,1,3,3,3,3,3,3,3,3,3,3
61955,2,1,3,3,3,3,3,3,3,3,3,3
61956,0,1,0,0,0,0,0,0,0,0,0,0
61957,1,1,25,0,17,0,29,0,0,0,0,14
61957,2,1,0,0,0,0,0,0,0,0,0,0
61957,3,1,0,0,0,0,0,0,0,0,0,0
61957,4,1,0,0,0,8,0,0,0,0,0,0
61957,5,1,0,0,0,0,0,0,0,0,0,0
61958,0,1,0,0,0,0,0,0,0,0,0,0
61958,1,1,0,0,0,0,0,0,0,0,0,0
61959,1,1,0,0,0,0,0,0,0,0,0,0
61960,1,1,24,24,24,24,24,24,24,24,24,24
61961,1,1,0,0,0,0,0,0,0,0,0,0
61962,1,1,0,0,0,0,26,0,4,0,0,0
61963,1,1,0,0,0,0,0,0,0,0,0,0
61963,2,1,0,0,0,0,0,0,0,0,0,0
61964,1,1,10,10,10,10,10,10,10,10,10,10
61965,1,1,0,0,0,0,0,0,0,0,0,0