ST_CASE,VEH_NO,PER_NO,P1,P2,P3,P4,P5,P6,P7,P8,P9,P10
61966,1,1,12,12,12,12,12,12,12,12,12,12
61967,1,1,15,15,15,15,15,15,15,15,15,15
61968,1,1,0,0,0,0,0,0,0,0,0,0
61969,1,1,4,4,4,4,4,4,4,4,4,4
61970,1,1,0,0,0,0,0,0,0,0,0,0
61970,2,1,1,1,1,1,1,1,1,1,1,1
61971,1,1,0,0,0,0,0,0,0,0,0,0
61972,1,1,0,0,0,0,0,0,0,0,0,0
61973,1,1,0,0,0,0,0,0,0,0,0,0
61974,0,1,0,0,0,0,0,0,0,0,0,0
61974,1,1,0,22,0,0,25,0,13,0,0,0
61975,0,1,28,28,28,28,28,28,28,28,28,28
61975,1,1,0,0,0,0,0,0,0,0,0,0
61976,0,1,10,0,0,16,0,0,0,0,0,13
61976,1,1,0,14,0,28,0,0,16,0,0,0
61977,0,1,0,0,0,0,0,0,0,0,0,0
61977,1,1,0,0,0,0,0,0,0,0,0,0
61978,1,1,0,0,0,0,0,0,0,0,0,0
61978,2,1,0,0,0,0,0,0,0,0,0,0
61979,0,1,29,3,19,0,0,24,0,25,14,9
61979,1,1,15,15,15,15,15,15,15,15,15,15
61980,0,1,0,0,0,0,0,0,0,0,0,0
61980,1,1,0,0,0,0,0,0,0,0,0,0
61981,1,1,0,0,0,0,0,0,0,0,0,0
61982,1,1,0,27,26,0,0,0,19,8,0,0
61983,0,1,3,3,3,3,3,3,3,3,3,3
61983,1,1,0,0,0,0,28,21,16,7,10,0
61984,0,1,0,0,0,0,0,0,0,0,0,0
61984,1,1,0,0,0,0,0,0,0,0,0,0
61985,1,1,0,0,0,0,0,0,0,0,0,0
61986,1,1,0,0,0,0,0,0,0,0,0,0
61987,1,1,0,0,0,0,0,0,0,0,0,0
61987,2,1,0,0,0,0,0,0,0,0,0,0
61988,1,1,27,27,27,27,27,27,27,27,27,27
61989,1,1,32,32,32,32,32,32,32,32,32,32
61990,1,1,29,29,29,29,29,29,29,29,29,29
61990,2,1,0,0,0,0,0,0,0,0,0,0
61991,0,1,28,28,28,28,28,28,28,28,28,28
61991,1,1,0,0,0,0,0,0,0,0,0,0
61992,1,1,0,0,0,0,0,0,0,0,0,0
61992,2,1,0,0,0,0,0,0,0,0,0,0
61992,3,1,0,0,0,0,0,0,25,0,0,0
61993,1,1,0,0,0,0,0,0,0,0,0,0
61994,1,1,0,0,0,0,0,0,0,0,0,0
61995,1,1,0,0,0,0,0,0,0,0,0,0
61996,0,1,0,0,0,0,0,0,0,0,0,0
61996,1,1,0,0,0,0,0,0,0,0,0,0
61997,1,1,0,0,0,0,0,0,0,0,0,0
61998,1,1,0,0,0,0,0,0,0,0,0,0
61998,2,1,8,8,8,8,8,8,8,8,8,8
61999,1,1,0,0,0,0,0,0,0,0,0,0
61999,2,1,10,10,10,10,10,10,10,10,10,10
62000,0,1,0,33,0,14,0,9,17,9,0,14
62000,1,1,0,0,0,0,0,0,0,0,0,0
62001,1,1,19,19,19,19,19,19,19,19,19,19
62001,2,1,0,0,0,0,0,0,0,0,0,0
62002,1,1,2,2,2,2,2,2,2,2,2,2
62002,2,1,0,0,0,0,0,0,0,0,17,0
62003,1,1,0,0,0,0,0,0,0,0,0,0
62003,2,1,0,0,0,0,0,0,0,0,0,0
62003,3,1,0,0,0,0,0,0,0,0,0,0
62004,0,1,0,0,0,0,0,0,0,0,0,0
62004,1,1,18,0,18,0,0,6,0,0,18,0
62005,0,1,14,14,14,14,14,14,14,14,14,14
62005,1,1,0,0,0,0,0,0,0,0,0,0
62006,0,1,0,0,0,0,0,0,0,0,0,0
62006,1,1,0,0,0,0,0,0,0,0,0,0
62007,1,1,0,0,0,0,0,0,0,0,0,0
62008,1,1,0,0,0,0,0,0,0,0,0,0
62008,2,1,0,0,0,0,0,0,0,0,0,0
62009,0,1,0,0,0,0,0,0,0,0,0,0
62009,0,2,0,0,0,0,0,0,0,0,0,0
62009,1,1,28,28,28,28,28,28,28,28,28,28
62010,0,1,0,0,0,0,0,0,0,0,0,0
62010,1,1,0,0,0,0,0,0,0,0,0,0
62010,3,1,0,0,0,0,0,0,0,0,13,0
62011,1,1,18,18,18,18,18,18,18,18,18,18
62012,0,1,0,0,0,0,0,0,0,0,0,0
62012,1,1,26,16,0,29,0,11,8,18,18,17
62013,1,1,0,0,0,0,0,0,15,0,0,7
62014,1,1,0,0,0,0,0,0,0,0,0,0
62014,2,1,0,0,0,0,0,0,0,0,0,0
62014,3,1,0,0,0,0,0,0,0,0,0,0
62015,0,1,0,0,0,0,0,0,0,0,0,0
62015,1,1,0,0,0,0,0,0,0,0,0,0
62016,1,1,15,15,15,15,15,15,15,15,15,15
62016,2,1,7,0,7,0,0,0,0,0,0,12
62017,0,1,8,8,8,8,8,8,8,8,8,8
62017,1,1,0,0,0,0,0,0,0,0,0,0
62018,1,1,0,0,0,0,0,0,0,0,0,0
62019,1,1,0,0,0,0,0,0,0,0,0,0
62019,2,1,0,0,0,0,0,0,0,0,0,0
62020,1,1,0,0,0,0,0,0,0,0,0,0
62020,2,1,0,0,0,0,0,0,0,0,0,0
62021,1,1,1,1,1,1,1,1,1,1,1,1
62021,2,1,0,0,0,0,0,0,0,0,0,0
62022,1,1,0,0,0,0,0,0,0,0,0,0
62022,2,1,0,0,0,0,0,0,0,0,0,0
62023,0,1,26,26,26,26,26,26,26,26,26,26
62023,1,1,0,0,0,0,0,0,0,0,0,0
62024,1,1,18,18,18,18,18,18,18,18,18,18
62024,2,1,0,0,0,0,0,0,0,0,0,0
62025,1,1,23,23,23,23,23,23,23,23,23,23
62026,1,1,14,14,14,14,14,14,14,14,14,14
62026,2,1,0,0,0,0,0,0,0,0,0,0
62027,1,1,0,0,0,0,0,0,0,0,0,0
62027,2,1,0,0,0,0,0,0,0,0,0,0
62028,1,1,21,36,30,18,12,18,21,22,0,27
62029,0,1,0,0,0,0,0,0,0,0,0,0
62029,0,2,0,0,0,0,0,0,0,0,6,0
62029,1,1,17,17,17,17,17,17,17,17,17,17
62030,1,1,7,7,7,7,7,7,7,7,7,7
62031,1,1,22,22,22,22,22,22,22,22,22,22
62032,1,1,0,0,0,0,0,0,0,0,0,0
62032,2,1,0,0,0,0,0,0,0,0,0,0
62033,0,1,0,0,0,0,0,0,0,0,0,0
62033,0,2,0,0,0,0,0,0,0,0,0,0
62033,1,1,0,0,5,0,0,14,0,0,0,0
62034,1,1,0,0,0,0,0,0,0,0,0,0
62035,1,1,0,0,0,0,0,0,0,0,17,0
62035,2,1,0,0,0,0,0,0,0,0,0,0
62036,0,1,14,14,14,14,14,14,14,14,14,14
62036,1,1,0,0,14,0,8,0,8,30,21,12
62037,0,1,0,0,0,0,0,0,0,0,0,0
62037,1,1,0,0,0,27,0,0,0,0,0,0
62038,1,1,0,0,0,0,0,0,0,0,0,0
62038,2,1,0,0,0,0,0,0,0,0,0,0
62039,0,1,0,0,0,0,0,0,0,0,0,0
62039,0,2,0,0,0,0,0,0,0,0,0,0
62039,0,3,0,21,10,0,21,0,0,0,0,6
62039,1,1,21,21,21,21,21,21,21,21,21,21
62039,2,1,4,4,4,4,4,4,4,4,4,4
62040,1,1,19,19,19,19,19,19,19,19,19,19
62041,0,1,14,14,14,14,14,14,14,14,14,14
62041,1,1,0,0,0,0,0,0,0,0,0,0
62042,1,1,7,7,7,7,7,7,7,7,7,7
62043,1,1,0,0,0,0,0,0,0,0,0,0
62043,2,1,0,0,0,0,0,0,0,0,0,0
62044,0,1,4,4,4,4,4,4,4,4,4,4
62044,1,1,0,0,0,0,0,0,0,0,0,0
62045,1,1,14,16,18,14,0,14,0,28,0,8
62046,1,1,0,0,0,0,0,0,0,0,0,0
62047,1,1,0,0,0,0,0,0,0,0,0,0
62047,2,1,0,0,0,0,0,0,0,0,0,0
62048,1,1,26,26,26,26,26,26,26,26,26,26
62048,2,1,0,0,0,0,0,0,0,0,0,0
62049,1,1,0,0,0,0,14,0,0,0,0,0
62049,2,1,17,0,11,14,20,0,0,19,13,0
62050,1,1,10,10,10,10,10,10,10,10,10,10
62050,2,1,0,0,0,0,0,0,0,0,0,0
62051,1,1,9,9,9,9,9,9,9,9,9,9
62051,2,1,0,0,0,0,0,0,0,0,0,10
62052,1,1,0,0,0,0,0,0,0,0,0,18
62052,2,1,0,0,0,0,0,0,0,0,0,0
62053,0,1,0,0,0,0,0,0,0,0,0,0
62053,1,1,0,0,0,0,0,0,0,0,0,0
62054,1,1,27,27,27,27,27,27,27,27,27,27
62055,1,1,0,0,0,0,0,0,0,0,0,0
62056,0,1,29,29,29,29,29,29,29,29,29,29
62056,1,1,0,0,0,0,0,0,0,0,0,0
62057,1,1,0,0,0,0,0,0,0,0,0,0
62057,2,1,0,0,0,0,0,0,0,0,0,0
62057,3,1,0,0,0,0,0,0,0,0,0,0
62058,0,1,17,17,17,17,17,17,17,17,17,17
62058,1,1,0,25,0,0,0,0,6,0,13,0
62059,1,1,0,0,0,0,0,0,0,0,0,0
62059,2,1,0,0,0,0,0,0,0,0,0,0
62060,1,1,0,0,0,0,0,0,0,0,0,0
62060,2,1,0,0,0,0,0,0,0,0,0,0
62061,0,1,0,0,0,0,0,0,0,0,0,0
62061,1,1,0,0,0,0,0,0,0,0,0,0
62062,1,1,12,12,12,12,12,12,12,12,12,12
62062,2,1,0,0,0,0,0,0,0,0,0,0
62063,1,1,18,18,18,18,18,18,18,18,18,18
62064,0,1,0,0,0,0,0,0,0,0,0,0
62064,1,1,0,0,0,0,0,0,0,0,0,0
62065,1,1,13,13,13,13,13,13,13,13,13,13
62066,1,1,0,0,0,0,20,0,0,0,0,18
62066,2,1,20,0,11,0,0,0,0,5,0,0
62066,3,1,5,5,5,5,5,5,5,5,5,5
62066,4,1,0,0,0,18,19,0,0,0,0,0
62067,1,1,0,0,0,0,0,0,0,0,23,0
62067,2,1,0,0,0,0,0,0,0,0,0,0
62068,1,1,21,21,21,21,21,21,21,21,21,21
62069,0,1,3,3,3,3,3,3,3,3,3,3
62069,1,1,0,0,0,0,0,0,0,0,0,0
62070,1,1,14,14,14,14,14,14,14,14,14,14
62071,0,1,18,18,18,18,18,18,18,18,18,18
62071,1,1,0,0,0,0,0,0,0,0,0,0
62072,1,1,0,0,0,0,0,0,0,0,0,0
62073,0,1,0,0,0,0,0,0,0,0,0,0
62073,1,1,0,0,0,0,19,0,0,0,0,0
62073,2,1,0,0,0,0,0,0,0,0,0,0
62074,1,1,0,0,0,11,0,0,0,0,0,0
62075,0,1,15,15,15,15,15,15,15,15,15,15
62075,1,1,0,0,0,0,0,0,0,0,0,0
62076,1,1,0,0,0,0,0,0,0,0,0,0
62076,2,1,0,0,0,0,0,0,0,0,0,0
62077,1,1,26,26,26,26,26,26,26,26,26,26
62077,2,1,0,19,0,0,35,0,0,0,0,0
62078,1,1,0,0,0,0,0,0,0,0,0,0
62078,2,1,0,0,0,0,0,0,0,0,0,0
62079,1,1,0,0,0,0,0,0,0,0,0,0
62079,2,1,22,22,22,22,22,22,22,22,22,22
62080,0,1,0,0,0,0,0,0,0,0,0,0
62080,1,1,0,0,0,0,0,0,0,0,0,0
62081,1,1,0,0,0,0,0,0,0,0,0,0
62081,2,1,0,0,0,0,0,0,0,0,0,0
62082,0,1,0,0,0,22,0,0,0,0,0,0
62082,1,1,0,0,0,0,0,0,0,0,0,0
62083,0,1,13,13,13,13,13,13,13,13,13,13
62083,1,1,9,9,9,9,9,9,9,9,9,9
62084,0,1,0,0,0,0,0,0,0,0,0,0
62084,1,1,0,0,0,0,0,0,0,0,0,0
62085,0,1,31,31,31,31,31,31,31,31,31,31
62085,1,1,0,0,0,0,0,0,0,0,0,0
62086,0,1,0,0,0,0,0,0,0,0,0,0
62086,1,1,0,0,0,34,0,0,0,9,10,0
62087,1,1,25,25,25,25,25,25,25,25,25,25
62088,0,1,0,0,0,0,0,0,0,0,0,0
62088,1,1,0,0,10,7,12,0,29,0,22,0
62089,1,1,1,1,1,1,1,1,1,1,1,1
62090,1,1,0,0,0,0,0,0,0,0,0,0
62090,2,1,5,5,5,5,5,5,5,5,5,5
62091,1,1,11,21,0,9,18,8,24,20,5,17
62092,1,1,0,0,0,22,16,39,7,0,20,41
62093,1,1,0,0,0,0,0,0,0,0,0,0
62093,2,1,0,0,0,0,0,0,0,0,0,0
62094,1,1,0,0,0,21,0,0,0,13,0,0
62095,1,1,24,24,24,24,24,24,24,24,24,24
62095,2,1,0,0,0,0,0,0,0,0,0,0
62096,1,1,0,0,0,0,0,0,0,0,0,0
62097,1,1,0,0,0,0,0,0,0,0,0,0
62097,2,1,0,0,0,0,0,0,0,0,0,0
62098,0,1,0,0,12,0,35,17,0,11,0,12
62098,1,1,0,14,0,0,0,0,0,0,0,0
62099,1,1,0,0,0,0,0,0,0,0,0,0
62099,2,1,3,0,0,0,0,12,0,0,0,0
62100,0,1,0,0,0,0,0,0,0,0,0,0
62100,1,1,0,0,0,0,0,0,0,0,0,0
62101,1,1,26,26,26,26,26,26,26,26,26,26
62101,2,1,0,0,0,0,0,0,0,0,0,0
62102,1,1,0,0,0,0,0,0,0,0,0,0
62102,2,1,0,0,0,0,0,0,0,0,0,0
62103,1,1,0,0,0,0,0,0,0,0,0,0
62104,1,1,0,0,0,0,0,0,0,0,0,0
62104,2,1,0,0,0,0,0,0,0,0,0,0
62105,0,1,0,0,0,0,0,0,0,0,0,0
62105,1,1,0,0,0,0,0,0,0,0,0,0
62106,1,1,20,0,16,0,0,0,0,0,0,24
62107,1,1,18,18,18,18,18,18,18,18,18,18
62108,1,1,0,0,0,0,0,0,0,0,27,0
62108,2,1,12,0,0,0,0,0,10,0,0,0
62108,3,1,0,0,0,0,0,0,0,0,0,0
62109,1,1,0,0,0,0,0,0,0,0,0,0
62110,1,1,0,0,0,22,23,0,22,0,0,0
62111,0,1,0,0,0,0,0,0,0,0,0,0
62111,1,1,0,0,0,0,0,0,0,0,0,0
62112,1,1,0,0,0,0,0,0,0,0,0,0
62112,2,1,0,2,11,0,15,0,0,0,0,19
62113,1,1,12,12,12,12,12,12,12,12,12,12
62114,1,1,0,0,0,23,0,0,0,0,0,11
62114,2,1,18,18,18,18,18,18,18,18,18,18
62115,0,1,0,0,0,0,0,0,0,0,0,0
62115,1,1,0,0,0,0,0,0,0,0,0,0
62116,1,1,13,13,13,13,13,13,13,13,13,13
62116,2,1,0,0,0,0,0,0,0,0,0,0
62117,0,1,0,0,0,0,0,0,0,0,0,0
62117,1,1,0,0,0,0,0,0,0,0,0,0
62118,0,1,0,0,0,0,0,0,0,0,0,0
62118,1,1,0,0,0,0,0,0,0,0,0,0
62118,2,1,0,0,0,0,0,0,0,0,0,0
62118,3,1,0,0,0,0,13,0,0,0,0,0
62118,4,1,0,0,0,0,0,0,0,0,25,0
62118,5,1,0,0,13,51,0,0,0,0,0,0
62119,1,1,29,29,29,29,29,29,29,29,29,29
62120,0,1,0,0,0,0,0,0,0,0,0,0
62120,1,1,0,0,0,0,0,0,0,0,0,0
62121,1,1,22,22,22,22,22,22,22,22,22,22
62121,2,1,0,0,0,0,0,0,0,0,5,0
62122,0,1,0,0,0,0,0,0,0,0,0,0
62122,1,1,23,0,0,9,0,0,0,17,5,0
62123,1,1,0,25,12,0,0,0,0,0,0,0
62124,0,1,0,0,0,0,0,0,0,0,0,0
62124,1,1,0,16,0,0,10,0,0,0,0,0
62125,1,1,0,0,0,0,0,0,0,0,0,0
62125,2,1,0,0,0,0,0,0,0,0,0,0
62126,1,1,0,0,0,0,0,0,0,0,0,0
62126,2,1,0,0,0,0,0,0,0,0,0,0
62127,1,1,21,21,21,21,21,21,21,21,21,21
62128,1,1,0,0,0,0,0,0,0,0,0,0
62129,1,1,11,11,11,11,11,11,11,11,11,11
62129,2,1,0,0,0,0,0,0,0,0,0,0
62130,0,1,0,0,0,0,0,0,0,0,0,0
62130,1,1,0,0,0,0,0,0,15,0,0,0
62131,1,1,0,0,0,0,0,0,0,0,0,0
62131,2,1,0,0,0,14,0,0,0,0,0,0
62132,1,1,11,11,11,11,11,11,11,11,11,11
62132,2,1,0,0,0,0,0,0,0,7,0,0
62133,1,1,0,0,0,0,0,0,0,0,0,0
62133,2,1,24,0,0,0,0,0,0,9,0,0
62134,1,1,18,18,18,18,18,18,18,18,18,18
62134,2,4,0,0,0,0,0,0,0,0,0,0
62135,1,1,21,21,21,21,21,21,21,21,21,21
62136,1,1,0,0,0,0,0,0,0,0,0,0
62136,2,1,0,0,0,0,0,0,0,0,0,0
62137,1,1,0,0,0,0,0,0,0,0,0,0
62137,2,1,0,0,0,0,0,0,0,0,0,0
62138,0,1,21,21,21,21,21,21,21,21,21,21
62138,1,1,0,0,0,0,0,0,0,0,0,0
62139,1,1,16,20,24,7,12,20,10,25,15,20
62139,2,1,0,0,0,0,0,0,0,0,0,0
62140,0,1,0,0,0,0,0,0,0,0,0,0
62140,1,1,0,0,0,0,0,0,0,0,0,0
62141,1,1,0,22,0,0,0,0,0,0,0,0
62141,2,1,0,0,8,0,0,0,0,0,0,0
62142,1,1,0,0,0,0,0,0,0,0,0,0
62142,2,1,0,0,0,0,0,0,0,0,0,4
62143,0,1,0,0,0,0,0,0,0,25,19,0
62143,1,1,0,0,0,0,0,0,0,0,0,0
62144,0,1,0,0,0,0,0,0,0,0,0,0
62144,1,1,15,0,0,0,0,0,0,0,0,0
62145,0,1,6,6,6,6,6,6,6,6,6,6
62145,1,1,0,0,0,0,0,0,0,0,0,0
62146,1,1,16,16,16,16,16,16,16,16,16,16
62147,1,1,23,23,23,23,23,23,23,23,23,23
62148,1,1,14,14,14,14,14,14,14,14,14,14
62148,2,1,0,0,0,0,0,0,0,0,0,0
62148,3,1,0,0,0,0,0,0,0,0,0,0
62149,0,1,21,21,21,21,21,21,21,21,21,21
62149,1,1,0,0,0,0,0,0,0,0,0,8
62150,0,1,20,20,20,20,20,20,20,20,20,20
62150,1,1,3,0,0,0,0,0,0,0,0,0
62151,1,1,0,0,0,0,0,0,0,0,0,0
62151,2,1,0,0,0,0,0,0,0,0,0,0
62152,1,1,0,0,0,0,0,0,0,0,0,0
62152,2,1,0,0,0,0,0,0,0,0,0,0
62152,3,1,1,1,1,1,1,1,1,1,1,1
62153,0,1,4,4,4,4,4,4,4,4,4,4
62153,1,1,0,0,0,0,0,0,0,0,0,0
62154,1,1,32,32,32,32,32,32,32,32,32,32
62155,1,1,0,0,0,0,0,0,0,0,0,0
62155,2,1,0,0,0,0,0,0,0,0,0,0
62156,0,1,0,0,0,0,0,0,0,0,0,0
62156,1,1,0,0,0,0,0,0,0,0,0,0
62157,0,1,0,0,0,0,0,0,0,0,0,0
62157,1,1,0,0,0,0,0,0,0,0,0,0
62158,1,1,26,26,26,26,26,26,26,26,26,26
62159,0,1,32,32,32,32,32,32,32,32,32,32
62159,1,1,35,22,12,34,7,21,37,25,0,20
62160,1,1,0,0,0,0,0,0,0,0,0,0
62160,2,1,0,0,0,0,0,0,0,0,0,0
62161,0,1,17,17,17,17,17,17,17,17,17,17
62161,1,1,0,0,0,0,0,0,0,0,0,0
62162,1,1,0,0,0,0,0,0,0,0,0,0
62162,2,1,0,0,0,0,0,0,0,0,0,0
62163,1,1,29,29,29,29,29,29,29,29,29,29
62164,1,1,0,0,13,12,0,0,0,0,0,0
62164,2,1,0,0,0,0,0,0,0,0,0,0
62165,0,1,0,0,0,0,0,27,0,0,0,0
62165,0,2,0,0,0,0,0,13,0,50,11,0
62165,1,1,0,0,0,0,0,0,0,0,0,0
62166,0,1,0,0,0,16,8,0,8,0,8,14
62166,1,1,0,0,0,0,0,0,0,0,0,0
62167,0,1,0,0,0,0,0,0,0,0,0,0
62167,1,1,0,0,0,0,0,0,0,0,0,0
62168,0,1,31,31,31,31,31,31,31,31,31,31
62168,1,1,0,0,0,0,0,0,0,0,0,0
62169,1,1,0,0,0,0,0,0,0,0,0,0
62169,2,1,0,0,0,0,0,0,0,0,0,0
62170,1,1,0,0,0,0,0,0,0,0,0,0
62170,2,1,0,0,0,0,0,6,0,0,0,0
62171,1,1,0,0,0,0,0,0,0,0,0,0
62172,1,1,0,0,0,0,0,0,0,0,0,0
62172,2,1,0,0,0,0,0,0,0,0,0,0
62172,3,1,0,0,0,0,0,0,0,0,0,0
62173,0,1,0,0,0,0,0,0,0,0,0,0
62173,1,1,9,12,14,22,10,0,9,8,16,13
62174,1,1,31,31,31,31,31,31,31,31,31,31
62175,1,1,0,0,0,0,0,0,0,0,0,0
62176,1,1,0,0,0,0,0,0,0,0,0,0
62177,0,1,38,38,38,38,38,38,38,38,38,38
62177,1,1,0,6,0,0,0,0,0,0,0,0
62178,0,1,36,36,36,36,36,36,36,36,36,36
62178,1,1,0,0,0,0,0,0,0,0,0,0
62179,0,1,21,21,21,21,21,21,21,21,21,21
62179,1,1,0,0,0,0,0,0,0,0,0,0
62180,1,1,0,0,0,0,0,0,0,0,0,0
62181,1,1,0,0,0,0,0,0,0,0,0,0
62181,2,1,0,0,0,0,0,0,0,0,0,0
62182,1,1,12,12,12,12,12,12,12,12,12,12
62183,1,1,0,0,0,0,0,0,0,0,0,0
62184,1,1,21,21,21,21,21,21,21,21,21,21
62184,2,1,0,0,0,0,0,0,0,0,23,0
62185,1,1,0,0,0,0,0,0,0,0,0,0
62186,1,1,0,0,0,0,0,0,14,0,0,0
62186,2,1,0,0,0,0,0,0,0,0,0,0
62187,1,1,23,23,23,23,23,23,23,23,23,23
62188,1,1,15,15,15,15,15,15,15,15,15,15
62189,1,1,27,27,27,27,27,27,27,27,27,27
62189,2,1,0,0,0,0,0,0,28,0,0,0
62190,1,1,9,9,9,9,9,9,9,9,9,9
62191,1,1,8,8,8,8,8,8,8,8,8,8
62191,2,1,0,0,0,0,0,0,0,0,0,0
62192,1,1,0,0,0,0,0,0,0,0,0,0
62192,2,1,0,28,0,0,0,0,0,0,0,0
62193,1,1,0,0,0,0,0,0,0,0,13,0
62193,2,1,0,0,0,0,0,0,0,0,0,0
62194,0,1,0,0,0,0,0,0,0,0,0,0
62194,1,1,0,0,0,0,0,0,0,0,0,0
62195,0,1,0,0,0,0,0,0,0,0,0,0
62195,1,1,0,0,0,0,0,0,0,0,0,0
62196,1,1,17,17,17,17,17,17,17,17,17,17
62196,2,1,0,0,0,0,0,0,0,0,0,0
62197,1,1,0,0,0,0,0,0,0,0,0,0
62197,2,1,0,0,0,0,0,0,0,0,0,0
62198,0,1,0,0,0,0,0,0,0,0,0,0
62198,1,1,0,0,0,0,0,0,0,0,0,0
62199,1,1,0,0,0,0,0,0,0,0,0,0
62200,1,1,0,0,0,0,0,0,0,0,0,0
62201,1,1,0,0,0,0,0,0,0,0,0,0
62201,2,1,0,0,0,0,0,0,0,0,0,0
62202,0,1,0,0,0,0,0,0,0,0,0,0
62202,1,1,0,0,0,0,0,0,0,0,0,0
62203,1,2,0,0,0,0,0,0,0,0,0,0
62203,2,1,0,0,0,0,0,0,0,0,0,0
62204,1,1,12,12,12,12,12,12,12,12,12,12
62204,2,1,0,0,0,0,0,0,0,0,0,0
62205,1,1,25,25,25,25,25,25,25,25,25,25
62205,2,1,0,0,0,0,0,0,0,0,0,0
62206,1,1,0,0,0,0,0,0,0,0,0,0
62207,1,1,25,25,25,25,25,25,25,25,25,25
62208,1,1,0,0,0,0,0,0,0,0,0,0
62209,1,1,0,0,0,0,0,0,0,0,0,0
62210,0,1,0,0,0,0,0,0,0,0,0,0
62210,1,1,0,0,0,0,0,0,0,0,0,0
62211,1,1,18,18,18,18,18,18,18,18,18,18
62212,1,1,0,0,0,0,0,0,0,0,0,0
62213,1,1,0,0,0,0,0,0,0,0,0,0
62213,2,1,0,0,0,0,0,0,0,0,0,0
62213,3,1,0,0,0,0,0,0,0,0,0,0
62214,1,1,25,25,25,25,25,25,25,25,25,25
62215,1,1,19,19,19,19,19,19,19,19,19,19
62215,2,1,0,0,0,0,0,0,0,0,0,0
62215,3,1,0,0,0,0,0,0,0,0,0,0
62216,1,1,17,17,17,17,17,17,17,17,17,17
62217,1,1,0,0,0,0,0,0,0,0,0,0
62217,2,1,31,31,31,31,31,31,31,31,31,31
62218,1,1,24,8,16,15,9,23,0,8,15,10
62218,2,1,0,0,0,0,0,0,0,0,0,0
62219,1,1,0,0,0,0,0,0,0,0,0,0
62220,1,1,0,0,0,0,0,0,13,0,0,0
62221,0,1,0,0,0,0,0,0,0,0,0,0
62221,0,2,0,0,0,0,0,0,0,5,0,0
62221,1,1,0,0,0,0,0,0,0,0,0,0
62221,2,1,0,0,0,0,0,0,0,0,0,0
62222,1,1,24,0,0,0,13,0,28,14,0,0
62223,0,1,0,0,0,0,0,0,0,0,0,0
62223,1,1,0,0,0,0,0,0,0,0,0,0
62224,0,1,8,8,8,8,8,8,8,8,8,8
62224,1,1,0,0,0,0,0,0,0,0,0,0
62225,0,1,0,0,0,0,0,0,0,0,0,0
62225,1,1,0,0,10,2,9,0,0,0,14,0
62226,0,1,32,32,32,32,32,32,32,32,32,32
62226,1,1,0,0,10,0,0,0,0,9,0,0
62227,1,1,0,0,0,0,0,0,0,0,0,0
62228,0,1,0,0,0,0,0,0,0,0,0,0
62228,1,1,0,0,0,0,0,0,0,0,33,0
62229,1,1,0,0,0,0,0,0,0,0,0,0
62229,2,1,0,0,0,0,0,0,0,0,0,0
62229,3,1,0,0,0,0,0,0,0,0,0,0
62230,0,1,2,2,2,2,2,2,2,2,2,2
62230,1,1,0,0,0,0,0,0,0,0,0,0
62231,1,1,0,0,0,0,0,0,0,0,0,0
62231,2,1,0,0,0,0,0,0,0,0,0,0
62232,1,1,0,0,0,0,0,0,0,0,0,0
62233,1,1,0,0,0,0,0,0,0,0,0,0
62234,1,1,0,0,0,0,0,0,0,0,0,0
62235,0,1,0,0,0,0,0,0,0,0,0,0
62235,1,1,0,0,0,0,0,0,0,0,0,0
62235,2,1,0,0,0,0,0,0,0,0,0,0