ST_CASE,VEH_NO,PER_NO,P1,P2,P3,P4,P5,P6,P7,P8,P9,P10
62236,1,1,0,0,0,0,0,0,0,0,0,0
62237,1,1,0,0,0,0,0,0,0,0,0,0
62237,2,1,0,0,0,0,0,0,0,0,0,0
62238,1,1,16,16,16,16,16,16,16,16,16,16
62238,2,1,0,0,0,0,0,0,0,0,0,0
62239,1,1,13,13,13,13,13,13,13,13,13,13
62240,1,1,22,22,22,22,22,22,22,22,22,22
62241,1,1,0,0,0,0,0,0,0,0,0,0
62242,1,1,27,27,27,27,27,27,27,27,27,27
62242,2,1,0,0,0,0,0,0,0,0,0,0
62243,1,1,0,0,0,0,0,0,0,0,0,0
62243,2,1,0,0,0,0,0,0,0,0,0,0
62244,0,1,0,0,0,0,0,0,0,0,0,0
62244,1,1,0,0,0,0,0,0,0,0,0,0
62245,1,1,0,0,0,0,0,0,0,0,0,0
62245,2,1,0,0,0,0,0,0,0,0,0,0
62246,1,1,25,25,25,25,25,25,25,25,25,25
62247,0,1,27,27,27,27,27,27,27,27,27,27
62247,1,1,0,0,0,0,0,0,0,0,0,0
62248,0,1,0,0,0,0,0,0,0,0,0,0
62248,0,2,0,0,0,0,0,11,0,0,0,0
62248,1,1,0,11,0,0,0,0,0,0,0,0
62249,0,1,0,0,0,0,0,0,0,0,0,0
62249,1,1,0,0,0,0,0,0,0,0,0,0
62250,0,1,30,30,30,30,30,30,30,30,30,30
62250,1,1,24,24,24,24,24,24,24,24,24,24
62251,0,1,0,0,0,0,0,0,0,0,0,0
62251,1,1,21,21,21,21,21,21,21,21,21,21
62252,1,1,0,0,0,0,0,0,0,0,0,0
62253,0,1,0,0,0,0,0,0,0,0,0,0
62253,1,1,0,0,0,0,0,0,0,0,0,0
62254,1,1,0,0,0,0,0,0,0,0,0,0
62254,2,1,0,0,0,0,0,0,0,0,0,0
62254,3,1,0,0,0,0,0,0,0,0,0,0
62255,1,1,18,18,18,18,18,18,18,18,18,18
62256,1,1,12,12,12,12,12,12,12,12,12,12
62256,2,1,0,0,0,0,0,0,0,0,0,0
62257,0,1,0,0,0,0,0,0,0,0,0,0
62257,1,1,0,16,0,10,0,0,0,0,0,0
62258,1,1,0,8,0,0,0,0,2,0,0,0
62259,0,1,16,16,16,16,16,16,16,16,16,16
62259,1,1,0,0,0,0,0,0,0,0,0,0
62260,0,1,0,0,0,0,0,0,0,0,0,0
62260,1,1,0,0,0,0,0,0,0,0,0,0
62261,0,1,0,0,0,0,0,0,0,0,0,0
62261,1,1,20,17,0,0,0,13,16,0,0,25
62262,0,1,11,11,11,11,11,11,11,11,11,11
62262,1,1,0,0,34,0,0,0,0,15,0,19
62263,1,1,0,0,0,0,0,0,0,0,0,0
62264,1,1,0,0,0,0,0,0,0,0,0,0
62264,2,1,0,0,0,0,0,0,0,0,0,0
62264,3,1,0,0,0,0,0,0,0,0,0,0
62265,0,1,0,0,0,0,0,0,0,0,0,0
62265,1,1,0,0,0,37,0,0,21,0,22,0
62266,1,1,0,0,0,0,0,0,0,0,0,0
62266,2,1,0,0,0,0,0,0,0,0,0,0
62267,1,1,0,0,0,0,0,0,0,0,0,0
62268,1,1,0,0,0,0,0,0,0,0,0,0
62268,2,1,0,0,0,10,0,0,0,0,0,0
62268,3,1,0,0,0,0,0,0,7,0,0,0
62269,1,1,16,16,16,16,16,16,16,16,16,16
62270,1,1,0,0,0,0,0,0,0,0,0,0
62270,2,1,0,0,0,0,6,0,0,0,0,0
62271,1,1,29,16,0,5,25,6,13,20,26,0
62271,2,1,0,0,0,0,11,0,0,0,0,0
62272,1,1,29,29,29,29,29,29,29,29,29,29
62273,1,1,0,0,0,0,0,0,0,0,0,0
62274,1,1,0,0,0,0,0,0,0,0,0,0
62275,1,1,11,11,11,11,11,11,11,11,11,11
62276,0,1,0,0,0,0,0,0,0,0,0,0
62276,1,1,0,0,0,0,0,0,0,0,0,0
62277,1,1,16,16,16,16,16,16,16,16,16,16
62278,0,1,8,8,8,8,8,8,8,8,8,8
62278,1,1,0,0,0,0,0,0,0,0,0,0
62279,1,1,0,0,0,0,0,0,0,0,0,0
62280,1,1,26,0,0,12,0,17,0,0,22,0
62281,1,1,0,0,0,0,0,0,0,0,0,0
62281,2,1,0,0,0,0,0,0,0,0,0,0
62282,0,1,1,1,1,1,1,1,1,1,1,1
62282,1,1,0,0,0,0,0,0,0,0,0,0
62283,1,1,0,0,0,0,0,0,0,0,0,0
62283,2,1,8,8,8,8,8,8,8,8,8,8
62284,0,1,0,0,0,0,0,0,0,0,0,0
62284,1,1,0,0,0,0,0,0,0,0,0,0
62285,1,1,0,0,0,0,0,0,0,0,0,0
62286,0,1,0,0,0,0,0,0,0,5,0,0
62286,0,2,0,0,0,0,0,6,0,0,0,0
62286,1,1,12,0,0,0,0,0,20,0,11,0
62287,0,1,0,0,0,0,0,0,0,0,0,0
62287,1,1,0,0,0,0,0,25,0,0,0,0
62288,1,1,0,0,0,0,0,0,0,0,0,0
62289,0,1,0,0,0,0,0,0,0,0,0,0
62289,1,1,0,0,0,0,0,0,0,0,0,0
62290,1,1,0,0,0,0,0,0,0,0,0,0
62291,0,1,4,4,4,4,4,4,4,4,4,4
62291,1,1,0,0,0,0,0,0,0,12,0,0
62292,1,1,0,0,0,0,0,0,0,0,0,0
62292,2,1,0,0,0,0,0,0,0,0,0,0
62293,0,1,0,0,0,0,0,0,0,0,0,0
62293,0,2,0,0,25,0,0,0,0,0,0,4
62293,1,1,0,0,0,0,0,0,0,0,0,0
62294,1,1,12,12,12,12,12,12,12,12,12,12
62295,1,1,0,0,0,0,0,0,0,0,0,0
62296,1,1,0,0,0,0,0,0,0,0,0,0
62297,1,1,0,0,0,0,0,0,0,0,0,0
62297,2,1,0,0,0,0,0,0,0,0,0,0
62298,1,1,18,18,18,18,18,18,18,18,18,18
62299,0,1,0,0,0,0,0,0,0,0,0,0
62299,1,1,0,0,0,0,26,0,0,0,0,0
62300,1,1,0,0,0,0,0,0,0,0,0,0
62301,1,1,0,0,0,0,0,0,0,0,0,0
62301,2,1,0,0,0,0,0,0,0,0,0,0
62302,0,1,23,23,23,23,23,23,23,23,23,23
62302,1,1,0,0,0,0,0,0,0,0,0,0
62303,0,1,0,0,0,0,0,0,0,0,0,0
62303,1,1,0,0,0,0,0,0,0,0,0,0
62304,1,1,9,9,9,9,9,9,9,9,9,9
62304,2,1,9,9,9,9,9,9,9,9,9,9
62305,0,1,0,0,0,0,0,0,0,0,0,0
62305,1,1,0,0,0,0,0,0,0,0,0,0
62306,0,1,23,23,23,23,23,23,23,23,23,23
62306,1,1,0,0,0,0,0,0,0,0,0,0
62307,1,1,0,0,0,0,0,0,0,0,0,0
62307,2,1,0,0,0,0,0,0,0,0,0,0
62308,0,1,0,0,0,0,0,0,0,0,0,0
62308,1,1,0,0,0,0,0,0,0,0,0,0
62309,1,1,21,21,21,21,21,21,21,21,21,21
62310,1,1,3,3,3,3,3,3,3,3,3,3
62310,2,1,0,0,0,0,0,0,0,0,0,0
62311,1,1,0,0,0,0,0,0,0,0,0,0
62312,1,1,19,19,19,19,19,19,19,19,19,19
62313,1,1,15,15,15,15,15,15,15,15,15,15
62314,1,1,26,26,26,26,26,26,26,26,26,26
62315,1,1,0,0,0,0,0,0,0,0,0,0
62316,0,1,22,22,22,22,22,22,22,22,22,22
62316,1,1,0,0,0,0,0,0,0,0,0,0
62317,1,1,11,11,11,11,11,11,11,11,11,11
62318,1,1,0,0,0,0,0,0,0,0,0,0
62319,1,1,0,0,0,0,0,0,0,0,0,0
62319,2,1,0,0,0,0,0,0,0,0,0,0
62320,0,1,0,0,0,0,0,0,0,0,0,0
62320,1,1,0,0,0,0,0,0,0,0,0,0
62321,1,1,4,4,4,4,4,4,4,4,4,4
62322,0,1,0,0,0,0,0,0,0,0,0,0
62322,1,1,0,0,0,0,0,0,0,0,0,0
62323,0,1,5,5,5,5,5,5,5,5,5,5
62323,1,1,0,0,0,0,0,0,0,0,0,38
62324,1,1,0,0,0,0,0,0,0,0,0,0
62324,2,1,0,0,0,0,0,0,0,0,0,0
62325,0,1,19,19,19,19,19,19,19,19,19,19
62325,1,1,0,0,0,0,0,0,0,0,0,0
62326,0,1,0,0,0,0,0,0,0,0,0,0
62326,1,1,0,0,0,0,0,22,16,0,0,16
62327,1,1,0,0,0,0,0,0,0,0,0,0
62327,2,1,0,0,0,0,0,0,0,0,0,0
62328,1,1,0,0,0,0,0,0,0,0,0,0
62329,1,1,14,14,14,14,14,14,14,14,14,14
62329,2,1,0,0,0,0,0,0,0,0,0,0
62330,1,1,23,23,23,23,23,23,23,23,23,23
62331,1,1,15,15,15,15,15,15,15,15,15,15
62332,0,1,0,0,0,0,0,0,0,0,0,0
62332,1,1,0,0,0,0,0,0,0,0,0,0
62333,1,1,0,0,0,22,0,11,25,0,0,0
62334,1,1,8,8,8,8,8,8,8,8,8,8
62335,0,1,0,0,0,0,0,0,0,0,0,0
62335,1,1,0,22,0,0,6,0,0,0,0,8
62335,2,1,0,0,0,0,0,0,0,0,0,0
62336,0,1,0,0,9,20,0,0,23,0,23,17
62336,1,1,0,0,0,0,0,0,0,0,0,0
62337,0,1,0,0,0,0,0,0,0,0,0,0
62337,1,1,0,0,0,0,0,0,0,0,0,0
62338,1,1,0,0,0,0,0,0,0,0,0,0
62338,2,1,0,0,0,0,0,0,0,0,0,0
62339,1,1,0,0,0,0,0,0,0,0,0,0
62340,1,1,0,0,0,0,0,0,0,0,0,0
62340,2,1,1,1,1,1,1,1,1,1,1,1
62341,0,1,45,23,12,30,11,15,39,21,26,16
62341,1,1,0,0,0,0,0,0,15,0,0,33
62342,1,1,0,0,0,0,0,0,0,0,0,0
62343,1,1,0,0,0,0,0,0,0,0,0,0
62343,2,1,0,9,0,0,0,13,0,0,0,0
62344,1,1,0,0,0,0,0,0,0,0,0,0
62344,2,1,0,0,0,0,0,0,0,0,0,0
62345,0,1,0,0,0,0,0,0,0,0,0,0
62345,1,1,10,17,14,3,6,0,20,0,12,14
62346,0,1,0,0,0,0,0,0,0,0,0,0
62346,1,1,0,0,0,0,0,0,0,0,0,9
62347,1,1,22,22,22,22,22,22,22,22,22,22
62348,1,1,0,0,0,0,0,0,0,0,0,0
62348,2,1,0,0,0,0,0,0,0,0,0,0
62349,1,1,0,0,0,0,0,0,0,0,0,0
62349,2,1,0,0,0,0,0,0,0,0,0,0
62349,3,1,0,0,0,0,0,0,0,16,0,0
62350,0,1,22,22,22,22,22,22,22,22,22,22
62350,1,1,0,0,0,0,0,0,0,0,0,0
62351,0,1,0,0,0,0,0,0,0,0,0,0
62351,1,1,8,26,0,0,20,0,0,18,13,0
62352,1,1,0,0,0,0,0,0,0,0,0,0
62352,2,1,0,0,0,0,0,0,0,0,0,0
62353,1,1,0,0,0,0,0,0,0,0,0,0
62353,2,1,0,0,0,0,0,0,0,0,0,0
62353,3,1,0,0,0,0,0,0,0,0,0,0
62353,4,1,0,0,0,0,0,0,0,0,0,0
62354,1,1,0,0,0,0,0,0,0,0,0,0
62354,2,1,0,0,0,0,0,0,0,0,0,0
62355,0,1,23,23,23,23,23,23,23,23,23,23
62355,1,1,0,0,23,0,0,10,15,0,0,20
62356,1,1,0,0,0,0,0,0,0,0,0,0
62356,2,1,0,0,14,0,0,0,0,0,0,0
62357,0,1,0,0,0,0,0,0,0,0,0,0
62357,1,1,0,0,0,0,0,0,0,0,0,0
62357,2,1,0,0,0,0,0,0,22,0,0,0
62358,0,1,0,0,0,0,0,0,0,0,0,0
62358,1,1,0,0,0,0,0,0,0,0,0,0
62359,2,1,0,0,0,0,0,0,0,0,0,0
62360,0,1,0,0,0,0,0,0,0,0,0,0
62360,1,1,0,0,0,0,0,0,0,0,0,0
62361,0,1,6,0,15,0,0,0,0,0,0,0
62361,1,1,0,0,0,0,0,0,0,0,0,0
62361,2,1,0,0,0,0,0,0,0,0,0,0
62362,0,1,0,0,0,2,0,0,0,0,0,0
62362,1,1,0,0,0,0,0,0,0,0,0,0
62363,1,1,6,6,6,6,6,6,6,6,6,6
62364,1,1,0,0,0,0,0,0,10,0,0,0
62365,1,1,20,20,20,20,20,20,20,20,20,20
62365,2,1,0,0,0,0,0,0,0,0,0,0
62366,1,1,0,0,0,0,0,0,0,0,0,0
62366,2,1,0,0,0,0,0,0,0,0,0,0
62367,0,1,0,0,0,0,0,0,0,0,0,0
62367,1,1,0,0,0,0,0,0,0,0,0,0
62368,1,1,11,11,11,11,11,11,11,11,11,11
62369,0,1,17,17,17,17,17,17,17,17,17,17
62369,1,1,0,0,0,0,0,0,0,0,0,0
62370,1,1,0,0,0,0,0,0,0,0,0,0
62370,2,1,0,0,0,0,0,0,0,0,0,0
62370,3,1,0,0,0,0,0,0,0,0,0,0
62371,1,1,0,0,0,0,0,0,0,0,0,0
62371,2,1,0,0,0,0,0,0,0,0,0,0
62372,1,1,0,0,0,0,0,0,0,0,0,0
62372,2,1,0,0,0,0,0,0,0,0,0,0
62373,0,1,0,0,0,0,0,0,0,0,0,0
62373,1,1,15,0,0,19,0,9,16,0,0,0
62374,1,1,0,0,0,0,0,0,0,0,0,0
62374,2,1,0,0,0,0,0,0,0,0,0,0
62375,1,1,0,0,0,0,0,0,0,0,0,0
62375,2,1,4,0,0,0,0,0,0,0,5,12
62375,3,1,0,0,0,0,0,0,0,0,0,0
62376,0,1,0,0,0,0,0,0,0,0,0,0
62376,1,1,0,0,0,0,0,0,0,0,0,0
62377,1,1,0,0,0,0,0,0,0,0,0,0
62378,1,1,0,0,0,0,0,0,0,0,0,0
62378,2,1,0,0,0,0,0,0,0,0,0,0
62379,1,1,0,0,0,0,0,0,0,0,0,0
62380,1,1,0,18,20,0,0,0,0,0,0,0
62380,2,1,0,0,0,0,0,0,0,0,0,0
62380,3,1,0,0,0,0,0,0,0,0,0,0
62381,1,1,0,0,0,0,0,0,0,0,0,0
62381,2,1,0,0,0,0,0,0,0,0,0,0
62382,0,1,0,0,0,0,0,0,0,0,0,0
62382,1,1,0,0,0,0,0,5,0,0,7,14
62383,1,1,0,0,0,18,0,0,0,17,0,0
62384,0,1,0,0,0,0,0,0,0,0,0,0
62384,1,1,0,0,0,0,0,0,0,0,0,0
62385,1,1,30,0,22,35,14,28,17,23,0,28
62386,0,1,0,0,0,0,0,0,0,0,0,0
62386,1,1,0,0,0,0,0,19,0,0,0,0
62387,0,1,0,0,0,0,0,0,0,0,0,0
62387,1,1,0,0,0,0,0,0,0,0,0,0
62388,0,1,13,13,13,13,13,13,13,13,13,13
62388,1,1,0,0,0,10,0,0,15,5,0,7
62389,1,1,0,0,0,0,0,0,0,0,0,0
62390,1,1,0,0,0,0,0,0,0,0,0,0
62390,2,1,0,0,0,0,0,0,0,0,0,0
62391,1,1,16,16,16,16,16,16,16,16,16,16
62392,0,1,12,12,12,12,12,12,12,12,12,12
62392,1,1,0,0,10,0,0,0,0,0,0,17
62393,0,1,12,12,12,12,12,12,12,12,12,12
62393,1,1,0,0,0,0,0,0,0,0,0,0
62394,0,1,26,26,26,26,26,26,26,26,26,26
62394,1,1,0,0,0,0,0,0,0,0,0,0
62395,1,1,0,0,0,0,0,0,0,0,0,0
62395,2,1,0,0,0,0,0,0,0,0,0,0
62396,1,1,0,0,0,0,0,0,0,0,0,0
62397,1,1,0,0,0,0,0,0,0,0,0,0
62397,2,1,0,0,0,0,0,0,0,0,0,0
62397,3,1,0,0,0,0,0,0,0,0,0,0
62397,4,1,0,0,0,0,0,0,0,0,0,0
62398,1,1,0,0,0,0,0,0,0,0,0,0
62398,2,1,0,0,0,0,0,0,0,0,0,0
62399,1,1,0,0,0,0,0,0,0,0,0,0
62399,2,1,0,0,0,0,0,0,0,0,0,0
62400,1,1,9,6,13,19,11,25,8,14,0,26
62401,1,1,0,0,0,0,0,0,0,0,0,0
62402,0,1,0,0,0,0,0,0,0,0,0,0
62402,1,1,0,0,0,0,0,0,0,0,0,0
62403,0,1,0,0,0,0,0,0,0,0,0,0
62403,1,1,0,0,0,0,0,0,0,0,0,0
62404,0,1,0,0,0,0,0,0,0,0,0,0
62404,1,1,0,0,0,0,0,0,0,0,0,0
62405,0,1,0,0,0,0,0,0,0,0,0,0
62405,1,1,0,0,0,0,0,0,0,0,0,0
62406,0,1,0,0,0,0,0,0,0,0,0,0
62406,1,1,0,0,0,0,0,0,0,0,0,0
62407,1,1,0,0,0,0,0,0,0,0,0,17
62408,1,1,0,0,0,0,0,0,0,0,0,0
62408,2,1,9,9,9,9,9,9,9,9,9,9
62409,1,1,0,0,0,0,0,0,0,0,5,0
62409,2,1,0,0,0,0,0,0,0,0,0,0
62409,3,1,0,0,0,0,0,0,0,0,0,0
62409,4,1,0,0,0,0,0,0,0,0,0,0
62410,1,1,2,2,2,2,2,2,2,2,2,2
62410,2,1,0,0,0,0,0,0,0,0,0,26
62410,3,1,0,0,0,0,0,0,0,0,0,0
62411,0,1,14,14,14,14,14,14,14,14,14,14
62411,1,1,0,0,0,0,0,0,0,0,0,0
62412,0,1,0,0,0,0,0,0,0,0,0,0
62412,1,1,0,0,0,0,0,0,0,0,0,0
62413,1,1,0,0,0,0,0,0,0,0,0,0
62414,0,1,0,0,0,0,0,0,0,0,0,0
62414,1,1,0,0,0,0,0,0,0,0,0,0
62414,2,1,0,0,0,0,0,0,0,0,0,0
62415,1,1,0,0,0,0,0,0,0,0,0,0
62416,1,1,0,0,0,0,0,0,0,0,0,0
62417,0,1,34,34,34,34,34,34,34,34,34,34
62417,1,1,0,0,0,0,0,0,0,0,0,0
62417,2,1,0,26,10,0,0,0,23,0,0,0
62418,0,1,34,34,34,34,34,34,34,34,34,34
62418,0,2,27,27,27,27,27,27,27,27,27,27
62418,1,1,0,0,0,4,0,0,0,0,14,0
62419,0,1,0,0,0,0,0,0,0,0,0,0
62419,0,2,0,0,0,0,0,0,0,0,0,0
62419,1,1,0,0,0,0,0,0,0,0,0,0
62419,2,1,0,0,0,0,0,0,0,0,0,0
62419,3,1,0,6,0,0,0,0,0,0,0,19
62419,4,1,0,22,0,0,0,0,0,0,0,0
62420,0,1,0,0,0,0,0,0,0,0,0,0
62420,1,1,0,0,0,0,0,0,0,0,0,0
62421,1,1,0,0,0,0,0,0,0,0,0,0
62421,2,1,0,0,0,0,0,0,0,0,0,0
62421,3,1,0,0,0,0,0,0,0,0,0,0
62422,1,1,0,0,0,0,0,0,0,0,0,0
62422,2,1,0,0,0,0,0,0,0,0,0,0
62423,1,1,0,0,0,0,0,0,0,0,0,0
62424,0,1,0,0,0,0,0,0,0,0,0,0
62424,1,1,0,0,0,0,0,0,0,0,0,0
62425,1,1,29,29,29,29,29,29,29,29,29,29
62426,1,1,0,0,0,0,0,0,0,0,0,0
62426,2,1,0,0,0,0,0,0,0,0,0,0
62427,1,1,0,0,0,0,0,0,0,0,0,0
62427,2,1,0,0,0,0,0,0,0,0,0,0
62428,1,1,0,0,0,0,0,0,0,0,0,0
62428,2,1,0,0,0,0,0,0,0,0,0,0
62429,0,1,33,33,33,33,33,33,33,33,33,33
62429,1,1,0,0,21,4,0,7,0,0,4,0
62430,1,1,9,9,9,9,9,9,9,9,9,9
62431,1,1,0,0,0,0,0,0,0,0,0,0
62431,2,1,0,0,0,30,0,0,0,0,0,0
62432,0,1,0,0,0,0,0,0,0,0,0,0
62432,1,1,0,0,0,0,0,0,0,0,0,0
62433,0,1,28,28,28,28,28,28,28,28,28,28
62433,1,1,0,0,0,0,0,0,0,0,0,0
62434,1,1,0,0,0,0,0,0,0,0,0,0
62435,1,1,0,0,0,0,0,0,0,0,0,0
62435,2,1,0,0,0,0,0,0,0,0,0,0
62435,3,1,0,0,0,0,0,0,0,33,0,0
62436,0,1,0,0,0,0,0,0,0,0,0,0
62436,1,1,0,0,0,0,0,0,0,0,0,0
62437,1,1,18,18,18,18,18,18,18,18,18,18
62437,2,1,0,0,0,0,0,0,0,0,0,0
62438,1,1,0,0,0,0,0,0,0,0,0,0
62439,0,1,23,23,23,23,23,23,23,23,23,23
62439,1,1,7,7,7,7,7,7,7,7,7,7
62440,1,1,16,16,16,16,16,16,16,16,16,16
62441,1,1,16,16,16,16,16,16,16,16,16,16
62441,2,1,21,21,21,21,21,21,21,21,21,21
62442,1,1,0,0,0,0,0,0,0,0,0,0
62442,2,1,0,0,0,0,0,0,0,0,0,0
62442,3,1,0,0,0,0,0,0,0,0,0,0
62443,1,1,0,0,0,0,0,0,0,0,0,0
62443,2,1,0,0,0,0,0,0,0,0,0,0
62443,3,1,0,0,0,0,0,0,0,0,0,0
62444,0,1,0,0,0,0,0,0,0,0,0,0
62444,1,1,0,0,0,0,0,0,0,0,0,0
62445,1,1,5,5,5,5,5,5,5,5,5,5
62445,2,1,12,12,12,12,12,12,12,12,12,12
62446,1,1,21,5,11,18,14,25,10,16,0,25
62447,0,1,19,19,19,19,19,19,19,19,19,19
62447,1,1,0,0,0,0,0,0,0,0,0,0
62448,1,1,0,0,0,0,0,0,0,0,0,0
62448,2,1,12,12,12,12,12,12,12,12,12,12
62449,0,1,0,0,0,0,0,0,0,0,0,0
62449,1,1,0,0,0,0,0,0,0,0,0,0
62450,1,1,0,0,0,0,0,0,0,0,0,0
62451,1,1,0,0,0,0,0,0,0,0,0,0
62451,2,1,0,0,0,0,0,0,0,0,0,0
62452,1,1,14,14,14,14,14,14,14,14,14,14
62452,2,1,0,0,0,0,0,0,0,6,0,0
62453,1,1,0,0,0,0,0,0,0,0,0,0
62453,2,1,0,0,0,0,0,0,0,0,0,0
62454,0,1,31,31,31,31,31,31,31,31,31,31
62454,1,1,12,5,32,0,0,0,0,0,0,0
62455,1,1,6,6,6,6,6,6,6,6,6,6
62456,1,1,0,0,0,0,0,0,0,0,0,0
62456,2,1,0,0,0,0,0,0,0,0,0,0
62457,1,1,0,0,0,0,0,7,0,0,0,0
62457,2,1,0,0,0,0,0,0,0,0,0,0
62458,1,1,0,0,0,0,0,0,0,0,0,0
62459,1,1,24,24,24,24,24,24,24,24,24,24
62459,2,1,0,0,0,0,0,0,0,16,0,0
62459,3,1,0,0,0,0,0,0,0,0,0,0
62460,0,1,0,0,0,0,0,0,0,0,0,0
62460,1,1,0,0,0,0,0,0,0,0,0,0
62461,1,1,20,20,20,20,20,20,20,20,20,20
62462,1,1,0,0,0,0,0,0,0,0,0,0
62462,2,1,0,0,0,0,0,0,0,0,0,0
62463,1,1,0,0,0,0,0,0,0,0,0,0
62463,2,1,0,0,0,0,0,0,0,0,0,0
62463,3,1,0,0,0,0,0,0,0,0,0,0
62464,1,1,0,0,0,0,0,0,0,0,0,0
62464,2,1,0,0,0,0,0,0,0,0,0,0
62464,3,1,0,0,0,0,0,0,31,0,0,0
62465,0,1,0,0,0,0,0,0,0,0,0,0
62465,1,1,0,0,0,0,0,0,0,0,0,0
62466,0,1,0,0,0,0,0,0,0,0,0,0
62466,1,1,11,11,11,11,11,11,11,11,11,11
62467,0,1,0,0,0,0,0,0,0,0,0,0
62467,1,1,0,0,0,0,0,0,0,0,0,0
62468,0,1,33,12,0,0,0,0,0,0,0,19
62468,1,1,17,17,17,17,17,17,17,17,17,17
62469,1,1,0,0,0,0,0,0,0,0,0,0
62469,2,1,0,0,0,0,0,0,0,0,0,0
62470,1,1,2,2,2,2,2,2,2,2,2,2
62470,2,1,0,0,6,0,0,0,0,0,0,0
62471,1,1,27,27,27,27,27,27,27,27,27,27
62472,0,1,0,0,0,0,0,0,0,0,0,0
62472,1,1,0,0,0,0,0,0,0,0,0,0
62473,0,1,0,0,0,0,0,0,0,0,0,0
62473,1,1,0,13,7,22,17,6,12,13,21,29
62474,0,1,0,0,0,0,0,0,0,0,0,0
62474,1,1,0,0,0,0,0,0,0,0,0,0
62475,0,1,0,0,0,0,0,10,0,0,0,0
62475,1,1,0,0,0,0,0,0,0,0,0,0
62476,0,1,0,0,0,0,0,0,0,0,0,0
62476,1,1,0,0,0,0,0,0,0,0,0,0
62476,2,1,0,0,0,0,0,0,0,0,6,0
62477,0,1,0,0,0,0,0,0,0,0,0,0
62477,1,1,0,0,0,0,0,0,0,0,0,0
62478,1,1,0,0,0,0,0,0,0,0,0,0
62478,2,1,0,0,0,0,0,0,0,0,0,0
62479,1,1,0,0,0,0,0,0,0,0,0,0
62480,1,1,0,0,0,0,0,0,0,0,0,10
62480,2,1,0,0,0,0,0,0,0,0,0,0
62480,3,1,0,0,0,0,0,0,0,0,0,0
62481,1,1,0,0,0,0,0,0,0,0,0,0
62481,2,1,0,0,0,0,0,0,0,0,0,0
62481,3,1,0,0,0,0,0,0,0,0,0,0
62482,0,1,0,0,0,0,0,0,0,0,0,0
62482,1,1,20,12,12,5,14,16,7,22,7,15
62483,0,1,0,0,0,0,0,0,0,0,0,0
62483,1,1,0,0,0,0,0,0,0,0,0,0
62484,1,1,0,0,0,0,11,10,0,0,0,0
62485,1,1,0,0,0,0,0,0,0,0,0,0
62485,2,1,0,0,0,0,0,0,0,0,0,0
62485,3,1,0,0,0,0,0,0,21,0,0,0
62486,1,1,0,0,0,0,0,0,0,0,0,0
62486,2,1,0,0,0,0,0,0,0,0,0,0
62487,1,1,17,17,17,17,17,17,17,17,17,17
62488,1,1,0,0,0,27,0,0,0,0,0,0
62488,2,1,0,0,0,0,0,0,0,0,0,11
62488,3,1,0,0,0,0,0,0,0,0,0,0
62488,4,1,0,0,0,0,0,0,0,0,0,0
62488,5,1,0,0,0,0,0,0,0,0,0,0
62488,6,1,0,0,0,0,0,0,0,9,0,0
62489,0,1,0,0,0,0,0,0,0,0,0,0
62489,1,1,0,0,0,0,0,0,0,0,0,0
62490,1,1,0,0,0,0,0,0,0,0,0,0
62490,2,1,0,0,0,0,0,0,0,0,0,0
62491,1,1,0,0,0,0,0,0,0,0,0,0
62492,1,1,17,17,17,17,17,17,17,17,17,17
62493,0,1,0,0,0,0,0,0,0,0,0,0
62493,1,1,24,0,0,0,19,0,0,0,0,0
62494,0,1,0,0,0,0,0,0,0,0,0,0
62494,1,1,0,0,0,0,0,0,0,0,0,0
62495,1,1,0,0,0,0,0,0,0,0,0,0
62495,2,1,0,0,0,0,0,0,0,0,0,0
62495,3,1,0,0,0,0,0,0,0,0,0,0
62496,1,1,34,34,34,34,34,34,34,34,34,34
62497,1,1,16,16,16,16,16,16,16,16,16,16