ST_CASE,VEH_NO,PER_NO,P1,P2,P3,P4,P5,P6,P7,P8,P9,P10
62498,0,1,0,0,0,0,0,0,0,0,0,0
62498,1,1,0,0,0,19,15,48,0,6,0,0
62499,1,1,24,24,24,24,24,24,24,24,24,24
62500,1,1,0,0,0,0,0,0,0,0,0,0
62500,2,1,0,0,0,0,0,0,0,0,0,0
62501,1,1,0,0,0,0,0,0,0,0,0,0
62501,2,1,0,0,0,0,0,0,0,0,0,0
62502,0,1,0,0,0,0,0,0,0,0,0,0
62502,0,2,0,0,0,0,0,0,0,19,0,0
62502,0,3,0,0,0,0,0,0,13,0,0,0
62502,0,4,0,0,0,0,0,0,0,0,0,0
62502,1,1,0,0,0,0,0,0,0,0,0,0
62503,0,1,0,0,0,0,0,0,0,0,0,0
62503,1,1,0,0,0,0,0,0,0,0,0,0
62504,1,1,3,3,3,3,3,3,3,3,3,3
62505,1,1,21,21,21,21,21,21,21,21,21,21
62505,2,1,0,0,0,0,0,0,0,0,0,0
62506,1,1,0,0,0,0,0,0,0,0,0,0
62506,2,1,0,0,0,0,0,0,0,0,0,0
62506,3,1,0,0,0,0,0,0,0,0,0,0
62507,0,1,0,0,0,0,0,0,0,0,0,0
62507,1,1,0,0,0,0,0,0,0,0,0,0
62508,0,1,3,3,3,3,3,3,3,3,3,3
62508,1,1,0,0,0,0,0,0,0,0,0,0
62509,0,1,31,31,31,31,31,31,31,31,31,31
62509,1,1,0,0,0,0,0,0,0,0,0,0
62509,2,1,0,0,0,0,0,0,25,0,0,8
62511,0,1,0,0,0,0,0,0,0,0,0,0
62511,1,1,0,0,0,0,0,0,0,0,0,0
62512,0,1,15,15,15,15,15,15,15,15,15,15
62512,1,1,0,0,0,0,0,0,0,0,0,0
62513,1,1,0,0,0,0,0,0,0,0,0,0
62513,2,1,0,0,0,0,0,0,0,0,0,0
62514,1,1,14,14,14,14,14,14,14,14,14,14
62514,2,1,0,0,0,0,0,0,0,0,0,0
62515,1,1,0,0,0,16,0,0,0,0,0,0
62516,1,1,0,0,0,19,5,0,0,0,0,0
62516,2,1,0,0,0,0,0,0,0,0,0,0
62517,1,1,0,0,0,0,0,0,0,0,0,0
62517,2,1,0,0,0,0,0,0,0,0,0,0
62517,3,1,0,0,0,0,0,0,0,0,0,0
62517,4,1,0,0,0,0,0,0,0,0,0,0
62518,1,1,0,0,0,0,0,0,0,0,0,0
62518,2,1,0,0,0,0,0,0,0,0,0,0
62518,3,1,0,0,0,0,0,0,0,0,0,0
62519,1,1,19,19,19,19,19,19,19,19,19,19
62520,1,1,23,0,0,0,0,13,0,0,0,13
62520,2,1,0,0,18,0,0,25,0,0,0,0
62521,1,1,13,13,13,13,13,13,13,13,13,13
62522,1,1,0,0,0,0,13,0,0,0,0,0
62523,1,1,29,29,29,29,29,29,29,29,29,29
62524,1,1,0,0,0,0,0,0,0,0,0,0
62524,2,1,0,0,0,0,0,0,0,0,0,0
62524,3,1,0,0,0,0,0,0,0,0,0,0
62524,4,1,0,0,0,0,0,0,0,0,0,0
62525,1,1,0,0,0,0,0,0,0,0,0,0
62525,2,1,0,0,0,0,0,0,0,0,0,0
62526,0,1,9,9,9,9,9,9,9,9,9,9
62526,1,1,0,0,0,0,0,8,0,0,0,0
62527,1,1,0,0,0,0,0,0,0,0,0,0
62527,2,1,0,0,0,0,0,0,0,0,0,0
62527,3,1,0,0,0,0,0,0,0,0,0,0
62528,0,1,0,0,0,0,0,0,0,0,0,0
62528,1,1,0,0,0,0,0,18,0,0,0,0
62529,1,1,0,0,0,0,0,0,0,0,0,0
62530,1,1,0,0,0,0,0,0,0,0,0,0
62531,1,1,12,12,12,12,12,12,12,12,12,12
62531,2,1,0,0,0,0,0,0,0,0,0,0
62532,1,1,21,21,10,27,19,16,21,6,12,0
62533,0,1,0,0,0,0,0,0,0,0,0,0
62533,1,1,14,33,11,14,20,12,7,0,24,15
62534,0,1,0,0,0,0,0,0,0,0,0,0
62534,1,1,0,0,0,0,0,0,0,0,0,0
62535,1,1,0,0,0,0,0,0,0,0,0,0
62536,1,1,16,16,16,16,16,16,16,16,16,16
62537,1,1,0,0,0,0,0,0,0,0,0,0
62537,2,1,0,0,0,0,0,0,0,0,0,0
62538,1,1,11,11,11,11,11,11,11,11,11,11
62538,2,1,0,0,0,0,0,0,0,0,0,0
62539,1,3,0,0,0,0,0,3,0,0,0,0
62539,2,1,0,0,0,0,0,0,0,0,0,0
62540,1,1,0,0,0,0,0,0,0,0,0,0
62540,2,1,0,0,0,0,0,0,0,0,0,0
62540,3,1,0,0,0,0,0,0,0,0,0,0
62541,0,1,0,0,0,0,0,0,0,0,0,0
62541,1,1,0,0,0,0,0,0,0,0,0,0
62542,1,1,0,0,0,0,0,0,0,0,0,0
62542,2,1,0,0,0,0,0,0,0,0,0,0
62542,3,1,0,0,0,0,0,0,0,0,0,0
62543,1,1,0,0,0,0,0,0,0,0,0,0
62544,1,1,0,0,0,0,0,0,0,0,0,0
62544,2,1,0,0,0,0,0,0,0,0,0,0
62544,3,1,11,11,0,0,0,0,0,0,0,0
62545,1,1,0,0,0,0,0,0,0,0,0,0
62546,0,1,0,0,0,0,0,0,0,0,0,0
62546,1,1,23,23,23,23,23,23,23,23,23,23
62546,2,1,0,0,0,0,0,0,0,0,0,0
62546,3,1,0,5,0,0,0,0,0,0,0,0
62546,4,1,0,0,0,0,13,0,0,0,15,0
62547,1,1,13,13,13,13,13,13,13,13,13,13
62548,1,1,4,4,4,4,4,4,4,4,4,4
62549,1,1,0,0,0,0,0,0,0,0,0,0
62549,2,1,0,0,13,0,24,0,21,0,6,0
62550,1,1,25,25,25,25,25,25,25,25,25,25
62550,2,1,0,0,0,0,0,0,0,0,0,0
62551,0,1,7,7,7,7,7,7,7,7,7,7
62551,1,1,0,0,0,0,0,0,0,0,0,0
62552,0,1,0,0,0,0,0,0,0,0,0,0
62552,1,1,0,0,0,0,0,0,0,0,0,0
62553,1,1,6,6,6,6,6,6,6,6,6,6
62553,2,1,0,0,0,0,0,0,0,0,0,0
62553,3,1,0,0,0,0,0,0,0,0,0,0
62554,0,1,0,0,0,0,0,0,0,0,0,0
62554,1,1,0,0,0,0,0,0,0,0,0,0
62555,0,1,0,0,0,0,0,0,0,0,0,0
62555,1,1,0,0,0,0,0,0,0,0,0,0
62556,0,1,0,0,0,0,0,0,0,0,0,0
62556,1,1,0,0,0,0,0,0,0,0,0,0
62556,2,1,0,0,0,0,0,0,0,0,0,0
62557,0,1,0,0,0,0,0,0,0,0,0,0
62557,0,2,0,0,5,0,0,0,0,0,0,0
62557,0,3,13,0,0,7,0,7,0,0,31,0
62557,1,1,23,23,23,23,23,23,23,23,23,23
62558,0,1,0,0,0,0,0,0,0,0,0,0
62558,1,1,0,0,0,0,0,0,0,0,0,0
62559,0,1,0,0,0,0,0,0,0,0,0,0
62559,1,1,0,0,0,0,0,0,0,0,0,0
62560,1,1,0,0,0,0,0,0,0,0,0,0
62561,1,1,0,0,0,0,0,0,0,0,0,0
62561,2,1,0,0,0,0,0,0,0,0,0,0
62562,1,1,0,0,0,0,0,0,0,0,0,0
62562,2,1,0,0,0,0,0,0,0,0,0,0
62563,1,1,15,15,15,15,15,15,15,15,15,15
62563,2,1,16,0,0,0,0,0,0,0,0,0
62564,0,1,26,26,26,26,26,26,26,26,26,26
62564,1,1,0,0,0,18,23,0,0,0,0,0
62565,1,1,0,0,0,0,0,0,0,0,0,0
62565,2,1,0,0,0,0,0,0,0,0,0,0
62566,1,1,9,9,9,9,9,9,9,9,9,9
62567,1,1,29,29,29,29,29,29,29,29,29,29
62568,1,1,0,0,0,0,0,0,0,0,0,0
62568,2,1,0,0,0,0,0,0,0,0,0,0
62569,0,1,0,0,0,0,0,0,0,0,0,0
62569,1,1,0,0,0,0,0,0,0,0,0,0
62569,2,1,0,0,0,0,0,0,0,0,8,0
62570,1,1,0,0,0,0,0,0,0,0,0,0
62571,1,1,0,0,0,0,0,0,0,0,0,0
62571,2,1,0,0,0,0,0,0,0,0,0,0
62572,0,1,0,0,0,0,0,0,27,0,0,0
62572,0,2,0,0,0,0,0,0,0,0,0,0
62572,1,1,0,0,0,0,0,0,0,0,0,0
62572,4,1,3,0,0,0,26,26,23,0,8,27
62573,0,1,31,31,31,31,31,31,31,31,31,31
62573,1,1,22,6,7,0,0,26,26,14,10,0
62574,0,1,0,0,0,0,0,0,19,0,0,0
62574,0,2,0,0,0,0,0,0,0,0,0,0
62574,1,1,0,0,0,0,0,0,0,0,0,0
62575,0,1,0,0,0,0,0,0,0,0,0,0
62575,1,1,0,0,0,0,0,0,0,0,0,0
62576,0,1,24,24,24,24,24,24,24,24,24,24
62576,1,1,15,15,15,15,15,15,15,15,15,15
62577,1,1,0,0,0,0,0,0,0,0,0,0
62577,2,1,0,0,0,0,0,0,0,0,0,0
62578,1,1,0,8,0,0,0,0,0,0,0,0
62578,2,1,0,0,0,0,0,0,0,0,0,0
62579,1,1,0,0,0,0,0,0,0,0,0,0
62579,2,1,0,0,0,0,0,0,0,0,0,0
62580,0,1,0,0,0,0,0,0,0,0,0,0
62580,1,1,0,0,0,0,0,0,0,0,0,0
62581,1,1,0,0,0,0,0,0,0,0,0,0
62582,1,1,0,0,0,0,0,0,0,0,0,0
62582,2,1,0,0,0,0,0,0,0,0,0,0
62583,0,1,0,0,0,0,0,0,0,0,0,0
62583,1,1,0,0,23,0,0,0,0,0,0,0
62584,1,1,0,0,0,0,0,0,0,0,0,0
62584,2,1,0,0,0,0,0,0,0,0,0,0
62584,3,1,0,0,0,0,0,0,0,0,0,0
62585,1,2,6,6,6,6,6,6,6,6,6,6
62585,2,1,0,0,0,25,0,0,0,0,31,0
62586,1,1,0,0,0,0,0,0,0,0,0,0
62587,1,1,19,19,19,19,19,19,19,19,19,19
62588,1,1,0,0,9,0,0,0,0,0,0,0
62589,1,1,0,0,0,0,0,0,0,0,0,0
62589,2,1,0,0,0,0,0,0,0,0,0,0
62590,0,1,0,0,0,0,0,0,0,0,0,0
62590,1,1,0,0,0,0,0,0,0,0,0,0
62591,0,1,17,17,17,17,17,17,17,17,17,17
62591,1,1,0,0,0,0,0,0,0,0,0,0
62592,1,1,26,0,0,0,0,0,0,0,0,0
62592,2,1,0,0,0,0,0,0,0,0,0,0
62593,0,1,0,0,0,0,0,0,0,0,0,0
62593,1,1,0,0,0,0,0,0,0,0,0,0
62594,1,1,15,15,15,15,15,15,15,15,15,15
62594,2,1,0,0,0,0,0,0,0,0,0,0
62594,3,1,0,8,0,0,0,0,0,0,0,0
62595,1,1,13,13,13,13,13,13,13,13,13,13
62596,1,1,0,0,0,0,0,0,0,0,0,0
62597,1,1,0,0,0,0,0,0,0,0,0,0
62598,1,1,0,0,0,0,0,0,0,0,0,0
62599,0,1,16,8,14,28,0,0,16,30,25,10
62599,1,1,0,0,0,23,0,0,13,19,0,32
62600,1,1,0,0,0,0,0,0,0,0,0,0
62601,1,1,13,13,13,13,13,13,13,13,13,13
62601,2,1,0,0,0,0,0,0,0,0,0,0
62602,0,1,0,0,0,0,0,0,0,0,0,0
62602,1,1,0,0,0,0,0,15,10,24,0,0
62604,1,1,0,0,0,0,0,0,0,0,0,0
62604,2,1,0,0,0,0,0,0,0,0,0,0
62605,0,1,0,0,0,0,0,0,0,0,0,0
62605,1,1,0,0,0,0,0,0,16,5,0,0
62606,1,1,0,0,0,0,0,0,0,0,0,0
62606,2,1,0,0,0,0,0,0,0,0,0,0
62606,3,1,0,0,0,0,0,0,0,0,0,0
62607,0,1,0,0,0,0,0,0,0,0,0,0
62607,1,1,0,0,0,0,0,0,0,0,0,0
62608,0,1,32,32,32,32,32,32,32,32,32,32
62608,1,1,0,0,0,0,0,0,0,0,0,0
62609,1,1,3,3,3,3,3,3,3,3,3,3
62609,2,1,0,14,0,0,0,0,0,18,0,0
62610,0,1,35,0,11,25,37,25,0,31,0,16
62610,1,1,0,0,0,0,0,0,0,0,0,0
62611,1,1,0,0,0,0,0,0,18,0,0,0
62611,2,1,0,0,0,0,0,0,0,0,0,0
62612,1,1,0,0,0,0,0,0,0,0,0,0
62613,0,1,0,0,0,0,0,0,0,0,0,0
62613,1,1,0,0,13,0,0,0,0,0,8,0
62614,0,1,0,0,0,0,0,0,0,0,0,0
62614,1,1,0,0,0,0,0,0,0,0,0,0
62615,1,1,0,0,0,0,0,0,0,0,0,0
62616,1,1,0,0,0,0,0,0,0,0,0,0
62616,2,1,0,0,0,0,0,0,0,0,0,0
62617,0,1,23,23,23,23,23,23,23,23,23,23
62617,1,1,0,0,0,0,0,0,0,0,0,0
62618,1,1,0,0,0,0,0,0,0,0,0,0
62619,1,1,16,16,16,16,16,16,16,16,16,16
62619,2,1,0,0,0,0,0,0,0,0,0,0
62620,0,1,0,0,0,0,0,0,0,0,0,0
62620,1,1,0,0,0,0,0,0,0,0,0,0
62621,0,1,0,0,0,0,0,0,23,0,0,0
62621,1,1,7,7,7,7,7,7,7,7,7,7
62622,1,1,18,18,18,18,18,18,18,18,18,18
62623,1,1,21,21,21,21,21,21,21,21,21,21
62623,2,1,0,0,0,0,0,0,0,0,0,0
62623,3,1,0,0,0,0,0,0,0,0,0,0
62624,1,1,0,0,0,0,17,0,0,0,0,0
62624,2,1,0,0,0,0,0,0,0,0,0,0
62625,1,1,0,0,5,9,0,11,15,4,10,17
62625,2,1,0,0,0,0,0,0,0,0,0,0
62625,3,1,0,0,0,0,0,0,0,0,0,0
62626,1,1,15,15,15,15,15,15,15,15,15,15
62626,2,1,0,0,0,0,0,0,0,0,0,0
62627,0,1,21,21,21,21,21,21,21,21,21,21
62627,1,1,12,12,12,12,12,12,12,12,12,12
62628,1,1,5,5,5,5,5,5,5,5,5,5
62628,2,1,0,0,0,0,0,0,0,0,0,0
62629,1,1,0,0,0,0,0,0,0,0,0,0
62629,2,1,0,17,0,0,25,0,0,0,0,0
62630,1,1,23,23,23,23,23,23,23,23,23,23
62631,0,1,0,0,0,0,0,0,0,0,0,0
62631,1,1,0,0,0,0,0,0,0,0,14,0
62632,1,1,0,0,0,0,0,0,0,0,0,0
62632,2,1,0,0,0,0,0,0,0,0,0,0
62633,1,1,0,0,0,0,0,0,0,0,0,0
62634,1,1,0,0,0,0,0,0,0,0,0,0
62636,0,1,0,0,0,0,0,0,0,0,0,0
62636,0,2,0,0,0,0,0,0,0,0,0,0
62636,1,1,0,0,0,0,0,0,0,0,0,0
62638,1,1,7,7,7,7,7,7,7,7,7,7
62638,2,1,0,0,0,0,5,0,0,0,0,0
62639,0,1,0,0,0,0,0,0,0,0,0,0
62639,1,1,0,0,0,0,0,0,0,0,0,0
62640,0,1,0,0,0,0,0,0,0,0,0,12
62640,1,1,0,0,0,0,0,0,0,0,0,0
62641,1,1,7,7,7,7,7,7,7,7,7,7
62642,0,1,0,0,0,0,0,0,0,0,0,0
62643,1,1,16,16,16,16,16,16,16,16,16,16
62644,0,1,0,0,0,0,0,0,0,0,0,0
62644,1,1,0,0,0,0,0,0,0,0,0,0
62645,0,1,0,0,0,0,0,0,0,0,0,0
62645,1,1,0,0,0,0,0,0,0,0,0,0
62646,0,1,39,39,39,39,39,39,39,39,39,39
62646,1,1,0,0,0,0,0,0,0,0,0,0
62647,0,1,0,0,0,0,0,0,0,0,0,0
62647,1,1,0,0,0,0,0,0,0,0,0,0
62648,0,1,35,35,35,35,35,35,35,35,35,35
62648,1,1,0,0,0,0,0,0,0,0,0,0
62649,1,1,0,0,0,0,0,0,0,0,0,0
62649,2,1,0,0,0,0,0,0,0,0,0,0
62650,0,1,0,0,0,19,0,0,0,39,0,0
62650,0,2,0,0,0,10,0,0,28,0,0,13
62650,1,1,0,0,0,0,0,0,0,0,0,0
62651,0,1,0,0,0,0,0,0,0,0,0,0
62651,1,1,0,0,0,0,0,0,0,0,0,0
62652,1,1,0,0,0,0,0,0,0,12,0,0
62652,2,1,1,1,1,1,1,1,1,1,1,1
62653,0,1,14,14,5,16,7,17,0,14,9,13
62653,0,2,31,31,31,31,31,31,31,31,31,31
62653,1,1,0,0,22,0,0,0,27,0,0,7
62654,0,1,0,0,0,0,0,0,0,0,0,0
62654,1,1,0,7,0,0,0,0,0,0,0,0
62655,1,1,19,19,19,19,19,19,19,19,19,19
62655,2,1,0,0,0,0,0,0,0,0,0,0
62655,3,1,0,0,0,22,0,0,0,0,0,0
62656,1,1,0,0,0,0,0,0,0,0,0,0
62656,2,1,29,13,0,23,0,0,0,0,32,0
62656,3,1,0,0,0,0,0,0,0,0,0,0
62657,0,1,0,0,0,0,0,0,0,0,0,0
62657,1,1,0,0,0,0,0,0,0,0,0,3
62658,0,1,26,26,26,26,26,26,26,26,26,26
62658,1,1,0,23,0,0,0,0,0,0,18,0
62659,0,1,34,34,34,34,34,34,34,34,34,34
62659,1,1,0,0,0,0,0,0,0,0,0,0
62660,0,1,0,0,0,0,0,0,0,0,0,0
62660,0,2,0,0,0,0,0,0,0,0,0,0
62660,0,3,0,0,9,7,0,0,0,0,12,0
62660,1,1,0,0,0,0,0,0,0,0,0,0
62661,0,1,0,0,0,0,0,0,0,0,0,0
62661,1,1,0,0,0,0,0,0,0,0,11,0
62662,0,1,0,0,0,0,0,0,0,0,0,0
62662,1,1,0,0,0,0,0,0,0,0,0,0
62662,2,1,0,0,0,0,0,0,0,0,0,0
62663,1,1,0,0,0,0,0,0,0,0,0,0
62664,1,1,0,0,0,0,0,0,0,0,0,0
62664,2,1,0,0,0,0,0,0,0,0,0,0
62664,3,1,0,0,0,0,0,0,0,0,0,0
62665,1,1,16,16,16,16,16,16,16,16,16,16
62666,0,1,0,0,0,0,0,0,0,0,0,0
62666,1,1,6,0,0,0,0,0,0,0,0,0
62667,1,1,0,0,0,0,0,0,0,0,0,0
62667,2,1,0,0,0,0,0,0,0,0,0,0
62667,3,1,0,0,0,0,0,0,0,0,0,0
62667,4,1,0,0,0,0,15,0,0,0,0,0
62668,1,1,0,0,0,0,0,0,0,0,0,0
62668,2,1,0,0,0,0,0,0,0,0,0,0
62669,1,1,0,0,0,0,0,0,0,0,6,0
62669,2,1,0,0,0,0,0,0,0,0,0,0
62670,1,1,0,0,0,0,0,0,0,0,0,0
62670,2,1,0,0,0,0,0,0,0,0,0,0
62670,3,1,0,0,0,0,0,0,0,0,0,0
62671,1,1,0,0,0,0,0,0,0,0,0,0
62672,0,1,0,0,0,0,0,0,0,0,0,0
62672,1,1,22,0,22,0,18,17,16,25,18,6
62673,0,1,22,22,22,22,22,22,22,22,22,22
62673,1,1,0,0,0,0,0,0,0,0,0,0
62674,1,1,14,14,14,14,14,14,14,14,14,14
62675,1,1,0,0,0,0,0,0,0,0,0,0
62676,0,1,22,22,22,22,22,22,22,22,22,22
62676,1,1,0,0,0,0,0,0,0,0,0,0
62677,0,1,0,0,0,0,0,0,0,0,0,0
62677,1,1,0,0,0,0,0,10,0,0,0,0
62678,1,1,19,0,26,0,0,6,0,0,0,0
62678,2,1,0,0,0,0,0,0,0,0,0,0
62678,3,1,0,0,0,0,0,0,0,0,0,0
62679,1,1,0,0,0,0,0,0,0,0,0,0
62679,2,1,0,0,0,0,0,0,0,0,0,0
62680,0,1,0,0,0,0,0,0,0,0,0,0
62680,1,1,0,0,0,0,0,0,0,0,0,0
62681,1,1,0,0,0,0,0,0,0,0,0,0
62682,1,1,0,0,0,0,22,0,0,0,0,0
62682,2,1,0,0,0,0,0,0,0,0,0,0
62682,3,1,0,0,0,0,0,0,0,0,0,0
62683,1,1,0,0,0,0,0,0,0,0,0,0
62683,2,1,0,0,0,0,0,0,0,0,0,0
62684,1,1,17,17,17,17,17,17,17,17,17,17
62685,0,1,0,0,0,0,0,0,0,0,0,0
62685,1,1,0,0,0,0,0,0,0,0,0,0
62686,0,1,25,25,25,25,25,25,25,25,25,25
62686,1,1,0,0,0,0,0,0,0,0,0,0
62687,1,1,0,0,0,33,0,0,0,8,18,0
62687,2,1,0,0,0,0,0,0,0,0,0,0
62688,1,1,8,8,8,8,8,8,8,8,8,8
62688,2,1,0,0,0,0,0,0,0,0,0,0
62689,0,1,15,15,15,15,15,15,15,15,15,15
62689,1,1,0,0,0,0,0,0,0,0,0,0
62690,0,1,25,25,25,25,25,25,25,25,25,25
62690,1,1,0,0,0,0,0,0,0,11,20,17
62691,1,1,20,20,20,20,20,20,20,20,20,20
62691,2,1,0,0,0,0,0,0,0,0,0,0
62691,3,1,0,0,0,0,0,0,0,0,0,0
62692,0,1,22,22,22,22,22,22,22,22,22,22
62692,1,1,0,0,0,0,0,0,0,0,0,0
62693,1,1,0,0,0,0,0,0,0,0,0,0
62693,2,1,0,0,0,0,0,0,0,0,0,0
62693,3,1,8,0,0,23,9,0,31,0,0,0
62693,4,1,0,0,0,0,0,0,0,0,0,0
62694,1,1,0,0,0,0,0,0,0,0,0,0
62694,2,1,0,0,0,0,0,0,0,0,0,0
62695,1,1,0,0,0,0,0,0,0,0,0,0
62696,0,1,0,0,0,0,0,0,0,0,0,0
62696,1,1,11,11,11,11,11,11,11,11,11,11
62697,1,1,0,0,0,0,0,0,0,0,0,0
62698,0,1,6,6,6,6,6,6,6,6,6,6
62698,1,1,6,6,6,6,6,6,6,6,6,6
62699,0,1,28,28,28,28,28,28,28,28,28,28
62699,1,1,0,10,0,0,0,0,0,0,0,0
62700,1,1,0,0,0,0,0,0,0,0,0,0
62700,2,1,0,0,0,0,0,0,0,0,0,0
62700,3,1,0,0,0,0,0,0,0,0,0,0
62701,0,1,0,0,0,0,0,0,0,32,0,0
62701,1,1,0,0,0,0,0,12,0,0,0,0
62702,1,1,0,0,0,0,0,0,0,0,0,0
62702,2,1,11,0,25,15,18,0,0,0,0,0
62703,1,1,2,2,2,2,2,2,2,2,2,2
62704,0,1,0,0,0,0,0,0,0,0,0,0
62704,1,1,0,0,0,0,7,0,0,0,0,0
62705,0,1,0,0,0,0,0,0,0,0,0,0
62705,1,1,0,0,0,0,0,0,0,0,0,0
62706,1,1,0,0,0,0,0,0,0,0,0,0
62706,2,1,0,0,0,0,0,0,0,0,0,0
62707,1,1,23,23,23,23,23,23,23,23,23,23
62707,2,1,0,0,0,0,0,0,0,0,0,0
62708,1,1,8,8,8,8,8,8,8,8,8,8
62709,0,1,30,30,30,30,30,30,30,30,30,30
62709,1,1,0,0,0,0,0,0,0,0,0,0
62710,0,1,35,0,0,20,0,0,29,41,24,0
62710,1,1,0,0,0,0,0,0,0,0,0,0
62711,0,1,29,29,29,29,29,29,29,29,29,29
62711,1,1,0,0,0,0,0,0,21,0,0,0
62711,2,1,0,19,0,0,0,0,18,0,0,0
62711,3,1,23,24,19,0,0,0,23,0,5,9
62712,0,1,0,0,0,0,0,0,0,0,0,0
62712,1,1,0,0,0,0,0,0,0,0,0,0
62713,1,1,0,0,0,8,0,0,0,0,0,0
62713,2,1,0,0,0,0,0,0,0,0,0,0
62714,1,1,0,0,0,0,0,0,0,0,0,0
62714,2,1,0,0,0,0,0,0,0,0,0,0
62714,3,1,0,0,0,0,0,0,0,0,0,0
62715,0,1,20,20,20,20,20,20,20,20,20,20
62715,1,1,0,0,0,0,0,0,0,0,0,0
62716,0,1,0,0,0,0,0,0,0,0,0,0
62716,1,1,0,0,13,0,0,7,0,0,0,0
62717,1,1,16,16,16,16,16,16,16,16,16,16
62717,2,1,0,0,0,0,0,0,0,0,0,0
62718,0,1,21,21,21,21,21,21,21,21,21,21
62718,1,1,0,0,0,0,0,0,0,0,0,0
62719,1,1,1,1,1,1,1,1,1,1,1,1
62719,2,1,0,0,0,0,0,0,0,0,0,0
62720,0,1,0,0,0,22,0,0,0,0,0,0
62720,1,1,0,0,0,0,0,0,0,0,0,0
62721,0,1,0,0,0,0,0,0,0,0,0,0
62721,1,1,0,0,0,0,0,0,0,0,0,0
62722,1,1,0,0,0,11,0,0,0,0,0,0
62722,2,1,0,0,0,0,0,0,0,0,0,0
62723,0,1,0,0,0,0,0,0,0,0,0,0
62723,1,1,0,0,0,0,0,0,0,0,0,0
62724,0,1,0,0,0,0,0,0,0,0,0,0
62724,0,2,0,0,0,0,0,0,0,0,0,0
62724,1,1,0,0,0,0,0,0,0,0,13,0
62725,0,1,26,26,26,26,26,26,26,26,26,26
62725,1,1,21,35,9,13,11,17,10,25,23,5
62726,1,1,0,0,0,0,0,0,0,0,0,0
62726,2,1,0,0,0,0,0,0,0,0,0,0
62726,3,1,0,0,0,0,0,0,0,0,0,0
62727,1,1,0,0,0,0,0,0,0,0,0,0
62728,1,1,0,0,0,0,0,0,0,0,0,0
62728,2,1,0,0,12,0,0,0,0,0,0,0
62729,0,1,0,0,0,0,0,0,0,0,0,0
62729,1,1,0,0,0,0,0,0,0,0,0,0
62730,1,1,0,0,0,0,0,0,0,0,0,0
62730,2,1,0,0,0,20,0,0,0,0,0,0
62730,3,1,0,0,11,0,0,0,0,0,0,0
62731,1,1,1,1,1,1,1,1,1,1,1,1
62732,0,1,0,0,0,19,0,0,0,0,0,0
62732,1,1,0,0,0,0,0,0,0,0,0,4
62733,0,1,0,0,0,0,0,0,0,0,0,0
62733,1,1,0,0,0,0,0,0,0,0,0,0
62734,1,1,0,0,0,0,0,0,0,0,0,0
62735,1,1,33,33,33,33,33,33,33,33,33,33
62735,2,1,0,0,0,0,0,0,0,0,0,0
62736,0,1,0,0,13,6,0,0,6,0,21,0
62736,1,1,0,0,0,0,7,0,0,0,0,0
62737,0,1,3,3,3,3,3,3,3,3,3,3
62737,1,1,0,14,0,0,0,0,0,0,24,0
62738,0,1,0,0,0,0,0,0,0,0,0,0
62738,1,1,0,0,0,0,0,0,0,0,0,0
62738,2,1,0,0,0,0,0,0,0,0,0,0
62738,4,1,0,0,0,0,0,0,0,0,0,0
62739,0,1,0,0,0,0,0,0,0,0,0,0
62739,1,1,0,0,0,21,0,0,3,0,0,0
62740,1,1,14,14,14,14,14,14,14,14,14,14
62740,2,1,0,0,0,0,0,0,0,0,0,0
62741,1,1,0,0,0,0,0,0,0,0,0,0
62741,2,1,0,0,0,0,0,0,0,0,0,27
62742,1,1,8,0,0,10,14,0,0,0,0,0
62743,1,1,0,0,0,0,0,0,0,0,0,0
62744,1,1,0,0,0,0,0,25,0,0,0,0
62745,1,1,0,0,0,0,0,0,0,0,0,0
62746,1,1,0,0,0,0,0,0,0,0,0,0
62746,2,1,0,0,0,0,0,8,0,0,0,0